\c zin
drop table if exists streams;
drop table if exists disposition;
drop table if exists format;
drop table if exists tags;
drop table if exists mp3s;
create table if not exists streams ("index" integer,"codec_name" varchar(3),"codec_long_name" varchar(24),"codec_type" varchar(5),"codec_time_base" varchar(7),"codec_tag_string" varchar(12),"codec_tag" varchar(6),"sample_fmt" varchar(4),"sample_rate" integer,"channels" integer,"channel_layout" varchar(6),"bits_per_sample" integer,"r_frame_rate" varchar(3),"avg_frame_rate" varchar(3),"time_base" varchar(10),"start_pts" integer,"start_time" integer,"duration_ts" varchar(11),"duration" double precision,"bit_rate" integer,"filepath" varchar(113));
create table if not exists format ("filename" varchar(113),"nb_streams" integer,"nb_programs" integer,"format_name" varchar(3),"format_long_name" varchar(28),"start_time" integer,"duration" double precision,"size" integer,"bit_rate" integer,"probe_score" integer,"filepath" varchar(113));
create table if not exists disposition ("default" integer,"dub" integer,"original" integer,"comment" integer,"lyrics" integer,"karaoke" integer,"forced" integer,"hearing_impaired" integer,"visual_impaired" integer,"clean_effects" integer,"attached_pic" integer,"timed_thumbnails" integer,"filepath" varchar(113));
create table if not exists tags ("album" varchar(14),"composer" varchar(13),"genre" varchar(29),"title" varchar(62),"artist" varchar(68),"disc" varchar(3),"track" varchar(5),"date" integer,"filepath" varchar(113));
create table if not exists mp3s ("filepath" varchar(113));


insert into streams ("index","codec_name","codec_long_name","codec_type","codec_time_base","codec_tag_string","codec_tag","sample_fmt","sample_rate","channels","channel_layout","bits_per_sample","r_frame_rate","avg_frame_rate","time_base","start_pts","start_time","duration_ts","duration","bit_rate","filepath") values ('0','mp3','MP3 (MPEG audio layer 3)','audio','1/44100','[0][0][0][0]','0x0000','fltp','44100','2','stereo','0','0/0','0/0','1/14112000','0','0','3023216640','214.230204','196407','/media/pi/ZUKE/MUSIC/B2 CD/01 basic2 zumba - Lolita - Rumba Flamenca.mp3');
insert into format ("filename","nb_streams","nb_programs","format_name","format_long_name","start_time","duration","size","bit_rate","probe_score","filepath") values ('/media/pi/ZUKE/MUSIC/B2 CD/01 basic2 zumba - Lolita - Rumba Flamenca.mp3','1','0','mp3','MP2/3 (MPEG audio layer 2/3)','0','214.230204','5261440','196477','51','/media/pi/ZUKE/MUSIC/B2 CD/01 basic2 zumba - Lolita - Rumba Flamenca.mp3');
insert into disposition ("default","dub","original","comment","lyrics","karaoke","forced","hearing_impaired","visual_impaired","clean_effects","attached_pic","timed_thumbnails","filepath") values ('0','0','0','0','0','0','0','0','0','0','0','0','/media/pi/ZUKE/MUSIC/B2 CD/01 basic2 zumba - Lolita - Rumba Flamenca.mp3');
insert into tags ("album","composer","genre","title","artist","disc","track","date","filepath") values ('Basic 2 Review','Zumba Fitness','Rumba Flamenca','Lolita','Zumba Fitness','1/1','1/10','2012','/media/pi/ZUKE/MUSIC/B2 CD/01 basic2 zumba - Lolita - Rumba Flamenca.mp3');
insert into mp3s ("filepath") values ('/media/pi/ZUKE/MUSIC/B2 CD/01 basic2 zumba - Lolita - Rumba Flamenca.mp3');
insert into streams ("index","codec_name","codec_long_name","codec_type","codec_time_base","codec_tag_string","codec_tag","sample_fmt","sample_rate","channels","channel_layout","bits_per_sample","r_frame_rate","avg_frame_rate","time_base","start_pts","start_time","duration_ts","duration","bit_rate","filepath") values ('0','mp3','MP3 (MPEG audio layer 3)','audio','1/44100','[0][0][0][0]','0x0000','fltp','44100','2','stereo','0','0/0','0/0','1/14112000','0','0','3807682560','269.818776','181406','/media/pi/ZUKE/MUSIC/B2 CD/02 basic2 zumba - Zoka Zumba - Soca.mp3');
insert into format ("filename","nb_streams","nb_programs","format_name","format_long_name","start_time","duration","size","bit_rate","probe_score","filepath") values ('/media/pi/ZUKE/MUSIC/B2 CD/02 basic2 zumba - Zoka Zumba - Soca.mp3','1','0','mp3','MP2/3 (MPEG audio layer 2/3)','0','269.818776','6119552','181441','51','/media/pi/ZUKE/MUSIC/B2 CD/02 basic2 zumba - Zoka Zumba - Soca.mp3');
insert into disposition ("default","dub","original","comment","lyrics","karaoke","forced","hearing_impaired","visual_impaired","clean_effects","attached_pic","timed_thumbnails","filepath") values ('0','0','0','0','0','0','0','0','0','0','0','0','/media/pi/ZUKE/MUSIC/B2 CD/02 basic2 zumba - Zoka Zumba - Soca.mp3');
insert into tags ("album","composer","genre","title","artist","disc","track","date","filepath") values ('Basic 2 Review','Zumba Fitness','Soca','Zoka Zumba','Zumba Fitness','1/1','2/10','2012','/media/pi/ZUKE/MUSIC/B2 CD/02 basic2 zumba - Zoka Zumba - Soca.mp3');
insert into mp3s ("filepath") values ('/media/pi/ZUKE/MUSIC/B2 CD/02 basic2 zumba - Zoka Zumba - Soca.mp3');
insert into streams ("index","codec_name","codec_long_name","codec_type","codec_time_base","codec_tag_string","codec_tag","sample_fmt","sample_rate","channels","channel_layout","bits_per_sample","r_frame_rate","avg_frame_rate","time_base","start_pts","start_time","duration_ts","duration","bit_rate","filepath") values ('0','mp3','MP3 (MPEG audio layer 3)','audio','1/44100','[0][0][0][0]','0x0000','fltp','44100','2','stereo','0','0/0','0/0','1/14112000','0','0','5890867200','417.436735','185461','/media/pi/ZUKE/MUSIC/B2 CD/03 basic2 zumba - Alegria Pa'' Zumbar.mp3');
insert into format ("filename","nb_streams","nb_programs","format_name","format_long_name","start_time","duration","size","bit_rate","probe_score","filepath") values ('/media/pi/ZUKE/MUSIC/B2 CD/03 basic2 zumba - Alegria Pa'' Zumbar.mp3','1','0','mp3','MP2/3 (MPEG audio layer 2/3)','0','417.436735','9678976','185493','51','/media/pi/ZUKE/MUSIC/B2 CD/03 basic2 zumba - Alegria Pa'' Zumbar.mp3');
insert into disposition ("default","dub","original","comment","lyrics","karaoke","forced","hearing_impaired","visual_impaired","clean_effects","attached_pic","timed_thumbnails","filepath") values ('0','0','0','0','0','0','0','0','0','0','0','0','/media/pi/ZUKE/MUSIC/B2 CD/03 basic2 zumba - Alegria Pa'' Zumbar.mp3');
insert into tags ("album","composer","genre","title","artist","disc","track","date","filepath") values ('Basic 2 Review','Zumba Fitness','Latin','Alegria Pa'' Zumbar','Zumba Fitness','1/1','3/10','2012','/media/pi/ZUKE/MUSIC/B2 CD/03 basic2 zumba - Alegria Pa'' Zumbar.mp3');
insert into mp3s ("filepath") values ('/media/pi/ZUKE/MUSIC/B2 CD/03 basic2 zumba - Alegria Pa'' Zumbar.mp3');
insert into streams ("index","codec_name","codec_long_name","codec_type","codec_time_base","codec_tag_string","codec_tag","sample_fmt","sample_rate","channels","channel_layout","bits_per_sample","r_frame_rate","avg_frame_rate","time_base","start_pts","start_time","duration_ts","duration","bit_rate","filepath") values ('0','mp3','MP3 (MPEG audio layer 3)','audio','1/44100','[0][0][0][0]','0x0000','fltp','44100','2','stereo','0','0/0','0/0','1/14112000','0','0','2598912000','184.163265','178391','/media/pi/ZUKE/MUSIC/B2 CD/04 basic2 zumba - Desert Groove - Belly Dance.mp3');
insert into format ("filename","nb_streams","nb_programs","format_name","format_long_name","start_time","duration","size","bit_rate","probe_score","filepath") values ('/media/pi/ZUKE/MUSIC/B2 CD/04 basic2 zumba - Desert Groove - Belly Dance.mp3','1','0','mp3','MP2/3 (MPEG audio layer 2/3)','0','184.163265','4108416','178468','51','/media/pi/ZUKE/MUSIC/B2 CD/04 basic2 zumba - Desert Groove - Belly Dance.mp3');
insert into disposition ("default","dub","original","comment","lyrics","karaoke","forced","hearing_impaired","visual_impaired","clean_effects","attached_pic","timed_thumbnails","filepath") values ('0','0','0','0','0','0','0','0','0','0','0','0','/media/pi/ZUKE/MUSIC/B2 CD/04 basic2 zumba - Desert Groove - Belly Dance.mp3');
insert into tags ("album","composer","genre","title","artist","disc","track","date","filepath") values ('Basic 2 Review','Zumba Fitness','Belly Dance','Desert Groove','Zumba Fitness','1/1','4/10','2012','/media/pi/ZUKE/MUSIC/B2 CD/04 basic2 zumba - Desert Groove - Belly Dance.mp3');
insert into mp3s ("filepath") values ('/media/pi/ZUKE/MUSIC/B2 CD/04 basic2 zumba - Desert Groove - Belly Dance.mp3');
insert into streams ("index","codec_name","codec_long_name","codec_type","codec_time_base","codec_tag_string","codec_tag","sample_fmt","sample_rate","channels","channel_layout","bits_per_sample","r_frame_rate","avg_frame_rate","time_base","start_pts","start_time","duration_ts","duration","bit_rate","filepath") values ('0','mp3','MP3 (MPEG audio layer 3)','audio','1/44100','[0][0][0][0]','0x0000','fltp','44100','2','stereo','0','0/0','0/0','1/14112000','0','0','3547054080','251.350204','196812','/media/pi/ZUKE/MUSIC/B2 CD/05 basic2 zumba - Quiebra - Quebradita.mp3');
insert into format ("filename","nb_streams","nb_programs","format_name","format_long_name","start_time","duration","size","bit_rate","probe_score","filepath") values ('/media/pi/ZUKE/MUSIC/B2 CD/05 basic2 zumba - Quiebra - Quebradita.mp3','1','0','mp3','MP2/3 (MPEG audio layer 2/3)','0','251.350204','6185088','196859','51','/media/pi/ZUKE/MUSIC/B2 CD/05 basic2 zumba - Quiebra - Quebradita.mp3');
insert into disposition ("default","dub","original","comment","lyrics","karaoke","forced","hearing_impaired","visual_impaired","clean_effects","attached_pic","timed_thumbnails","filepath") values ('0','0','0','0','0','0','0','0','0','0','0','0','/media/pi/ZUKE/MUSIC/B2 CD/05 basic2 zumba - Quiebra - Quebradita.mp3');
insert into tags ("album","composer","genre","title","artist","disc","track","date","filepath") values ('Basic 2 Review','Zumba Fitness','Quebradita','Quiebra','Zumba Fitness','1/1','5/10','2012','/media/pi/ZUKE/MUSIC/B2 CD/05 basic2 zumba - Quiebra - Quebradita.mp3');
insert into mp3s ("filepath") values ('/media/pi/ZUKE/MUSIC/B2 CD/05 basic2 zumba - Quiebra - Quebradita.mp3');
insert into streams ("index","codec_name","codec_long_name","codec_type","codec_time_base","codec_tag_string","codec_tag","sample_fmt","sample_rate","channels","channel_layout","bits_per_sample","r_frame_rate","avg_frame_rate","time_base","start_pts","start_time","duration_ts","duration","bit_rate","filepath") values ('0','mp3','MP3 (MPEG audio layer 3)','audio','1/44100','[0][0][0][0]','0x0000','fltp','44100','2','stereo','0','0/0','0/0','1/14112000','0','0','2879815680','204.068571','178204','/media/pi/ZUKE/MUSIC/B2 CD/06 basic2 zumba - Aires Habaneros - Tango.mp3');
insert into format ("filename","nb_streams","nb_programs","format_name","format_long_name","start_time","duration","size","bit_rate","probe_score","filepath") values ('/media/pi/ZUKE/MUSIC/B2 CD/06 basic2 zumba - Aires Habaneros - Tango.mp3','1','0','mp3','MP2/3 (MPEG audio layer 2/3)','0','204.068571','4546688','178241','51','/media/pi/ZUKE/MUSIC/B2 CD/06 basic2 zumba - Aires Habaneros - Tango.mp3');
insert into disposition ("default","dub","original","comment","lyrics","karaoke","forced","hearing_impaired","visual_impaired","clean_effects","attached_pic","timed_thumbnails","filepath") values ('0','0','0','0','0','0','0','0','0','0','0','0','/media/pi/ZUKE/MUSIC/B2 CD/06 basic2 zumba - Aires Habaneros - Tango.mp3');
insert into tags ("album","composer","genre","title","artist","disc","track","date","filepath") values ('Basic 2 Review','Zumba Fitness','Tango','Aires Habaneros','Zumba Fitness','1/1','6/10','2012','/media/pi/ZUKE/MUSIC/B2 CD/06 basic2 zumba - Aires Habaneros - Tango.mp3');
insert into mp3s ("filepath") values ('/media/pi/ZUKE/MUSIC/B2 CD/06 basic2 zumba - Aires Habaneros - Tango.mp3');
insert into streams ("index","codec_name","codec_long_name","codec_type","codec_time_base","codec_tag_string","codec_tag","sample_fmt","sample_rate","channels","channel_layout","bits_per_sample","r_frame_rate","avg_frame_rate","time_base","start_pts","start_time","duration_ts","duration","bit_rate","filepath") values ('0','mp3','MP3 (MPEG audio layer 3)','audio','1/44100','[0][0][0][0]','0x0000','fltp','44100','2','stereo','0','0/0','0/0','1/14112000','0','0','3890995200','275.722449','161163','/media/pi/ZUKE/MUSIC/B2 CD/07 basic2 zumba - Zamba Zumba - Reggaeton,Belly Dance,Samba.mp3');
insert into format ("filename","nb_streams","nb_programs","format_name","format_long_name","start_time","duration","size","bit_rate","probe_score","filepath") values ('/media/pi/ZUKE/MUSIC/B2 CD/07 basic2 zumba - Zamba Zumba - Reggaeton,Belly Dance,Samba.mp3','1','0','mp3','MP2/3 (MPEG audio layer 2/3)','0','275.722449','5556352','161215','51','/media/pi/ZUKE/MUSIC/B2 CD/07 basic2 zumba - Zamba Zumba - Reggaeton,Belly Dance,Samba.mp3');
insert into disposition ("default","dub","original","comment","lyrics","karaoke","forced","hearing_impaired","visual_impaired","clean_effects","attached_pic","timed_thumbnails","filepath") values ('0','0','0','0','0','0','0','0','0','0','0','0','/media/pi/ZUKE/MUSIC/B2 CD/07 basic2 zumba - Zamba Zumba - Reggaeton,Belly Dance,Samba.mp3');
insert into tags ("album","composer","genre","title","artist","disc","track","date","filepath") values ('Basic 2 Review','Zumba Fitness','Reggaeton,Belly Dance,Samba','Zamba Zumba','Zumba Fitness','1/1','7/10','2012','/media/pi/ZUKE/MUSIC/B2 CD/07 basic2 zumba - Zamba Zumba - Reggaeton,Belly Dance,Samba.mp3');
insert into mp3s ("filepath") values ('/media/pi/ZUKE/MUSIC/B2 CD/07 basic2 zumba - Zamba Zumba - Reggaeton,Belly Dance,Samba.mp3');
insert into streams ("index","codec_name","codec_long_name","codec_type","codec_time_base","codec_tag_string","codec_tag","sample_fmt","sample_rate","channels","channel_layout","bits_per_sample","r_frame_rate","avg_frame_rate","time_base","start_pts","start_time","duration_ts","duration","bit_rate","filepath") values ('0','mp3','MP3 (MPEG audio layer 3)','audio','1/44100','[0][0][0][0]','0x0000','fltp','44100','2','stereo','0','0/0','0/0','1/14112000','0','0','4977377280','352.705306','188180','/media/pi/ZUKE/MUSIC/B2 CD/08 basic2 zumba - Mr. Fusion - Sino Fusion.mp3');
insert into format ("filename","nb_streams","nb_programs","format_name","format_long_name","start_time","duration","size","bit_rate","probe_score","filepath") values ('/media/pi/ZUKE/MUSIC/B2 CD/08 basic2 zumba - Mr. Fusion - Sino Fusion.mp3','1','0','mp3','MP2/3 (MPEG audio layer 2/3)','0','352.705306','8298624','188227','51','/media/pi/ZUKE/MUSIC/B2 CD/08 basic2 zumba - Mr. Fusion - Sino Fusion.mp3');
insert into disposition ("default","dub","original","comment","lyrics","karaoke","forced","hearing_impaired","visual_impaired","clean_effects","attached_pic","timed_thumbnails","filepath") values ('0','0','0','0','0','0','0','0','0','0','0','0','/media/pi/ZUKE/MUSIC/B2 CD/08 basic2 zumba - Mr. Fusion - Sino Fusion.mp3');
insert into tags ("album","composer","genre","title","artist","disc","track","date","filepath") values ('Basic 2 Review','Zumba Fitness','Sino Fusion','Mr. Fusion','Zumba Fitness','1/1','8/10','2012','/media/pi/ZUKE/MUSIC/B2 CD/08 basic2 zumba - Mr. Fusion - Sino Fusion.mp3');
insert into mp3s ("filepath") values ('/media/pi/ZUKE/MUSIC/B2 CD/08 basic2 zumba - Mr. Fusion - Sino Fusion.mp3');
insert into streams ("index","codec_name","codec_long_name","codec_type","codec_time_base","codec_tag_string","codec_tag","sample_fmt","sample_rate","channels","channel_layout","bits_per_sample","r_frame_rate","avg_frame_rate","time_base","start_pts","start_time","duration_ts","duration","bit_rate","filepath") values ('0','mp3','MP3 (MPEG audio layer 3)','audio','1/44100','[0][0][0][0]','0x0000','fltp','44100','2','stereo','0','0/0','0/0','1/14112000','0','0','3446415360','244.218776','183827','/media/pi/ZUKE/MUSIC/B2 CD/09 basic2 zumba - Salsa Sabrosa - Salsa,Reggaeton,Cha-Cha-Cha.mp3');
insert into format ("filename","nb_streams","nb_programs","format_name","format_long_name","start_time","duration","size","bit_rate","probe_score","filepath") values ('/media/pi/ZUKE/MUSIC/B2 CD/09 basic2 zumba - Salsa Sabrosa - Salsa,Reggaeton,Cha-Cha-Cha.mp3','1','0','mp3','MP2/3 (MPEG audio layer 2/3)','0','244.218776','5613696','183890','51','/media/pi/ZUKE/MUSIC/B2 CD/09 basic2 zumba - Salsa Sabrosa - Salsa,Reggaeton,Cha-Cha-Cha.mp3');
insert into disposition ("default","dub","original","comment","lyrics","karaoke","forced","hearing_impaired","visual_impaired","clean_effects","attached_pic","timed_thumbnails","filepath") values ('0','0','0','0','0','0','0','0','0','0','0','0','/media/pi/ZUKE/MUSIC/B2 CD/09 basic2 zumba - Salsa Sabrosa - Salsa,Reggaeton,Cha-Cha-Cha.mp3');
insert into tags ("album","composer","genre","title","artist","disc","track","date","filepath") values ('Basic 2 Review','Zumba Fitness','Salsa,Reggaeton,Cha-Cha-Cha','Salsa Sabrosa','Zumba Fitness','1/1','9/10','2012','/media/pi/ZUKE/MUSIC/B2 CD/09 basic2 zumba - Salsa Sabrosa - Salsa,Reggaeton,Cha-Cha-Cha.mp3');
insert into mp3s ("filepath") values ('/media/pi/ZUKE/MUSIC/B2 CD/09 basic2 zumba - Salsa Sabrosa - Salsa,Reggaeton,Cha-Cha-Cha.mp3');
insert into streams ("index","codec_name","codec_long_name","codec_type","codec_time_base","codec_tag_string","codec_tag","sample_fmt","sample_rate","channels","channel_layout","bits_per_sample","r_frame_rate","avg_frame_rate","time_base","start_pts","start_time","duration_ts","duration","bit_rate","filepath") values ('0','mp3','MP3 (MPEG audio layer 3)','audio','1/44100','[0][0][0][0]','0x0000','fltp','44100','2','stereo','0','0/0','0/0','1/14112000','0','0','3081461760','218.357551','188522','/media/pi/ZUKE/MUSIC/B2 CD/10 basic2 zumba - Anda Y Dime - Tango,Hip-Hop.mp3');
insert into format ("filename","nb_streams","nb_programs","format_name","format_long_name","start_time","duration","size","bit_rate","probe_score","filepath") values ('/media/pi/ZUKE/MUSIC/B2 CD/10 basic2 zumba - Anda Y Dime - Tango,Hip-Hop.mp3','1','0','mp3','MP2/3 (MPEG audio layer 2/3)','0','218.357551','5146752','188562','51','/media/pi/ZUKE/MUSIC/B2 CD/10 basic2 zumba - Anda Y Dime - Tango,Hip-Hop.mp3');
insert into disposition ("default","dub","original","comment","lyrics","karaoke","forced","hearing_impaired","visual_impaired","clean_effects","attached_pic","timed_thumbnails","filepath") values ('0','0','0','0','0','0','0','0','0','0','0','0','/media/pi/ZUKE/MUSIC/B2 CD/10 basic2 zumba - Anda Y Dime - Tango,Hip-Hop.mp3');
insert into tags ("album","composer","genre","title","artist","disc","track","date","filepath") values ('Basic 2 Review','Zumba Fitness','Tango,Hip-Hop','Anda Y Dime','Zumba Fitness','1/1','10/10','2012','/media/pi/ZUKE/MUSIC/B2 CD/10 basic2 zumba - Anda Y Dime - Tango,Hip-Hop.mp3');
insert into mp3s ("filepath") values ('/media/pi/ZUKE/MUSIC/B2 CD/10 basic2 zumba - Anda Y Dime - Tango,Hip-Hop.mp3');
insert into streams ("index","codec_name","codec_long_name","codec_type","codec_time_base","codec_tag_string","codec_tag","sample_fmt","sample_rate","channels","channel_layout","bits_per_sample","r_frame_rate","avg_frame_rate","time_base","start_pts","start_time","duration_ts","duration","bit_rate","filepath") values ('0','mp3','MP3 (MPEG audio layer 3)','audio','1/44100','[0][0][0][0]','0x0000','fltp','44100','2','stereo','0','0/0','0/0','1/14112000','0','0','3091415040','219.062857','151701','/media/pi/ZUKE/MUSIC/CDs/CD 28/01 - La Patilla.mp3');
insert into format ("filename","nb_streams","nb_programs","format_name","format_long_name","start_time","duration","size","bit_rate","probe_score","filepath") values ('/media/pi/ZUKE/MUSIC/CDs/CD 28/01 - La Patilla.mp3','1','0','mp3','MP2/3 (MPEG audio layer 2/3)','0','219.062857','4155520','151756','51','/media/pi/ZUKE/MUSIC/CDs/CD 28/01 - La Patilla.mp3');
insert into disposition ("default","dub","original","comment","lyrics","karaoke","forced","hearing_impaired","visual_impaired","clean_effects","attached_pic","timed_thumbnails","filepath") values ('0','0','0','0','0','0','0','0','0','0','0','0','/media/pi/ZUKE/MUSIC/CDs/CD 28/01 - La Patilla.mp3');
insert into tags ("album","composer","genre","title","artist","disc","track","filepath") values ('ZIN CD 28','Zumba Fitness','Latin','La Patilla','Zumba Fitness','1/1','01/10','/media/pi/ZUKE/MUSIC/CDs/CD 28/01 - La Patilla.mp3');
insert into mp3s ("filepath") values ('/media/pi/ZUKE/MUSIC/CDs/CD 28/01 - La Patilla.mp3');
insert into streams ("index","codec_name","codec_long_name","codec_type","codec_time_base","codec_tag_string","codec_tag","sample_fmt","sample_rate","channels","channel_layout","bits_per_sample","r_frame_rate","avg_frame_rate","time_base","start_pts","start_time","duration_ts","duration","bit_rate","filepath") values ('0','mp3','MP3 (MPEG audio layer 3)','audio','1/44100','[0][0][0][0]','0x0000','fltp','44100','2','stereo','0','0/0','0/0','1/14112000','0','0','3309281280','234.501224','148837','/media/pi/ZUKE/MUSIC/CDs/CD 28/02 - She''s Hotter.mp3');
insert into format ("filename","nb_streams","nb_programs","format_name","format_long_name","start_time","duration","size","bit_rate","probe_score","filepath") values ('/media/pi/ZUKE/MUSIC/CDs/CD 28/02 - She''s Hotter.mp3','1','0','mp3','MP2/3 (MPEG audio layer 2/3)','0','234.501224','4364416','148891','51','/media/pi/ZUKE/MUSIC/CDs/CD 28/02 - She''s Hotter.mp3');
insert into disposition ("default","dub","original","comment","lyrics","karaoke","forced","hearing_impaired","visual_impaired","clean_effects","attached_pic","timed_thumbnails","filepath") values ('0','0','0','0','0','0','0','0','0','0','0','0','/media/pi/ZUKE/MUSIC/CDs/CD 28/02 - She''s Hotter.mp3');
insert into tags ("album","composer","genre","title","artist","disc","track","filepath") values ('ZIN CD 28','Zumba Fitness','Latin','She''s Hotter','Zumba Fitness','1/1','02/10','/media/pi/ZUKE/MUSIC/CDs/CD 28/02 - She''s Hotter.mp3');
insert into mp3s ("filepath") values ('/media/pi/ZUKE/MUSIC/CDs/CD 28/02 - She''s Hotter.mp3');
insert into streams ("index","codec_name","codec_long_name","codec_type","codec_time_base","codec_tag_string","codec_tag","sample_fmt","sample_rate","channels","channel_layout","bits_per_sample","r_frame_rate","avg_frame_rate","time_base","start_pts","start_time","duration_ts","duration","bit_rate","filepath") values ('0','mp3','MP3 (MPEG audio layer 3)','audio','1/44100','[0][0][0][0]','0x0000','fltp','44100','2','stereo','0','0/0','0/0','1/14112000','0','0','3560693760','252.316735','163701','/media/pi/ZUKE/MUSIC/CDs/CD 28/03 - Sigue Gozando con Zumba.mp3');
insert into format ("filename","nb_streams","nb_programs","format_name","format_long_name","start_time","duration","size","bit_rate","probe_score","filepath") values ('/media/pi/ZUKE/MUSIC/CDs/CD 28/03 - Sigue Gozando con Zumba.mp3','1','0','mp3','MP2/3 (MPEG audio layer 2/3)','0','252.316735','5165184','163768','51','/media/pi/ZUKE/MUSIC/CDs/CD 28/03 - Sigue Gozando con Zumba.mp3');
insert into disposition ("default","dub","original","comment","lyrics","karaoke","forced","hearing_impaired","visual_impaired","clean_effects","attached_pic","timed_thumbnails","filepath") values ('0','0','0','0','0','0','0','0','0','0','0','0','/media/pi/ZUKE/MUSIC/CDs/CD 28/03 - Sigue Gozando con Zumba.mp3');
insert into tags ("album","composer","genre","title","artist","disc","track","filepath") values ('ZIN CD 28','Zumba Fitness','Latin','Sigue Gozando con Zumba','Zumba Fitness','1/1','03/10','/media/pi/ZUKE/MUSIC/CDs/CD 28/03 - Sigue Gozando con Zumba.mp3');
insert into mp3s ("filepath") values ('/media/pi/ZUKE/MUSIC/CDs/CD 28/03 - Sigue Gozando con Zumba.mp3');
insert into streams ("index","codec_name","codec_long_name","codec_type","codec_time_base","codec_tag_string","codec_tag","sample_fmt","sample_rate","channels","channel_layout","bits_per_sample","r_frame_rate","avg_frame_rate","time_base","start_pts","start_time","duration_ts","duration","bit_rate","filepath") values ('0','mp3','MP3 (MPEG audio layer 3)','audio','1/44100','[0][0][0][0]','0x0000','fltp','44100','2','stereo','0','0/0','0/0','1/14112000','0','0','4473446400','316.995918','172816','/media/pi/ZUKE/MUSIC/CDs/CD 28/04 - Tu Bomboncito.mp3');
insert into format ("filename","nb_streams","nb_programs","format_name","format_long_name","start_time","duration","size","bit_rate","probe_score","filepath") values ('/media/pi/ZUKE/MUSIC/CDs/CD 28/04 - Tu Bomboncito.mp3','1','0','mp3','MP2/3 (MPEG audio layer 2/3)','0','316.995918','6848640','172838','51','/media/pi/ZUKE/MUSIC/CDs/CD 28/04 - Tu Bomboncito.mp3');
insert into disposition ("default","dub","original","comment","lyrics","karaoke","forced","hearing_impaired","visual_impaired","clean_effects","attached_pic","timed_thumbnails","filepath") values ('0','0','0','0','0','0','0','0','0','0','0','0','/media/pi/ZUKE/MUSIC/CDs/CD 28/04 - Tu Bomboncito.mp3');
insert into tags ("album","composer","genre","title","artist","disc","track","filepath") values ('ZIN CD 28','Zumba Fitness','Latin','Tu Bomboncito','Zumba Fitness','1/1','04/10','/media/pi/ZUKE/MUSIC/CDs/CD 28/04 - Tu Bomboncito.mp3');
insert into mp3s ("filepath") values ('/media/pi/ZUKE/MUSIC/CDs/CD 28/04 - Tu Bomboncito.mp3');
insert into streams ("index","codec_name","codec_long_name","codec_type","codec_time_base","codec_tag_string","codec_tag","sample_fmt","sample_rate","channels","channel_layout","bits_per_sample","r_frame_rate","avg_frame_rate","time_base","start_pts","start_time","duration_ts","duration","bit_rate","filepath") values ('0','mp3','MP3 (MPEG audio layer 3)','audio','1/44100','[0][0][0][0]','0x0000','fltp','44100','2','stereo','0','0/0','0/0','1/14112000','0','0','3063029760','217.051429','156524','/media/pi/ZUKE/MUSIC/CDs/CD 28/05 - Ninguem e de Ninguem.mp3');
insert into format ("filename","nb_streams","nb_programs","format_name","format_long_name","start_time","duration","size","bit_rate","probe_score","filepath") values ('/media/pi/ZUKE/MUSIC/CDs/CD 28/05 - Ninguem e de Ninguem.mp3','1','0','mp3','MP2/3 (MPEG audio layer 2/3)','0','217.051429','4247680','156559','51','/media/pi/ZUKE/MUSIC/CDs/CD 28/05 - Ninguem e de Ninguem.mp3');
insert into disposition ("default","dub","original","comment","lyrics","karaoke","forced","hearing_impaired","visual_impaired","clean_effects","attached_pic","timed_thumbnails","filepath") values ('0','0','0','0','0','0','0','0','0','0','0','0','/media/pi/ZUKE/MUSIC/CDs/CD 28/05 - Ninguem e de Ninguem.mp3');
insert into tags ("album","composer","genre","title","artist","disc","track","filepath") values ('ZIN CD 28','Zumba Fitness','Latin','Ninguem e de Ninguem','Zumba Fitness','1/1','05/10','/media/pi/ZUKE/MUSIC/CDs/CD 28/05 - Ninguem e de Ninguem.mp3');
insert into mp3s ("filepath") values ('/media/pi/ZUKE/MUSIC/CDs/CD 28/05 - Ninguem e de Ninguem.mp3');
insert into streams ("index","codec_name","codec_long_name","codec_type","codec_time_base","codec_tag_string","codec_tag","sample_fmt","sample_rate","channels","channel_layout","bits_per_sample","r_frame_rate","avg_frame_rate","time_base","start_pts","start_time","duration_ts","duration","bit_rate","filepath") values ('0','mp3','MP3 (MPEG audio layer 3)','audio','1/44100','[0][0][0][0]','0x0000','fltp','44100','2','stereo','0','0/0','0/0','1/14112000','0','0','3238502400','229.485714','166309','/media/pi/ZUKE/MUSIC/CDs/CD 28/06 - Dame un Tiempo Mas.mp3');
insert into format ("filename","nb_streams","nb_programs","format_name","format_long_name","start_time","duration","size","bit_rate","probe_score","filepath") values ('/media/pi/ZUKE/MUSIC/CDs/CD 28/06 - Dame un Tiempo Mas.mp3','1','0','mp3','MP2/3 (MPEG audio layer 2/3)','0','229.485714','4771968','166353','51','/media/pi/ZUKE/MUSIC/CDs/CD 28/06 - Dame un Tiempo Mas.mp3');
insert into disposition ("default","dub","original","comment","lyrics","karaoke","forced","hearing_impaired","visual_impaired","clean_effects","attached_pic","timed_thumbnails","filepath") values ('0','0','0','0','0','0','0','0','0','0','0','0','/media/pi/ZUKE/MUSIC/CDs/CD 28/06 - Dame un Tiempo Mas.mp3');
insert into tags ("album","composer","genre","title","artist","disc","track","filepath") values ('ZIN CD 28','Zumba Fitness','Latin','Dame un Tiempo Mas','Zumba Fitness','1/1','06/10','/media/pi/ZUKE/MUSIC/CDs/CD 28/06 - Dame un Tiempo Mas.mp3');
insert into mp3s ("filepath") values ('/media/pi/ZUKE/MUSIC/CDs/CD 28/06 - Dame un Tiempo Mas.mp3');
insert into streams ("index","codec_name","codec_long_name","codec_type","codec_time_base","codec_tag_string","codec_tag","sample_fmt","sample_rate","channels","channel_layout","bits_per_sample","r_frame_rate","avg_frame_rate","time_base","start_pts","start_time","duration_ts","duration","bit_rate","filepath") values ('0','mp3','MP3 (MPEG audio layer 3)','audio','1/44100','[0][0][0][0]','0x0000','fltp','44100','2','stereo','0','0/0','0/0','1/14112000','0','0','2879815680','204.068571','163402','/media/pi/ZUKE/MUSIC/CDs/CD 28/07 - Fuego a la Jicotea.mp3');
insert into format ("filename","nb_streams","nb_programs","format_name","format_long_name","start_time","duration","size","bit_rate","probe_score","filepath") values ('/media/pi/ZUKE/MUSIC/CDs/CD 28/07 - Fuego a la Jicotea.mp3','1','0','mp3','MP2/3 (MPEG audio layer 2/3)','0','204.068571','4169856','163468','51','/media/pi/ZUKE/MUSIC/CDs/CD 28/07 - Fuego a la Jicotea.mp3');
insert into disposition ("default","dub","original","comment","lyrics","karaoke","forced","hearing_impaired","visual_impaired","clean_effects","attached_pic","timed_thumbnails","filepath") values ('0','0','0','0','0','0','0','0','0','0','0','0','/media/pi/ZUKE/MUSIC/CDs/CD 28/07 - Fuego a la Jicotea.mp3');
insert into tags ("album","composer","genre","title","artist","disc","track","filepath") values ('ZIN CD 28','Zumba Fitness','Latin','Fuego a la Jicotea','Zumba Fitness','1/1','07/10','/media/pi/ZUKE/MUSIC/CDs/CD 28/07 - Fuego a la Jicotea.mp3');
insert into mp3s ("filepath") values ('/media/pi/ZUKE/MUSIC/CDs/CD 28/07 - Fuego a la Jicotea.mp3');
insert into streams ("index","codec_name","codec_long_name","codec_type","codec_time_base","codec_tag_string","codec_tag","sample_fmt","sample_rate","channels","channel_layout","bits_per_sample","r_frame_rate","avg_frame_rate","time_base","start_pts","start_time","duration_ts","duration","bit_rate","filepath") values ('0','mp3','MP3 (MPEG audio layer 3)','audio','1/44100','[0][0][0][0]','0x0000','fltp','44100','2','stereo','0','0/0','0/0','1/14112000','0','0','3333980160','236.251429','159176','/media/pi/ZUKE/MUSIC/CDs/CD 28/08 - La Luz del Flow.mp3');
insert into format ("filename","nb_streams","nb_programs","format_name","format_long_name","start_time","duration","size","bit_rate","probe_score","filepath") values ('/media/pi/ZUKE/MUSIC/CDs/CD 28/08 - La Luz del Flow.mp3','1','0','mp3','MP2/3 (MPEG audio layer 2/3)','0','236.251429','4702336','159231','51','/media/pi/ZUKE/MUSIC/CDs/CD 28/08 - La Luz del Flow.mp3');
insert into disposition ("default","dub","original","comment","lyrics","karaoke","forced","hearing_impaired","visual_impaired","clean_effects","attached_pic","timed_thumbnails","filepath") values ('0','0','0','0','0','0','0','0','0','0','0','0','/media/pi/ZUKE/MUSIC/CDs/CD 28/08 - La Luz del Flow.mp3');
insert into tags ("album","composer","genre","title","artist","disc","track","filepath") values ('ZIN CD 28','Zumba Fitness','Latin','La Luz del Flow','Zumba Fitness','1/1','08/10','/media/pi/ZUKE/MUSIC/CDs/CD 28/08 - La Luz del Flow.mp3');
insert into mp3s ("filepath") values ('/media/pi/ZUKE/MUSIC/CDs/CD 28/08 - La Luz del Flow.mp3');
insert into streams ("index","codec_name","codec_long_name","codec_type","codec_time_base","codec_tag_string","codec_tag","sample_fmt","sample_rate","channels","channel_layout","bits_per_sample","r_frame_rate","avg_frame_rate","time_base","start_pts","start_time","duration_ts","duration","bit_rate","filepath") values ('0','mp3','MP3 (MPEG audio layer 3)','audio','1/44100','[0][0][0][0]','0x0000','fltp','44100','2','stereo','0','0/0','0/0','1/14112000','0','0','3655802880','259.056327','161662','/media/pi/ZUKE/MUSIC/CDs/CD 28/09 - Cuando Tu No Estas.mp3');
insert into format ("filename","nb_streams","nb_programs","format_name","format_long_name","start_time","duration","size","bit_rate","probe_score","filepath") values ('/media/pi/ZUKE/MUSIC/CDs/CD 28/09 - Cuando Tu No Estas.mp3','1','0','mp3','MP2/3 (MPEG audio layer 2/3)','0','259.056327','5236864','161721','51','/media/pi/ZUKE/MUSIC/CDs/CD 28/09 - Cuando Tu No Estas.mp3');
insert into disposition ("default","dub","original","comment","lyrics","karaoke","forced","hearing_impaired","visual_impaired","clean_effects","attached_pic","timed_thumbnails","filepath") values ('0','0','0','0','0','0','0','0','0','0','0','0','/media/pi/ZUKE/MUSIC/CDs/CD 28/09 - Cuando Tu No Estas.mp3');
insert into tags ("album","composer","genre","title","artist","disc","track","filepath") values ('ZIN CD 28','Zumba Fitness','Latin','Cuando Tu No Estas','Zumba Fitness','1/1','09/10','/media/pi/ZUKE/MUSIC/CDs/CD 28/09 - Cuando Tu No Estas.mp3');
insert into mp3s ("filepath") values ('/media/pi/ZUKE/MUSIC/CDs/CD 28/09 - Cuando Tu No Estas.mp3');
insert into streams ("index","codec_name","codec_long_name","codec_type","codec_time_base","codec_tag_string","codec_tag","sample_fmt","sample_rate","channels","channel_layout","bits_per_sample","r_frame_rate","avg_frame_rate","time_base","start_pts","start_time","duration_ts","duration","bit_rate","filepath") values ('0','mp3','MP3 (MPEG audio layer 3)','audio','1/44100','[0][0][0][0]','0x0000','fltp','44100','2','stereo','0','0/0','0/0','1/14112000','0','0','3249192960','230.243265','165236','/media/pi/ZUKE/MUSIC/CDs/CD 28/10 - Sacudelo.mp3');
insert into format ("filename","nb_streams","nb_programs","format_name","format_long_name","start_time","duration","size","bit_rate","probe_score","filepath") values ('/media/pi/ZUKE/MUSIC/CDs/CD 28/10 - Sacudelo.mp3','1','0','mp3','MP2/3 (MPEG audio layer 2/3)','0','230.243265','4757632','165308','51','/media/pi/ZUKE/MUSIC/CDs/CD 28/10 - Sacudelo.mp3');
insert into disposition ("default","dub","original","comment","lyrics","karaoke","forced","hearing_impaired","visual_impaired","clean_effects","attached_pic","timed_thumbnails","filepath") values ('0','0','0','0','0','0','0','0','0','0','0','0','/media/pi/ZUKE/MUSIC/CDs/CD 28/10 - Sacudelo.mp3');
insert into tags ("album","composer","genre","title","artist","disc","track","filepath") values ('ZIN CD 28','Zumba Fitness','Latin','Sacudelo','Zumba Fitness','1/1','10/10','/media/pi/ZUKE/MUSIC/CDs/CD 28/10 - Sacudelo.mp3');
insert into mp3s ("filepath") values ('/media/pi/ZUKE/MUSIC/CDs/CD 28/10 - Sacudelo.mp3');
insert into streams ("index","codec_name","codec_long_name","codec_type","codec_time_base","codec_tag_string","codec_tag","sample_fmt","sample_rate","channels","channel_layout","bits_per_sample","r_frame_rate","avg_frame_rate","time_base","start_pts","start_time","duration_ts","duration","bit_rate","filepath") values ('0','mp3','MP3 (MPEG audio layer 3)','audio','1/44100','[0][0][0][0]','0x0000','fltp','44100','2','stereo','0','0/0','0/0','1/14112000','0','0','3404759040','241.266939','152883','/media/pi/ZUKE/MUSIC/CDs/CD 29/01 - Wiggle Wiggle.mp3');
insert into format ("filename","nb_streams","nb_programs","format_name","format_long_name","start_time","duration","size","bit_rate","probe_score","filepath") values ('/media/pi/ZUKE/MUSIC/CDs/CD 29/01 - Wiggle Wiggle.mp3','1','0','mp3','MP2/3 (MPEG audio layer 2/3)','0','241.266939','4612224','152933','51','/media/pi/ZUKE/MUSIC/CDs/CD 29/01 - Wiggle Wiggle.mp3');
insert into disposition ("default","dub","original","comment","lyrics","karaoke","forced","hearing_impaired","visual_impaired","clean_effects","attached_pic","timed_thumbnails","filepath") values ('0','0','0','0','0','0','0','0','0','0','0','0','/media/pi/ZUKE/MUSIC/CDs/CD 29/01 - Wiggle Wiggle.mp3');
insert into tags ("album","composer","genre","title","artist","disc","track","filepath") values ('ZIN CD 29','Zumba Fitness','Latin','Wiggle Wiggle','Zumba Fitness','1/1','01/09','/media/pi/ZUKE/MUSIC/CDs/CD 29/01 - Wiggle Wiggle.mp3');
insert into mp3s ("filepath") values ('/media/pi/ZUKE/MUSIC/CDs/CD 29/01 - Wiggle Wiggle.mp3');
insert into streams ("index","codec_name","codec_long_name","codec_type","codec_time_base","codec_tag_string","codec_tag","sample_fmt","sample_rate","channels","channel_layout","bits_per_sample","r_frame_rate","avg_frame_rate","time_base","start_pts","start_time","duration_ts","duration","bit_rate","filepath") values ('0','mp3','MP3 (MPEG audio layer 3)','audio','1/44100','[0][0][0][0]','0x0000','fltp','44100','2','stereo','0','0/0','0/0','1/14112000','0','0','4294656000','304.326531','160913','/media/pi/ZUKE/MUSIC/CDs/CD 29/02 - Tu Amor Me Hace.mp3');
insert into format ("filename","nb_streams","nb_programs","format_name","format_long_name","start_time","duration","size","bit_rate","probe_score","filepath") values ('/media/pi/ZUKE/MUSIC/CDs/CD 29/02 - Tu Amor Me Hace.mp3','1','0','mp3','MP2/3 (MPEG audio layer 2/3)','0','304.326531','6121600','160921','51','/media/pi/ZUKE/MUSIC/CDs/CD 29/02 - Tu Amor Me Hace.mp3');
insert into disposition ("default","dub","original","comment","lyrics","karaoke","forced","hearing_impaired","visual_impaired","clean_effects","attached_pic","timed_thumbnails","filepath") values ('0','0','0','0','0','0','0','0','0','0','0','0','/media/pi/ZUKE/MUSIC/CDs/CD 29/02 - Tu Amor Me Hace.mp3');
insert into tags ("album","composer","genre","title","artist","disc","track","filepath") values ('ZIN CD 29','Zumba Fitness','Latin','Tu Amor Me Hace','Zumba Fitness','1/1','02/09','/media/pi/ZUKE/MUSIC/CDs/CD 29/02 - Tu Amor Me Hace.mp3');
insert into mp3s ("filepath") values ('/media/pi/ZUKE/MUSIC/CDs/CD 29/02 - Tu Amor Me Hace.mp3');
insert into streams ("index","codec_name","codec_long_name","codec_type","codec_time_base","codec_tag_string","codec_tag","sample_fmt","sample_rate","channels","channel_layout","bits_per_sample","r_frame_rate","avg_frame_rate","time_base","start_pts","start_time","duration_ts","duration","bit_rate","filepath") values ('0','mp3','MP3 (MPEG audio layer 3)','audio','1/44100','[0][0][0][0]','0x0000','fltp','44100','2','stereo','0','0/0','0/0','1/14112000','0','0','4814069760','341.133061','163389','/media/pi/ZUKE/MUSIC/CDs/CD 29/03 - Mueve La Cadera.mp3');
insert into format ("filename","nb_streams","nb_programs","format_name","format_long_name","start_time","duration","size","bit_rate","probe_score","filepath") values ('/media/pi/ZUKE/MUSIC/CDs/CD 29/03 - Mueve La Cadera.mp3','1','0','mp3','MP2/3 (MPEG audio layer 2/3)','0','341.133061','6969472','163442','51','/media/pi/ZUKE/MUSIC/CDs/CD 29/03 - Mueve La Cadera.mp3');
insert into disposition ("default","dub","original","comment","lyrics","karaoke","forced","hearing_impaired","visual_impaired","clean_effects","attached_pic","timed_thumbnails","filepath") values ('0','0','0','0','0','0','0','0','0','0','0','0','/media/pi/ZUKE/MUSIC/CDs/CD 29/03 - Mueve La Cadera.mp3');
insert into tags ("album","composer","genre","title","artist","disc","track","filepath") values ('ZIN CD 29','Zumba Fitness','Latin','Mueve La Cadera','Zumba Fitness','1/1','03/09','/media/pi/ZUKE/MUSIC/CDs/CD 29/03 - Mueve La Cadera.mp3');
insert into mp3s ("filepath") values ('/media/pi/ZUKE/MUSIC/CDs/CD 29/03 - Mueve La Cadera.mp3');
insert into streams ("index","codec_name","codec_long_name","codec_type","codec_time_base","codec_tag_string","codec_tag","sample_fmt","sample_rate","channels","channel_layout","bits_per_sample","r_frame_rate","avg_frame_rate","time_base","start_pts","start_time","duration_ts","duration","bit_rate","filepath") values ('0','mp3','MP3 (MPEG audio layer 3)','audio','1/44100','[0][0][0][0]','0x0000','fltp','44100','2','stereo','0','0/0','0/0','1/14112000','0','0','3585024000','254.040816','155748','/media/pi/ZUKE/MUSIC/CDs/CD 29/04 - La Noche.mp3');
insert into format ("filename","nb_streams","nb_programs","format_name","format_long_name","start_time","duration","size","bit_rate","probe_score","filepath") values ('/media/pi/ZUKE/MUSIC/CDs/CD 29/04 - La Noche.mp3','1','0','mp3','MP2/3 (MPEG audio layer 2/3)','0','254.040816','4948096','155820','51','/media/pi/ZUKE/MUSIC/CDs/CD 29/04 - La Noche.mp3');
insert into disposition ("default","dub","original","comment","lyrics","karaoke","forced","hearing_impaired","visual_impaired","clean_effects","attached_pic","timed_thumbnails","filepath") values ('0','0','0','0','0','0','0','0','0','0','0','0','/media/pi/ZUKE/MUSIC/CDs/CD 29/04 - La Noche.mp3');
insert into tags ("album","composer","genre","title","artist","disc","track","filepath") values ('ZIN CD 29','Zumba Fitness','Latin','La Noche','Zumba Fitness','1/1','04/09','/media/pi/ZUKE/MUSIC/CDs/CD 29/04 - La Noche.mp3');
insert into mp3s ("filepath") values ('/media/pi/ZUKE/MUSIC/CDs/CD 29/04 - La Noche.mp3');
insert into streams ("index","codec_name","codec_long_name","codec_type","codec_time_base","codec_tag_string","codec_tag","sample_fmt","sample_rate","channels","channel_layout","bits_per_sample","r_frame_rate","avg_frame_rate","time_base","start_pts","start_time","duration_ts","duration","bit_rate","filepath") values ('0','mp3','MP3 (MPEG audio layer 3)','audio','1/44100','[0][0][0][0]','0x0000','fltp','44100','2','stereo','0','0/0','0/0','1/14112000','0','0','4240097280','300.460408','166795','/media/pi/ZUKE/MUSIC/CDs/CD 29/05 - Tunak Tunak Tun.mp3');
insert into format ("filename","nb_streams","nb_programs","format_name","format_long_name","start_time","duration","size","bit_rate","probe_score","filepath") values ('/media/pi/ZUKE/MUSIC/CDs/CD 29/05 - Tunak Tunak Tun.mp3','1','0','mp3','MP2/3 (MPEG audio layer 2/3)','0','300.460408','6264960','166809','51','/media/pi/ZUKE/MUSIC/CDs/CD 29/05 - Tunak Tunak Tun.mp3');
insert into disposition ("default","dub","original","comment","lyrics","karaoke","forced","hearing_impaired","visual_impaired","clean_effects","attached_pic","timed_thumbnails","filepath") values ('0','0','0','0','0','0','0','0','0','0','0','0','/media/pi/ZUKE/MUSIC/CDs/CD 29/05 - Tunak Tunak Tun.mp3');
insert into tags ("album","composer","genre","title","artist","disc","track","filepath") values ('ZIN CD 29','Zumba Fitness','Latin','Tunak Tunak Tun','Zumba Fitness','1/1','05/09','/media/pi/ZUKE/MUSIC/CDs/CD 29/05 - Tunak Tunak Tun.mp3');
insert into mp3s ("filepath") values ('/media/pi/ZUKE/MUSIC/CDs/CD 29/05 - Tunak Tunak Tun.mp3');
insert into streams ("index","codec_name","codec_long_name","codec_type","codec_time_base","codec_tag_string","codec_tag","sample_fmt","sample_rate","channels","channel_layout","bits_per_sample","r_frame_rate","avg_frame_rate","time_base","start_pts","start_time","duration_ts","duration","bit_rate","filepath") values ('0','mp3','MP3 (MPEG audio layer 3)','audio','1/44100','[0][0][0][0]','0x0000','fltp','44100','2','stereo','0','0/0','0/0','1/14112000','0','0','3379322880','239.464490','163481','/media/pi/ZUKE/MUSIC/CDs/CD 29/06 - Mawa Sillah.mp3');
insert into format ("filename","nb_streams","nb_programs","format_name","format_long_name","start_time","duration","size","bit_rate","probe_score","filepath") values ('/media/pi/ZUKE/MUSIC/CDs/CD 29/06 - Mawa Sillah.mp3','1','0','mp3','MP2/3 (MPEG audio layer 2/3)','0','239.464490','4894848','163526','51','/media/pi/ZUKE/MUSIC/CDs/CD 29/06 - Mawa Sillah.mp3');
insert into disposition ("default","dub","original","comment","lyrics","karaoke","forced","hearing_impaired","visual_impaired","clean_effects","attached_pic","timed_thumbnails","filepath") values ('0','0','0','0','0','0','0','0','0','0','0','0','/media/pi/ZUKE/MUSIC/CDs/CD 29/06 - Mawa Sillah.mp3');
insert into tags ("album","composer","genre","title","artist","disc","track","filepath") values ('ZIN CD 29','Zumba Fitness','Latin','Mawa Sillah','Zumba Fitness','1/1','06/09','/media/pi/ZUKE/MUSIC/CDs/CD 29/06 - Mawa Sillah.mp3');
insert into mp3s ("filepath") values ('/media/pi/ZUKE/MUSIC/CDs/CD 29/06 - Mawa Sillah.mp3');
insert into streams ("index","codec_name","codec_long_name","codec_type","codec_time_base","codec_tag_string","codec_tag","sample_fmt","sample_rate","channels","channel_layout","bits_per_sample","r_frame_rate","avg_frame_rate","time_base","start_pts","start_time","duration_ts","duration","bit_rate","filepath") values ('0','mp3','MP3 (MPEG audio layer 3)','audio','1/44100','[0][0][0][0]','0x0000','fltp','44100','2','stereo','0','0/0','0/0','1/14112000','0','0','2939166720','208.274286','158693','/media/pi/ZUKE/MUSIC/CDs/CD 29/07 - Vete.mp3');
insert into format ("filename","nb_streams","nb_programs","format_name","format_long_name","start_time","duration","size","bit_rate","probe_score","filepath") values ('/media/pi/ZUKE/MUSIC/CDs/CD 29/07 - Vete.mp3','1','0','mp3','MP2/3 (MPEG audio layer 2/3)','0','208.274286','4132992','158751','51','/media/pi/ZUKE/MUSIC/CDs/CD 29/07 - Vete.mp3');
insert into disposition ("default","dub","original","comment","lyrics","karaoke","forced","hearing_impaired","visual_impaired","clean_effects","attached_pic","timed_thumbnails","filepath") values ('0','0','0','0','0','0','0','0','0','0','0','0','/media/pi/ZUKE/MUSIC/CDs/CD 29/07 - Vete.mp3');
insert into tags ("album","composer","genre","title","artist","disc","track","filepath") values ('ZIN CD 29','Zumba Fitness','Latin','Vete','Zumba Fitness','1/1','07/09','/media/pi/ZUKE/MUSIC/CDs/CD 29/07 - Vete.mp3');
insert into mp3s ("filepath") values ('/media/pi/ZUKE/MUSIC/CDs/CD 29/07 - Vete.mp3');
insert into streams ("index","codec_name","codec_long_name","codec_type","codec_time_base","codec_tag_string","codec_tag","sample_fmt","sample_rate","channels","channel_layout","bits_per_sample","r_frame_rate","avg_frame_rate","time_base","start_pts","start_time","duration_ts","duration","bit_rate","filepath") values ('0','mp3','MP3 (MPEG audio layer 3)','audio','1/44100','[0][0][0][0]','0x0000','fltp','44100','2','stereo','0','0/0','0/0','1/14112000','0','0','3749806080','265.717551','169343','/media/pi/ZUKE/MUSIC/CDs/CD 29/08 - Batucadas.mp3');
insert into format ("filename","nb_streams","nb_programs","format_name","format_long_name","start_time","duration","size","bit_rate","probe_score","filepath") values ('/media/pi/ZUKE/MUSIC/CDs/CD 29/08 - Batucadas.mp3','1','0','mp3','MP2/3 (MPEG audio layer 2/3)','0','265.717551','5625984','169382','51','/media/pi/ZUKE/MUSIC/CDs/CD 29/08 - Batucadas.mp3');
insert into disposition ("default","dub","original","comment","lyrics","karaoke","forced","hearing_impaired","visual_impaired","clean_effects","attached_pic","timed_thumbnails","filepath") values ('0','0','0','0','0','0','0','0','0','0','0','0','/media/pi/ZUKE/MUSIC/CDs/CD 29/08 - Batucadas.mp3');
insert into tags ("album","composer","genre","title","artist","disc","track","filepath") values ('ZIN CD 29','Zumba Fitness','Latin','Batucadas','Zumba Fitness','1/1','08/09','/media/pi/ZUKE/MUSIC/CDs/CD 29/08 - Batucadas.mp3');
insert into mp3s ("filepath") values ('/media/pi/ZUKE/MUSIC/CDs/CD 29/08 - Batucadas.mp3');
insert into streams ("index","codec_name","codec_long_name","codec_type","codec_time_base","codec_tag_string","codec_tag","sample_fmt","sample_rate","channels","channel_layout","bits_per_sample","r_frame_rate","avg_frame_rate","time_base","start_pts","start_time","duration_ts","duration","bit_rate","filepath") values ('0','mp3','MP3 (MPEG audio layer 3)','audio','1/44100','[0][0][0][0]','0x0000','fltp','44100','2','stereo','0','0/0','0/0','1/14112000','0','0','2837422080','201.064490','158398','/media/pi/ZUKE/MUSIC/CDs/CD 29/09 - Bimbola.mp3');
insert into format ("filename","nb_streams","nb_programs","format_name","format_long_name","start_time","duration","size","bit_rate","probe_score","filepath") values ('/media/pi/ZUKE/MUSIC/CDs/CD 29/09 - Bimbola.mp3','1','0','mp3','MP2/3 (MPEG audio layer 2/3)','0','201.064490','3981440','158414','51','/media/pi/ZUKE/MUSIC/CDs/CD 29/09 - Bimbola.mp3');
insert into disposition ("default","dub","original","comment","lyrics","karaoke","forced","hearing_impaired","visual_impaired","clean_effects","attached_pic","timed_thumbnails","filepath") values ('0','0','0','0','0','0','0','0','0','0','0','0','/media/pi/ZUKE/MUSIC/CDs/CD 29/09 - Bimbola.mp3');
insert into tags ("album","composer","genre","title","artist","disc","track","filepath") values ('ZIN CD 29','Zumba Fitness','Latin','Bimbola','Zumba Fitness','1/1','09/09','/media/pi/ZUKE/MUSIC/CDs/CD 29/09 - Bimbola.mp3');
insert into mp3s ("filepath") values ('/media/pi/ZUKE/MUSIC/CDs/CD 29/09 - Bimbola.mp3');
insert into streams ("index","codec_name","codec_long_name","codec_type","codec_time_base","codec_tag_string","codec_tag","sample_fmt","sample_rate","channels","channel_layout","bits_per_sample","r_frame_rate","avg_frame_rate","time_base","start_pts","start_time","duration_ts","duration","bit_rate","filepath") values ('0','mp3','MP3 (MPEG audio layer 3)','audio','1/44100','[0][0][0][0]','0x0000','fltp','44100','2','stereo','0','0/0','0/0','1/14112000','0','0','3280527360','232.463673','150667','/media/pi/ZUKE/MUSIC/CDs/CD 30/01 - Hella Decale.mp3');
insert into format ("filename","nb_streams","nb_programs","format_name","format_long_name","start_time","duration","size","bit_rate","probe_score","filepath") values ('/media/pi/ZUKE/MUSIC/CDs/CD 30/01 - Hella Decale.mp3','1','0','mp3','MP2/3 (MPEG audio layer 2/3)','0','232.463673','4378752','150690','51','/media/pi/ZUKE/MUSIC/CDs/CD 30/01 - Hella Decale.mp3');
insert into disposition ("default","dub","original","comment","lyrics","karaoke","forced","hearing_impaired","visual_impaired","clean_effects","attached_pic","timed_thumbnails","filepath") values ('0','0','0','0','0','0','0','0','0','0','0','0','/media/pi/ZUKE/MUSIC/CDs/CD 30/01 - Hella Decale.mp3');
insert into tags ("album","composer","genre","title","artist","disc","track","filepath") values ('ZIN CD 30','Zumba Fitness','Latin','Hella Decale','Zumba Fitness','1/1','01/09','/media/pi/ZUKE/MUSIC/CDs/CD 30/01 - Hella Decale.mp3');
insert into mp3s ("filepath") values ('/media/pi/ZUKE/MUSIC/CDs/CD 30/01 - Hella Decale.mp3');
insert into streams ("index","codec_name","codec_long_name","codec_type","codec_time_base","codec_tag_string","codec_tag","sample_fmt","sample_rate","channels","channel_layout","bits_per_sample","r_frame_rate","avg_frame_rate","time_base","start_pts","start_time","duration_ts","duration","bit_rate","filepath") values ('0','mp3','MP3 (MPEG audio layer 3)','audio','1/44100','[0][0][0][0]','0x0000','fltp','44100','2','stereo','0','0/0','0/0','1/14112000','0','0','2845532160','201.639184','158811','/media/pi/ZUKE/MUSIC/CDs/CD 30/02 - Cumbia Pa'' La Nena.mp3');
insert into format ("filename","nb_streams","nb_programs","format_name","format_long_name","start_time","duration","size","bit_rate","probe_score","filepath") values ('/media/pi/ZUKE/MUSIC/CDs/CD 30/02 - Cumbia Pa'' La Nena.mp3','1','0','mp3','MP2/3 (MPEG audio layer 2/3)','0','201.639184','4003968','158856','51','/media/pi/ZUKE/MUSIC/CDs/CD 30/02 - Cumbia Pa'' La Nena.mp3');
insert into disposition ("default","dub","original","comment","lyrics","karaoke","forced","hearing_impaired","visual_impaired","clean_effects","attached_pic","timed_thumbnails","filepath") values ('0','0','0','0','0','0','0','0','0','0','0','0','/media/pi/ZUKE/MUSIC/CDs/CD 30/02 - Cumbia Pa'' La Nena.mp3');
insert into tags ("album","composer","genre","title","artist","disc","track","filepath") values ('ZIN CD 30','Zumba Fitness','Latin','Cumbia Pa'' La Nena','Zumba Fitness','1/1','02/09','/media/pi/ZUKE/MUSIC/CDs/CD 30/02 - Cumbia Pa'' La Nena.mp3');
insert into mp3s ("filepath") values ('/media/pi/ZUKE/MUSIC/CDs/CD 30/02 - Cumbia Pa'' La Nena.mp3');
insert into streams ("index","codec_name","codec_long_name","codec_type","codec_time_base","codec_tag_string","codec_tag","sample_fmt","sample_rate","channels","channel_layout","bits_per_sample","r_frame_rate","avg_frame_rate","time_base","start_pts","start_time","duration_ts","duration","bit_rate","filepath") values ('0','mp3','MP3 (MPEG audio layer 3)','audio','1/44100','[0][0][0][0]','0x0000','fltp','44100','2','stereo','0','0/0','0/0','1/14112000','0','0','3895787520','276.062041','156982','/media/pi/ZUKE/MUSIC/CDs/CD 30/03 - La Vida Es Un Carnaval.mp3');
insert into format ("filename","nb_streams","nb_programs","format_name","format_long_name","start_time","duration","size","bit_rate","probe_score","filepath") values ('/media/pi/ZUKE/MUSIC/CDs/CD 30/03 - La Vida Es Un Carnaval.mp3','1','0','mp3','MP2/3 (MPEG audio layer 2/3)','0','276.062041','5419136','157041','51','/media/pi/ZUKE/MUSIC/CDs/CD 30/03 - La Vida Es Un Carnaval.mp3');
insert into disposition ("default","dub","original","comment","lyrics","karaoke","forced","hearing_impaired","visual_impaired","clean_effects","attached_pic","timed_thumbnails","filepath") values ('0','0','0','0','0','0','0','0','0','0','0','0','/media/pi/ZUKE/MUSIC/CDs/CD 30/03 - La Vida Es Un Carnaval.mp3');
insert into tags ("album","composer","genre","title","artist","disc","track","filepath") values ('ZIN CD 30','Zumba Fitness','Latin','La Vida Es Un Carnaval','Zumba Fitness','1/1','03/09','/media/pi/ZUKE/MUSIC/CDs/CD 30/03 - La Vida Es Un Carnaval.mp3');
insert into mp3s ("filepath") values ('/media/pi/ZUKE/MUSIC/CDs/CD 30/03 - La Vida Es Un Carnaval.mp3');
insert into streams ("index","codec_name","codec_long_name","codec_type","codec_time_base","codec_tag_string","codec_tag","sample_fmt","sample_rate","channels","channel_layout","bits_per_sample","r_frame_rate","avg_frame_rate","time_base","start_pts","start_time","duration_ts","duration","bit_rate","filepath") values ('0','mp3','MP3 (MPEG audio layer 3)','audio','1/44100','[0][0][0][0]','0x0000','fltp','44100','2','stereo','0','0/0','0/0','1/14112000','0','0','3411025920','241.711020','152090','/media/pi/ZUKE/MUSIC/CDs/CD 30/04 - Livin'' La Vida Loca.mp3');
insert into format ("filename","nb_streams","nb_programs","format_name","format_long_name","start_time","duration","size","bit_rate","probe_score","filepath") values ('/media/pi/ZUKE/MUSIC/CDs/CD 30/04 - Livin'' La Vida Loca.mp3','1','0','mp3','MP2/3 (MPEG audio layer 2/3)','0','241.711020','4595840','152110','51','/media/pi/ZUKE/MUSIC/CDs/CD 30/04 - Livin'' La Vida Loca.mp3');
insert into disposition ("default","dub","original","comment","lyrics","karaoke","forced","hearing_impaired","visual_impaired","clean_effects","attached_pic","timed_thumbnails","filepath") values ('0','0','0','0','0','0','0','0','0','0','0','0','/media/pi/ZUKE/MUSIC/CDs/CD 30/04 - Livin'' La Vida Loca.mp3');
insert into tags ("album","composer","genre","title","artist","disc","track","filepath") values ('ZIN CD 30','Zumba Fitness','Latin','Livin'' La Vida Loca','Zumba Fitness','1/1','04/09','/media/pi/ZUKE/MUSIC/CDs/CD 30/04 - Livin'' La Vida Loca.mp3');
insert into mp3s ("filepath") values ('/media/pi/ZUKE/MUSIC/CDs/CD 30/04 - Livin'' La Vida Loca.mp3');
insert into streams ("index","codec_name","codec_long_name","codec_type","codec_time_base","codec_tag_string","codec_tag","sample_fmt","sample_rate","channels","channel_layout","bits_per_sample","r_frame_rate","avg_frame_rate","time_base","start_pts","start_time","duration_ts","duration","bit_rate","filepath") values ('0','mp3','MP3 (MPEG audio layer 3)','audio','1/44100','[0][0][0][0]','0x0000','fltp','44100','2','stereo','0','0/0','0/0','1/14112000','0','0','2984140800','211.461224','156077','/media/pi/ZUKE/MUSIC/CDs/CD 30/05 - Lo Que Paso, Paso.mp3');
insert into format ("filename","nb_streams","nb_programs","format_name","format_long_name","start_time","duration","size","bit_rate","probe_score","filepath") values ('/media/pi/ZUKE/MUSIC/CDs/CD 30/05 - Lo Que Paso, Paso.mp3','1','0','mp3','MP2/3 (MPEG audio layer 2/3)','0','211.461224','4126848','156126','51','/media/pi/ZUKE/MUSIC/CDs/CD 30/05 - Lo Que Paso, Paso.mp3');
insert into disposition ("default","dub","original","comment","lyrics","karaoke","forced","hearing_impaired","visual_impaired","clean_effects","attached_pic","timed_thumbnails","filepath") values ('0','0','0','0','0','0','0','0','0','0','0','0','/media/pi/ZUKE/MUSIC/CDs/CD 30/05 - Lo Que Paso, Paso.mp3');
insert into tags ("album","composer","genre","title","artist","disc","track","filepath") values ('ZIN CD 30','Zumba Fitness','Latin','Lo Que Paso, Paso','Zumba Fitness','1/1','05/09','/media/pi/ZUKE/MUSIC/CDs/CD 30/05 - Lo Que Paso, Paso.mp3');
insert into mp3s ("filepath") values ('/media/pi/ZUKE/MUSIC/CDs/CD 30/05 - Lo Que Paso, Paso.mp3');
insert into streams ("index","codec_name","codec_long_name","codec_type","codec_time_base","codec_tag_string","codec_tag","sample_fmt","sample_rate","channels","channel_layout","bits_per_sample","r_frame_rate","avg_frame_rate","time_base","start_pts","start_time","duration_ts","duration","bit_rate","filepath") values ('0','mp3','MP3 (MPEG audio layer 3)','audio','1/44100','[0][0][0][0]','0x0000','fltp','44100','2','stereo','0','0/0','0/0','1/14112000','0','0','2267136000','160.653061','147575','/media/pi/ZUKE/MUSIC/CDs/CD 30/06 - Na Ponta do Pe.mp3');
insert into format ("filename","nb_streams","nb_programs","format_name","format_long_name","start_time","duration","size","bit_rate","probe_score","filepath") values ('/media/pi/ZUKE/MUSIC/CDs/CD 30/06 - Na Ponta do Pe.mp3','1','0','mp3','MP2/3 (MPEG audio layer 2/3)','0','160.653061','2965632','147678','51','/media/pi/ZUKE/MUSIC/CDs/CD 30/06 - Na Ponta do Pe.mp3');
insert into disposition ("default","dub","original","comment","lyrics","karaoke","forced","hearing_impaired","visual_impaired","clean_effects","attached_pic","timed_thumbnails","filepath") values ('0','0','0','0','0','0','0','0','0','0','0','0','/media/pi/ZUKE/MUSIC/CDs/CD 30/06 - Na Ponta do Pe.mp3');
insert into tags ("album","composer","genre","title","artist","disc","track","filepath") values ('ZIN CD 30','Zumba Fitness','Latin','Na Ponta do Pe','Zumba Fitness','1/1','06/09','/media/pi/ZUKE/MUSIC/CDs/CD 30/06 - Na Ponta do Pe.mp3');
insert into mp3s ("filepath") values ('/media/pi/ZUKE/MUSIC/CDs/CD 30/06 - Na Ponta do Pe.mp3');
insert into streams ("index","codec_name","codec_long_name","codec_type","codec_time_base","codec_tag_string","codec_tag","sample_fmt","sample_rate","channels","channel_layout","bits_per_sample","r_frame_rate","avg_frame_rate","time_base","start_pts","start_time","duration_ts","duration","bit_rate","filepath") values ('0','mp3','MP3 (MPEG audio layer 3)','audio','1/44100','[0][0][0][0]','0x0000','fltp','44100','2','stereo','0','0/0','0/0','1/14112000','0','0','3246243840','230.034286','170866','/media/pi/ZUKE/MUSIC/CDs/CD 30/07 - Que Buena Tu Ta.mp3');
insert into format ("filename","nb_streams","nb_programs","format_name","format_long_name","start_time","duration","size","bit_rate","probe_score","filepath") values ('/media/pi/ZUKE/MUSIC/CDs/CD 30/07 - Que Buena Tu Ta.mp3','1','0','mp3','MP2/3 (MPEG audio layer 2/3)','0','230.034286','4915328','170942','51','/media/pi/ZUKE/MUSIC/CDs/CD 30/07 - Que Buena Tu Ta.mp3');
insert into disposition ("default","dub","original","comment","lyrics","karaoke","forced","hearing_impaired","visual_impaired","clean_effects","attached_pic","timed_thumbnails","filepath") values ('0','0','0','0','0','0','0','0','0','0','0','0','/media/pi/ZUKE/MUSIC/CDs/CD 30/07 - Que Buena Tu Ta.mp3');
insert into tags ("album","composer","genre","title","artist","disc","track","filepath") values ('ZIN CD 30','Zumba Fitness','Latin','Que Buena Tu Ta','Zumba Fitness','1/1','07/09','/media/pi/ZUKE/MUSIC/CDs/CD 30/07 - Que Buena Tu Ta.mp3');
insert into mp3s ("filepath") values ('/media/pi/ZUKE/MUSIC/CDs/CD 30/07 - Que Buena Tu Ta.mp3');
insert into streams ("index","codec_name","codec_long_name","codec_type","codec_time_base","codec_tag_string","codec_tag","sample_fmt","sample_rate","channels","channel_layout","bits_per_sample","r_frame_rate","avg_frame_rate","time_base","start_pts","start_time","duration_ts","duration","bit_rate","filepath") values ('0','mp3','MP3 (MPEG audio layer 3)','audio','1/44100','[0][0][0][0]','0x0000','fltp','44100','2','stereo','0','0/0','0/0','1/14112000','0','0','2740101120','194.168163','153685','/media/pi/ZUKE/MUSIC/CDs/CD 30/08 - Sazon.mp3');
insert into format ("filename","nb_streams","nb_programs","format_name","format_long_name","start_time","duration","size","bit_rate","probe_score","filepath") values ('/media/pi/ZUKE/MUSIC/CDs/CD 30/08 - Sazon.mp3','1','0','mp3','MP2/3 (MPEG audio layer 2/3)','0','194.168163','3731584','153746','51','/media/pi/ZUKE/MUSIC/CDs/CD 30/08 - Sazon.mp3');
insert into disposition ("default","dub","original","comment","lyrics","karaoke","forced","hearing_impaired","visual_impaired","clean_effects","attached_pic","timed_thumbnails","filepath") values ('0','0','0','0','0','0','0','0','0','0','0','0','/media/pi/ZUKE/MUSIC/CDs/CD 30/08 - Sazon.mp3');
insert into tags ("album","composer","genre","title","artist","disc","track","filepath") values ('ZIN CD 30','Zumba Fitness','Latin','Sazon','Zumba Fitness','1/1','08/09','/media/pi/ZUKE/MUSIC/CDs/CD 30/08 - Sazon.mp3');
insert into mp3s ("filepath") values ('/media/pi/ZUKE/MUSIC/CDs/CD 30/08 - Sazon.mp3');
insert into streams ("index","codec_name","codec_long_name","codec_type","codec_time_base","codec_tag_string","codec_tag","sample_fmt","sample_rate","channels","channel_layout","bits_per_sample","r_frame_rate","avg_frame_rate","time_base","start_pts","start_time","duration_ts","duration","bit_rate","filepath") values ('0','mp3','MP3 (MPEG audio layer 3)','audio','1/44100','[0][0][0][0]','0x0000','fltp','44100','2','stereo','0','0/0','0/0','1/14112000','0','0','2347499520','166.347755','156612','/media/pi/ZUKE/MUSIC/CDs/CD 30/09 - Zeina.mp3');
insert into format ("filename","nb_streams","nb_programs","format_name","format_long_name","start_time","duration","size","bit_rate","probe_score","filepath") values ('/media/pi/ZUKE/MUSIC/CDs/CD 30/09 - Zeina.mp3','1','0','mp3','MP2/3 (MPEG audio layer 2/3)','0','166.347755','3258496','156707','51','/media/pi/ZUKE/MUSIC/CDs/CD 30/09 - Zeina.mp3');
insert into disposition ("default","dub","original","comment","lyrics","karaoke","forced","hearing_impaired","visual_impaired","clean_effects","attached_pic","timed_thumbnails","filepath") values ('0','0','0','0','0','0','0','0','0','0','0','0','/media/pi/ZUKE/MUSIC/CDs/CD 30/09 - Zeina.mp3');
insert into tags ("album","composer","genre","title","artist","disc","track","filepath") values ('ZIN CD 30','Zumba Fitness','Latin','Zeina','Zumba Fitness','1/1','09/09','/media/pi/ZUKE/MUSIC/CDs/CD 30/09 - Zeina.mp3');
insert into mp3s ("filepath") values ('/media/pi/ZUKE/MUSIC/CDs/CD 30/09 - Zeina.mp3');
insert into streams ("index","codec_name","codec_long_name","codec_type","codec_time_base","codec_tag_string","codec_tag","sample_fmt","sample_rate","channels","channel_layout","bits_per_sample","r_frame_rate","avg_frame_rate","time_base","start_pts","start_time","duration_ts","duration","bit_rate","filepath") values ('0','mp3','MP3 (MPEG audio layer 3)','audio','1/44100','[0][0][0][0]','0x0000','fltp','44100','2','stereo','0','0/0','0/0','1/14112000','0','0','3437936640','243.617959','139413','/media/pi/ZUKE/MUSIC/CDs/CD 31/01 - Chillin''.mp3');
insert into format ("filename","nb_streams","nb_programs","format_name","format_long_name","start_time","duration","size","bit_rate","probe_score","filepath") values ('/media/pi/ZUKE/MUSIC/CDs/CD 31/01 - Chillin''.mp3','1','0','mp3','MP2/3 (MPEG audio layer 2/3)','0','243.617959','4247680','139486','51','/media/pi/ZUKE/MUSIC/CDs/CD 31/01 - Chillin''.mp3');
insert into disposition ("default","dub","original","comment","lyrics","karaoke","forced","hearing_impaired","visual_impaired","clean_effects","attached_pic","timed_thumbnails","filepath") values ('0','0','0','0','0','0','0','0','0','0','0','0','/media/pi/ZUKE/MUSIC/CDs/CD 31/01 - Chillin''.mp3');
insert into tags ("album","composer","genre","title","artist","disc","track","filepath") values ('ZIN CD 31','Zumba Fitness','Latin','Chillin''','Zumba Fitness','1/1','01/09','/media/pi/ZUKE/MUSIC/CDs/CD 31/01 - Chillin''.mp3');
insert into mp3s ("filepath") values ('/media/pi/ZUKE/MUSIC/CDs/CD 31/01 - Chillin''.mp3');
insert into streams ("index","codec_name","codec_long_name","codec_type","codec_time_base","codec_tag_string","codec_tag","sample_fmt","sample_rate","channels","channel_layout","bits_per_sample","r_frame_rate","avg_frame_rate","time_base","start_pts","start_time","duration_ts","duration","bit_rate","filepath") values ('0','mp3','MP3 (MPEG audio layer 3)','audio','1/44100','[0][0][0][0]','0x0000','fltp','44100','2','stereo','0','0/0','0/0','1/14112000','0','0','3217121280','227.970612','139998','/media/pi/ZUKE/MUSIC/CDs/CD 31/02 - Cumbia Arabe.mp3');
insert into format ("filename","nb_streams","nb_programs","format_name","format_long_name","start_time","duration","size","bit_rate","probe_score","filepath") values ('/media/pi/ZUKE/MUSIC/CDs/CD 31/02 - Cumbia Arabe.mp3','1','0','mp3','MP2/3 (MPEG audio layer 2/3)','0','227.970612','3991680','140077','51','/media/pi/ZUKE/MUSIC/CDs/CD 31/02 - Cumbia Arabe.mp3');
insert into disposition ("default","dub","original","comment","lyrics","karaoke","forced","hearing_impaired","visual_impaired","clean_effects","attached_pic","timed_thumbnails","filepath") values ('0','0','0','0','0','0','0','0','0','0','0','0','/media/pi/ZUKE/MUSIC/CDs/CD 31/02 - Cumbia Arabe.mp3');
insert into tags ("album","composer","genre","title","artist","disc","track","filepath") values ('ZIN CD 31','Zumba Fitness','Latin','Cumbia Arabe','Zumba Fitness','1/1','02/09','/media/pi/ZUKE/MUSIC/CDs/CD 31/02 - Cumbia Arabe.mp3');
insert into mp3s ("filepath") values ('/media/pi/ZUKE/MUSIC/CDs/CD 31/02 - Cumbia Arabe.mp3');
insert into streams ("index","codec_name","codec_long_name","codec_type","codec_time_base","codec_tag_string","codec_tag","sample_fmt","sample_rate","channels","channel_layout","bits_per_sample","r_frame_rate","avg_frame_rate","time_base","start_pts","start_time","duration_ts","duration","bit_rate","filepath") values ('0','mp3','MP3 (MPEG audio layer 3)','audio','1/44100','[0][0][0][0]','0x0000','fltp','44100','2','stereo','0','0/0','0/0','1/14112000','0','0','3516456960','249.182041','138529','/media/pi/ZUKE/MUSIC/CDs/CD 31/03 - Feelin'' Good.mp3');
insert into format ("filename","nb_streams","nb_programs","format_name","format_long_name","start_time","duration","size","bit_rate","probe_score","filepath") values ('/media/pi/ZUKE/MUSIC/CDs/CD 31/03 - Feelin'' Good.mp3','1','0','mp3','MP2/3 (MPEG audio layer 2/3)','0','249.182041','4315264','138541','51','/media/pi/ZUKE/MUSIC/CDs/CD 31/03 - Feelin'' Good.mp3');
insert into disposition ("default","dub","original","comment","lyrics","karaoke","forced","hearing_impaired","visual_impaired","clean_effects","attached_pic","timed_thumbnails","filepath") values ('0','0','0','0','0','0','0','0','0','0','0','0','/media/pi/ZUKE/MUSIC/CDs/CD 31/03 - Feelin'' Good.mp3');
insert into tags ("album","composer","genre","title","artist","disc","track","filepath") values ('ZIN CD 31','Zumba Fitness','Latin','Feelin'' Good','Zumba Fitness','1/1','03/09','/media/pi/ZUKE/MUSIC/CDs/CD 31/03 - Feelin'' Good.mp3');
insert into mp3s ("filepath") values ('/media/pi/ZUKE/MUSIC/CDs/CD 31/03 - Feelin'' Good.mp3');
insert into streams ("index","codec_name","codec_long_name","codec_type","codec_time_base","codec_tag_string","codec_tag","sample_fmt","sample_rate","channels","channel_layout","bits_per_sample","r_frame_rate","avg_frame_rate","time_base","start_pts","start_time","duration_ts","duration","bit_rate","filepath") values ('0','mp3','MP3 (MPEG audio layer 3)','audio','1/44100','[0][0][0][0]','0x0000','fltp','44100','2','stereo','0','0/0','0/0','1/14112000','0','0','2728304640','193.332245','142833','/media/pi/ZUKE/MUSIC/CDs/CD 31/04 - Pgate.mp3');
insert into format ("filename","nb_streams","nb_programs","format_name","format_long_name","start_time","duration","size","bit_rate","probe_score","filepath") values ('/media/pi/ZUKE/MUSIC/CDs/CD 31/04 - Pgate.mp3','1','0','mp3','MP2/3 (MPEG audio layer 2/3)','0','193.332245','3453056','142885','51','/media/pi/ZUKE/MUSIC/CDs/CD 31/04 - Pgate.mp3');
insert into disposition ("default","dub","original","comment","lyrics","karaoke","forced","hearing_impaired","visual_impaired","clean_effects","attached_pic","timed_thumbnails","filepath") values ('0','0','0','0','0','0','0','0','0','0','0','0','/media/pi/ZUKE/MUSIC/CDs/CD 31/04 - Pgate.mp3');
insert into tags ("album","composer","genre","title","artist","disc","track","filepath") values ('ZIN CD 31','Zumba Fitness','Latin','Pgate','Zumba Fitness','1/1','04/09','/media/pi/ZUKE/MUSIC/CDs/CD 31/04 - Pgate.mp3');
insert into mp3s ("filepath") values ('/media/pi/ZUKE/MUSIC/CDs/CD 31/04 - Pgate.mp3');
insert into streams ("index","codec_name","codec_long_name","codec_type","codec_time_base","codec_tag_string","codec_tag","sample_fmt","sample_rate","channels","channel_layout","bits_per_sample","r_frame_rate","avg_frame_rate","time_base","start_pts","start_time","duration_ts","duration","bit_rate","filepath") values ('0','mp3','MP3 (MPEG audio layer 3)','audio','1/44100','[0][0][0][0]','0x0000','fltp','44100','2','stereo','0','0/0','0/0','1/14112000','0','0','3173253120','224.862041','142304','/media/pi/ZUKE/MUSIC/CDs/CD 31/05 - Don''t Let Me Down.mp3');
insert into format ("filename","nb_streams","nb_programs","format_name","format_long_name","start_time","duration","size","bit_rate","probe_score","filepath") values ('/media/pi/ZUKE/MUSIC/CDs/CD 31/05 - Don''t Let Me Down.mp3','1','0','mp3','MP2/3 (MPEG audio layer 2/3)','0','224.862041','4001920','142377','51','/media/pi/ZUKE/MUSIC/CDs/CD 31/05 - Don''t Let Me Down.mp3');
insert into disposition ("default","dub","original","comment","lyrics","karaoke","forced","hearing_impaired","visual_impaired","clean_effects","attached_pic","timed_thumbnails","filepath") values ('0','0','0','0','0','0','0','0','0','0','0','0','/media/pi/ZUKE/MUSIC/CDs/CD 31/05 - Don''t Let Me Down.mp3');
insert into tags ("album","composer","genre","title","artist","disc","track","filepath") values ('ZIN CD 31','Zumba Fitness','Latin','Don''t Let Me Down','Zumba Fitness','1/1','05/09','/media/pi/ZUKE/MUSIC/CDs/CD 31/05 - Don''t Let Me Down.mp3');
insert into mp3s ("filepath") values ('/media/pi/ZUKE/MUSIC/CDs/CD 31/05 - Don''t Let Me Down.mp3');
insert into streams ("index","codec_name","codec_long_name","codec_type","codec_time_base","codec_tag_string","codec_tag","sample_fmt","sample_rate","channels","channel_layout","bits_per_sample","r_frame_rate","avg_frame_rate","time_base","start_pts","start_time","duration_ts","duration","bit_rate","filepath") values ('0','mp3','MP3 (MPEG audio layer 3)','audio','1/44100','[0][0][0][0]','0x0000','fltp','44100','2','stereo','0','0/0','0/0','1/14112000','0','0','3202375680','226.925714','127214','/media/pi/ZUKE/MUSIC/CDs/CD 31/06 - Quebra As Cadeira.mp3');
insert into format ("filename","nb_streams","nb_programs","format_name","format_long_name","start_time","duration","size","bit_rate","probe_score","filepath") values ('/media/pi/ZUKE/MUSIC/CDs/CD 31/06 - Quebra As Cadeira.mp3','1','0','mp3','MP2/3 (MPEG audio layer 2/3)','0','226.925714','3610752','127292','51','/media/pi/ZUKE/MUSIC/CDs/CD 31/06 - Quebra As Cadeira.mp3');
insert into disposition ("default","dub","original","comment","lyrics","karaoke","forced","hearing_impaired","visual_impaired","clean_effects","attached_pic","timed_thumbnails","filepath") values ('0','0','0','0','0','0','0','0','0','0','0','0','/media/pi/ZUKE/MUSIC/CDs/CD 31/06 - Quebra As Cadeira.mp3');
insert into tags ("album","composer","genre","title","artist","disc","track","filepath") values ('ZIN CD 31','Zumba Fitness','Latin','Quebra As Cadeira','Zumba Fitness','1/1','06/09','/media/pi/ZUKE/MUSIC/CDs/CD 31/06 - Quebra As Cadeira.mp3');
insert into mp3s ("filepath") values ('/media/pi/ZUKE/MUSIC/CDs/CD 31/06 - Quebra As Cadeira.mp3');
insert into streams ("index","codec_name","codec_long_name","codec_type","codec_time_base","codec_tag_string","codec_tag","sample_fmt","sample_rate","channels","channel_layout","bits_per_sample","r_frame_rate","avg_frame_rate","time_base","start_pts","start_time","duration_ts","duration","bit_rate","filepath") values ('0','mp3','MP3 (MPEG audio layer 3)','audio','1/44100','[0][0][0][0]','0x0000','fltp','44100','2','stereo','0','0/0','0/0','1/14112000','0','0','2756321280','195.317551','139076','/media/pi/ZUKE/MUSIC/CDs/CD 31/07 - Oye.mp3');
insert into format ("filename","nb_streams","nb_programs","format_name","format_long_name","start_time","duration","size","bit_rate","probe_score","filepath") values ('/media/pi/ZUKE/MUSIC/CDs/CD 31/07 - Oye.mp3','1','0','mp3','MP2/3 (MPEG audio layer 2/3)','0','195.317551','3397760','139168','51','/media/pi/ZUKE/MUSIC/CDs/CD 31/07 - Oye.mp3');
insert into disposition ("default","dub","original","comment","lyrics","karaoke","forced","hearing_impaired","visual_impaired","clean_effects","attached_pic","timed_thumbnails","filepath") values ('0','0','0','0','0','0','0','0','0','0','0','0','/media/pi/ZUKE/MUSIC/CDs/CD 31/07 - Oye.mp3');
insert into tags ("album","composer","genre","title","artist","disc","track","filepath") values ('ZIN CD 31','Zumba Fitness','Latin','Oye','Zumba Fitness','1/1','07/09','/media/pi/ZUKE/MUSIC/CDs/CD 31/07 - Oye.mp3');
insert into mp3s ("filepath") values ('/media/pi/ZUKE/MUSIC/CDs/CD 31/07 - Oye.mp3');
insert into streams ("index","codec_name","codec_long_name","codec_type","codec_time_base","codec_tag_string","codec_tag","sample_fmt","sample_rate","channels","channel_layout","bits_per_sample","r_frame_rate","avg_frame_rate","time_base","start_pts","start_time","duration_ts","duration","bit_rate","filepath") values ('0','mp3','MP3 (MPEG audio layer 3)','audio','1/44100','[0][0][0][0]','0x0000','fltp','44100','2','stereo','0','0/0','0/0','1/14112000','0','0','2747842560','194.716735','137150','/media/pi/ZUKE/MUSIC/CDs/CD 31/08 - Zumba He Zumba Ha.mp3');
insert into format ("filename","nb_streams","nb_programs","format_name","format_long_name","start_time","duration","size","bit_rate","probe_score","filepath") values ('/media/pi/ZUKE/MUSIC/CDs/CD 31/08 - Zumba He Zumba Ha.mp3','1','0','mp3','MP2/3 (MPEG audio layer 2/3)','0','194.716735','3340416','137242','51','/media/pi/ZUKE/MUSIC/CDs/CD 31/08 - Zumba He Zumba Ha.mp3');
insert into disposition ("default","dub","original","comment","lyrics","karaoke","forced","hearing_impaired","visual_impaired","clean_effects","attached_pic","timed_thumbnails","filepath") values ('0','0','0','0','0','0','0','0','0','0','0','0','/media/pi/ZUKE/MUSIC/CDs/CD 31/08 - Zumba He Zumba Ha.mp3');
insert into tags ("album","composer","genre","title","artist","disc","track","filepath") values ('ZIN CD 31','Zumba Fitness','Latin','Zumba He Zumba Ha','Zumba Fitness','1/1','08/09','/media/pi/ZUKE/MUSIC/CDs/CD 31/08 - Zumba He Zumba Ha.mp3');
insert into mp3s ("filepath") values ('/media/pi/ZUKE/MUSIC/CDs/CD 31/08 - Zumba He Zumba Ha.mp3');
insert into streams ("index","codec_name","codec_long_name","codec_type","codec_time_base","codec_tag_string","codec_tag","sample_fmt","sample_rate","channels","channel_layout","bits_per_sample","r_frame_rate","avg_frame_rate","time_base","start_pts","start_time","duration_ts","duration","bit_rate","filepath") values ('0','mp3','MP3 (MPEG audio layer 3)','audio','1/44100','[0][0][0][0]','0x0000','fltp','44100','2','stereo','0','0/0','0/0','1/14112000','0','0','2895298560','205.165714','154342','/media/pi/ZUKE/MUSIC/CDs/CD 31/09 - Salsa Dura.mp3');
insert into format ("filename","nb_streams","nb_programs","format_name","format_long_name","start_time","duration","size","bit_rate","probe_score","filepath") values ('/media/pi/ZUKE/MUSIC/CDs/CD 31/09 - Salsa Dura.mp3','1','0','mp3','MP2/3 (MPEG audio layer 2/3)','0','205.165714','3958912','154369','51','/media/pi/ZUKE/MUSIC/CDs/CD 31/09 - Salsa Dura.mp3');
insert into disposition ("default","dub","original","comment","lyrics","karaoke","forced","hearing_impaired","visual_impaired","clean_effects","attached_pic","timed_thumbnails","filepath") values ('0','0','0','0','0','0','0','0','0','0','0','0','/media/pi/ZUKE/MUSIC/CDs/CD 31/09 - Salsa Dura.mp3');
insert into tags ("album","composer","genre","title","artist","disc","track","filepath") values ('ZIN CD 31','Zumba Fitness','Latin','Salsa Dura','Zumba Fitness','1/1','09/09','/media/pi/ZUKE/MUSIC/CDs/CD 31/09 - Salsa Dura.mp3');
insert into mp3s ("filepath") values ('/media/pi/ZUKE/MUSIC/CDs/CD 31/09 - Salsa Dura.mp3');
insert into streams ("index","codec_name","codec_long_name","codec_type","codec_time_base","codec_tag_string","codec_tag","sample_fmt","sample_rate","channels","channel_layout","bits_per_sample","r_frame_rate","avg_frame_rate","time_base","start_pts","start_time","duration_ts","duration","bit_rate","filepath") values ('0','mp3','MP3 (MPEG audio layer 3)','audio','1/44100','[0][0][0][0]','0x0000','fltp','44100','2','stereo','0','0/0','0/0','1/14112000','0','0','2579374080','182.778776','164555','/media/pi/ZUKE/MUSIC/CDs/CD 32/01 - Shake It Up - Reggaeton.mp3');
insert into format ("filename","nb_streams","nb_programs","format_name","format_long_name","start_time","duration","size","bit_rate","probe_score","filepath") values ('/media/pi/ZUKE/MUSIC/CDs/CD 32/01 - Shake It Up - Reggaeton.mp3','1','0','mp3','MP2/3 (MPEG audio layer 2/3)','0','182.778776','3760256','164581','51','/media/pi/ZUKE/MUSIC/CDs/CD 32/01 - Shake It Up - Reggaeton.mp3');
insert into disposition ("default","dub","original","comment","lyrics","karaoke","forced","hearing_impaired","visual_impaired","clean_effects","attached_pic","timed_thumbnails","filepath") values ('0','0','0','0','0','0','0','0','0','0','0','0','/media/pi/ZUKE/MUSIC/CDs/CD 32/01 - Shake It Up - Reggaeton.mp3');
insert into tags ("album","composer","genre","title","artist","disc","track","filepath") values ('ZIN CD 32','Zumba Fitness','Reggaeton','Shake It Up','Zumba Fitness','1/1','01/09','/media/pi/ZUKE/MUSIC/CDs/CD 32/01 - Shake It Up - Reggaeton.mp3');
insert into mp3s ("filepath") values ('/media/pi/ZUKE/MUSIC/CDs/CD 32/01 - Shake It Up - Reggaeton.mp3');
insert into streams ("index","codec_name","codec_long_name","codec_type","codec_time_base","codec_tag_string","codec_tag","sample_fmt","sample_rate","channels","channel_layout","bits_per_sample","r_frame_rate","avg_frame_rate","time_base","start_pts","start_time","duration_ts","duration","bit_rate","filepath") values ('0','mp3','MP3 (MPEG audio layer 3)','audio','1/44100','[0][0][0][0]','0x0000','fltp','44100','2','stereo','0','0/0','0/0','1/14112000','0','0','3665387520','259.735510','153247','/media/pi/ZUKE/MUSIC/CDs/CD 32/02 - Traigo Fuego - Merengue.mp3');
insert into format ("filename","nb_streams","nb_programs","format_name","format_long_name","start_time","duration","size","bit_rate","probe_score","filepath") values ('/media/pi/ZUKE/MUSIC/CDs/CD 32/02 - Traigo Fuego - Merengue.mp3','1','0','mp3','MP2/3 (MPEG audio layer 2/3)','0','259.735510','4976768','153287','51','/media/pi/ZUKE/MUSIC/CDs/CD 32/02 - Traigo Fuego - Merengue.mp3');
insert into disposition ("default","dub","original","comment","lyrics","karaoke","forced","hearing_impaired","visual_impaired","clean_effects","attached_pic","timed_thumbnails","filepath") values ('0','0','0','0','0','0','0','0','0','0','0','0','/media/pi/ZUKE/MUSIC/CDs/CD 32/02 - Traigo Fuego - Merengue.mp3');
insert into tags ("album","composer","genre","title","artist","disc","track","filepath") values ('ZIN CD 32','Zumba Fitness','Merengue','Traigo Fuego','Zumba Fitness','1/1','02/09','/media/pi/ZUKE/MUSIC/CDs/CD 32/02 - Traigo Fuego - Merengue.mp3');
insert into mp3s ("filepath") values ('/media/pi/ZUKE/MUSIC/CDs/CD 32/02 - Traigo Fuego - Merengue.mp3');
insert into streams ("index","codec_name","codec_long_name","codec_type","codec_time_base","codec_tag_string","codec_tag","sample_fmt","sample_rate","channels","channel_layout","bits_per_sample","r_frame_rate","avg_frame_rate","time_base","start_pts","start_time","duration_ts","duration","bit_rate","filepath") values ('0','mp3','MP3 (MPEG audio layer 3)','audio','1/44100','[0][0][0][0]','0x0000','fltp','44100','2','stereo','0','0/0','0/0','1/14112000','0','0','3626311680','256.966531','155482','/media/pi/ZUKE/MUSIC/CDs/CD 32/03 - Rosa - Cumbia.mp3');
insert into format ("filename","nb_streams","nb_programs","format_name","format_long_name","start_time","duration","size","bit_rate","probe_score","filepath") values ('/media/pi/ZUKE/MUSIC/CDs/CD 32/03 - Rosa - Cumbia.mp3','1','0','mp3','MP2/3 (MPEG audio layer 2/3)','0','256.966531','4995200','155512','51','/media/pi/ZUKE/MUSIC/CDs/CD 32/03 - Rosa - Cumbia.mp3');
insert into disposition ("default","dub","original","comment","lyrics","karaoke","forced","hearing_impaired","visual_impaired","clean_effects","attached_pic","timed_thumbnails","filepath") values ('0','0','0','0','0','0','0','0','0','0','0','0','/media/pi/ZUKE/MUSIC/CDs/CD 32/03 - Rosa - Cumbia.mp3');
insert into tags ("album","composer","genre","title","artist","disc","track","filepath") values ('ZIN CD 32','Zumba Fitness','Cumbia','Rosa','Zumba Fitness','1/1','03/09','/media/pi/ZUKE/MUSIC/CDs/CD 32/03 - Rosa - Cumbia.mp3');
insert into mp3s ("filepath") values ('/media/pi/ZUKE/MUSIC/CDs/CD 32/03 - Rosa - Cumbia.mp3');
insert into streams ("index","codec_name","codec_long_name","codec_type","codec_time_base","codec_tag_string","codec_tag","sample_fmt","sample_rate","channels","channel_layout","bits_per_sample","r_frame_rate","avg_frame_rate","time_base","start_pts","start_time","duration_ts","duration","bit_rate","filepath") values ('0','mp3','MP3 (MPEG audio layer 3)','audio','1/44100','[0][0][0][0]','0x0000','fltp','44100','2','stereo','0','0/0','0/0','1/14112000','0','0','2681118720','189.988571','158982','/media/pi/ZUKE/MUSIC/CDs/CD 32/04 - Para No Verte Mas - Samba - Pop.mp3');
insert into format ("filename","nb_streams","nb_programs","format_name","format_long_name","start_time","duration","size","bit_rate","probe_score","filepath") values ('/media/pi/ZUKE/MUSIC/CDs/CD 32/04 - Para No Verte Mas - Samba - Pop.mp3','1','0','mp3','MP2/3 (MPEG audio layer 2/3)','0','189.988571','3776640','159025','51','/media/pi/ZUKE/MUSIC/CDs/CD 32/04 - Para No Verte Mas - Samba - Pop.mp3');
insert into disposition ("default","dub","original","comment","lyrics","karaoke","forced","hearing_impaired","visual_impaired","clean_effects","attached_pic","timed_thumbnails","filepath") values ('0','0','0','0','0','0','0','0','0','0','0','0','/media/pi/ZUKE/MUSIC/CDs/CD 32/04 - Para No Verte Mas - Samba - Pop.mp3');
insert into tags ("album","composer","genre","title","artist","disc","track","filepath") values ('ZIN CD 32','Zumba Fitness','Samba,Pop','Para No Verte Mas','Zumba Fitness','1/1','04/09','/media/pi/ZUKE/MUSIC/CDs/CD 32/04 - Para No Verte Mas - Samba - Pop.mp3');
insert into mp3s ("filepath") values ('/media/pi/ZUKE/MUSIC/CDs/CD 32/04 - Para No Verte Mas - Samba - Pop.mp3');
insert into streams ("index","codec_name","codec_long_name","codec_type","codec_time_base","codec_tag_string","codec_tag","sample_fmt","sample_rate","channels","channel_layout","bits_per_sample","r_frame_rate","avg_frame_rate","time_base","start_pts","start_time","duration_ts","duration","bit_rate","filepath") values ('0','mp3','MP3 (MPEG audio layer 3)','audio','1/44100','[0][0][0][0]','0x0000','fltp','44100','2','stereo','0','0/0','0/0','1/14112000','0','0','5778063360','409.443265','165351','/media/pi/ZUKE/MUSIC/CDs/CD 32/05 - La Perla - Swing - Salsa - Reggaeton.mp3');
insert into format ("filename","nb_streams","nb_programs","format_name","format_long_name","start_time","duration","size","bit_rate","probe_score","filepath") values ('/media/pi/ZUKE/MUSIC/CDs/CD 32/05 - La Perla - Swing - Salsa - Reggaeton.mp3','1','0','mp3','MP2/3 (MPEG audio layer 2/3)','0','409.443265','8464512','165385','51','/media/pi/ZUKE/MUSIC/CDs/CD 32/05 - La Perla - Swing - Salsa - Reggaeton.mp3');
insert into disposition ("default","dub","original","comment","lyrics","karaoke","forced","hearing_impaired","visual_impaired","clean_effects","attached_pic","timed_thumbnails","filepath") values ('0','0','0','0','0','0','0','0','0','0','0','0','/media/pi/ZUKE/MUSIC/CDs/CD 32/05 - La Perla - Swing - Salsa - Reggaeton.mp3');
insert into tags ("album","composer","genre","title","artist","disc","track","filepath") values ('ZIN CD 32','Zumba Fitness','Swing,Salsa,Reggaeton','La Perla','Zumba Fitness','1/1','05/09','/media/pi/ZUKE/MUSIC/CDs/CD 32/05 - La Perla - Swing - Salsa - Reggaeton.mp3');
insert into mp3s ("filepath") values ('/media/pi/ZUKE/MUSIC/CDs/CD 32/05 - La Perla - Swing - Salsa - Reggaeton.mp3');
insert into streams ("index","codec_name","codec_long_name","codec_type","codec_time_base","codec_tag_string","codec_tag","sample_fmt","sample_rate","channels","channel_layout","bits_per_sample","r_frame_rate","avg_frame_rate","time_base","start_pts","start_time","duration_ts","duration","bit_rate","filepath") values ('0','mp3','MP3 (MPEG audio layer 3)','audio','1/44100','[0][0][0][0]','0x0000','fltp','44100','2','stereo','0','0/0','0/0','1/14112000','0','0','2367774720','167.784490','159214','/media/pi/ZUKE/MUSIC/CDs/CD 32/06 - Uno Sabe Bien - Latin Pop - Rock.mp3');
insert into format ("filename","nb_streams","nb_programs","format_name","format_long_name","start_time","duration","size","bit_rate","probe_score","filepath") values ('/media/pi/ZUKE/MUSIC/CDs/CD 32/06 - Uno Sabe Bien - Latin Pop - Rock.mp3','1','0','mp3','MP2/3 (MPEG audio layer 2/3)','0','167.784490','3340416','159271','51','/media/pi/ZUKE/MUSIC/CDs/CD 32/06 - Uno Sabe Bien - Latin Pop - Rock.mp3');
insert into disposition ("default","dub","original","comment","lyrics","karaoke","forced","hearing_impaired","visual_impaired","clean_effects","attached_pic","timed_thumbnails","filepath") values ('0','0','0','0','0','0','0','0','0','0','0','0','/media/pi/ZUKE/MUSIC/CDs/CD 32/06 - Uno Sabe Bien - Latin Pop - Rock.mp3');
insert into tags ("album","composer","genre","title","artist","disc","track","filepath") values ('ZIN CD 32','Zumba Fitness','Latin Pop,Rock','Uno Sabe Bien','Zumba Fitness','1/1','06/09','/media/pi/ZUKE/MUSIC/CDs/CD 32/06 - Uno Sabe Bien - Latin Pop - Rock.mp3');
insert into mp3s ("filepath") values ('/media/pi/ZUKE/MUSIC/CDs/CD 32/06 - Uno Sabe Bien - Latin Pop - Rock.mp3');
insert into streams ("index","codec_name","codec_long_name","codec_type","codec_time_base","codec_tag_string","codec_tag","sample_fmt","sample_rate","channels","channel_layout","bits_per_sample","r_frame_rate","avg_frame_rate","time_base","start_pts","start_time","duration_ts","duration","bit_rate","filepath") values ('0','mp3','MP3 (MPEG audio layer 3)','audio','1/44100','[0][0][0][0]','0x0000','fltp','44100','2','stereo','0','0/0','0/0','1/14112000','0','0','2172026880','153.913469','158226','/media/pi/ZUKE/MUSIC/CDs/CD 32/07 - Las Juanas - Salsa.mp3');
insert into format ("filename","nb_streams","nb_programs","format_name","format_long_name","start_time","duration","size","bit_rate","probe_score","filepath") values ('/media/pi/ZUKE/MUSIC/CDs/CD 32/07 - Las Juanas - Salsa.mp3','1','0','mp3','MP2/3 (MPEG audio layer 2/3)','0','153.913469','3045504','158296','51','/media/pi/ZUKE/MUSIC/CDs/CD 32/07 - Las Juanas - Salsa.mp3');
insert into disposition ("default","dub","original","comment","lyrics","karaoke","forced","hearing_impaired","visual_impaired","clean_effects","attached_pic","timed_thumbnails","filepath") values ('0','0','0','0','0','0','0','0','0','0','0','0','/media/pi/ZUKE/MUSIC/CDs/CD 32/07 - Las Juanas - Salsa.mp3');
insert into tags ("album","composer","genre","title","artist","disc","track","filepath") values ('ZIN CD 32','Zumba Fitness','Salsa','Las Juanas','Zumba Fitness','1/1','07/09','/media/pi/ZUKE/MUSIC/CDs/CD 32/07 - Las Juanas - Salsa.mp3');
insert into mp3s ("filepath") values ('/media/pi/ZUKE/MUSIC/CDs/CD 32/07 - Las Juanas - Salsa.mp3');
insert into streams ("index","codec_name","codec_long_name","codec_type","codec_time_base","codec_tag_string","codec_tag","sample_fmt","sample_rate","channels","channel_layout","bits_per_sample","r_frame_rate","avg_frame_rate","time_base","start_pts","start_time","duration_ts","duration","bit_rate","filepath") values ('0','mp3','MP3 (MPEG audio layer 3)','audio','1/44100','[0][0][0][0]','0x0000','fltp','44100','2','stereo','0','0/0','0/0','1/14112000','0','0','3210485760','227.500408','154237','/media/pi/ZUKE/MUSIC/CDs/CD 32/08 - Rumba - Salsa - Reggaeton.mp3');
insert into format ("filename","nb_streams","nb_programs","format_name","format_long_name","start_time","duration","size","bit_rate","probe_score","filepath") values ('/media/pi/ZUKE/MUSIC/CDs/CD 32/08 - Rumba - Salsa - Reggaeton.mp3','1','0','mp3','MP2/3 (MPEG audio layer 2/3)','0','227.500408','4386944','154265','51','/media/pi/ZUKE/MUSIC/CDs/CD 32/08 - Rumba - Salsa - Reggaeton.mp3');
insert into disposition ("default","dub","original","comment","lyrics","karaoke","forced","hearing_impaired","visual_impaired","clean_effects","attached_pic","timed_thumbnails","filepath") values ('0','0','0','0','0','0','0','0','0','0','0','0','/media/pi/ZUKE/MUSIC/CDs/CD 32/08 - Rumba - Salsa - Reggaeton.mp3');
insert into tags ("album","composer","genre","title","artist","disc","track","filepath") values ('ZIN CD 32','Zumba Fitness','Salsa,Reggaeton','Rumba','Zumba Fitness','1/1','08/09','/media/pi/ZUKE/MUSIC/CDs/CD 32/08 - Rumba - Salsa - Reggaeton.mp3');
insert into mp3s ("filepath") values ('/media/pi/ZUKE/MUSIC/CDs/CD 32/08 - Rumba - Salsa - Reggaeton.mp3');
insert into streams ("index","codec_name","codec_long_name","codec_type","codec_time_base","codec_tag_string","codec_tag","sample_fmt","sample_rate","channels","channel_layout","bits_per_sample","r_frame_rate","avg_frame_rate","time_base","start_pts","start_time","duration_ts","duration","bit_rate","filepath") values ('0','mp3','MP3 (MPEG audio layer 3)','audio','1/44100','[0][0][0][0]','0x0000','fltp','44100','2','stereo','0','0/0','0/0','1/14112000','0','0','2933268480','207.856327','146255','/media/pi/ZUKE/MUSIC/CDs/CD 32/09 - Zumba Samba - Dance - Brazilian.mp3');
insert into format ("filename","nb_streams","nb_programs","format_name","format_long_name","start_time","duration","size","bit_rate","probe_score","filepath") values ('/media/pi/ZUKE/MUSIC/CDs/CD 32/09 - Zumba Samba - Dance - Brazilian.mp3','1','0','mp3','MP2/3 (MPEG audio layer 2/3)','0','207.856327','3801216','146301','51','/media/pi/ZUKE/MUSIC/CDs/CD 32/09 - Zumba Samba - Dance - Brazilian.mp3');
insert into disposition ("default","dub","original","comment","lyrics","karaoke","forced","hearing_impaired","visual_impaired","clean_effects","attached_pic","timed_thumbnails","filepath") values ('0','0','0','0','0','0','0','0','0','0','0','0','/media/pi/ZUKE/MUSIC/CDs/CD 32/09 - Zumba Samba - Dance - Brazilian.mp3');
insert into tags ("album","composer","genre","title","artist","disc","track","filepath") values ('ZIN CD 32','Zumba Fitness','Brazilian','Zumba Samba','Zumba Fitness','1/1','09/09','/media/pi/ZUKE/MUSIC/CDs/CD 32/09 - Zumba Samba - Dance - Brazilian.mp3');
insert into mp3s ("filepath") values ('/media/pi/ZUKE/MUSIC/CDs/CD 32/09 - Zumba Samba - Dance - Brazilian.mp3');
insert into streams ("index","codec_name","codec_long_name","codec_type","codec_time_base","codec_tag_string","codec_tag","sample_fmt","sample_rate","channels","channel_layout","bits_per_sample","r_frame_rate","avg_frame_rate","time_base","start_pts","start_time","duration_ts","duration","bit_rate","filepath") values ('0','mp3','MP3 (MPEG audio layer 3)','audio','1/44100','[0][0][0][0]','0x0000','fltp','44100','2','stereo','0','0/0','0/0','1/14112000','0','0','3435356160','243.435102','157312','/media/pi/ZUKE/MUSIC/CDs/CD 33/01 - Un Mes - Reggaeton.mp3');
insert into format ("filename","nb_streams","nb_programs","format_name","format_long_name","start_time","duration","size","bit_rate","probe_score","filepath") values ('/media/pi/ZUKE/MUSIC/CDs/CD 33/01 - Un Mes - Reggaeton.mp3','1','0','mp3','MP2/3 (MPEG audio layer 2/3)','0','243.435102','4788352','157359','51','/media/pi/ZUKE/MUSIC/CDs/CD 33/01 - Un Mes - Reggaeton.mp3');
insert into disposition ("default","dub","original","comment","lyrics","karaoke","forced","hearing_impaired","visual_impaired","clean_effects","attached_pic","timed_thumbnails","filepath") values ('0','0','0','0','0','0','0','0','0','0','0','0','/media/pi/ZUKE/MUSIC/CDs/CD 33/01 - Un Mes - Reggaeton.mp3');
insert into tags ("album","composer","genre","title","artist","disc","track","filepath") values ('ZIN CD 33','Zumba Fitness','Reggaeton','Un Mes','Zumba Fitness','1/1','01/09','/media/pi/ZUKE/MUSIC/CDs/CD 33/01 - Un Mes - Reggaeton.mp3');
insert into mp3s ("filepath") values ('/media/pi/ZUKE/MUSIC/CDs/CD 33/01 - Un Mes - Reggaeton.mp3');
insert into streams ("index","codec_name","codec_long_name","codec_type","codec_time_base","codec_tag_string","codec_tag","sample_fmt","sample_rate","channels","channel_layout","bits_per_sample","r_frame_rate","avg_frame_rate","time_base","start_pts","start_time","duration_ts","duration","bit_rate","filepath") values ('0','mp3','MP3 (MPEG audio layer 3)','audio','1/44100','[0][0][0][0]','0x0000','fltp','44100','2','stereo','0','0/0','0/0','1/14112000','0','0','3961405440','280.711837','183682','/media/pi/ZUKE/MUSIC/CDs/CD 33/02 - Ana Pa'' Mi Tambor - Salsa.mp3');
insert into format ("filename","nb_streams","nb_programs","format_name","format_long_name","start_time","duration","size","bit_rate","probe_score","filepath") values ('/media/pi/ZUKE/MUSIC/CDs/CD 33/02 - Ana Pa'' Mi Tambor - Salsa.mp3','1','0','mp3','MP2/3 (MPEG audio layer 2/3)','0','280.711837','6447232','183739','51','/media/pi/ZUKE/MUSIC/CDs/CD 33/02 - Ana Pa'' Mi Tambor - Salsa.mp3');
insert into disposition ("default","dub","original","comment","lyrics","karaoke","forced","hearing_impaired","visual_impaired","clean_effects","attached_pic","timed_thumbnails","filepath") values ('0','0','0','0','0','0','0','0','0','0','0','0','/media/pi/ZUKE/MUSIC/CDs/CD 33/02 - Ana Pa'' Mi Tambor - Salsa.mp3');
insert into tags ("album","composer","genre","title","artist","disc","track","filepath") values ('ZIN CD 33','Zumba Fitness','Salsa','Ana Pa'' Mi Tambor','Zumba Fitness','1/1','02/09','/media/pi/ZUKE/MUSIC/CDs/CD 33/02 - Ana Pa'' Mi Tambor - Salsa.mp3');
insert into mp3s ("filepath") values ('/media/pi/ZUKE/MUSIC/CDs/CD 33/02 - Ana Pa'' Mi Tambor - Salsa.mp3');
insert into streams ("index","codec_name","codec_long_name","codec_type","codec_time_base","codec_tag_string","codec_tag","sample_fmt","sample_rate","channels","channel_layout","bits_per_sample","r_frame_rate","avg_frame_rate","time_base","start_pts","start_time","duration_ts","duration","bit_rate","filepath") values ('0','mp3','MP3 (MPEG audio layer 3)','audio','1/44100','[0][0][0][0]','0x0000','fltp','44100','2','stereo','0','0/0','0/0','1/14112000','0','0','2879078400','204.016327','153095','/media/pi/ZUKE/MUSIC/CDs/CD 33/03 - Yerbatero - Cumbia Rock.mp3');
insert into format ("filename","nb_streams","nb_programs","format_name","format_long_name","start_time","duration","size","bit_rate","probe_score","filepath") values ('/media/pi/ZUKE/MUSIC/CDs/CD 33/03 - Yerbatero - Cumbia Rock.mp3','1','0','mp3','MP2/3 (MPEG audio layer 2/3)','0','204.016327','3905664','153151','51','/media/pi/ZUKE/MUSIC/CDs/CD 33/03 - Yerbatero - Cumbia Rock.mp3');
insert into disposition ("default","dub","original","comment","lyrics","karaoke","forced","hearing_impaired","visual_impaired","clean_effects","attached_pic","timed_thumbnails","filepath") values ('0','0','0','0','0','0','0','0','0','0','0','0','/media/pi/ZUKE/MUSIC/CDs/CD 33/03 - Yerbatero - Cumbia Rock.mp3');
insert into tags ("album","composer","genre","title","artist","disc","track","filepath") values ('ZIN CD 33','Zumba Fitness','Cumbia Rock','Yerbatero','Zumba Fitness','1/1','03/09','/media/pi/ZUKE/MUSIC/CDs/CD 33/03 - Yerbatero - Cumbia Rock.mp3');
insert into mp3s ("filepath") values ('/media/pi/ZUKE/MUSIC/CDs/CD 33/03 - Yerbatero - Cumbia Rock.mp3');
insert into streams ("index","codec_name","codec_long_name","codec_type","codec_time_base","codec_tag_string","codec_tag","sample_fmt","sample_rate","channels","channel_layout","bits_per_sample","r_frame_rate","avg_frame_rate","time_base","start_pts","start_time","duration_ts","duration","bit_rate","filepath") values ('0','mp3','MP3 (MPEG audio layer 3)','audio','1/44100','[0][0][0][0]','0x0000','fltp','44100','2','stereo','0','0/0','0/0','1/14112000','0','0','3023953920','214.282449','170823','/media/pi/ZUKE/MUSIC/CDs/CD 33/04 - Yassou Ellada - Greek - Belly Dance - Batucada.mp3');
insert into format ("filename","nb_streams","nb_programs","format_name","format_long_name","start_time","duration","size","bit_rate","probe_score","filepath") values ('/media/pi/ZUKE/MUSIC/CDs/CD 33/04 - Yassou Ellada - Greek - Belly Dance - Batucada.mp3','1','0','mp3','MP2/3 (MPEG audio layer 2/3)','0','214.282449','4577408','170892','51','/media/pi/ZUKE/MUSIC/CDs/CD 33/04 - Yassou Ellada - Greek - Belly Dance - Batucada.mp3');
insert into disposition ("default","dub","original","comment","lyrics","karaoke","forced","hearing_impaired","visual_impaired","clean_effects","attached_pic","timed_thumbnails","filepath") values ('0','0','0','0','0','0','0','0','0','0','0','0','/media/pi/ZUKE/MUSIC/CDs/CD 33/04 - Yassou Ellada - Greek - Belly Dance - Batucada.mp3');
insert into tags ("album","composer","genre","title","artist","disc","track","filepath") values ('ZIN CD 33','Zumba Fitness','Greek,Belly Dance,Batucada','Yassou Ellada','Zumba Fitness','1/1','04/09','/media/pi/ZUKE/MUSIC/CDs/CD 33/04 - Yassou Ellada - Greek - Belly Dance - Batucada.mp3');
insert into mp3s ("filepath") values ('/media/pi/ZUKE/MUSIC/CDs/CD 33/04 - Yassou Ellada - Greek - Belly Dance - Batucada.mp3');
insert into streams ("index","codec_name","codec_long_name","codec_type","codec_time_base","codec_tag_string","codec_tag","sample_fmt","sample_rate","channels","channel_layout","bits_per_sample","r_frame_rate","avg_frame_rate","time_base","start_pts","start_time","duration_ts","duration","bit_rate","filepath") values ('0','mp3','MP3 (MPEG audio layer 3)','audio','1/44100','[0][0][0][0]','0x0000','fltp','44100','2','stereo','0','0/0','0/0','1/14112000','0','0','2980823040','211.226122','165947','/media/pi/ZUKE/MUSIC/CDs/CD 33/05 - La Gota Fria - Cumbia.mp3');
insert into format ("filename","nb_streams","nb_programs","format_name","format_long_name","start_time","duration","size","bit_rate","probe_score","filepath") values ('/media/pi/ZUKE/MUSIC/CDs/CD 33/05 - La Gota Fria - Cumbia.mp3','1','0','mp3','MP2/3 (MPEG audio layer 2/3)','0','211.226122','4382848','165996','51','/media/pi/ZUKE/MUSIC/CDs/CD 33/05 - La Gota Fria - Cumbia.mp3');
insert into disposition ("default","dub","original","comment","lyrics","karaoke","forced","hearing_impaired","visual_impaired","clean_effects","attached_pic","timed_thumbnails","filepath") values ('0','0','0','0','0','0','0','0','0','0','0','0','/media/pi/ZUKE/MUSIC/CDs/CD 33/05 - La Gota Fria - Cumbia.mp3');
insert into tags ("album","composer","genre","title","artist","disc","track","filepath") values ('ZIN CD 33','Zumba Fitness','Cumbia','La Gota Fria','Zumba Fitness','1/1','05/09','/media/pi/ZUKE/MUSIC/CDs/CD 33/05 - La Gota Fria - Cumbia.mp3');
insert into mp3s ("filepath") values ('/media/pi/ZUKE/MUSIC/CDs/CD 33/05 - La Gota Fria - Cumbia.mp3');
insert into streams ("index","codec_name","codec_long_name","codec_type","codec_time_base","codec_tag_string","codec_tag","sample_fmt","sample_rate","channels","channel_layout","bits_per_sample","r_frame_rate","avg_frame_rate","time_base","start_pts","start_time","duration_ts","duration","bit_rate","filepath") values ('0','mp3','MP3 (MPEG audio layer 3)','audio','1/44100','[0][0][0][0]','0x0000','fltp','44100','2','stereo','0','0/0','0/0','1/14112000','0','0','2929213440','207.568980','156516','/media/pi/ZUKE/MUSIC/CDs/CD 33/06 - En Sus Marcas, Listos, Fuera - Reggaeton.mp3');
insert into format ("filename","nb_streams","nb_programs","format_name","format_long_name","start_time","duration","size","bit_rate","probe_score","filepath") values ('/media/pi/ZUKE/MUSIC/CDs/CD 33/06 - En Sus Marcas, Listos, Fuera - Reggaeton.mp3','1','0','mp3','MP2/3 (MPEG audio layer 2/3)','0','207.568980','4061312','156528','51','/media/pi/ZUKE/MUSIC/CDs/CD 33/06 - En Sus Marcas, Listos, Fuera - Reggaeton.mp3');
insert into disposition ("default","dub","original","comment","lyrics","karaoke","forced","hearing_impaired","visual_impaired","clean_effects","attached_pic","timed_thumbnails","filepath") values ('0','0','0','0','0','0','0','0','0','0','0','0','/media/pi/ZUKE/MUSIC/CDs/CD 33/06 - En Sus Marcas, Listos, Fuera - Reggaeton.mp3');
insert into tags ("album","composer","genre","title","artist","disc","track","filepath") values ('ZIN CD 33','Zumba Fitness','Reggaeton','En Sus Marcas, Listos, Fuera','Zumba Fitness','1/1','06/09','/media/pi/ZUKE/MUSIC/CDs/CD 33/06 - En Sus Marcas, Listos, Fuera - Reggaeton.mp3');
insert into mp3s ("filepath") values ('/media/pi/ZUKE/MUSIC/CDs/CD 33/06 - En Sus Marcas, Listos, Fuera - Reggaeton.mp3');
insert into streams ("index","codec_name","codec_long_name","codec_type","codec_time_base","codec_tag_string","codec_tag","sample_fmt","sample_rate","channels","channel_layout","bits_per_sample","r_frame_rate","avg_frame_rate","time_base","start_pts","start_time","duration_ts","duration","bit_rate","filepath") values ('0','mp3','MP3 (MPEG audio layer 3)','audio','1/44100','[0][0][0][0]','0x0000','fltp','44100','2','stereo','0','0/0','0/0','1/14112000','0','0','2978979840','211.095510','166291','/media/pi/ZUKE/MUSIC/CDs/CD 33/07 - Pagaras - Cumbia.mp3');
insert into format ("filename","nb_streams","nb_programs","format_name","format_long_name","start_time","duration","size","bit_rate","probe_score","filepath") values ('/media/pi/ZUKE/MUSIC/CDs/CD 33/07 - Pagaras - Cumbia.mp3','1','0','mp3','MP2/3 (MPEG audio layer 2/3)','0','211.095510','4388992','166331','51','/media/pi/ZUKE/MUSIC/CDs/CD 33/07 - Pagaras - Cumbia.mp3');
insert into disposition ("default","dub","original","comment","lyrics","karaoke","forced","hearing_impaired","visual_impaired","clean_effects","attached_pic","timed_thumbnails","filepath") values ('0','0','0','0','0','0','0','0','0','0','0','0','/media/pi/ZUKE/MUSIC/CDs/CD 33/07 - Pagaras - Cumbia.mp3');
insert into tags ("album","composer","genre","title","artist","disc","track","filepath") values ('ZIN CD 33','Zumba Fitness','Cumbia','Pagaras','Zumba Fitness','1/1','07/09','/media/pi/ZUKE/MUSIC/CDs/CD 33/07 - Pagaras - Cumbia.mp3');
insert into mp3s ("filepath") values ('/media/pi/ZUKE/MUSIC/CDs/CD 33/07 - Pagaras - Cumbia.mp3');
insert into streams ("index","codec_name","codec_long_name","codec_type","codec_time_base","codec_tag_string","codec_tag","sample_fmt","sample_rate","channels","channel_layout","bits_per_sample","r_frame_rate","avg_frame_rate","time_base","start_pts","start_time","duration_ts","duration","bit_rate","filepath") values ('0','mp3','MP3 (MPEG audio layer 3)','audio','1/44100','[0][0][0][0]','0x0000','fltp','44100','2','stereo','0','0/0','0/0','1/14112000','0','0','3920117760','277.786122','168603','/media/pi/ZUKE/MUSIC/CDs/CD 33/08 - Hindu Cumen - Hindi - Cha-cha-cha.mp3');
insert into format ("filename","nb_streams","nb_programs","format_name","format_long_name","start_time","duration","size","bit_rate","probe_score","filepath") values ('/media/pi/ZUKE/MUSIC/CDs/CD 33/08 - Hindu Cumen - Hindi - Cha-cha-cha.mp3','1','0','mp3','MP2/3 (MPEG audio layer 2/3)','0','277.786122','5855360','168629','51','/media/pi/ZUKE/MUSIC/CDs/CD 33/08 - Hindu Cumen - Hindi - Cha-cha-cha.mp3');
insert into disposition ("default","dub","original","comment","lyrics","karaoke","forced","hearing_impaired","visual_impaired","clean_effects","attached_pic","timed_thumbnails","filepath") values ('0','0','0','0','0','0','0','0','0','0','0','0','/media/pi/ZUKE/MUSIC/CDs/CD 33/08 - Hindu Cumen - Hindi - Cha-cha-cha.mp3');
insert into tags ("album","composer","genre","title","artist","disc","track","filepath") values ('ZIN CD 33','Zumba Fitness','Hindi,Cha-Cha-Cha','Hindu Cumen','Zumba Fitness','1/1','08/09','/media/pi/ZUKE/MUSIC/CDs/CD 33/08 - Hindu Cumen - Hindi - Cha-cha-cha.mp3');
insert into mp3s ("filepath") values ('/media/pi/ZUKE/MUSIC/CDs/CD 33/08 - Hindu Cumen - Hindi - Cha-cha-cha.mp3');
insert into streams ("index","codec_name","codec_long_name","codec_type","codec_time_base","codec_tag_string","codec_tag","sample_fmt","sample_rate","channels","channel_layout","bits_per_sample","r_frame_rate","avg_frame_rate","time_base","start_pts","start_time","duration_ts","duration","bit_rate","filepath") values ('0','mp3','MP3 (MPEG audio layer 3)','audio','1/44100','[0][0][0][0]','0x0000','fltp','44100','2','stereo','0','0/0','0/0','1/14112000','0','0','2867650560','203.206531','164184','/media/pi/ZUKE/MUSIC/CDs/CD 33/09 - Stand By Me - Bachata.mp3');
insert into format ("filename","nb_streams","nb_programs","format_name","format_long_name","start_time","duration","size","bit_rate","probe_score","filepath") values ('/media/pi/ZUKE/MUSIC/CDs/CD 33/09 - Stand By Me - Bachata.mp3','1','0','mp3','MP2/3 (MPEG audio layer 2/3)','0','203.206531','4171904','164242','51','/media/pi/ZUKE/MUSIC/CDs/CD 33/09 - Stand By Me - Bachata.mp3');
insert into disposition ("default","dub","original","comment","lyrics","karaoke","forced","hearing_impaired","visual_impaired","clean_effects","attached_pic","timed_thumbnails","filepath") values ('0','0','0','0','0','0','0','0','0','0','0','0','/media/pi/ZUKE/MUSIC/CDs/CD 33/09 - Stand By Me - Bachata.mp3');
insert into tags ("album","composer","genre","title","artist","disc","track","filepath") values ('ZIN CD 33','Zumba Fitness','Bachata','Stand By Me','Zumba Fitness','1/1','09/09','/media/pi/ZUKE/MUSIC/CDs/CD 33/09 - Stand By Me - Bachata.mp3');
insert into mp3s ("filepath") values ('/media/pi/ZUKE/MUSIC/CDs/CD 33/09 - Stand By Me - Bachata.mp3');
insert into streams ("index","codec_name","codec_long_name","codec_type","codec_time_base","codec_tag_string","codec_tag","sample_fmt","sample_rate","channels","channel_layout","bits_per_sample","r_frame_rate","avg_frame_rate","time_base","start_pts","start_time","duration_ts","duration","bit_rate","filepath") values ('0','mp3','MP3 (MPEG audio layer 3)','audio','1/44100','[0][0][0][0]','0x0000','fltp','44100','2','stereo','0','0/0','0/0','1/14112000','0','0','3730268160','264.333061','162254','/media/pi/ZUKE/MUSIC/CDs/CD 34/01 - El Amor, El Amor - Merengue - Reggaeton.mp3');
insert into format ("filename","nb_streams","nb_programs","format_name","format_long_name","start_time","duration","size","bit_rate","probe_score","filepath") values ('/media/pi/ZUKE/MUSIC/CDs/CD 34/01 - El Amor, El Amor - Merengue - Reggaeton.mp3','1','0','mp3','MP2/3 (MPEG audio layer 2/3)','0','264.333061','5361792','162273','51','/media/pi/ZUKE/MUSIC/CDs/CD 34/01 - El Amor, El Amor - Merengue - Reggaeton.mp3');
insert into disposition ("default","dub","original","comment","lyrics","karaoke","forced","hearing_impaired","visual_impaired","clean_effects","attached_pic","timed_thumbnails","filepath") values ('0','0','0','0','0','0','0','0','0','0','0','0','/media/pi/ZUKE/MUSIC/CDs/CD 34/01 - El Amor, El Amor - Merengue - Reggaeton.mp3');
insert into tags ("album","composer","genre","title","artist","disc","track","filepath") values ('ZIN CD 34','Zumba Fitness','Merengue,Reggaeton','El Amor, El Amor','Zumba Fitness','1/1','01/09','/media/pi/ZUKE/MUSIC/CDs/CD 34/01 - El Amor, El Amor - Merengue - Reggaeton.mp3');
insert into mp3s ("filepath") values ('/media/pi/ZUKE/MUSIC/CDs/CD 34/01 - El Amor, El Amor - Merengue - Reggaeton.mp3');
insert into streams ("index","codec_name","codec_long_name","codec_type","codec_time_base","codec_tag_string","codec_tag","sample_fmt","sample_rate","channels","channel_layout","bits_per_sample","r_frame_rate","avg_frame_rate","time_base","start_pts","start_time","duration_ts","duration","bit_rate","filepath") values ('0','mp3','MP3 (MPEG audio layer 3)','audio','1/44100','[0][0][0][0]','0x0000','fltp','44100','2','stereo','0','0/0','0/0','1/14112000','0','0','3795886080','268.982857','173884','/media/pi/ZUKE/MUSIC/CDs/CD 34/02 - Cali Aji - Salsa.mp3');
insert into format ("filename","nb_streams","nb_programs","format_name","format_long_name","start_time","duration","size","bit_rate","probe_score","filepath") values ('/media/pi/ZUKE/MUSIC/CDs/CD 34/02 - Cali Aji - Salsa.mp3','1','0','mp3','MP2/3 (MPEG audio layer 2/3)','0','268.982857','5847168','173904','51','/media/pi/ZUKE/MUSIC/CDs/CD 34/02 - Cali Aji - Salsa.mp3');
insert into disposition ("default","dub","original","comment","lyrics","karaoke","forced","hearing_impaired","visual_impaired","clean_effects","attached_pic","timed_thumbnails","filepath") values ('0','0','0','0','0','0','0','0','0','0','0','0','/media/pi/ZUKE/MUSIC/CDs/CD 34/02 - Cali Aji - Salsa.mp3');
insert into tags ("album","composer","genre","title","artist","disc","track","filepath") values ('ZIN CD 34','Zumba Fitness','Salsa','Cali Aji','Zumba Fitness','1/1','02/09','/media/pi/ZUKE/MUSIC/CDs/CD 34/02 - Cali Aji - Salsa.mp3');
insert into mp3s ("filepath") values ('/media/pi/ZUKE/MUSIC/CDs/CD 34/02 - Cali Aji - Salsa.mp3');
insert into streams ("index","codec_name","codec_long_name","codec_type","codec_time_base","codec_tag_string","codec_tag","sample_fmt","sample_rate","channels","channel_layout","bits_per_sample","r_frame_rate","avg_frame_rate","time_base","start_pts","start_time","duration_ts","duration","bit_rate","filepath") values ('0','mp3','MP3 (MPEG audio layer 3)','audio','1/44100','[0][0][0][0]','0x0000','fltp','44100','2','stereo','0','0/0','0/0','1/14112000','0','0','2636881920','186.853878','200870','/media/pi/ZUKE/MUSIC/CDs/CD 34/03 - Caliente - Reggaeton.mp3');
insert into format ("filename","nb_streams","nb_programs","format_name","format_long_name","start_time","duration","size","bit_rate","probe_score","filepath") values ('/media/pi/ZUKE/MUSIC/CDs/CD 34/03 - Caliente - Reggaeton.mp3','1','0','mp3','MP2/3 (MPEG audio layer 2/3)','0','186.853878','4692096','200888','51','/media/pi/ZUKE/MUSIC/CDs/CD 34/03 - Caliente - Reggaeton.mp3');
insert into disposition ("default","dub","original","comment","lyrics","karaoke","forced","hearing_impaired","visual_impaired","clean_effects","attached_pic","timed_thumbnails","filepath") values ('0','0','0','0','0','0','0','0','0','0','0','0','/media/pi/ZUKE/MUSIC/CDs/CD 34/03 - Caliente - Reggaeton.mp3');
insert into tags ("album","composer","genre","title","artist","disc","track","filepath") values ('ZIN CD 34','Zumba Fitness','Reggaeton','Caliente','Zumba Fitness','1/1','03/09','/media/pi/ZUKE/MUSIC/CDs/CD 34/03 - Caliente - Reggaeton.mp3');
insert into mp3s ("filepath") values ('/media/pi/ZUKE/MUSIC/CDs/CD 34/03 - Caliente - Reggaeton.mp3');
insert into streams ("index","codec_name","codec_long_name","codec_type","codec_time_base","codec_tag_string","codec_tag","sample_fmt","sample_rate","channels","channel_layout","bits_per_sample","r_frame_rate","avg_frame_rate","time_base","start_pts","start_time","duration_ts","duration","bit_rate","filepath") values ('0','mp3','MP3 (MPEG audio layer 3)','audio','1/44100','[0][0][0][0]','0x0000','fltp','44100','2','stereo','0','0/0','0/0','1/14112000','0','0','2981928960','211.304490','156984','/media/pi/ZUKE/MUSIC/CDs/CD 34/04 - Hey Pachuco - Swing.mp3');
insert into format ("filename","nb_streams","nb_programs","format_name","format_long_name","start_time","duration","size","bit_rate","probe_score","filepath") values ('/media/pi/ZUKE/MUSIC/CDs/CD 34/04 - Hey Pachuco - Swing.mp3','1','0','mp3','MP2/3 (MPEG audio layer 2/3)','0','211.304490','4147328','157018','51','/media/pi/ZUKE/MUSIC/CDs/CD 34/04 - Hey Pachuco - Swing.mp3');
insert into disposition ("default","dub","original","comment","lyrics","karaoke","forced","hearing_impaired","visual_impaired","clean_effects","attached_pic","timed_thumbnails","filepath") values ('0','0','0','0','0','0','0','0','0','0','0','0','/media/pi/ZUKE/MUSIC/CDs/CD 34/04 - Hey Pachuco - Swing.mp3');
insert into tags ("album","composer","genre","title","artist","disc","track","filepath") values ('ZIN CD 34','Zumba Fitness','Swing','Hey Pachuco','Zumba Fitness','1/1','04/09','/media/pi/ZUKE/MUSIC/CDs/CD 34/04 - Hey Pachuco - Swing.mp3');
insert into mp3s ("filepath") values ('/media/pi/ZUKE/MUSIC/CDs/CD 34/04 - Hey Pachuco - Swing.mp3');
insert into streams ("index","codec_name","codec_long_name","codec_type","codec_time_base","codec_tag_string","codec_tag","sample_fmt","sample_rate","channels","channel_layout","bits_per_sample","r_frame_rate","avg_frame_rate","time_base","start_pts","start_time","duration_ts","duration","bit_rate","filepath") values ('0','mp3','MP3 (MPEG audio layer 3)','audio','1/44100','[0][0][0][0]','0x0000','fltp','44100','2','stereo','0','0/0','0/0','1/14112000','0','0','3192791040','226.246531','143537','/media/pi/ZUKE/MUSIC/CDs/CD 34/05 - Mambo - Rumba Flamenca.mp3');
insert into format ("filename","nb_streams","nb_programs","format_name","format_long_name","start_time","duration","size","bit_rate","probe_score","filepath") values ('/media/pi/ZUKE/MUSIC/CDs/CD 34/05 - Mambo - Rumba Flamenca.mp3','1','0','mp3','MP2/3 (MPEG audio layer 2/3)','0','226.246531','4061312','143606','51','/media/pi/ZUKE/MUSIC/CDs/CD 34/05 - Mambo - Rumba Flamenca.mp3');
insert into disposition ("default","dub","original","comment","lyrics","karaoke","forced","hearing_impaired","visual_impaired","clean_effects","attached_pic","timed_thumbnails","filepath") values ('0','0','0','0','0','0','0','0','0','0','0','0','/media/pi/ZUKE/MUSIC/CDs/CD 34/05 - Mambo - Rumba Flamenca.mp3');
insert into tags ("album","composer","genre","title","artist","disc","track","filepath") values ('ZIN CD 34','Zumba Fitness','Rumba Flamenca','Mambo','Zumba Fitness','1/1','05/09','/media/pi/ZUKE/MUSIC/CDs/CD 34/05 - Mambo - Rumba Flamenca.mp3');
insert into mp3s ("filepath") values ('/media/pi/ZUKE/MUSIC/CDs/CD 34/05 - Mambo - Rumba Flamenca.mp3');
insert into streams ("index","codec_name","codec_long_name","codec_type","codec_time_base","codec_tag_string","codec_tag","sample_fmt","sample_rate","channels","channel_layout","bits_per_sample","r_frame_rate","avg_frame_rate","time_base","start_pts","start_time","duration_ts","duration","bit_rate","filepath") values ('0','mp3','MP3 (MPEG audio layer 3)','audio','1/44100','[0][0][0][0]','0x0000','fltp','44100','2','stereo','0','0/0','0/0','1/14112000','0','0','2282250240','161.724082','156154','/media/pi/ZUKE/MUSIC/CDs/CD 34/06 - La Nina Fresa - Quebradita.mp3');
insert into format ("filename","nb_streams","nb_programs","format_name","format_long_name","start_time","duration","size","bit_rate","probe_score","filepath") values ('/media/pi/ZUKE/MUSIC/CDs/CD 34/06 - La Nina Fresa - Quebradita.mp3','1','0','mp3','MP2/3 (MPEG audio layer 2/3)','0','161.724082','3158144','156223','51','/media/pi/ZUKE/MUSIC/CDs/CD 34/06 - La Nina Fresa - Quebradita.mp3');
insert into disposition ("default","dub","original","comment","lyrics","karaoke","forced","hearing_impaired","visual_impaired","clean_effects","attached_pic","timed_thumbnails","filepath") values ('0','0','0','0','0','0','0','0','0','0','0','0','/media/pi/ZUKE/MUSIC/CDs/CD 34/06 - La Nina Fresa - Quebradita.mp3');
insert into tags ("album","composer","genre","title","artist","disc","track","filepath") values ('ZIN CD 34','Zumba Fitness','Quebradita','La Nina Fresa','Zumba Fitness','1/1','06/09','/media/pi/ZUKE/MUSIC/CDs/CD 34/06 - La Nina Fresa - Quebradita.mp3');
insert into mp3s ("filepath") values ('/media/pi/ZUKE/MUSIC/CDs/CD 34/06 - La Nina Fresa - Quebradita.mp3');
insert into streams ("index","codec_name","codec_long_name","codec_type","codec_time_base","codec_tag_string","codec_tag","sample_fmt","sample_rate","channels","channel_layout","bits_per_sample","r_frame_rate","avg_frame_rate","time_base","start_pts","start_time","duration_ts","duration","bit_rate","filepath") values ('0','mp3','MP3 (MPEG audio layer 3)','audio','1/44100','[0][0][0][0]','0x0000','fltp','44100','2','stereo','0','0/0','0/0','1/14112000','0','0','2979348480','211.121633','160979','/media/pi/ZUKE/MUSIC/CDs/CD 34/07 - Mi Alma Se Muere - Hip-Hop.mp3');
insert into format ("filename","nb_streams","nb_programs","format_name","format_long_name","start_time","duration","size","bit_rate","probe_score","filepath") values ('/media/pi/ZUKE/MUSIC/CDs/CD 34/07 - Mi Alma Se Muere - Hip-Hop.mp3','1','0','mp3','MP2/3 (MPEG audio layer 2/3)','0','211.121633','4249728','161034','51','/media/pi/ZUKE/MUSIC/CDs/CD 34/07 - Mi Alma Se Muere - Hip-Hop.mp3');
insert into disposition ("default","dub","original","comment","lyrics","karaoke","forced","hearing_impaired","visual_impaired","clean_effects","attached_pic","timed_thumbnails","filepath") values ('0','0','0','0','0','0','0','0','0','0','0','0','/media/pi/ZUKE/MUSIC/CDs/CD 34/07 - Mi Alma Se Muere - Hip-Hop.mp3');
insert into tags ("album","composer","genre","title","artist","disc","track","filepath") values ('ZIN CD 34','Zumba Fitness','Hip-Hop','Mi Alma Se Muere','Zumba Fitness','1/1','07/09','/media/pi/ZUKE/MUSIC/CDs/CD 34/07 - Mi Alma Se Muere - Hip-Hop.mp3');
insert into mp3s ("filepath") values ('/media/pi/ZUKE/MUSIC/CDs/CD 34/07 - Mi Alma Se Muere - Hip-Hop.mp3');
insert into streams ("index","codec_name","codec_long_name","codec_type","codec_time_base","codec_tag_string","codec_tag","sample_fmt","sample_rate","channels","channel_layout","bits_per_sample","r_frame_rate","avg_frame_rate","time_base","start_pts","start_time","duration_ts","duration","bit_rate","filepath") values ('0','mp3','MP3 (MPEG audio layer 3)','audio','1/44100','[0][0][0][0]','0x0000','fltp','44100','2','stereo','0','0/0','0/0','1/14112000','0','0','3415080960','241.998367','164941','/media/pi/ZUKE/MUSIC/CDs/CD 34/08 - Mi Vecina - Cumbia - Bachata - Reggaeton.mp3');
insert into format ("filename","nb_streams","nb_programs","format_name","format_long_name","start_time","duration","size","bit_rate","probe_score","filepath") values ('/media/pi/ZUKE/MUSIC/CDs/CD 34/08 - Mi Vecina - Cumbia - Bachata - Reggaeton.mp3','1','0','mp3','MP2/3 (MPEG audio layer 2/3)','0','241.998367','4991104','164996','51','/media/pi/ZUKE/MUSIC/CDs/CD 34/08 - Mi Vecina - Cumbia - Bachata - Reggaeton.mp3');
insert into disposition ("default","dub","original","comment","lyrics","karaoke","forced","hearing_impaired","visual_impaired","clean_effects","attached_pic","timed_thumbnails","filepath") values ('0','0','0','0','0','0','0','0','0','0','0','0','/media/pi/ZUKE/MUSIC/CDs/CD 34/08 - Mi Vecina - Cumbia - Bachata - Reggaeton.mp3');
insert into tags ("album","composer","genre","title","artist","disc","track","filepath") values ('ZIN CD 34','Zumba Fitness','Cumbia,Bachata,Reggaeton','Mi Vecina','Zumba Fitness','1/1','08/09','/media/pi/ZUKE/MUSIC/CDs/CD 34/08 - Mi Vecina - Cumbia - Bachata - Reggaeton.mp3');
insert into mp3s ("filepath") values ('/media/pi/ZUKE/MUSIC/CDs/CD 34/08 - Mi Vecina - Cumbia - Bachata - Reggaeton.mp3');
insert into streams ("index","codec_name","codec_long_name","codec_type","codec_time_base","codec_tag_string","codec_tag","sample_fmt","sample_rate","channels","channel_layout","bits_per_sample","r_frame_rate","avg_frame_rate","time_base","start_pts","start_time","duration_ts","duration","bit_rate","filepath") values ('0','mp3','MP3 (MPEG audio layer 3)','audio','1/44100','[0][0][0][0]','0x0000','fltp','44100','2','stereo','0','0/0','0/0','1/14112000','0','0','3421347840','242.442449','167068','/media/pi/ZUKE/MUSIC/CDs/CD 34/09 - El Amor - Cumbia - Merengue.mp3');
insert into format ("filename","nb_streams","nb_programs","format_name","format_long_name","start_time","duration","size","bit_rate","probe_score","filepath") values ('/media/pi/ZUKE/MUSIC/CDs/CD 34/09 - El Amor - Cumbia - Merengue.mp3','1','0','mp3','MP2/3 (MPEG audio layer 2/3)','0','242.442449','5064832','167126','51','/media/pi/ZUKE/MUSIC/CDs/CD 34/09 - El Amor - Cumbia - Merengue.mp3');
insert into disposition ("default","dub","original","comment","lyrics","karaoke","forced","hearing_impaired","visual_impaired","clean_effects","attached_pic","timed_thumbnails","filepath") values ('0','0','0','0','0','0','0','0','0','0','0','0','/media/pi/ZUKE/MUSIC/CDs/CD 34/09 - El Amor - Cumbia - Merengue.mp3');
insert into tags ("album","composer","genre","title","artist","disc","track","filepath") values ('ZIN CD 34','Zumba Fitness','Cumbia,Merengue','El Amor','Zumba Fitness','1/1','09/09','/media/pi/ZUKE/MUSIC/CDs/CD 34/09 - El Amor - Cumbia - Merengue.mp3');
insert into mp3s ("filepath") values ('/media/pi/ZUKE/MUSIC/CDs/CD 34/09 - El Amor - Cumbia - Merengue.mp3');
insert into streams ("index","codec_name","codec_long_name","codec_type","codec_time_base","codec_tag_string","codec_tag","sample_fmt","sample_rate","channels","channel_layout","bits_per_sample","r_frame_rate","avg_frame_rate","time_base","start_pts","start_time","duration_ts","duration","bit_rate","filepath") values ('0','mp3','MP3 (MPEG audio layer 3)','audio','1/44100','[0][0][0][0]','0x0000','fltp','44100','2','stereo','0','0/0','0/0','1/14112000','0','0','3801415680','269.374694','160148','/media/pi/ZUKE/MUSIC/CDs/CD 35/01 - Trai La Bulla - Cumbia - Merengue.mp3');
insert into format ("filename","nb_streams","nb_programs","format_name","format_long_name","start_time","duration","size","bit_rate","probe_score","filepath") values ('/media/pi/ZUKE/MUSIC/CDs/CD 35/01 - Trai La Bulla - Cumbia - Merengue.mp3','1','0','mp3','MP2/3 (MPEG audio layer 2/3)','0','269.374694','5394560','160209','51','/media/pi/ZUKE/MUSIC/CDs/CD 35/01 - Trai La Bulla - Cumbia - Merengue.mp3');
insert into disposition ("default","dub","original","comment","lyrics","karaoke","forced","hearing_impaired","visual_impaired","clean_effects","attached_pic","timed_thumbnails","filepath") values ('0','0','0','0','0','0','0','0','0','0','0','0','/media/pi/ZUKE/MUSIC/CDs/CD 35/01 - Trai La Bulla - Cumbia - Merengue.mp3');
insert into tags ("album","composer","genre","title","artist","disc","track","filepath") values ('ZIN CD 35','Zumba Fitness','Cumbia,Merengue','Trai La Bulla','Zumba Fitness','1/1','01/09','/media/pi/ZUKE/MUSIC/CDs/CD 35/01 - Trai La Bulla - Cumbia - Merengue.mp3');
insert into mp3s ("filepath") values ('/media/pi/ZUKE/MUSIC/CDs/CD 35/01 - Trai La Bulla - Cumbia - Merengue.mp3');
insert into streams ("index","codec_name","codec_long_name","codec_type","codec_time_base","codec_tag_string","codec_tag","sample_fmt","sample_rate","channels","channel_layout","bits_per_sample","r_frame_rate","avg_frame_rate","time_base","start_pts","start_time","duration_ts","duration","bit_rate","filepath") values ('0','mp3','MP3 (MPEG audio layer 3)','audio','1/44100','[0][0][0][0]','0x0000','fltp','44100','2','stereo','0','0/0','0/0','1/14112000','0','0','3224125440','228.466939','165811','/media/pi/ZUKE/MUSIC/CDs/CD 35/02 - Me Voy Pa Cali - Salsa.mp3');
insert into format ("filename","nb_streams","nb_programs","format_name","format_long_name","start_time","duration","size","bit_rate","probe_score","filepath") values ('/media/pi/ZUKE/MUSIC/CDs/CD 35/02 - Me Voy Pa Cali - Salsa.mp3','1','0','mp3','MP2/3 (MPEG audio layer 2/3)','0','228.466939','4737152','165876','51','/media/pi/ZUKE/MUSIC/CDs/CD 35/02 - Me Voy Pa Cali - Salsa.mp3');
insert into disposition ("default","dub","original","comment","lyrics","karaoke","forced","hearing_impaired","visual_impaired","clean_effects","attached_pic","timed_thumbnails","filepath") values ('0','0','0','0','0','0','0','0','0','0','0','0','/media/pi/ZUKE/MUSIC/CDs/CD 35/02 - Me Voy Pa Cali - Salsa.mp3');
insert into tags ("album","composer","genre","title","artist","disc","track","filepath") values ('ZIN CD 35','Zumba Fitness','Salsa','Me Voy Pa Cali','Zumba Fitness','1/1','02/09','/media/pi/ZUKE/MUSIC/CDs/CD 35/02 - Me Voy Pa Cali - Salsa.mp3');
insert into mp3s ("filepath") values ('/media/pi/ZUKE/MUSIC/CDs/CD 35/02 - Me Voy Pa Cali - Salsa.mp3');
insert into streams ("index","codec_name","codec_long_name","codec_type","codec_time_base","codec_tag_string","codec_tag","sample_fmt","sample_rate","channels","channel_layout","bits_per_sample","r_frame_rate","avg_frame_rate","time_base","start_pts","start_time","duration_ts","duration","bit_rate","filepath") values ('0','mp3','MP3 (MPEG audio layer 3)','audio','1/44100','[0][0][0][0]','0x0000','fltp','44100','2','stereo','0','0/0','0/0','1/14112000','0','0','3303383040','234.083265','169087','/media/pi/ZUKE/MUSIC/CDs/CD 35/03 - Feel Like Dancing - Ragga - Pop.mp3');
insert into format ("filename","nb_streams","nb_programs","format_name","format_long_name","start_time","duration","size","bit_rate","probe_score","filepath") values ('/media/pi/ZUKE/MUSIC/CDs/CD 35/03 - Feel Like Dancing - Ragga - Pop.mp3','1','0','mp3','MP2/3 (MPEG audio layer 2/3)','0','234.083265','4948096','169105','51','/media/pi/ZUKE/MUSIC/CDs/CD 35/03 - Feel Like Dancing - Ragga - Pop.mp3');
insert into disposition ("default","dub","original","comment","lyrics","karaoke","forced","hearing_impaired","visual_impaired","clean_effects","attached_pic","timed_thumbnails","filepath") values ('0','0','0','0','0','0','0','0','0','0','0','0','/media/pi/ZUKE/MUSIC/CDs/CD 35/03 - Feel Like Dancing - Ragga - Pop.mp3');
insert into tags ("album","composer","genre","title","artist","disc","track","filepath") values ('ZIN CD 35','Zumba Fitness','Ragga,Pop','Feel Like Dancing','Zumba Fitness','1/1','03/09','/media/pi/ZUKE/MUSIC/CDs/CD 35/03 - Feel Like Dancing - Ragga - Pop.mp3');
insert into mp3s ("filepath") values ('/media/pi/ZUKE/MUSIC/CDs/CD 35/03 - Feel Like Dancing - Ragga - Pop.mp3');
insert into streams ("index","codec_name","codec_long_name","codec_type","codec_time_base","codec_tag_string","codec_tag","sample_fmt","sample_rate","channels","channel_layout","bits_per_sample","r_frame_rate","avg_frame_rate","time_base","start_pts","start_time","duration_ts","duration","bit_rate","filepath") values ('0','mp3','MP3 (MPEG audio layer 3)','audio','1/44100','[0][0][0][0]','0x0000','fltp','44100','2','stereo','0','0/0','0/0','1/14112000','0','0','3772293120','267.311020','160563','/media/pi/ZUKE/MUSIC/CDs/CD 35/04 - Bounce - Merengue.mp3');
insert into format ("filename","nb_streams","nb_programs","format_name","format_long_name","start_time","duration","size","bit_rate","probe_score","filepath") values ('/media/pi/ZUKE/MUSIC/CDs/CD 35/04 - Bounce - Merengue.mp3','1','0','mp3','MP2/3 (MPEG audio layer 2/3)','0','267.311020','5365888','160588','51','/media/pi/ZUKE/MUSIC/CDs/CD 35/04 - Bounce - Merengue.mp3');
insert into disposition ("default","dub","original","comment","lyrics","karaoke","forced","hearing_impaired","visual_impaired","clean_effects","attached_pic","timed_thumbnails","filepath") values ('0','0','0','0','0','0','0','0','0','0','0','0','/media/pi/ZUKE/MUSIC/CDs/CD 35/04 - Bounce - Merengue.mp3');
insert into tags ("album","composer","genre","title","artist","disc","track","filepath") values ('ZIN CD 35','Zumba Fitness','Merengue','Bounce','Zumba Fitness','1/1','04/09','/media/pi/ZUKE/MUSIC/CDs/CD 35/04 - Bounce - Merengue.mp3');
insert into mp3s ("filepath") values ('/media/pi/ZUKE/MUSIC/CDs/CD 35/04 - Bounce - Merengue.mp3');
insert into streams ("index","codec_name","codec_long_name","codec_type","codec_time_base","codec_tag_string","codec_tag","sample_fmt","sample_rate","channels","channel_layout","bits_per_sample","r_frame_rate","avg_frame_rate","time_base","start_pts","start_time","duration_ts","duration","bit_rate","filepath") values ('0','mp3','MP3 (MPEG audio layer 3)','audio','1/44100','[0][0][0][0]','0x0000','fltp','44100','2','stereo','0','0/0','0/0','1/14112000','0','0','3588341760','254.275918','160745','/media/pi/ZUKE/MUSIC/CDs/CD 35/05 - Conga (Zumba Remix) - Techno.mp3');
insert into format ("filename","nb_streams","nb_programs","format_name","format_long_name","start_time","duration","size","bit_rate","probe_score","filepath") values ('/media/pi/ZUKE/MUSIC/CDs/CD 35/05 - Conga (Zumba Remix) - Techno.mp3','1','0','mp3','MP2/3 (MPEG audio layer 2/3)','0','254.275918','5109888','160766','51','/media/pi/ZUKE/MUSIC/CDs/CD 35/05 - Conga (Zumba Remix) - Techno.mp3');
insert into disposition ("default","dub","original","comment","lyrics","karaoke","forced","hearing_impaired","visual_impaired","clean_effects","attached_pic","timed_thumbnails","filepath") values ('0','0','0','0','0','0','0','0','0','0','0','0','/media/pi/ZUKE/MUSIC/CDs/CD 35/05 - Conga (Zumba Remix) - Techno.mp3');
insert into tags ("album","composer","genre","title","artist","disc","track","filepath") values ('ZIN CD 35','Zumba Fitness','Techno','Conga (Zumba Remix)','Zumba Fitness','1/1','05/09','/media/pi/ZUKE/MUSIC/CDs/CD 35/05 - Conga (Zumba Remix) - Techno.mp3');
insert into mp3s ("filepath") values ('/media/pi/ZUKE/MUSIC/CDs/CD 35/05 - Conga (Zumba Remix) - Techno.mp3');
insert into streams ("index","codec_name","codec_long_name","codec_type","codec_time_base","codec_tag_string","codec_tag","sample_fmt","sample_rate","channels","channel_layout","bits_per_sample","r_frame_rate","avg_frame_rate","time_base","start_pts","start_time","duration_ts","duration","bit_rate","filepath") values ('0','mp3','MP3 (MPEG audio layer 3)','audio','1/44100','[0][0][0][0]','0x0000','fltp','44100','2','stereo','0','0/0','0/0','1/14112000','0','0','3288268800','233.012245','165245','/media/pi/ZUKE/MUSIC/CDs/CD 35/06 - Que Te Pasa - Cumbia - Hip-Hop.mp3');
insert into format ("filename","nb_streams","nb_programs","format_name","format_long_name","start_time","duration","size","bit_rate","probe_score","filepath") values ('/media/pi/ZUKE/MUSIC/CDs/CD 35/06 - Que Te Pasa - Cumbia - Hip-Hop.mp3','1','0','mp3','MP2/3 (MPEG audio layer 2/3)','0','233.012245','4814976','165312','51','/media/pi/ZUKE/MUSIC/CDs/CD 35/06 - Que Te Pasa - Cumbia - Hip-Hop.mp3');
insert into disposition ("default","dub","original","comment","lyrics","karaoke","forced","hearing_impaired","visual_impaired","clean_effects","attached_pic","timed_thumbnails","filepath") values ('0','0','0','0','0','0','0','0','0','0','0','0','/media/pi/ZUKE/MUSIC/CDs/CD 35/06 - Que Te Pasa - Cumbia - Hip-Hop.mp3');
insert into tags ("album","composer","genre","title","artist","disc","track","filepath") values ('ZIN CD 35','Zumba Fitness','Cumbia,Hip-Hop','Que Te Pasa','Zumba Fitness','1/1','06/09','/media/pi/ZUKE/MUSIC/CDs/CD 35/06 - Que Te Pasa - Cumbia - Hip-Hop.mp3');
insert into mp3s ("filepath") values ('/media/pi/ZUKE/MUSIC/CDs/CD 35/06 - Que Te Pasa - Cumbia - Hip-Hop.mp3');
insert into streams ("index","codec_name","codec_long_name","codec_type","codec_time_base","codec_tag_string","codec_tag","sample_fmt","sample_rate","channels","channel_layout","bits_per_sample","r_frame_rate","avg_frame_rate","time_base","start_pts","start_time","duration_ts","duration","bit_rate","filepath") values ('0','mp3','MP3 (MPEG audio layer 3)','audio','1/44100','[0][0][0][0]','0x0000','fltp','44100','2','stereo','0','0/0','0/0','1/14112000','0','0','3176939520','225.123265','131839','/media/pi/ZUKE/MUSIC/CDs/CD 35/07 - Adios Fulana - Mapale.mp3');
insert into format ("filename","nb_streams","nb_programs","format_name","format_long_name","start_time","duration","size","bit_rate","probe_score","filepath") values ('/media/pi/ZUKE/MUSIC/CDs/CD 35/07 - Adios Fulana - Mapale.mp3','1','0','mp3','MP2/3 (MPEG audio layer 2/3)','0','225.123265','3711104','131878','51','/media/pi/ZUKE/MUSIC/CDs/CD 35/07 - Adios Fulana - Mapale.mp3');
insert into disposition ("default","dub","original","comment","lyrics","karaoke","forced","hearing_impaired","visual_impaired","clean_effects","attached_pic","timed_thumbnails","filepath") values ('0','0','0','0','0','0','0','0','0','0','0','0','/media/pi/ZUKE/MUSIC/CDs/CD 35/07 - Adios Fulana - Mapale.mp3');
insert into tags ("album","composer","genre","title","artist","disc","track","filepath") values ('ZIN CD 35','Zumba Fitness','Mapale','Adios Fulana','Zumba Fitness','1/1','07/09','/media/pi/ZUKE/MUSIC/CDs/CD 35/07 - Adios Fulana - Mapale.mp3');
insert into mp3s ("filepath") values ('/media/pi/ZUKE/MUSIC/CDs/CD 35/07 - Adios Fulana - Mapale.mp3');
insert into streams ("index","codec_name","codec_long_name","codec_type","codec_time_base","codec_tag_string","codec_tag","sample_fmt","sample_rate","channels","channel_layout","bits_per_sample","r_frame_rate","avg_frame_rate","time_base","start_pts","start_time","duration_ts","duration","bit_rate","filepath") values ('0','mp3','MP3 (MPEG audio layer 3)','audio','1/44100','[0][0][0][0]','0x0000','fltp','44100','2','stereo','0','0/0','0/0','1/14112000','0','0','3951820800','280.032653','154886','/media/pi/ZUKE/MUSIC/CDs/CD 35/08 - A Namorada - Funk - Pop - Brazilian.mp3');
insert into format ("filename","nb_streams","nb_programs","format_name","format_long_name","start_time","duration","size","bit_rate","probe_score","filepath") values ('/media/pi/ZUKE/MUSIC/CDs/CD 35/08 - A Namorada - Funk - Pop - Brazilian.mp3','1','0','mp3','MP2/3 (MPEG audio layer 2/3)','0','280.032653','5423232','154931','51','/media/pi/ZUKE/MUSIC/CDs/CD 35/08 - A Namorada - Funk - Pop - Brazilian.mp3');
insert into disposition ("default","dub","original","comment","lyrics","karaoke","forced","hearing_impaired","visual_impaired","clean_effects","attached_pic","timed_thumbnails","filepath") values ('0','0','0','0','0','0','0','0','0','0','0','0','/media/pi/ZUKE/MUSIC/CDs/CD 35/08 - A Namorada - Funk - Pop - Brazilian.mp3');
insert into tags ("album","composer","genre","title","artist","disc","track","filepath") values ('ZIN CD 35','Zumba Fitness','Funk,Pop,Brazilian','A Namorada','Zumba Fitness','1/1','08/09','/media/pi/ZUKE/MUSIC/CDs/CD 35/08 - A Namorada - Funk - Pop - Brazilian.mp3');
insert into mp3s ("filepath") values ('/media/pi/ZUKE/MUSIC/CDs/CD 35/08 - A Namorada - Funk - Pop - Brazilian.mp3');
insert into streams ("index","codec_name","codec_long_name","codec_type","codec_time_base","codec_tag_string","codec_tag","sample_fmt","sample_rate","channels","channel_layout","bits_per_sample","r_frame_rate","avg_frame_rate","time_base","start_pts","start_time","duration_ts","duration","bit_rate","filepath") values ('0','mp3','MP3 (MPEG audio layer 3)','audio','1/44100','[0][0][0][0]','0x0000','fltp','44100','2','stereo','0','0/0','0/0','1/14112000','0','0','3525304320','249.808980','165606','/media/pi/ZUKE/MUSIC/CDs/CD 35/09 - Quiero Volver A Mis 20 - Bachata.mp3');
insert into format ("filename","nb_streams","nb_programs","format_name","format_long_name","start_time","duration","size","bit_rate","probe_score","filepath") values ('/media/pi/ZUKE/MUSIC/CDs/CD 35/09 - Quiero Volver A Mis 20 - Bachata.mp3','1','0','mp3','MP2/3 (MPEG audio layer 2/3)','0','249.808980','5173376','165674','51','/media/pi/ZUKE/MUSIC/CDs/CD 35/09 - Quiero Volver A Mis 20 - Bachata.mp3');
insert into disposition ("default","dub","original","comment","lyrics","karaoke","forced","hearing_impaired","visual_impaired","clean_effects","attached_pic","timed_thumbnails","filepath") values ('0','0','0','0','0','0','0','0','0','0','0','0','/media/pi/ZUKE/MUSIC/CDs/CD 35/09 - Quiero Volver A Mis 20 - Bachata.mp3');
insert into tags ("album","composer","genre","title","artist","disc","track","filepath") values ('ZIN CD 35','Zumba Fitness','Bachata','Quiero Volver A Mis 20','Zumba Fitness','1/1','09/09','/media/pi/ZUKE/MUSIC/CDs/CD 35/09 - Quiero Volver A Mis 20 - Bachata.mp3');
insert into mp3s ("filepath") values ('/media/pi/ZUKE/MUSIC/CDs/CD 35/09 - Quiero Volver A Mis 20 - Bachata.mp3');
insert into streams ("index","codec_name","codec_long_name","codec_type","codec_time_base","codec_tag_string","codec_tag","sample_fmt","sample_rate","channels","channel_layout","bits_per_sample","r_frame_rate","avg_frame_rate","time_base","start_pts","start_time","duration_ts","duration","bit_rate","filepath") values ('0','mp3','MP3 (MPEG audio layer 3)','audio','1/44100','[0][0][0][0]','0x0000','fltp','44100','2','stereo','0','0/0','0/0','1/14112000','0','0','2806456320','198.870204','159406','/media/pi/ZUKE/MUSIC/CDs/CD 39/01 - Pegate Mas - Electro Merengue.mp3');
insert into format ("filename","nb_streams","nb_programs","format_name","format_long_name","start_time","duration","size","bit_rate","probe_score","filepath") values ('/media/pi/ZUKE/MUSIC/CDs/CD 39/01 - Pegate Mas - Electro Merengue.mp3','1','0','mp3','MP2/3 (MPEG audio layer 2/3)','0','198.870204','3963008','159420','51','/media/pi/ZUKE/MUSIC/CDs/CD 39/01 - Pegate Mas - Electro Merengue.mp3');
insert into disposition ("default","dub","original","comment","lyrics","karaoke","forced","hearing_impaired","visual_impaired","clean_effects","attached_pic","timed_thumbnails","filepath") values ('0','0','0','0','0','0','0','0','0','0','0','0','/media/pi/ZUKE/MUSIC/CDs/CD 39/01 - Pegate Mas - Electro Merengue.mp3');
insert into tags ("album","composer","genre","title","artist","disc","track","filepath") values ('ZIN CD 39','Zumba Fitness','Electro Merengue','Pegate Mas','Zumba Fitness','1/1','01/10','/media/pi/ZUKE/MUSIC/CDs/CD 39/01 - Pegate Mas - Electro Merengue.mp3');
insert into mp3s ("filepath") values ('/media/pi/ZUKE/MUSIC/CDs/CD 39/01 - Pegate Mas - Electro Merengue.mp3');
insert into streams ("index","codec_name","codec_long_name","codec_type","codec_time_base","codec_tag_string","codec_tag","sample_fmt","sample_rate","channels","channel_layout","bits_per_sample","r_frame_rate","avg_frame_rate","time_base","start_pts","start_time","duration_ts","duration","bit_rate","filepath") values ('0','mp3','MP3 (MPEG audio layer 3)','audio','1/44100','[0][0][0][0]','0x0000','fltp','44100','2','stereo','0','0/0','0/0','1/14112000','0','0','2910781440','206.262857','160579','/media/pi/ZUKE/MUSIC/CDs/CD 39/02 - Sweet Girl - Merengue House.mp3');
insert into format ("filename","nb_streams","nb_programs","format_name","format_long_name","start_time","duration","size","bit_rate","probe_score","filepath") values ('/media/pi/ZUKE/MUSIC/CDs/CD 39/02 - Sweet Girl - Merengue House.mp3','1','0','mp3','MP2/3 (MPEG audio layer 2/3)','0','206.262857','4141184','160617','51','/media/pi/ZUKE/MUSIC/CDs/CD 39/02 - Sweet Girl - Merengue House.mp3');
insert into disposition ("default","dub","original","comment","lyrics","karaoke","forced","hearing_impaired","visual_impaired","clean_effects","attached_pic","timed_thumbnails","filepath") values ('0','0','0','0','0','0','0','0','0','0','0','0','/media/pi/ZUKE/MUSIC/CDs/CD 39/02 - Sweet Girl - Merengue House.mp3');
insert into tags ("album","composer","genre","title","artist","disc","track","filepath") values ('ZIN CD 39','Zumba Fitness','Merengue House','Sweet Girl','Zumba Fitness','1/1','02/10','/media/pi/ZUKE/MUSIC/CDs/CD 39/02 - Sweet Girl - Merengue House.mp3');
insert into mp3s ("filepath") values ('/media/pi/ZUKE/MUSIC/CDs/CD 39/02 - Sweet Girl - Merengue House.mp3');
insert into streams ("index","codec_name","codec_long_name","codec_type","codec_time_base","codec_tag_string","codec_tag","sample_fmt","sample_rate","channels","channel_layout","bits_per_sample","r_frame_rate","avg_frame_rate","time_base","start_pts","start_time","duration_ts","duration","bit_rate","filepath") values ('0','mp3','MP3 (MPEG audio layer 3)','audio','1/44100','[0][0][0][0]','0x0000','fltp','44100','2','stereo','0','0/0','0/0','1/14112000','0','0','3891363840','275.748571','169525','/media/pi/ZUKE/MUSIC/CDs/CD 39/03 - Baila mi Son - Salsa.mp3');
insert into format ("filename","nb_streams","nb_programs","format_name","format_long_name","start_time","duration","size","bit_rate","probe_score","filepath") values ('/media/pi/ZUKE/MUSIC/CDs/CD 39/03 - Baila mi Son - Salsa.mp3','1','0','mp3','MP2/3 (MPEG audio layer 2/3)','0','275.748571','5845120','169578','51','/media/pi/ZUKE/MUSIC/CDs/CD 39/03 - Baila mi Son - Salsa.mp3');
insert into disposition ("default","dub","original","comment","lyrics","karaoke","forced","hearing_impaired","visual_impaired","clean_effects","attached_pic","timed_thumbnails","filepath") values ('0','0','0','0','0','0','0','0','0','0','0','0','/media/pi/ZUKE/MUSIC/CDs/CD 39/03 - Baila mi Son - Salsa.mp3');
insert into tags ("album","composer","genre","title","artist","disc","track","filepath") values ('ZIN CD 39','Zumba Fitness','Salsa','Baila mi Son','Zumba Fitness','1/1','03/10','/media/pi/ZUKE/MUSIC/CDs/CD 39/03 - Baila mi Son - Salsa.mp3');
insert into mp3s ("filepath") values ('/media/pi/ZUKE/MUSIC/CDs/CD 39/03 - Baila mi Son - Salsa.mp3');
insert into streams ("index","codec_name","codec_long_name","codec_type","codec_time_base","codec_tag_string","codec_tag","sample_fmt","sample_rate","channels","channel_layout","bits_per_sample","r_frame_rate","avg_frame_rate","time_base","start_pts","start_time","duration_ts","duration","bit_rate","filepath") values ('0','mp3','MP3 (MPEG audio layer 3)','audio','1/44100','[0][0][0][0]','0x0000','fltp','44100','2','stereo','0','0/0','0/0','1/14112000','0','0','3475906560','246.308571','152691','/media/pi/ZUKE/MUSIC/CDs/CD 39/04 - El Rey - Cumbia.mp3');
insert into format ("filename","nb_streams","nb_programs","format_name","format_long_name","start_time","duration","size","bit_rate","probe_score","filepath") values ('/media/pi/ZUKE/MUSIC/CDs/CD 39/04 - El Rey - Cumbia.mp3','1','0','mp3','MP2/3 (MPEG audio layer 2/3)','0','246.308571','4702336','152729','51','/media/pi/ZUKE/MUSIC/CDs/CD 39/04 - El Rey - Cumbia.mp3');
insert into disposition ("default","dub","original","comment","lyrics","karaoke","forced","hearing_impaired","visual_impaired","clean_effects","attached_pic","timed_thumbnails","filepath") values ('0','0','0','0','0','0','0','0','0','0','0','0','/media/pi/ZUKE/MUSIC/CDs/CD 39/04 - El Rey - Cumbia.mp3');
insert into tags ("album","composer","genre","title","artist","disc","track","filepath") values ('ZIN CD 39','Zumba Fitness','Cumbia','El Rey','Zumba Fitness','1/1','04/10','/media/pi/ZUKE/MUSIC/CDs/CD 39/04 - El Rey - Cumbia.mp3');
insert into mp3s ("filepath") values ('/media/pi/ZUKE/MUSIC/CDs/CD 39/04 - El Rey - Cumbia.mp3');
insert into streams ("index","codec_name","codec_long_name","codec_type","codec_time_base","codec_tag_string","codec_tag","sample_fmt","sample_rate","channels","channel_layout","bits_per_sample","r_frame_rate","avg_frame_rate","time_base","start_pts","start_time","duration_ts","duration","bit_rate","filepath") values ('0','mp3','MP3 (MPEG audio layer 3)','audio','1/44100','[0][0][0][0]','0x0000','fltp','44100','2','stereo','0','0/0','0/0','1/14112000','0','0','3360890880','238.158367','150145','/media/pi/ZUKE/MUSIC/CDs/CD 39/05 - El Jefe - Latin Hip-Hop.mp3');
insert into format ("filename","nb_streams","nb_programs","format_name","format_long_name","start_time","duration","size","bit_rate","probe_score","filepath") values ('/media/pi/ZUKE/MUSIC/CDs/CD 39/05 - El Jefe - Latin Hip-Hop.mp3','1','0','mp3','MP2/3 (MPEG audio layer 2/3)','0','238.158367','4470912','150182','51','/media/pi/ZUKE/MUSIC/CDs/CD 39/05 - El Jefe - Latin Hip-Hop.mp3');
insert into disposition ("default","dub","original","comment","lyrics","karaoke","forced","hearing_impaired","visual_impaired","clean_effects","attached_pic","timed_thumbnails","filepath") values ('0','0','0','0','0','0','0','0','0','0','0','0','/media/pi/ZUKE/MUSIC/CDs/CD 39/05 - El Jefe - Latin Hip-Hop.mp3');
insert into tags ("album","composer","genre","title","artist","disc","track","filepath") values ('ZIN CD 39','Zumba Fitness','Latin Hip-Hop','El Jefe','Zumba Fitness','1/1','05/10','/media/pi/ZUKE/MUSIC/CDs/CD 39/05 - El Jefe - Latin Hip-Hop.mp3');
insert into mp3s ("filepath") values ('/media/pi/ZUKE/MUSIC/CDs/CD 39/05 - El Jefe - Latin Hip-Hop.mp3');
insert into streams ("index","codec_name","codec_long_name","codec_type","codec_time_base","codec_tag_string","codec_tag","sample_fmt","sample_rate","channels","channel_layout","bits_per_sample","r_frame_rate","avg_frame_rate","time_base","start_pts","start_time","duration_ts","duration","bit_rate","filepath") values ('0','mp3','MP3 (MPEG audio layer 3)','audio','1/44100','[0][0][0][0]','0x0000','fltp','44100','2','stereo','0','0/0','0/0','1/14112000','0','0','3349831680','237.374694','173589','/media/pi/ZUKE/MUSIC/CDs/CD 39/06 - Ella me Copia - Techno Bachata - Rumba Flamenca.mp3');
insert into format ("filename","nb_streams","nb_programs","format_name","format_long_name","start_time","duration","size","bit_rate","probe_score","filepath") values ('/media/pi/ZUKE/MUSIC/CDs/CD 39/06 - Ella me Copia - Techno Bachata - Rumba Flamenca.mp3','1','0','mp3','MP2/3 (MPEG audio layer 2/3)','0','237.374694','5152896','173662','51','/media/pi/ZUKE/MUSIC/CDs/CD 39/06 - Ella me Copia - Techno Bachata - Rumba Flamenca.mp3');
insert into disposition ("default","dub","original","comment","lyrics","karaoke","forced","hearing_impaired","visual_impaired","clean_effects","attached_pic","timed_thumbnails","filepath") values ('0','0','0','0','0','0','0','0','0','0','0','0','/media/pi/ZUKE/MUSIC/CDs/CD 39/06 - Ella me Copia - Techno Bachata - Rumba Flamenca.mp3');
insert into tags ("album","composer","genre","title","artist","disc","track","filepath") values ('ZIN CD 39','Zumba Fitness','Techno Bachata,Rumba Flamenca','Ella me Copia','Zumba Fitness','1/1','06/10','/media/pi/ZUKE/MUSIC/CDs/CD 39/06 - Ella me Copia - Techno Bachata - Rumba Flamenca.mp3');
insert into mp3s ("filepath") values ('/media/pi/ZUKE/MUSIC/CDs/CD 39/06 - Ella me Copia - Techno Bachata - Rumba Flamenca.mp3');
insert into streams ("index","codec_name","codec_long_name","codec_type","codec_time_base","codec_tag_string","codec_tag","sample_fmt","sample_rate","channels","channel_layout","bits_per_sample","r_frame_rate","avg_frame_rate","time_base","start_pts","start_time","duration_ts","duration","bit_rate","filepath") values ('0','mp3','MP3 (MPEG audio layer 3)','audio','1/44100','[0][0][0][0]','0x0000','fltp','44100','2','stereo','0','0/0','0/0','1/14112000','0','0','3955138560','280.267755','167328','/media/pi/ZUKE/MUSIC/CDs/CD 39/07 - Indian Moonshine - Bhangra Folk Fusion.mp3');
insert into format ("filename","nb_streams","nb_programs","format_name","format_long_name","start_time","duration","size","bit_rate","probe_score","filepath") values ('/media/pi/ZUKE/MUSIC/CDs/CD 39/07 - Indian Moonshine - Bhangra Folk Fusion.mp3','1','0','mp3','MP2/3 (MPEG audio layer 2/3)','0','280.267755','5863552','167370','51','/media/pi/ZUKE/MUSIC/CDs/CD 39/07 - Indian Moonshine - Bhangra Folk Fusion.mp3');
insert into disposition ("default","dub","original","comment","lyrics","karaoke","forced","hearing_impaired","visual_impaired","clean_effects","attached_pic","timed_thumbnails","filepath") values ('0','0','0','0','0','0','0','0','0','0','0','0','/media/pi/ZUKE/MUSIC/CDs/CD 39/07 - Indian Moonshine - Bhangra Folk Fusion.mp3');
insert into tags ("album","composer","genre","title","artist","disc","track","filepath") values ('ZIN CD 39','Zumba Fitness','Bhangra Folk Fusion','Indian Moonshine','Zumba Fitness','1/1','07/10','/media/pi/ZUKE/MUSIC/CDs/CD 39/07 - Indian Moonshine - Bhangra Folk Fusion.mp3');
insert into mp3s ("filepath") values ('/media/pi/ZUKE/MUSIC/CDs/CD 39/07 - Indian Moonshine - Bhangra Folk Fusion.mp3');
insert into streams ("index","codec_name","codec_long_name","codec_type","codec_time_base","codec_tag_string","codec_tag","sample_fmt","sample_rate","channels","channel_layout","bits_per_sample","r_frame_rate","avg_frame_rate","time_base","start_pts","start_time","duration_ts","duration","bit_rate","filepath") values ('0','mp3','MP3 (MPEG audio layer 3)','audio','1/44100','[0][0][0][0]','0x0000','fltp','44100','2','stereo','0','0/0','0/0','1/14112000','0','0','3702988800','262.400000','151593','/media/pi/ZUKE/MUSIC/CDs/CD 39/08 - Party Rock Anthem - Electro House.mp3');
insert into format ("filename","nb_streams","nb_programs","format_name","format_long_name","start_time","duration","size","bit_rate","probe_score","filepath") values ('/media/pi/ZUKE/MUSIC/CDs/CD 39/08 - Party Rock Anthem - Electro House.mp3','1','0','mp3','MP2/3 (MPEG audio layer 2/3)','0','262.400000','4972672','151605','51','/media/pi/ZUKE/MUSIC/CDs/CD 39/08 - Party Rock Anthem - Electro House.mp3');
insert into disposition ("default","dub","original","comment","lyrics","karaoke","forced","hearing_impaired","visual_impaired","clean_effects","attached_pic","timed_thumbnails","filepath") values ('0','0','0','0','0','0','0','0','0','0','0','0','/media/pi/ZUKE/MUSIC/CDs/CD 39/08 - Party Rock Anthem - Electro House.mp3');
insert into tags ("album","composer","genre","title","artist","disc","track","filepath") values ('ZIN CD 39','Zumba Fitness','Electro House','Party Rock Anthem','Zumba Fitness','1/1','08/10','/media/pi/ZUKE/MUSIC/CDs/CD 39/08 - Party Rock Anthem - Electro House.mp3');
insert into mp3s ("filepath") values ('/media/pi/ZUKE/MUSIC/CDs/CD 39/08 - Party Rock Anthem - Electro House.mp3');
insert into streams ("index","codec_name","codec_long_name","codec_type","codec_time_base","codec_tag_string","codec_tag","sample_fmt","sample_rate","channels","channel_layout","bits_per_sample","r_frame_rate","avg_frame_rate","time_base","start_pts","start_time","duration_ts","duration","bit_rate","filepath") values ('0','mp3','MP3 (MPEG audio layer 3)','audio','1/44100','[0][0][0][0]','0x0000','fltp','44100','2','stereo','0','0/0','0/0','1/14112000','0','0','2703974400','191.608163','161726','/media/pi/ZUKE/MUSIC/CDs/CD 39/09 - Dueno de Nada - Urban Merengue.mp3');
insert into format ("filename","nb_streams","nb_programs","format_name","format_long_name","start_time","duration","size","bit_rate","probe_score","filepath") values ('/media/pi/ZUKE/MUSIC/CDs/CD 39/09 - Dueno de Nada - Urban Merengue.mp3','1','0','mp3','MP2/3 (MPEG audio layer 2/3)','0','191.608163','3874944','161786','51','/media/pi/ZUKE/MUSIC/CDs/CD 39/09 - Dueno de Nada - Urban Merengue.mp3');
insert into disposition ("default","dub","original","comment","lyrics","karaoke","forced","hearing_impaired","visual_impaired","clean_effects","attached_pic","timed_thumbnails","filepath") values ('0','0','0','0','0','0','0','0','0','0','0','0','/media/pi/ZUKE/MUSIC/CDs/CD 39/09 - Dueno de Nada - Urban Merengue.mp3');
insert into tags ("album","composer","genre","title","artist","disc","track","filepath") values ('ZIN CD 39','Zumba Fitness','Urban Merengue','Dueno de Nada','Zumba Fitness','1/1','09/10','/media/pi/ZUKE/MUSIC/CDs/CD 39/09 - Dueno de Nada - Urban Merengue.mp3');
insert into mp3s ("filepath") values ('/media/pi/ZUKE/MUSIC/CDs/CD 39/09 - Dueno de Nada - Urban Merengue.mp3');
insert into streams ("index","codec_name","codec_long_name","codec_type","codec_time_base","codec_tag_string","codec_tag","sample_fmt","sample_rate","channels","channel_layout","bits_per_sample","r_frame_rate","avg_frame_rate","time_base","start_pts","start_time","duration_ts","duration","bit_rate","filepath") values ('0','mp3','MP3 (MPEG audio layer 3)','audio','1/44100','[0][0][0][0]','0x0000','fltp','44100','2','stereo','0','0/0','0/0','1/14112000','0','0','2573107200','182.334694','158711','/media/pi/ZUKE/MUSIC/CDs/CD 39/10 - Crazy Love - Electro Merengue.mp3');
insert into format ("filename","nb_streams","nb_programs","format_name","format_long_name","start_time","duration","size","bit_rate","probe_score","filepath") values ('/media/pi/ZUKE/MUSIC/CDs/CD 39/10 - Crazy Love - Electro Merengue.mp3','1','0','mp3','MP2/3 (MPEG audio layer 2/3)','0','182.334694','3618944','158782','51','/media/pi/ZUKE/MUSIC/CDs/CD 39/10 - Crazy Love - Electro Merengue.mp3');
insert into disposition ("default","dub","original","comment","lyrics","karaoke","forced","hearing_impaired","visual_impaired","clean_effects","attached_pic","timed_thumbnails","filepath") values ('0','0','0','0','0','0','0','0','0','0','0','0','/media/pi/ZUKE/MUSIC/CDs/CD 39/10 - Crazy Love - Electro Merengue.mp3');
insert into tags ("album","composer","genre","title","artist","disc","track","filepath") values ('ZIN CD 39','Zumba Fitness','Electro Merengue','Crazy Love','Zumba Fitness','1/1','10/10','/media/pi/ZUKE/MUSIC/CDs/CD 39/10 - Crazy Love - Electro Merengue.mp3');
insert into mp3s ("filepath") values ('/media/pi/ZUKE/MUSIC/CDs/CD 39/10 - Crazy Love - Electro Merengue.mp3');
insert into streams ("index","codec_name","codec_long_name","codec_type","codec_time_base","codec_tag_string","codec_tag","sample_fmt","sample_rate","channels","channel_layout","bits_per_sample","r_frame_rate","avg_frame_rate","time_base","start_pts","start_time","duration_ts","duration","bit_rate","filepath") values ('0','mp3','MP3 (MPEG audio layer 3)','audio','1/44100','[0][0][0][0]','0x0000','fltp','44100','2','stereo','0','0/0','0/0','1/14112000','0','0','3652116480','258.795102','156293','/media/pi/ZUKE/MUSIC/CDs/CD 40/01 - Me Va Quema el Celular - Merengue.mp3');
insert into format ("filename","nb_streams","nb_programs","format_name","format_long_name","start_time","duration","size","bit_rate","probe_score","filepath") values ('/media/pi/ZUKE/MUSIC/CDs/CD 40/01 - Me Va Quema el Celular - Merengue.mp3','1','0','mp3','MP2/3 (MPEG audio layer 2/3)','0','258.795102','5056640','156313','51','/media/pi/ZUKE/MUSIC/CDs/CD 40/01 - Me Va Quema el Celular - Merengue.mp3');
insert into disposition ("default","dub","original","comment","lyrics","karaoke","forced","hearing_impaired","visual_impaired","clean_effects","attached_pic","timed_thumbnails","filepath") values ('0','0','0','0','0','0','0','0','0','0','0','0','/media/pi/ZUKE/MUSIC/CDs/CD 40/01 - Me Va Quema el Celular - Merengue.mp3');
insert into tags ("album","composer","genre","title","artist","disc","track","filepath") values ('ZIN CD 40','Zumba Fitness','Merengue','Me Va Quema el Celular','Zumba Fitness','1/1','01/09','/media/pi/ZUKE/MUSIC/CDs/CD 40/01 - Me Va Quema el Celular - Merengue.mp3');
insert into mp3s ("filepath") values ('/media/pi/ZUKE/MUSIC/CDs/CD 40/01 - Me Va Quema el Celular - Merengue.mp3');
insert into streams ("index","codec_name","codec_long_name","codec_type","codec_time_base","codec_tag_string","codec_tag","sample_fmt","sample_rate","channels","channel_layout","bits_per_sample","r_frame_rate","avg_frame_rate","time_base","start_pts","start_time","duration_ts","duration","bit_rate","filepath") values ('0','mp3','MP3 (MPEG audio layer 3)','audio','1/44100','[0][0][0][0]','0x0000','fltp','44100','2','stereo','0','0/0','0/0','1/14112000','0','0','3314810880','234.893061','177669','/media/pi/ZUKE/MUSIC/CDs/CD 40/02 - Vamos Pa'' la Pista - Salsa.mp3');
insert into format ("filename","nb_streams","nb_programs","format_name","format_long_name","start_time","duration","size","bit_rate","probe_score","filepath") values ('/media/pi/ZUKE/MUSIC/CDs/CD 40/02 - Vamos Pa'' la Pista - Salsa.mp3','1','0','mp3','MP2/3 (MPEG audio layer 2/3)','0','234.893061','5218432','177729','51','/media/pi/ZUKE/MUSIC/CDs/CD 40/02 - Vamos Pa'' la Pista - Salsa.mp3');
insert into disposition ("default","dub","original","comment","lyrics","karaoke","forced","hearing_impaired","visual_impaired","clean_effects","attached_pic","timed_thumbnails","filepath") values ('0','0','0','0','0','0','0','0','0','0','0','0','/media/pi/ZUKE/MUSIC/CDs/CD 40/02 - Vamos Pa'' la Pista - Salsa.mp3');
insert into tags ("album","composer","genre","title","artist","disc","track","filepath") values ('ZIN CD 40','Zumba Fitness','Salsa','Vamos Pa'' la Pista','Zumba Fitness','1/1','02/09','/media/pi/ZUKE/MUSIC/CDs/CD 40/02 - Vamos Pa'' la Pista - Salsa.mp3');
insert into mp3s ("filepath") values ('/media/pi/ZUKE/MUSIC/CDs/CD 40/02 - Vamos Pa'' la Pista - Salsa.mp3');
insert into streams ("index","codec_name","codec_long_name","codec_type","codec_time_base","codec_tag_string","codec_tag","sample_fmt","sample_rate","channels","channel_layout","bits_per_sample","r_frame_rate","avg_frame_rate","time_base","start_pts","start_time","duration_ts","duration","bit_rate","filepath") values ('0','mp3','MP3 (MPEG audio layer 3)','audio','1/44100','[0][0][0][0]','0x0000','fltp','44100','2','stereo','0','0/0','0/0','1/14112000','0','0','3310755840','234.605714','154230','/media/pi/ZUKE/MUSIC/CDs/CD 40/03 - La Suavecita - Cumbia - Reggaeton.mp3');
insert into format ("filename","nb_streams","nb_programs","format_name","format_long_name","start_time","duration","size","bit_rate","probe_score","filepath") values ('/media/pi/ZUKE/MUSIC/CDs/CD 40/03 - La Suavecita - Cumbia - Reggaeton.mp3','1','0','mp3','MP2/3 (MPEG audio layer 2/3)','0','234.605714','4524160','154272','51','/media/pi/ZUKE/MUSIC/CDs/CD 40/03 - La Suavecita - Cumbia - Reggaeton.mp3');
insert into disposition ("default","dub","original","comment","lyrics","karaoke","forced","hearing_impaired","visual_impaired","clean_effects","attached_pic","timed_thumbnails","filepath") values ('0','0','0','0','0','0','0','0','0','0','0','0','/media/pi/ZUKE/MUSIC/CDs/CD 40/03 - La Suavecita - Cumbia - Reggaeton.mp3');
insert into tags ("album","composer","genre","title","artist","disc","track","filepath") values ('ZIN CD 40','Zumba Fitness','Cumbia,Reggaeton','La Suavecita','Zumba Fitness','1/1','03/09','/media/pi/ZUKE/MUSIC/CDs/CD 40/03 - La Suavecita - Cumbia - Reggaeton.mp3');
insert into mp3s ("filepath") values ('/media/pi/ZUKE/MUSIC/CDs/CD 40/03 - La Suavecita - Cumbia - Reggaeton.mp3');
insert into streams ("index","codec_name","codec_long_name","codec_type","codec_time_base","codec_tag_string","codec_tag","sample_fmt","sample_rate","channels","channel_layout","bits_per_sample","r_frame_rate","avg_frame_rate","time_base","start_pts","start_time","duration_ts","duration","bit_rate","filepath") values ('0','mp3','MP3 (MPEG audio layer 3)','audio','1/44100','[0][0][0][0]','0x0000','fltp','44100','2','stereo','0','0/0','0/0','1/14112000','0','0','3021742080','214.125714','155895','/media/pi/ZUKE/MUSIC/CDs/CD 40/04 - Fuera de Control - Reggaeton.mp3');
insert into format ("filename","nb_streams","nb_programs","format_name","format_long_name","start_time","duration","size","bit_rate","probe_score","filepath") values ('/media/pi/ZUKE/MUSIC/CDs/CD 40/04 - Fuera de Control - Reggaeton.mp3','1','0','mp3','MP2/3 (MPEG audio layer 2/3)','0','214.125714','4173952','155943','51','/media/pi/ZUKE/MUSIC/CDs/CD 40/04 - Fuera de Control - Reggaeton.mp3');
insert into disposition ("default","dub","original","comment","lyrics","karaoke","forced","hearing_impaired","visual_impaired","clean_effects","attached_pic","timed_thumbnails","filepath") values ('0','0','0','0','0','0','0','0','0','0','0','0','/media/pi/ZUKE/MUSIC/CDs/CD 40/04 - Fuera de Control - Reggaeton.mp3');
insert into tags ("album","composer","genre","title","artist","disc","track","filepath") values ('ZIN CD 40','Zumba Fitness','Reggaeton','Fuera de Control','Zumba Fitness','1/1','04/09','/media/pi/ZUKE/MUSIC/CDs/CD 40/04 - Fuera de Control - Reggaeton.mp3');
insert into mp3s ("filepath") values ('/media/pi/ZUKE/MUSIC/CDs/CD 40/04 - Fuera de Control - Reggaeton.mp3');
insert into streams ("index","codec_name","codec_long_name","codec_type","codec_time_base","codec_tag_string","codec_tag","sample_fmt","sample_rate","channels","channel_layout","bits_per_sample","r_frame_rate","avg_frame_rate","time_base","start_pts","start_time","duration_ts","duration","bit_rate","filepath") values ('0','mp3','MP3 (MPEG audio layer 3)','audio','1/44100','[0][0][0][0]','0x0000','fltp','44100','2','stereo','0','0/0','0/0','1/14112000','0','0','3862978560','273.737143','173208','/media/pi/ZUKE/MUSIC/CDs/CD 40/05 - Maria - Rumba Flamenca.mp3');
insert into format ("filename","nb_streams","nb_programs","format_name","format_long_name","start_time","duration","size","bit_rate","probe_score","filepath") values ('/media/pi/ZUKE/MUSIC/CDs/CD 40/05 - Maria - Rumba Flamenca.mp3','1','0','mp3','MP2/3 (MPEG audio layer 2/3)','0','273.737143','5927040','173218','51','/media/pi/ZUKE/MUSIC/CDs/CD 40/05 - Maria - Rumba Flamenca.mp3');
insert into disposition ("default","dub","original","comment","lyrics","karaoke","forced","hearing_impaired","visual_impaired","clean_effects","attached_pic","timed_thumbnails","filepath") values ('0','0','0','0','0','0','0','0','0','0','0','0','/media/pi/ZUKE/MUSIC/CDs/CD 40/05 - Maria - Rumba Flamenca.mp3');
insert into tags ("album","composer","genre","title","artist","disc","track","filepath") values ('ZIN CD 40','Zumba Fitness','Rumba Flamenca','Maria','Zumba Fitness','1/1','05/09','/media/pi/ZUKE/MUSIC/CDs/CD 40/05 - Maria - Rumba Flamenca.mp3');
insert into mp3s ("filepath") values ('/media/pi/ZUKE/MUSIC/CDs/CD 40/05 - Maria - Rumba Flamenca.mp3');
insert into streams ("index","codec_name","codec_long_name","codec_type","codec_time_base","codec_tag_string","codec_tag","sample_fmt","sample_rate","channels","channel_layout","bits_per_sample","r_frame_rate","avg_frame_rate","time_base","start_pts","start_time","duration_ts","duration","bit_rate","filepath") values ('0','mp3','MP3 (MPEG audio layer 3)','audio','1/44100','[0][0][0][0]','0x0000','fltp','44100','2','stereo','0','0/0','0/0','1/14112000','0','0','3825377280','271.072653','153033','/media/pi/ZUKE/MUSIC/CDs/CD 40/06 - Getting Nasty - Techno Dance.mp3');
insert into format ("filename","nb_streams","nb_programs","format_name","format_long_name","start_time","duration","size","bit_rate","probe_score","filepath") values ('/media/pi/ZUKE/MUSIC/CDs/CD 40/06 - Getting Nasty - Techno Dance.mp3','1','0','mp3','MP2/3 (MPEG audio layer 2/3)','0','271.072653','5185664','153041','51','/media/pi/ZUKE/MUSIC/CDs/CD 40/06 - Getting Nasty - Techno Dance.mp3');
insert into disposition ("default","dub","original","comment","lyrics","karaoke","forced","hearing_impaired","visual_impaired","clean_effects","attached_pic","timed_thumbnails","filepath") values ('0','0','0','0','0','0','0','0','0','0','0','0','/media/pi/ZUKE/MUSIC/CDs/CD 40/06 - Getting Nasty - Techno Dance.mp3');
insert into tags ("album","composer","genre","title","artist","disc","track","filepath") values ('ZIN CD 40','Zumba Fitness','Techno','Getting Nasty','Zumba Fitness','1/1','06/09','/media/pi/ZUKE/MUSIC/CDs/CD 40/06 - Getting Nasty - Techno Dance.mp3');
insert into mp3s ("filepath") values ('/media/pi/ZUKE/MUSIC/CDs/CD 40/06 - Getting Nasty - Techno Dance.mp3');
insert into streams ("index","codec_name","codec_long_name","codec_type","codec_time_base","codec_tag_string","codec_tag","sample_fmt","sample_rate","channels","channel_layout","bits_per_sample","r_frame_rate","avg_frame_rate","time_base","start_pts","start_time","duration_ts","duration","bit_rate","filepath") values ('0','mp3','MP3 (MPEG audio layer 3)','audio','1/44100','[0][0][0][0]','0x0000','fltp','44100','2','stereo','0','0/0','0/0','1/14112000','0','0','3380428800','239.542857','150663','/media/pi/ZUKE/MUSIC/CDs/CD 40/07 - Coisa Brasileira - Axe - Capoeira.mp3');
insert into format ("filename","nb_streams","nb_programs","format_name","format_long_name","start_time","duration","size","bit_rate","probe_score","filepath") values ('/media/pi/ZUKE/MUSIC/CDs/CD 40/07 - Coisa Brasileira - Axe - Capoeira.mp3','1','0','mp3','MP2/3 (MPEG audio layer 2/3)','0','239.542857','4511872','150682','51','/media/pi/ZUKE/MUSIC/CDs/CD 40/07 - Coisa Brasileira - Axe - Capoeira.mp3');
insert into disposition ("default","dub","original","comment","lyrics","karaoke","forced","hearing_impaired","visual_impaired","clean_effects","attached_pic","timed_thumbnails","filepath") values ('0','0','0','0','0','0','0','0','0','0','0','0','/media/pi/ZUKE/MUSIC/CDs/CD 40/07 - Coisa Brasileira - Axe - Capoeira.mp3');
insert into tags ("album","composer","genre","title","artist","disc","track","filepath") values ('ZIN CD 40','Zumba Fitness','Axe,Capoeira','Coisa Brasileira','Zumba Fitness','1/1','07/09','/media/pi/ZUKE/MUSIC/CDs/CD 40/07 - Coisa Brasileira - Axe - Capoeira.mp3');
insert into mp3s ("filepath") values ('/media/pi/ZUKE/MUSIC/CDs/CD 40/07 - Coisa Brasileira - Axe - Capoeira.mp3');
insert into streams ("index","codec_name","codec_long_name","codec_type","codec_time_base","codec_tag_string","codec_tag","sample_fmt","sample_rate","channels","channel_layout","bits_per_sample","r_frame_rate","avg_frame_rate","time_base","start_pts","start_time","duration_ts","duration","bit_rate","filepath") values ('0','mp3','MP3 (MPEG audio layer 3)','audio','1/44100','[0][0][0][0]','0x0000','fltp','44100','2','stereo','0','0/0','0/0','1/14112000','0','0','3455631360','244.871837','166174','/media/pi/ZUKE/MUSIC/CDs/CD 40/08 - Ponte los Tenis - Electro Merengue.mp3');
insert into format ("filename","nb_streams","nb_programs","format_name","format_long_name","start_time","duration","size","bit_rate","probe_score","filepath") values ('/media/pi/ZUKE/MUSIC/CDs/CD 40/08 - Ponte los Tenis - Electro Merengue.mp3','1','0','mp3','MP2/3 (MPEG audio layer 2/3)','0','244.871837','5087360','166204','51','/media/pi/ZUKE/MUSIC/CDs/CD 40/08 - Ponte los Tenis - Electro Merengue.mp3');
insert into disposition ("default","dub","original","comment","lyrics","karaoke","forced","hearing_impaired","visual_impaired","clean_effects","attached_pic","timed_thumbnails","filepath") values ('0','0','0','0','0','0','0','0','0','0','0','0','/media/pi/ZUKE/MUSIC/CDs/CD 40/08 - Ponte los Tenis - Electro Merengue.mp3');
insert into tags ("album","composer","genre","title","artist","disc","track","filepath") values ('ZIN CD 40','Zumba Fitness','Electro Merengue','Ponte los Tenis','Zumba Fitness','1/1','08/09','/media/pi/ZUKE/MUSIC/CDs/CD 40/08 - Ponte los Tenis - Electro Merengue.mp3');
insert into mp3s ("filepath") values ('/media/pi/ZUKE/MUSIC/CDs/CD 40/08 - Ponte los Tenis - Electro Merengue.mp3');
insert into streams ("index","codec_name","codec_long_name","codec_type","codec_time_base","codec_tag_string","codec_tag","sample_fmt","sample_rate","channels","channel_layout","bits_per_sample","r_frame_rate","avg_frame_rate","time_base","start_pts","start_time","duration_ts","duration","bit_rate","filepath") values ('0','mp3','MP3 (MPEG audio layer 3)','audio','1/44100','[0][0][0][0]','0x0000','fltp','44100','2','stereo','0','0/0','0/0','1/14112000','0','0','3100262400','219.689796','149768','/media/pi/ZUKE/MUSIC/CDs/CD 40/09 - Come On Eileen - Ska Punk.mp3');
insert into format ("filename","nb_streams","nb_programs","format_name","format_long_name","start_time","duration","size","bit_rate","probe_score","filepath") values ('/media/pi/ZUKE/MUSIC/CDs/CD 40/09 - Come On Eileen - Ska Punk.mp3','1','0','mp3','MP2/3 (MPEG audio layer 2/3)','0','219.689796','4114560','149831','51','/media/pi/ZUKE/MUSIC/CDs/CD 40/09 - Come On Eileen - Ska Punk.mp3');
insert into disposition ("default","dub","original","comment","lyrics","karaoke","forced","hearing_impaired","visual_impaired","clean_effects","attached_pic","timed_thumbnails","filepath") values ('0','0','0','0','0','0','0','0','0','0','0','0','/media/pi/ZUKE/MUSIC/CDs/CD 40/09 - Come On Eileen - Ska Punk.mp3');
insert into tags ("album","composer","genre","title","artist","disc","track","filepath") values ('ZIN CD 40','Zumba Fitness','Ska Punk','Come On Eileen','Zumba Fitness','1/1','09/09','/media/pi/ZUKE/MUSIC/CDs/CD 40/09 - Come On Eileen - Ska Punk.mp3');
insert into mp3s ("filepath") values ('/media/pi/ZUKE/MUSIC/CDs/CD 40/09 - Come On Eileen - Ska Punk.mp3');
insert into streams ("index","codec_name","codec_long_name","codec_type","codec_time_base","codec_tag_string","codec_tag","sample_fmt","sample_rate","channels","channel_layout","bits_per_sample","r_frame_rate","avg_frame_rate","time_base","start_pts","start_time","duration_ts","duration","bit_rate","filepath") values ('0','mp3','MP3 (MPEG audio layer 3)','audio','1/44100','[0][0][0][0]','0x0000','fltp','44100','2','stereo','0','0/0','0/0','1/14112000','0','0','4013752320','284.421224','159198','/media/pi/ZUKE/MUSIC/CDs/CD 41/01 - Mueve ese Eskeleto - Electro Merengue.mp3');
insert into format ("filename","nb_streams","nb_programs","format_name","format_long_name","start_time","duration","size","bit_rate","probe_score","filepath") values ('/media/pi/ZUKE/MUSIC/CDs/CD 41/01 - Mueve ese Eskeleto - Electro Merengue.mp3','1','0','mp3','MP2/3 (MPEG audio layer 2/3)','0','284.421224','5660800','159222','51','/media/pi/ZUKE/MUSIC/CDs/CD 41/01 - Mueve ese Eskeleto - Electro Merengue.mp3');
insert into disposition ("default","dub","original","comment","lyrics","karaoke","forced","hearing_impaired","visual_impaired","clean_effects","attached_pic","timed_thumbnails","filepath") values ('0','0','0','0','0','0','0','0','0','0','0','0','/media/pi/ZUKE/MUSIC/CDs/CD 41/01 - Mueve ese Eskeleto - Electro Merengue.mp3');
insert into tags ("album","composer","genre","title","artist","disc","track","filepath") values ('ZIN CD 41','Zumba Fitness','Electro Merengue','Mueve ese Eskeleto','Zumba Fitness','1/1','01/09','/media/pi/ZUKE/MUSIC/CDs/CD 41/01 - Mueve ese Eskeleto - Electro Merengue.mp3');
insert into mp3s ("filepath") values ('/media/pi/ZUKE/MUSIC/CDs/CD 41/01 - Mueve ese Eskeleto - Electro Merengue.mp3');
insert into streams ("index","codec_name","codec_long_name","codec_type","codec_time_base","codec_tag_string","codec_tag","sample_fmt","sample_rate","channels","channel_layout","bits_per_sample","r_frame_rate","avg_frame_rate","time_base","start_pts","start_time","duration_ts","duration","bit_rate","filepath") values ('0','mp3','MP3 (MPEG audio layer 3)','audio','1/44100','[0][0][0][0]','0x0000','fltp','44100','2','stereo','0','0/0','0/0','1/14112000','0','0','3385589760','239.908571','148568','/media/pi/ZUKE/MUSIC/CDs/CD 41/02 - Pretenciosa - Salsa.mp3');
insert into format ("filename","nb_streams","nb_programs","format_name","format_long_name","start_time","duration","size","bit_rate","probe_score","filepath") values ('/media/pi/ZUKE/MUSIC/CDs/CD 41/02 - Pretenciosa - Salsa.mp3','1','0','mp3','MP2/3 (MPEG audio layer 2/3)','0','239.908571','4456576','148609','51','/media/pi/ZUKE/MUSIC/CDs/CD 41/02 - Pretenciosa - Salsa.mp3');
insert into disposition ("default","dub","original","comment","lyrics","karaoke","forced","hearing_impaired","visual_impaired","clean_effects","attached_pic","timed_thumbnails","filepath") values ('0','0','0','0','0','0','0','0','0','0','0','0','/media/pi/ZUKE/MUSIC/CDs/CD 41/02 - Pretenciosa - Salsa.mp3');
insert into tags ("album","composer","genre","title","artist","disc","track","filepath") values ('ZIN CD 41','Zumba Fitness','Salsa','Pretenciosa','Zumba Fitness','1/1','02/09','/media/pi/ZUKE/MUSIC/CDs/CD 41/02 - Pretenciosa - Salsa.mp3');
insert into mp3s ("filepath") values ('/media/pi/ZUKE/MUSIC/CDs/CD 41/02 - Pretenciosa - Salsa.mp3');
insert into streams ("index","codec_name","codec_long_name","codec_type","codec_time_base","codec_tag_string","codec_tag","sample_fmt","sample_rate","channels","channel_layout","bits_per_sample","r_frame_rate","avg_frame_rate","time_base","start_pts","start_time","duration_ts","duration","bit_rate","filepath") values ('0','mp3','MP3 (MPEG audio layer 3)','audio','1/44100','[0][0][0][0]','0x0000','fltp','44100','2','stereo','0','0/0','0/0','1/14112000','0','0','2752634880','195.056327','165683','/media/pi/ZUKE/MUSIC/CDs/CD 41/03 - Me Gustan Todas - Techno Cumbia.mp3');
insert into format ("filename","nb_streams","nb_programs","format_name","format_long_name","start_time","duration","size","bit_rate","probe_score","filepath") values ('/media/pi/ZUKE/MUSIC/CDs/CD 41/03 - Me Gustan Todas - Techno Cumbia.mp3','1','0','mp3','MP2/3 (MPEG audio layer 2/3)','0','195.056327','4040832','165729','51','/media/pi/ZUKE/MUSIC/CDs/CD 41/03 - Me Gustan Todas - Techno Cumbia.mp3');
insert into disposition ("default","dub","original","comment","lyrics","karaoke","forced","hearing_impaired","visual_impaired","clean_effects","attached_pic","timed_thumbnails","filepath") values ('0','0','0','0','0','0','0','0','0','0','0','0','/media/pi/ZUKE/MUSIC/CDs/CD 41/03 - Me Gustan Todas - Techno Cumbia.mp3');
insert into tags ("album","composer","genre","title","artist","disc","track","filepath") values ('ZIN CD 41','Zumba Fitness','Techno Cumbia','Me Gustan Todas','Zumba Fitness','1/1','03/09','/media/pi/ZUKE/MUSIC/CDs/CD 41/03 - Me Gustan Todas - Techno Cumbia.mp3');
insert into mp3s ("filepath") values ('/media/pi/ZUKE/MUSIC/CDs/CD 41/03 - Me Gustan Todas - Techno Cumbia.mp3');
insert into streams ("index","codec_name","codec_long_name","codec_type","codec_time_base","codec_tag_string","codec_tag","sample_fmt","sample_rate","channels","channel_layout","bits_per_sample","r_frame_rate","avg_frame_rate","time_base","start_pts","start_time","duration_ts","duration","bit_rate","filepath") values ('0','mp3','MP3 (MPEG audio layer 3)','audio','1/44100','[0][0][0][0]','0x0000','fltp','44100','2','stereo','0','0/0','0/0','1/14112000','0','0','3053076480','216.346122','149316','/media/pi/ZUKE/MUSIC/CDs/CD 41/04 - Pose - Reggaeton.mp3');
insert into format ("filename","nb_streams","nb_programs","format_name","format_long_name","start_time","duration","size","bit_rate","probe_score","filepath") values ('/media/pi/ZUKE/MUSIC/CDs/CD 41/04 - Pose - Reggaeton.mp3','1','0','mp3','MP2/3 (MPEG audio layer 2/3)','0','216.346122','4038784','149345','51','/media/pi/ZUKE/MUSIC/CDs/CD 41/04 - Pose - Reggaeton.mp3');
insert into disposition ("default","dub","original","comment","lyrics","karaoke","forced","hearing_impaired","visual_impaired","clean_effects","attached_pic","timed_thumbnails","filepath") values ('0','0','0','0','0','0','0','0','0','0','0','0','/media/pi/ZUKE/MUSIC/CDs/CD 41/04 - Pose - Reggaeton.mp3');
insert into tags ("album","composer","genre","title","artist","disc","track","filepath") values ('ZIN CD 41','Zumba Fitness','Reggaeton','Pose','Zumba Fitness','1/1','04/09','/media/pi/ZUKE/MUSIC/CDs/CD 41/04 - Pose - Reggaeton.mp3');
insert into mp3s ("filepath") values ('/media/pi/ZUKE/MUSIC/CDs/CD 41/04 - Pose - Reggaeton.mp3');
insert into streams ("index","codec_name","codec_long_name","codec_type","codec_time_base","codec_tag_string","codec_tag","sample_fmt","sample_rate","channels","channel_layout","bits_per_sample","r_frame_rate","avg_frame_rate","time_base","start_pts","start_time","duration_ts","duration","bit_rate","filepath") values ('0','mp3','MP3 (MPEG audio layer 3)','audio','1/44100','[0][0][0][0]','0x0000','fltp','44100','2','stereo','0','0/0','0/0','1/14112000','0','0','3644006400','258.220408','161223','/media/pi/ZUKE/MUSIC/CDs/CD 41/05 - Now That We Found Love - Disco Rap.mp3');
insert into format ("filename","nb_streams","nb_programs","format_name","format_long_name","start_time","duration","size","bit_rate","probe_score","filepath") values ('/media/pi/ZUKE/MUSIC/CDs/CD 41/05 - Now That We Found Love - Disco Rap.mp3','1','0','mp3','MP2/3 (MPEG audio layer 2/3)','0','258.220408','5206144','161293','51','/media/pi/ZUKE/MUSIC/CDs/CD 41/05 - Now That We Found Love - Disco Rap.mp3');
insert into disposition ("default","dub","original","comment","lyrics","karaoke","forced","hearing_impaired","visual_impaired","clean_effects","attached_pic","timed_thumbnails","filepath") values ('0','0','0','0','0','0','0','0','0','0','0','0','/media/pi/ZUKE/MUSIC/CDs/CD 41/05 - Now That We Found Love - Disco Rap.mp3');
insert into tags ("album","composer","genre","title","artist","disc","track","filepath") values ('ZIN CD 41','Zumba Fitness','Disco Rap','Now That We Found Love','Zumba Fitness','1/1','05/09','/media/pi/ZUKE/MUSIC/CDs/CD 41/05 - Now That We Found Love - Disco Rap.mp3');
insert into mp3s ("filepath") values ('/media/pi/ZUKE/MUSIC/CDs/CD 41/05 - Now That We Found Love - Disco Rap.mp3');
insert into streams ("index","codec_name","codec_long_name","codec_type","codec_time_base","codec_tag_string","codec_tag","sample_fmt","sample_rate","channels","channel_layout","bits_per_sample","r_frame_rate","avg_frame_rate","time_base","start_pts","start_time","duration_ts","duration","bit_rate","filepath") values ('0','mp3','MP3 (MPEG audio layer 3)','audio','1/44100','[0][0][0][0]','0x0000','fltp','44100','2','stereo','0','0/0','0/0','1/14112000','0','0','3147448320','223.033469','169307','/media/pi/ZUKE/MUSIC/CDs/CD 41/06 - Mereketengue - Pasito Duranguense.mp3');
insert into format ("filename","nb_streams","nb_programs","format_name","format_long_name","start_time","duration","size","bit_rate","probe_score","filepath") values ('/media/pi/ZUKE/MUSIC/CDs/CD 41/06 - Mereketengue - Pasito Duranguense.mp3','1','0','mp3','MP2/3 (MPEG audio layer 2/3)','0','223.033469','4720768','169329','51','/media/pi/ZUKE/MUSIC/CDs/CD 41/06 - Mereketengue - Pasito Duranguense.mp3');
insert into disposition ("default","dub","original","comment","lyrics","karaoke","forced","hearing_impaired","visual_impaired","clean_effects","attached_pic","timed_thumbnails","filepath") values ('0','0','0','0','0','0','0','0','0','0','0','0','/media/pi/ZUKE/MUSIC/CDs/CD 41/06 - Mereketengue - Pasito Duranguense.mp3');
insert into tags ("album","composer","genre","title","artist","disc","track","filepath") values ('ZIN CD 41','Zumba Fitness','Pasito Duranguense','Mereketengue','Zumba Fitness','1/1','06/09','/media/pi/ZUKE/MUSIC/CDs/CD 41/06 - Mereketengue - Pasito Duranguense.mp3');
insert into mp3s ("filepath") values ('/media/pi/ZUKE/MUSIC/CDs/CD 41/06 - Mereketengue - Pasito Duranguense.mp3');
insert into streams ("index","codec_name","codec_long_name","codec_type","codec_time_base","codec_tag_string","codec_tag","sample_fmt","sample_rate","channels","channel_layout","bits_per_sample","r_frame_rate","avg_frame_rate","time_base","start_pts","start_time","duration_ts","duration","bit_rate","filepath") values ('0','mp3','MP3 (MPEG audio layer 3)','audio','1/44100','[0][0][0][0]','0x0000','fltp','44100','2','stereo','0','0/0','0/0','1/14112000','0','0','3651010560','258.716735','158752','/media/pi/ZUKE/MUSIC/CDs/CD 41/07 - Bem Vindos - Funk.mp3');
insert into format ("filename","nb_streams","nb_programs","format_name","format_long_name","start_time","duration","size","bit_rate","probe_score","filepath") values ('/media/pi/ZUKE/MUSIC/CDs/CD 41/07 - Bem Vindos - Funk.mp3','1','0','mp3','MP2/3 (MPEG audio layer 2/3)','0','258.716735','5134464','158767','51','/media/pi/ZUKE/MUSIC/CDs/CD 41/07 - Bem Vindos - Funk.mp3');
insert into disposition ("default","dub","original","comment","lyrics","karaoke","forced","hearing_impaired","visual_impaired","clean_effects","attached_pic","timed_thumbnails","filepath") values ('0','0','0','0','0','0','0','0','0','0','0','0','/media/pi/ZUKE/MUSIC/CDs/CD 41/07 - Bem Vindos - Funk.mp3');
insert into tags ("album","composer","genre","title","artist","disc","track","filepath") values ('ZIN CD 41','Zumba Fitness','Funk','Bem Vindos','Zumba Fitness','1/1','07/09','/media/pi/ZUKE/MUSIC/CDs/CD 41/07 - Bem Vindos - Funk.mp3');
insert into mp3s ("filepath") values ('/media/pi/ZUKE/MUSIC/CDs/CD 41/07 - Bem Vindos - Funk.mp3');
insert into streams ("index","codec_name","codec_long_name","codec_type","codec_time_base","codec_tag_string","codec_tag","sample_fmt","sample_rate","channels","channel_layout","bits_per_sample","r_frame_rate","avg_frame_rate","time_base","start_pts","start_time","duration_ts","duration","bit_rate","filepath") values ('0','mp3','MP3 (MPEG audio layer 3)','audio','1/44100','[0][0][0][0]','0x0000','fltp','44100','2','stereo','0','0/0','0/0','1/14112000','0','0','3277946880','232.280816','168128','/media/pi/ZUKE/MUSIC/CDs/CD 41/08 - Taca Taca - Merengue - Calypso.mp3');
insert into format ("filename","nb_streams","nb_programs","format_name","format_long_name","start_time","duration","size","bit_rate","probe_score","filepath") values ('/media/pi/ZUKE/MUSIC/CDs/CD 41/08 - Taca Taca - Merengue - Calypso.mp3','1','0','mp3','MP2/3 (MPEG audio layer 2/3)','0','232.280816','4882560','168160','51','/media/pi/ZUKE/MUSIC/CDs/CD 41/08 - Taca Taca - Merengue - Calypso.mp3');
insert into disposition ("default","dub","original","comment","lyrics","karaoke","forced","hearing_impaired","visual_impaired","clean_effects","attached_pic","timed_thumbnails","filepath") values ('0','0','0','0','0','0','0','0','0','0','0','0','/media/pi/ZUKE/MUSIC/CDs/CD 41/08 - Taca Taca - Merengue - Calypso.mp3');
insert into tags ("album","composer","genre","title","artist","disc","track","filepath") values ('ZIN CD 41','Zumba Fitness','Merengue,Calypso','Taca Taca','Zumba Fitness','1/1','08/09','/media/pi/ZUKE/MUSIC/CDs/CD 41/08 - Taca Taca - Merengue - Calypso.mp3');
insert into mp3s ("filepath") values ('/media/pi/ZUKE/MUSIC/CDs/CD 41/08 - Taca Taca - Merengue - Calypso.mp3');
insert into streams ("index","codec_name","codec_long_name","codec_type","codec_time_base","codec_tag_string","codec_tag","sample_fmt","sample_rate","channels","channel_layout","bits_per_sample","r_frame_rate","avg_frame_rate","time_base","start_pts","start_time","duration_ts","duration","bit_rate","filepath") values ('0','mp3','MP3 (MPEG audio layer 3)','audio','1/44100','[0][0][0][0]','0x0000','fltp','44100','2','stereo','0','0/0','0/0','1/14112000','0','0','2465464320','174.706939','148561','/media/pi/ZUKE/MUSIC/CDs/CD 41/09 - Como un Angel - Reggaeton Pop.mp3');
insert into format ("filename","nb_streams","nb_programs","format_name","format_long_name","start_time","duration","size","bit_rate","probe_score","filepath") values ('/media/pi/ZUKE/MUSIC/CDs/CD 41/09 - Como un Angel - Reggaeton Pop.mp3','1','0','mp3','MP2/3 (MPEG audio layer 2/3)','0','174.706939','3246208','148647','51','/media/pi/ZUKE/MUSIC/CDs/CD 41/09 - Como un Angel - Reggaeton Pop.mp3');
insert into disposition ("default","dub","original","comment","lyrics","karaoke","forced","hearing_impaired","visual_impaired","clean_effects","attached_pic","timed_thumbnails","filepath") values ('0','0','0','0','0','0','0','0','0','0','0','0','/media/pi/ZUKE/MUSIC/CDs/CD 41/09 - Como un Angel - Reggaeton Pop.mp3');
insert into tags ("album","composer","genre","title","artist","disc","track","filepath") values ('ZIN CD 41','Zumba Fitness','Reggaeton Pop','Como un Angel','Zumba Fitness','1/1','09/09','/media/pi/ZUKE/MUSIC/CDs/CD 41/09 - Como un Angel - Reggaeton Pop.mp3');
insert into mp3s ("filepath") values ('/media/pi/ZUKE/MUSIC/CDs/CD 41/09 - Como un Angel - Reggaeton Pop.mp3');
insert into streams ("index","codec_name","codec_long_name","codec_type","codec_time_base","codec_tag_string","codec_tag","sample_fmt","sample_rate","channels","channel_layout","bits_per_sample","r_frame_rate","avg_frame_rate","time_base","start_pts","start_time","duration_ts","duration","bit_rate","filepath") values ('0','mp3','MP3 (MPEG audio layer 3)','audio','1/44100','[0][0][0][0]','0x0000','fltp','44100','2','stereo','0','0/0','0/0','1/14112000','0','0','3366420480','238.550204','176261','/media/pi/ZUKE/MUSIC/CDs/CD 42/01 - Pa'' que lo Bailen Bien - Cumbiaton.mp3');
insert into format ("filename","nb_streams","nb_programs","format_name","format_long_name","start_time","duration","size","bit_rate","probe_score","filepath") values ('/media/pi/ZUKE/MUSIC/CDs/CD 42/01 - Pa'' que lo Bailen Bien - Cumbiaton.mp3','1','0','mp3','MP2/3 (MPEG audio layer 2/3)','0','238.550204','5257344','176309','51','/media/pi/ZUKE/MUSIC/CDs/CD 42/01 - Pa'' que lo Bailen Bien - Cumbiaton.mp3');
insert into disposition ("default","dub","original","comment","lyrics","karaoke","forced","hearing_impaired","visual_impaired","clean_effects","attached_pic","timed_thumbnails","filepath") values ('0','0','0','0','0','0','0','0','0','0','0','0','/media/pi/ZUKE/MUSIC/CDs/CD 42/01 - Pa'' que lo Bailen Bien - Cumbiaton.mp3');
insert into tags ("album","composer","genre","title","artist","disc","track","filepath") values ('ZIN CD 42','Zumba Fitness','Cumbiaton','Pa'' que lo Bailen Bien','Zumba Fitness','1/1','01/10','/media/pi/ZUKE/MUSIC/CDs/CD 42/01 - Pa'' que lo Bailen Bien - Cumbiaton.mp3');
insert into mp3s ("filepath") values ('/media/pi/ZUKE/MUSIC/CDs/CD 42/01 - Pa'' que lo Bailen Bien - Cumbiaton.mp3');
insert into streams ("index","codec_name","codec_long_name","codec_type","codec_time_base","codec_tag_string","codec_tag","sample_fmt","sample_rate","channels","channel_layout","bits_per_sample","r_frame_rate","avg_frame_rate","time_base","start_pts","start_time","duration_ts","duration","bit_rate","filepath") values ('0','mp3','MP3 (MPEG audio layer 3)','audio','1/44100','[0][0][0][0]','0x0000','fltp','44100','2','stereo','0','0/0','0/0','1/14112000','0','0','3695984640','261.903673','172519','/media/pi/ZUKE/MUSIC/CDs/CD 42/02 - Del Puente Pa'' alla - Salsa.mp3');
insert into format ("filename","nb_streams","nb_programs","format_name","format_long_name","start_time","duration","size","bit_rate","probe_score","filepath") values ('/media/pi/ZUKE/MUSIC/CDs/CD 42/02 - Del Puente Pa'' alla - Salsa.mp3','1','0','mp3','MP2/3 (MPEG audio layer 2/3)','0','261.903673','5648512','172537','51','/media/pi/ZUKE/MUSIC/CDs/CD 42/02 - Del Puente Pa'' alla - Salsa.mp3');
insert into disposition ("default","dub","original","comment","lyrics","karaoke","forced","hearing_impaired","visual_impaired","clean_effects","attached_pic","timed_thumbnails","filepath") values ('0','0','0','0','0','0','0','0','0','0','0','0','/media/pi/ZUKE/MUSIC/CDs/CD 42/02 - Del Puente Pa'' alla - Salsa.mp3');
insert into tags ("album","composer","genre","title","artist","disc","track","filepath") values ('ZIN CD 42','Zumba Fitness','Salsa','Del Puente Pa'' alla','Zumba Fitness','1/1','02/10','/media/pi/ZUKE/MUSIC/CDs/CD 42/02 - Del Puente Pa'' alla - Salsa.mp3');
insert into mp3s ("filepath") values ('/media/pi/ZUKE/MUSIC/CDs/CD 42/02 - Del Puente Pa'' alla - Salsa.mp3');
insert into streams ("index","codec_name","codec_long_name","codec_type","codec_time_base","codec_tag_string","codec_tag","sample_fmt","sample_rate","channels","channel_layout","bits_per_sample","r_frame_rate","avg_frame_rate","time_base","start_pts","start_time","duration_ts","duration","bit_rate","filepath") values ('0','mp3','MP3 (MPEG audio layer 3)','audio','1/44100','[0][0][0][0]','0x0000','fltp','44100','2','stereo','0','0/0','0/0','1/14112000','0','0','3773399040','267.389388','172291','/media/pi/ZUKE/MUSIC/CDs/CD 42/03 - Rumba en Moscu - Russian Folk.mp3');
insert into format ("filename","nb_streams","nb_programs","format_name","format_long_name","start_time","duration","size","bit_rate","probe_score","filepath") values ('/media/pi/ZUKE/MUSIC/CDs/CD 42/03 - Rumba en Moscu - Russian Folk.mp3','1','0','mp3','MP2/3 (MPEG audio layer 2/3)','0','267.389388','5759104','172306','51','/media/pi/ZUKE/MUSIC/CDs/CD 42/03 - Rumba en Moscu - Russian Folk.mp3');
insert into disposition ("default","dub","original","comment","lyrics","karaoke","forced","hearing_impaired","visual_impaired","clean_effects","attached_pic","timed_thumbnails","filepath") values ('0','0','0','0','0','0','0','0','0','0','0','0','/media/pi/ZUKE/MUSIC/CDs/CD 42/03 - Rumba en Moscu - Russian Folk.mp3');
insert into tags ("album","composer","genre","title","artist","disc","track","filepath") values ('ZIN CD 42','Zumba Fitness','Russian Folk','Rumba en Moscu','Zumba Fitness','1/1','03/10','/media/pi/ZUKE/MUSIC/CDs/CD 42/03 - Rumba en Moscu - Russian Folk.mp3');
insert into mp3s ("filepath") values ('/media/pi/ZUKE/MUSIC/CDs/CD 42/03 - Rumba en Moscu - Russian Folk.mp3');
insert into streams ("index","codec_name","codec_long_name","codec_type","codec_time_base","codec_tag_string","codec_tag","sample_fmt","sample_rate","channels","channel_layout","bits_per_sample","r_frame_rate","avg_frame_rate","time_base","start_pts","start_time","duration_ts","duration","bit_rate","filepath") values ('0','mp3','MP3 (MPEG audio layer 3)','audio','1/44100','[0][0][0][0]','0x0000','fltp','44100','2','stereo','0','0/0','0/0','1/14112000','0','0','2726830080','193.227755','169534','/media/pi/ZUKE/MUSIC/CDs/CD 42/04 - Intentalo (Me Prende) - Tribal.mp3');
insert into format ("filename","nb_streams","nb_programs","format_name","format_long_name","start_time","duration","size","bit_rate","probe_score","filepath") values ('/media/pi/ZUKE/MUSIC/CDs/CD 42/04 - Intentalo (Me Prende) - Tribal.mp3','1','0','mp3','MP2/3 (MPEG audio layer 2/3)','0','193.227755','4096128','169587','51','/media/pi/ZUKE/MUSIC/CDs/CD 42/04 - Intentalo (Me Prende) - Tribal.mp3');
insert into disposition ("default","dub","original","comment","lyrics","karaoke","forced","hearing_impaired","visual_impaired","clean_effects","attached_pic","timed_thumbnails","filepath") values ('0','0','0','0','0','0','0','0','0','0','0','0','/media/pi/ZUKE/MUSIC/CDs/CD 42/04 - Intentalo (Me Prende) - Tribal.mp3');
insert into tags ("album","composer","genre","title","artist","disc","track","filepath") values ('ZIN CD 42','Zumba Fitness','Tribal','Intentalo (Me Prende)','Zumba Fitness','1/1','04/10','/media/pi/ZUKE/MUSIC/CDs/CD 42/04 - Intentalo (Me Prende) - Tribal.mp3');
insert into mp3s ("filepath") values ('/media/pi/ZUKE/MUSIC/CDs/CD 42/04 - Intentalo (Me Prende) - Tribal.mp3');
insert into streams ("index","codec_name","codec_long_name","codec_type","codec_time_base","codec_tag_string","codec_tag","sample_fmt","sample_rate","channels","channel_layout","bits_per_sample","r_frame_rate","avg_frame_rate","time_base","start_pts","start_time","duration_ts","duration","bit_rate","filepath") values ('0','mp3','MP3 (MPEG audio layer 3)','audio','1/44100','[0][0][0][0]','0x0000','fltp','44100','2','stereo','0','0/0','0/0','1/14112000','0','0','2690334720','190.641633','168346','/media/pi/ZUKE/MUSIC/CDs/CD 42/05 - Fiesta Buena - Latin Hip-Hop - Dance.mp3');
insert into format ("filename","nb_streams","nb_programs","format_name","format_long_name","start_time","duration","size","bit_rate","probe_score","filepath") values ('/media/pi/ZUKE/MUSIC/CDs/CD 42/05 - Fiesta Buena - Latin Hip-Hop - Dance.mp3','1','0','mp3','MP2/3 (MPEG audio layer 2/3)','0','190.641633','4012160','168364','51','/media/pi/ZUKE/MUSIC/CDs/CD 42/05 - Fiesta Buena - Latin Hip-Hop - Dance.mp3');
insert into disposition ("default","dub","original","comment","lyrics","karaoke","forced","hearing_impaired","visual_impaired","clean_effects","attached_pic","timed_thumbnails","filepath") values ('0','0','0','0','0','0','0','0','0','0','0','0','/media/pi/ZUKE/MUSIC/CDs/CD 42/05 - Fiesta Buena - Latin Hip-Hop - Dance.mp3');
insert into tags ("album","composer","genre","title","artist","disc","track","filepath") values ('ZIN CD 42','Zumba Fitness','Latin Hip-Hop','Fiesta Buena','Zumba Fitness','1/1','05/10','/media/pi/ZUKE/MUSIC/CDs/CD 42/05 - Fiesta Buena - Latin Hip-Hop - Dance.mp3');
insert into mp3s ("filepath") values ('/media/pi/ZUKE/MUSIC/CDs/CD 42/05 - Fiesta Buena - Latin Hip-Hop - Dance.mp3');
insert into streams ("index","codec_name","codec_long_name","codec_type","codec_time_base","codec_tag_string","codec_tag","sample_fmt","sample_rate","channels","channel_layout","bits_per_sample","r_frame_rate","avg_frame_rate","time_base","start_pts","start_time","duration_ts","duration","bit_rate","filepath") values ('0','mp3','MP3 (MPEG audio layer 3)','audio','1/44100','[0][0][0][0]','0x0000','fltp','44100','2','stereo','0','0/0','0/0','1/14112000','0','0','2626928640','186.148571','164454','/media/pi/ZUKE/MUSIC/CDs/CD 42/06 - Corazoncito Bonito - Bachata - Merengue.mp3');
insert into format ("filename","nb_streams","nb_programs","format_name","format_long_name","start_time","duration","size","bit_rate","probe_score","filepath") values ('/media/pi/ZUKE/MUSIC/CDs/CD 42/06 - Corazoncito Bonito - Bachata - Merengue.mp3','1','0','mp3','MP2/3 (MPEG audio layer 2/3)','0','186.148571','3827840','164506','51','/media/pi/ZUKE/MUSIC/CDs/CD 42/06 - Corazoncito Bonito - Bachata - Merengue.mp3');
insert into disposition ("default","dub","original","comment","lyrics","karaoke","forced","hearing_impaired","visual_impaired","clean_effects","attached_pic","timed_thumbnails","filepath") values ('0','0','0','0','0','0','0','0','0','0','0','0','/media/pi/ZUKE/MUSIC/CDs/CD 42/06 - Corazoncito Bonito - Bachata - Merengue.mp3');
insert into tags ("album","composer","genre","title","artist","disc","track","filepath") values ('ZIN CD 42','Zumba Fitness','Bachata,Merengue','Corazoncito Bonito','Zumba Fitness','1/1','06/10','/media/pi/ZUKE/MUSIC/CDs/CD 42/06 - Corazoncito Bonito - Bachata - Merengue.mp3');
insert into mp3s ("filepath") values ('/media/pi/ZUKE/MUSIC/CDs/CD 42/06 - Corazoncito Bonito - Bachata - Merengue.mp3');
insert into streams ("index","codec_name","codec_long_name","codec_type","codec_time_base","codec_tag_string","codec_tag","sample_fmt","sample_rate","channels","channel_layout","bits_per_sample","r_frame_rate","avg_frame_rate","time_base","start_pts","start_time","duration_ts","duration","bit_rate","filepath") values ('0','mp3','MP3 (MPEG audio layer 3)','audio','1/44100','[0][0][0][0]','0x0000','fltp','44100','2','stereo','0','0/0','0/0','1/14112000','0','0','3262464000','231.183673','171914','/media/pi/ZUKE/MUSIC/CDs/CD 42/07 - Move Ya Body - Hip-Hop.mp3');
insert into format ("filename","nb_streams","nb_programs","format_name","format_long_name","start_time","duration","size","bit_rate","probe_score","filepath") values ('/media/pi/ZUKE/MUSIC/CDs/CD 42/07 - Move Ya Body - Hip-Hop.mp3','1','0','mp3','MP2/3 (MPEG audio layer 2/3)','0','231.183673','4968576','171935','51','/media/pi/ZUKE/MUSIC/CDs/CD 42/07 - Move Ya Body - Hip-Hop.mp3');
insert into disposition ("default","dub","original","comment","lyrics","karaoke","forced","hearing_impaired","visual_impaired","clean_effects","attached_pic","timed_thumbnails","filepath") values ('0','0','0','0','0','0','0','0','0','0','0','0','/media/pi/ZUKE/MUSIC/CDs/CD 42/07 - Move Ya Body - Hip-Hop.mp3');
insert into tags ("album","composer","genre","title","artist","disc","track","filepath") values ('ZIN CD 42','Zumba Fitness','Hip-Hop','Move Ya Body','Zumba Fitness','1/1','07/10','/media/pi/ZUKE/MUSIC/CDs/CD 42/07 - Move Ya Body - Hip-Hop.mp3');
insert into mp3s ("filepath") values ('/media/pi/ZUKE/MUSIC/CDs/CD 42/07 - Move Ya Body - Hip-Hop.mp3');
insert into streams ("index","codec_name","codec_long_name","codec_type","codec_time_base","codec_tag_string","codec_tag","sample_fmt","sample_rate","channels","channel_layout","bits_per_sample","r_frame_rate","avg_frame_rate","time_base","start_pts","start_time","duration_ts","duration","bit_rate","filepath") values ('0','mp3','MP3 (MPEG audio layer 3)','audio','1/44100','[0][0][0][0]','0x0000','fltp','44100','2','stereo','0','0/0','0/0','1/14112000','0','0','2127421440','150.752653','164676','/media/pi/ZUKE/MUSIC/CDs/CD 42/08 - Give it Up - Champeta - Soca.mp3');
insert into format ("filename","nb_streams","nb_programs","format_name","format_long_name","start_time","duration","size","bit_rate","probe_score","filepath") values ('/media/pi/ZUKE/MUSIC/CDs/CD 42/08 - Give it Up - Champeta - Soca.mp3','1','0','mp3','MP2/3 (MPEG audio layer 2/3)','0','150.752653','3104896','164767','51','/media/pi/ZUKE/MUSIC/CDs/CD 42/08 - Give it Up - Champeta - Soca.mp3');
insert into disposition ("default","dub","original","comment","lyrics","karaoke","forced","hearing_impaired","visual_impaired","clean_effects","attached_pic","timed_thumbnails","filepath") values ('0','0','0','0','0','0','0','0','0','0','0','0','/media/pi/ZUKE/MUSIC/CDs/CD 42/08 - Give it Up - Champeta - Soca.mp3');
insert into tags ("album","composer","genre","title","artist","disc","track","filepath") values ('ZIN CD 42','Zumba Fitness','Champeta,Soca','Give it Up','Zumba Fitness','1/1','08/10','/media/pi/ZUKE/MUSIC/CDs/CD 42/08 - Give it Up - Champeta - Soca.mp3');
insert into mp3s ("filepath") values ('/media/pi/ZUKE/MUSIC/CDs/CD 42/08 - Give it Up - Champeta - Soca.mp3');
insert into streams ("index","codec_name","codec_long_name","codec_type","codec_time_base","codec_tag_string","codec_tag","sample_fmt","sample_rate","channels","channel_layout","bits_per_sample","r_frame_rate","avg_frame_rate","time_base","start_pts","start_time","duration_ts","duration","bit_rate","filepath") values ('0','mp3','MP3 (MPEG audio layer 3)','audio','1/44100','[0][0][0][0]','0x0000','fltp','44100','2','stereo','0','0/0','0/0','1/14112000','0','0','2792448000','197.877551','165226','/media/pi/ZUKE/MUSIC/CDs/CD 42/09 - Sexy and I Know it - Electro House.mp3');
insert into format ("filename","nb_streams","nb_programs","format_name","format_long_name","start_time","duration","size","bit_rate","probe_score","filepath") values ('/media/pi/ZUKE/MUSIC/CDs/CD 42/09 - Sexy and I Know it - Electro House.mp3','1','0','mp3','MP2/3 (MPEG audio layer 2/3)','0','197.877551','4087936','165271','51','/media/pi/ZUKE/MUSIC/CDs/CD 42/09 - Sexy and I Know it - Electro House.mp3');
insert into disposition ("default","dub","original","comment","lyrics","karaoke","forced","hearing_impaired","visual_impaired","clean_effects","attached_pic","timed_thumbnails","filepath") values ('0','0','0','0','0','0','0','0','0','0','0','0','/media/pi/ZUKE/MUSIC/CDs/CD 42/09 - Sexy and I Know it - Electro House.mp3');
insert into tags ("album","composer","genre","title","artist","disc","track","filepath") values ('ZIN CD 42','Zumba Fitness','Electro House','Sexy and I Know it','Zumba Fitness','1/1','09/10','/media/pi/ZUKE/MUSIC/CDs/CD 42/09 - Sexy and I Know it - Electro House.mp3');
insert into mp3s ("filepath") values ('/media/pi/ZUKE/MUSIC/CDs/CD 42/09 - Sexy and I Know it - Electro House.mp3');
insert into streams ("index","codec_name","codec_long_name","codec_type","codec_time_base","codec_tag_string","codec_tag","sample_fmt","sample_rate","channels","channel_layout","bits_per_sample","r_frame_rate","avg_frame_rate","time_base","start_pts","start_time","duration_ts","duration","bit_rate","filepath") values ('0','mp3','MP3 (MPEG audio layer 3)','audio','1/44100','[0][0][0][0]','0x0000','fltp','44100','2','stereo','0','0/0','0/0','1/14112000','0','0','27343872000','1937.632653','168304','/media/pi/ZUKE/MUSIC/CDs/CD 42/10 - ZIN 42 Club Remix - Club Remix.mp3');
insert into format ("filename","nb_streams","nb_programs","format_name","format_long_name","start_time","duration","size","bit_rate","probe_score","filepath") values ('/media/pi/ZUKE/MUSIC/CDs/CD 42/10 - ZIN 42 Club Remix - Club Remix.mp3','1','0','mp3','MP2/3 (MPEG audio layer 2/3)','0','1937.632653','40765568','168310','51','/media/pi/ZUKE/MUSIC/CDs/CD 42/10 - ZIN 42 Club Remix - Club Remix.mp3');
insert into disposition ("default","dub","original","comment","lyrics","karaoke","forced","hearing_impaired","visual_impaired","clean_effects","attached_pic","timed_thumbnails","filepath") values ('0','0','0','0','0','0','0','0','0','0','0','0','/media/pi/ZUKE/MUSIC/CDs/CD 42/10 - ZIN 42 Club Remix - Club Remix.mp3');
insert into tags ("album","composer","genre","title","artist","disc","track","filepath") values ('ZIN CD 42','Zumba Fitness','Club Remix','ZIN 42 Club Remix','Zumba Fitness','1/1','10/10','/media/pi/ZUKE/MUSIC/CDs/CD 42/10 - ZIN 42 Club Remix - Club Remix.mp3');
insert into mp3s ("filepath") values ('/media/pi/ZUKE/MUSIC/CDs/CD 42/10 - ZIN 42 Club Remix - Club Remix.mp3');
insert into streams ("index","codec_name","codec_long_name","codec_type","codec_time_base","codec_tag_string","codec_tag","sample_fmt","sample_rate","channels","channel_layout","bits_per_sample","r_frame_rate","avg_frame_rate","time_base","start_pts","start_time","duration_ts","duration","bit_rate","filepath") values ('0','mp3','MP3 (MPEG audio layer 3)','audio','1/44100','[0][0][0][0]','0x0000','fltp','44100','2','stereo','0','0/0','0/0','1/14112000','0','0','3653591040','258.899592','156770','/media/pi/ZUKE/MUSIC/CDs/CD 43/01 - Tu Boca - Merengue.mp3');
insert into format ("filename","nb_streams","nb_programs","format_name","format_long_name","start_time","duration","size","bit_rate","probe_score","filepath") values ('/media/pi/ZUKE/MUSIC/CDs/CD 43/01 - Tu Boca - Merengue.mp3','1','0','mp3','MP2/3 (MPEG audio layer 2/3)','0','258.899592','5075072','156819','51','/media/pi/ZUKE/MUSIC/CDs/CD 43/01 - Tu Boca - Merengue.mp3');
insert into disposition ("default","dub","original","comment","lyrics","karaoke","forced","hearing_impaired","visual_impaired","clean_effects","attached_pic","timed_thumbnails","filepath") values ('0','0','0','0','0','0','0','0','0','0','0','0','/media/pi/ZUKE/MUSIC/CDs/CD 43/01 - Tu Boca - Merengue.mp3');
insert into tags ("album","composer","genre","title","artist","disc","track","filepath") values ('ZIN CD 43','Zumba Fitness','Merengue','Tu Boca','Zumba Fitness','1/1','01/09','/media/pi/ZUKE/MUSIC/CDs/CD 43/01 - Tu Boca - Merengue.mp3');
insert into mp3s ("filepath") values ('/media/pi/ZUKE/MUSIC/CDs/CD 43/01 - Tu Boca - Merengue.mp3');
insert into streams ("index","codec_name","codec_long_name","codec_type","codec_time_base","codec_tag_string","codec_tag","sample_fmt","sample_rate","channels","channel_layout","bits_per_sample","r_frame_rate","avg_frame_rate","time_base","start_pts","start_time","duration_ts","duration","bit_rate","filepath") values ('0','mp3','MP3 (MPEG audio layer 3)','audio','1/44100','[0][0][0][0]','0x0000','fltp','44100','2','stereo','0','0/0','0/0','1/14112000','0','0','3723264000','263.836735','180305','/media/pi/ZUKE/MUSIC/CDs/CD 43/02 - Salsa Choke - Salsa.mp3');
insert into format ("filename","nb_streams","nb_programs","format_name","format_long_name","start_time","duration","size","bit_rate","probe_score","filepath") values ('/media/pi/ZUKE/MUSIC/CDs/CD 43/02 - Salsa Choke - Salsa.mp3','1','0','mp3','MP2/3 (MPEG audio layer 2/3)','0','263.836735','5947520','180339','51','/media/pi/ZUKE/MUSIC/CDs/CD 43/02 - Salsa Choke - Salsa.mp3');
insert into disposition ("default","dub","original","comment","lyrics","karaoke","forced","hearing_impaired","visual_impaired","clean_effects","attached_pic","timed_thumbnails","filepath") values ('0','0','0','0','0','0','0','0','0','0','0','0','/media/pi/ZUKE/MUSIC/CDs/CD 43/02 - Salsa Choke - Salsa.mp3');
insert into tags ("album","composer","genre","title","artist","disc","track","filepath") values ('ZIN CD 43','Zumba Fitness','Salsa','Salsa Choke','Zumba Fitness','1/1','02/09','/media/pi/ZUKE/MUSIC/CDs/CD 43/02 - Salsa Choke - Salsa.mp3');
insert into mp3s ("filepath") values ('/media/pi/ZUKE/MUSIC/CDs/CD 43/02 - Salsa Choke - Salsa.mp3');
insert into streams ("index","codec_name","codec_long_name","codec_type","codec_time_base","codec_tag_string","codec_tag","sample_fmt","sample_rate","channels","channel_layout","bits_per_sample","r_frame_rate","avg_frame_rate","time_base","start_pts","start_time","duration_ts","duration","bit_rate","filepath") values ('0','mp3','MP3 (MPEG audio layer 3)','audio','1/44100','[0][0][0][0]','0x0000','fltp','44100','2','stereo','0','0/0','0/0','1/14112000','0','0','3145236480','222.876735','165298','/media/pi/ZUKE/MUSIC/CDs/CD 43/03 - Shant - Banghra.mp3');
insert into format ("filename","nb_streams","nb_programs","format_name","format_long_name","start_time","duration","size","bit_rate","probe_score","filepath") values ('/media/pi/ZUKE/MUSIC/CDs/CD 43/03 - Shant - Banghra.mp3','1','0','mp3','MP2/3 (MPEG audio layer 2/3)','0','222.876735','4606080','165331','51','/media/pi/ZUKE/MUSIC/CDs/CD 43/03 - Shant - Banghra.mp3');
insert into disposition ("default","dub","original","comment","lyrics","karaoke","forced","hearing_impaired","visual_impaired","clean_effects","attached_pic","timed_thumbnails","filepath") values ('0','0','0','0','0','0','0','0','0','0','0','0','/media/pi/ZUKE/MUSIC/CDs/CD 43/03 - Shant - Banghra.mp3');
insert into tags ("album","composer","genre","title","artist","disc","track","filepath") values ('ZIN CD 43','Zumba Fitness','Banghra','Shant','Zumba Fitness','1/1','03/09','/media/pi/ZUKE/MUSIC/CDs/CD 43/03 - Shant - Banghra.mp3');
insert into mp3s ("filepath") values ('/media/pi/ZUKE/MUSIC/CDs/CD 43/03 - Shant - Banghra.mp3');
insert into streams ("index","codec_name","codec_long_name","codec_type","codec_time_base","codec_tag_string","codec_tag","sample_fmt","sample_rate","channels","channel_layout","bits_per_sample","r_frame_rate","avg_frame_rate","time_base","start_pts","start_time","duration_ts","duration","bit_rate","filepath") values ('0','mp3','MP3 (MPEG audio layer 3)','audio','1/44100','[0][0][0][0]','0x0000','fltp','44100','2','stereo','0','0/0','0/0','1/14112000','0','0','2737520640','193.985306','164265','/media/pi/ZUKE/MUSIC/CDs/CD 43/04 - Arremangala Arrempujala - Punta.mp3');
insert into format ("filename","nb_streams","nb_programs","format_name","format_long_name","start_time","duration","size","bit_rate","probe_score","filepath") values ('/media/pi/ZUKE/MUSIC/CDs/CD 43/04 - Arremangala Arrempujala - Punta.mp3','1','0','mp3','MP2/3 (MPEG audio layer 2/3)','0','193.985306','3983488','164279','51','/media/pi/ZUKE/MUSIC/CDs/CD 43/04 - Arremangala Arrempujala - Punta.mp3');
insert into disposition ("default","dub","original","comment","lyrics","karaoke","forced","hearing_impaired","visual_impaired","clean_effects","attached_pic","timed_thumbnails","filepath") values ('0','0','0','0','0','0','0','0','0','0','0','0','/media/pi/ZUKE/MUSIC/CDs/CD 43/04 - Arremangala Arrempujala - Punta.mp3');
insert into tags ("album","composer","genre","title","artist","disc","track","filepath") values ('ZIN CD 43','Zumba Fitness','Punta','Arremangala Arrempujala','Zumba Fitness','1/1','04/09','/media/pi/ZUKE/MUSIC/CDs/CD 43/04 - Arremangala Arrempujala - Punta.mp3');
insert into mp3s ("filepath") values ('/media/pi/ZUKE/MUSIC/CDs/CD 43/04 - Arremangala Arrempujala - Punta.mp3');
insert into streams ("index","codec_name","codec_long_name","codec_type","codec_time_base","codec_tag_string","codec_tag","sample_fmt","sample_rate","channels","channel_layout","bits_per_sample","r_frame_rate","avg_frame_rate","time_base","start_pts","start_time","duration_ts","duration","bit_rate","filepath") values ('0','mp3','MP3 (MPEG audio layer 3)','audio','1/44100','[0][0][0][0]','0x0000','fltp','44100','2','stereo','0','0/0','0/0','1/14112000','0','0','3825377280','271.072653','160920','/media/pi/ZUKE/MUSIC/CDs/CD 43/05 - Take on Me - Batucada - Samba.mp3');
insert into format ("filename","nb_streams","nb_programs","format_name","format_long_name","start_time","duration","size","bit_rate","probe_score","filepath") values ('/media/pi/ZUKE/MUSIC/CDs/CD 43/05 - Take on Me - Batucada - Samba.mp3','1','0','mp3','MP2/3 (MPEG audio layer 2/3)','0','271.072653','5453952','160959','51','/media/pi/ZUKE/MUSIC/CDs/CD 43/05 - Take on Me - Batucada - Samba.mp3');
insert into disposition ("default","dub","original","comment","lyrics","karaoke","forced","hearing_impaired","visual_impaired","clean_effects","attached_pic","timed_thumbnails","filepath") values ('0','0','0','0','0','0','0','0','0','0','0','0','/media/pi/ZUKE/MUSIC/CDs/CD 43/05 - Take on Me - Batucada - Samba.mp3');
insert into tags ("album","composer","genre","title","artist","disc","track","filepath") values ('ZIN CD 43','Zumba Fitness','Batucada,Samba','Take on Me','Zumba Fitness','1/1','05/09','/media/pi/ZUKE/MUSIC/CDs/CD 43/05 - Take on Me - Batucada - Samba.mp3');
insert into mp3s ("filepath") values ('/media/pi/ZUKE/MUSIC/CDs/CD 43/05 - Take on Me - Batucada - Samba.mp3');
insert into streams ("index","codec_name","codec_long_name","codec_type","codec_time_base","codec_tag_string","codec_tag","sample_fmt","sample_rate","channels","channel_layout","bits_per_sample","r_frame_rate","avg_frame_rate","time_base","start_pts","start_time","duration_ts","duration","bit_rate","filepath") values ('0','mp3','MP3 (MPEG audio layer 3)','audio','1/44100','[0][0][0][0]','0x0000','fltp','44100','2','stereo','0','0/0','0/0','1/14112000','0','0','2323169280','164.623673','186548','/media/pi/ZUKE/MUSIC/CDs/CD 43/06 - Quemando Bota - Banda Tribal.mp3');
insert into format ("filename","nb_streams","nb_programs","format_name","format_long_name","start_time","duration","size","bit_rate","probe_score","filepath") values ('/media/pi/ZUKE/MUSIC/CDs/CD 43/06 - Quemando Bota - Banda Tribal.mp3','1','0','mp3','MP2/3 (MPEG audio layer 2/3)','0','164.623673','3840128','186613','51','/media/pi/ZUKE/MUSIC/CDs/CD 43/06 - Quemando Bota - Banda Tribal.mp3');
insert into disposition ("default","dub","original","comment","lyrics","karaoke","forced","hearing_impaired","visual_impaired","clean_effects","attached_pic","timed_thumbnails","filepath") values ('0','0','0','0','0','0','0','0','0','0','0','0','/media/pi/ZUKE/MUSIC/CDs/CD 43/06 - Quemando Bota - Banda Tribal.mp3');
insert into tags ("album","composer","genre","title","artist","disc","track","filepath") values ('ZIN CD 43','Zumba Fitness','Banda Tribal','Quemando Bota','Zumba Fitness','1/1','06/09','/media/pi/ZUKE/MUSIC/CDs/CD 43/06 - Quemando Bota - Banda Tribal.mp3');
insert into mp3s ("filepath") values ('/media/pi/ZUKE/MUSIC/CDs/CD 43/06 - Quemando Bota - Banda Tribal.mp3');
insert into streams ("index","codec_name","codec_long_name","codec_type","codec_time_base","codec_tag_string","codec_tag","sample_fmt","sample_rate","channels","channel_layout","bits_per_sample","r_frame_rate","avg_frame_rate","time_base","start_pts","start_time","duration_ts","duration","bit_rate","filepath") values ('0','mp3','MP3 (MPEG audio layer 3)','audio','1/44100','[0][0][0][0]','0x0000','fltp','44100','2','stereo','0','0/0','0/0','1/14112000','0','0','2873548800','203.624490','160784','/media/pi/ZUKE/MUSIC/CDs/CD 43/07 - Zumba Loco - Hip-Hop Dance.mp3');
insert into format ("filename","nb_streams","nb_programs","format_name","format_long_name","start_time","duration","size","bit_rate","probe_score","filepath") values ('/media/pi/ZUKE/MUSIC/CDs/CD 43/07 - Zumba Loco - Hip-Hop Dance.mp3','1','0','mp3','MP2/3 (MPEG audio layer 2/3)','0','203.624490','4094080','160848','51','/media/pi/ZUKE/MUSIC/CDs/CD 43/07 - Zumba Loco - Hip-Hop Dance.mp3');
insert into disposition ("default","dub","original","comment","lyrics","karaoke","forced","hearing_impaired","visual_impaired","clean_effects","attached_pic","timed_thumbnails","filepath") values ('0','0','0','0','0','0','0','0','0','0','0','0','/media/pi/ZUKE/MUSIC/CDs/CD 43/07 - Zumba Loco - Hip-Hop Dance.mp3');
insert into tags ("album","composer","genre","title","artist","disc","track","filepath") values ('ZIN CD 43','Zumba Fitness','Hip-Hop','Zumba Loco','Zumba Fitness','1/1','07/09','/media/pi/ZUKE/MUSIC/CDs/CD 43/07 - Zumba Loco - Hip-Hop Dance.mp3');
insert into mp3s ("filepath") values ('/media/pi/ZUKE/MUSIC/CDs/CD 43/07 - Zumba Loco - Hip-Hop Dance.mp3');
insert into streams ("index","codec_name","codec_long_name","codec_type","codec_time_base","codec_tag_string","codec_tag","sample_fmt","sample_rate","channels","channel_layout","bits_per_sample","r_frame_rate","avg_frame_rate","time_base","start_pts","start_time","duration_ts","duration","bit_rate","filepath") values ('0','mp3','MP3 (MPEG audio layer 3)','audio','1/44100','[0][0][0][0]','0x0000','fltp','44100','2','stereo','0','0/0','0/0','1/14112000','0','0','3340247040','236.695510','159880','/media/pi/ZUKE/MUSIC/CDs/CD 43/08 - Mueve la Pompa - Electro Soca.mp3');
insert into format ("filename","nb_streams","nb_programs","format_name","format_long_name","start_time","duration","size","bit_rate","probe_score","filepath") values ('/media/pi/ZUKE/MUSIC/CDs/CD 43/08 - Mueve la Pompa - Electro Soca.mp3','1','0','mp3','MP2/3 (MPEG audio layer 2/3)','0','236.695510','4731008','159901','51','/media/pi/ZUKE/MUSIC/CDs/CD 43/08 - Mueve la Pompa - Electro Soca.mp3');
insert into disposition ("default","dub","original","comment","lyrics","karaoke","forced","hearing_impaired","visual_impaired","clean_effects","attached_pic","timed_thumbnails","filepath") values ('0','0','0','0','0','0','0','0','0','0','0','0','/media/pi/ZUKE/MUSIC/CDs/CD 43/08 - Mueve la Pompa - Electro Soca.mp3');
insert into tags ("album","composer","genre","title","artist","disc","track","filepath") values ('ZIN CD 43','Zumba Fitness','Electro Soca','Mueve la Pompa','Zumba Fitness','1/1','08/09','/media/pi/ZUKE/MUSIC/CDs/CD 43/08 - Mueve la Pompa - Electro Soca.mp3');
insert into mp3s ("filepath") values ('/media/pi/ZUKE/MUSIC/CDs/CD 43/08 - Mueve la Pompa - Electro Soca.mp3');
insert into streams ("index","codec_name","codec_long_name","codec_type","codec_time_base","codec_tag_string","codec_tag","sample_fmt","sample_rate","channels","channel_layout","bits_per_sample","r_frame_rate","avg_frame_rate","time_base","start_pts","start_time","duration_ts","duration","bit_rate","filepath") values ('0','mp3','MP3 (MPEG audio layer 3)','audio','1/44100','[0][0][0][0]','0x0000','fltp','44100','2','stereo','0','0/0','0/0','1/14112000','0','0','3391488000','240.326531','164896','/media/pi/ZUKE/MUSIC/CDs/CD 43/09 - Llamado de Emergencia - Reggaeton.mp3');
insert into format ("filename","nb_streams","nb_programs","format_name","format_long_name","start_time","duration","size","bit_rate","probe_score","filepath") values ('/media/pi/ZUKE/MUSIC/CDs/CD 43/09 - Llamado de Emergencia - Reggaeton.mp3','1','0','mp3','MP2/3 (MPEG audio layer 2/3)','0','240.326531','4954240','164916','51','/media/pi/ZUKE/MUSIC/CDs/CD 43/09 - Llamado de Emergencia - Reggaeton.mp3');
insert into disposition ("default","dub","original","comment","lyrics","karaoke","forced","hearing_impaired","visual_impaired","clean_effects","attached_pic","timed_thumbnails","filepath") values ('0','0','0','0','0','0','0','0','0','0','0','0','/media/pi/ZUKE/MUSIC/CDs/CD 43/09 - Llamado de Emergencia - Reggaeton.mp3');
insert into tags ("album","composer","genre","title","artist","disc","track","filepath") values ('ZIN CD 43','Zumba Fitness','Reggaeton','Llamado de Emergencia','Zumba Fitness','1/1','09/09','/media/pi/ZUKE/MUSIC/CDs/CD 43/09 - Llamado de Emergencia - Reggaeton.mp3');
insert into mp3s ("filepath") values ('/media/pi/ZUKE/MUSIC/CDs/CD 43/09 - Llamado de Emergencia - Reggaeton.mp3');
insert into streams ("index","codec_name","codec_long_name","codec_type","codec_time_base","codec_tag_string","codec_tag","sample_fmt","sample_rate","channels","channel_layout","bits_per_sample","r_frame_rate","avg_frame_rate","time_base","start_pts","start_time","duration_ts","duration","bit_rate","filepath") values ('0','mp3','MP3 (MPEG audio layer 3)','audio','1/44100','[0][0][0][0]','0x0000','fltp','44100','2','stereo','0','0/0','0/0','1/14112000','0','0','3277946880','232.280816','162679','/media/pi/ZUKE/MUSIC/CDs/CD 44/01 - Meto Mano - Merengue.mp3');
insert into format ("filename","nb_streams","nb_programs","format_name","format_long_name","start_time","duration","size","bit_rate","probe_score","filepath") values ('/media/pi/ZUKE/MUSIC/CDs/CD 44/01 - Meto Mano - Merengue.mp3','1','0','mp3','MP2/3 (MPEG audio layer 2/3)','0','232.280816','4724864','162729','51','/media/pi/ZUKE/MUSIC/CDs/CD 44/01 - Meto Mano - Merengue.mp3');
insert into disposition ("default","dub","original","comment","lyrics","karaoke","forced","hearing_impaired","visual_impaired","clean_effects","attached_pic","timed_thumbnails","filepath") values ('0','0','0','0','0','0','0','0','0','0','0','0','/media/pi/ZUKE/MUSIC/CDs/CD 44/01 - Meto Mano - Merengue.mp3');
insert into tags ("album","composer","genre","title","artist","disc","track","filepath") values ('ZIN CD 44','Zumba Fitness','Merengue','Meto Mano','Zumba Fitness','1/1','01/09','/media/pi/ZUKE/MUSIC/CDs/CD 44/01 - Meto Mano - Merengue.mp3');
insert into mp3s ("filepath") values ('/media/pi/ZUKE/MUSIC/CDs/CD 44/01 - Meto Mano - Merengue.mp3');
insert into streams ("index","codec_name","codec_long_name","codec_type","codec_time_base","codec_tag_string","codec_tag","sample_fmt","sample_rate","channels","channel_layout","bits_per_sample","r_frame_rate","avg_frame_rate","time_base","start_pts","start_time","duration_ts","duration","bit_rate","filepath") values ('0','mp3','MP3 (MPEG audio layer 3)','audio','1/44100','[0][0][0][0]','0x0000','fltp','44100','2','stereo','0','0/0','0/0','1/14112000','0','0','3336192000','236.408163','174562','/media/pi/ZUKE/MUSIC/CDs/CD 44/02 - El Gato Boogaloo - Salsa.mp3');
insert into format ("filename","nb_streams","nb_programs","format_name","format_long_name","start_time","duration","size","bit_rate","probe_score","filepath") values ('/media/pi/ZUKE/MUSIC/CDs/CD 44/02 - El Gato Boogaloo - Salsa.mp3','1','0','mp3','MP2/3 (MPEG audio layer 2/3)','0','236.408163','5159040','174580','51','/media/pi/ZUKE/MUSIC/CDs/CD 44/02 - El Gato Boogaloo - Salsa.mp3');
insert into disposition ("default","dub","original","comment","lyrics","karaoke","forced","hearing_impaired","visual_impaired","clean_effects","attached_pic","timed_thumbnails","filepath") values ('0','0','0','0','0','0','0','0','0','0','0','0','/media/pi/ZUKE/MUSIC/CDs/CD 44/02 - El Gato Boogaloo - Salsa.mp3');
insert into tags ("album","composer","genre","title","artist","disc","track","filepath") values ('ZIN CD 44','Zumba Fitness','Salsa','El Gato Boogaloo','Zumba Fitness','1/1','02/09','/media/pi/ZUKE/MUSIC/CDs/CD 44/02 - El Gato Boogaloo - Salsa.mp3');
insert into mp3s ("filepath") values ('/media/pi/ZUKE/MUSIC/CDs/CD 44/02 - El Gato Boogaloo - Salsa.mp3');
insert into streams ("index","codec_name","codec_long_name","codec_type","codec_time_base","codec_tag_string","codec_tag","sample_fmt","sample_rate","channels","channel_layout","bits_per_sample","r_frame_rate","avg_frame_rate","time_base","start_pts","start_time","duration_ts","duration","bit_rate","filepath") values ('0','mp3','MP3 (MPEG audio layer 3)','audio','1/44100','[0][0][0][0]','0x0000','fltp','44100','2','stereo','0','0/0','0/0','1/14112000','0','0','4160839680','294.844082','164340','/media/pi/ZUKE/MUSIC/CDs/CD 44/03 - Love Shack - Pop Rock.mp3');
insert into format ("filename","nb_streams","nb_programs","format_name","format_long_name","start_time","duration","size","bit_rate","probe_score","filepath") values ('/media/pi/ZUKE/MUSIC/CDs/CD 44/03 - Love Shack - Pop Rock.mp3','1','0','mp3','MP2/3 (MPEG audio layer 2/3)','0','294.844082','6058112','164374','51','/media/pi/ZUKE/MUSIC/CDs/CD 44/03 - Love Shack - Pop Rock.mp3');
insert into disposition ("default","dub","original","comment","lyrics","karaoke","forced","hearing_impaired","visual_impaired","clean_effects","attached_pic","timed_thumbnails","filepath") values ('0','0','0','0','0','0','0','0','0','0','0','0','/media/pi/ZUKE/MUSIC/CDs/CD 44/03 - Love Shack - Pop Rock.mp3');
insert into tags ("album","composer","genre","title","artist","disc","track","filepath") values ('ZIN CD 44','Zumba Fitness','Pop Rock','Love Shack','Zumba Fitness','1/1','03/09','/media/pi/ZUKE/MUSIC/CDs/CD 44/03 - Love Shack - Pop Rock.mp3');
insert into mp3s ("filepath") values ('/media/pi/ZUKE/MUSIC/CDs/CD 44/03 - Love Shack - Pop Rock.mp3');
insert into streams ("index","codec_name","codec_long_name","codec_type","codec_time_base","codec_tag_string","codec_tag","sample_fmt","sample_rate","channels","channel_layout","bits_per_sample","r_frame_rate","avg_frame_rate","time_base","start_pts","start_time","duration_ts","duration","bit_rate","filepath") values ('0','mp3','MP3 (MPEG audio layer 3)','audio','1/44100','[0][0][0][0]','0x0000','fltp','44100','2','stereo','0','0/0','0/0','1/14112000','0','0','2966077440','210.181224','158253','/media/pi/ZUKE/MUSIC/CDs/CD 44/04 - Vamos a Baila - Calypso - Soca.mp3');
insert into format ("filename","nb_streams","nb_programs","format_name","format_long_name","start_time","duration","size","bit_rate","probe_score","filepath") values ('/media/pi/ZUKE/MUSIC/CDs/CD 44/04 - Vamos a Baila - Calypso - Soca.mp3','1','0','mp3','MP2/3 (MPEG audio layer 2/3)','0','210.181224','4159616','158324','51','/media/pi/ZUKE/MUSIC/CDs/CD 44/04 - Vamos a Baila - Calypso - Soca.mp3');
insert into disposition ("default","dub","original","comment","lyrics","karaoke","forced","hearing_impaired","visual_impaired","clean_effects","attached_pic","timed_thumbnails","filepath") values ('0','0','0','0','0','0','0','0','0','0','0','0','/media/pi/ZUKE/MUSIC/CDs/CD 44/04 - Vamos a Baila - Calypso - Soca.mp3');
insert into tags ("album","composer","genre","title","artist","disc","track","filepath") values ('ZIN CD 44','Zumba Fitness','Calypso,Soca','Vamos a Baila','Zumba Fitness','1/1','04/09','/media/pi/ZUKE/MUSIC/CDs/CD 44/04 - Vamos a Baila - Calypso - Soca.mp3');
insert into mp3s ("filepath") values ('/media/pi/ZUKE/MUSIC/CDs/CD 44/04 - Vamos a Baila - Calypso - Soca.mp3');
insert into streams ("index","codec_name","codec_long_name","codec_type","codec_time_base","codec_tag_string","codec_tag","sample_fmt","sample_rate","channels","channel_layout","bits_per_sample","r_frame_rate","avg_frame_rate","time_base","start_pts","start_time","duration_ts","duration","bit_rate","filepath") values ('0','mp3','MP3 (MPEG audio layer 3)','audio','1/44100','[0][0][0][0]','0x0000','fltp','44100','2','stereo','0','0/0','0/0','1/14112000','0','0','3413606400','241.893878','167274','/media/pi/ZUKE/MUSIC/CDs/CD 44/05 - Gimme Five - Batucada - Bachata.mp3');
insert into format ("filename","nb_streams","nb_programs","format_name","format_long_name","start_time","duration","size","bit_rate","probe_score","filepath") values ('/media/pi/ZUKE/MUSIC/CDs/CD 44/05 - Gimme Five - Batucada - Bachata.mp3','1','0','mp3','MP2/3 (MPEG audio layer 2/3)','0','241.893878','5058688','167302','51','/media/pi/ZUKE/MUSIC/CDs/CD 44/05 - Gimme Five - Batucada - Bachata.mp3');
insert into disposition ("default","dub","original","comment","lyrics","karaoke","forced","hearing_impaired","visual_impaired","clean_effects","attached_pic","timed_thumbnails","filepath") values ('0','0','0','0','0','0','0','0','0','0','0','0','/media/pi/ZUKE/MUSIC/CDs/CD 44/05 - Gimme Five - Batucada - Bachata.mp3');
insert into tags ("album","composer","genre","title","artist","disc","track","filepath") values ('ZIN CD 44','Zumba Fitness','Batucada,Bachata','Gimme Five','Zumba Fitness','1/1','05/09','/media/pi/ZUKE/MUSIC/CDs/CD 44/05 - Gimme Five - Batucada - Bachata.mp3');
insert into mp3s ("filepath") values ('/media/pi/ZUKE/MUSIC/CDs/CD 44/05 - Gimme Five - Batucada - Bachata.mp3');
insert into streams ("index","codec_name","codec_long_name","codec_type","codec_time_base","codec_tag_string","codec_tag","sample_fmt","sample_rate","channels","channel_layout","bits_per_sample","r_frame_rate","avg_frame_rate","time_base","start_pts","start_time","duration_ts","duration","bit_rate","filepath") values ('0','mp3','MP3 (MPEG audio layer 3)','audio','1/44100','[0][0][0][0]','0x0000','fltp','44100','2','stereo','0','0/0','0/0','1/14112000','0','0','2967552000','210.285714','159900','/media/pi/ZUKE/MUSIC/CDs/CD 44/06 - Llora Llora - Salsaton.mp3');
insert into format ("filename","nb_streams","nb_programs","format_name","format_long_name","start_time","duration","size","bit_rate","probe_score","filepath") values ('/media/pi/ZUKE/MUSIC/CDs/CD 44/06 - Llora Llora - Salsaton.mp3','1','0','mp3','MP2/3 (MPEG audio layer 2/3)','0','210.285714','4204672','159960','51','/media/pi/ZUKE/MUSIC/CDs/CD 44/06 - Llora Llora - Salsaton.mp3');
insert into disposition ("default","dub","original","comment","lyrics","karaoke","forced","hearing_impaired","visual_impaired","clean_effects","attached_pic","timed_thumbnails","filepath") values ('0','0','0','0','0','0','0','0','0','0','0','0','/media/pi/ZUKE/MUSIC/CDs/CD 44/06 - Llora Llora - Salsaton.mp3');
insert into tags ("album","composer","genre","title","artist","disc","track","filepath") values ('ZIN CD 44','Zumba Fitness','Salsaton','Llora Llora','Zumba Fitness','1/1','06/09','/media/pi/ZUKE/MUSIC/CDs/CD 44/06 - Llora Llora - Salsaton.mp3');
insert into mp3s ("filepath") values ('/media/pi/ZUKE/MUSIC/CDs/CD 44/06 - Llora Llora - Salsaton.mp3');
insert into streams ("index","codec_name","codec_long_name","codec_type","codec_time_base","codec_tag_string","codec_tag","sample_fmt","sample_rate","channels","channel_layout","bits_per_sample","r_frame_rate","avg_frame_rate","time_base","start_pts","start_time","duration_ts","duration","bit_rate","filepath") values ('0','mp3','MP3 (MPEG audio layer 3)','audio','1/44100','[0][0][0][0]','0x0000','fltp','44100','2','stereo','0','0/0','0/0','1/14112000','0','0','3141918720','222.641633','167188','/media/pi/ZUKE/MUSIC/CDs/CD 44/07 - In the Summertime - Dancehall.mp3');
insert into format ("filename","nb_streams","nb_programs","format_name","format_long_name","start_time","duration","size","bit_rate","probe_score","filepath") values ('/media/pi/ZUKE/MUSIC/CDs/CD 44/07 - In the Summertime - Dancehall.mp3','1','0','mp3','MP2/3 (MPEG audio layer 2/3)','0','222.641633','4653184','167199','51','/media/pi/ZUKE/MUSIC/CDs/CD 44/07 - In the Summertime - Dancehall.mp3');
insert into disposition ("default","dub","original","comment","lyrics","karaoke","forced","hearing_impaired","visual_impaired","clean_effects","attached_pic","timed_thumbnails","filepath") values ('0','0','0','0','0','0','0','0','0','0','0','0','/media/pi/ZUKE/MUSIC/CDs/CD 44/07 - In the Summertime - Dancehall.mp3');
insert into tags ("album","composer","genre","title","artist","disc","track","filepath") values ('ZIN CD 44','Zumba Fitness','Dancehall','In the Summertime','Zumba Fitness','1/1','07/09','/media/pi/ZUKE/MUSIC/CDs/CD 44/07 - In the Summertime - Dancehall.mp3');
insert into mp3s ("filepath") values ('/media/pi/ZUKE/MUSIC/CDs/CD 44/07 - In the Summertime - Dancehall.mp3');
insert into streams ("index","codec_name","codec_long_name","codec_type","codec_time_base","codec_tag_string","codec_tag","sample_fmt","sample_rate","channels","channel_layout","bits_per_sample","r_frame_rate","avg_frame_rate","time_base","start_pts","start_time","duration_ts","duration","bit_rate","filepath") values ('0','mp3','MP3 (MPEG audio layer 3)','audio','1/44100','[0][0][0][0]','0x0000','fltp','44100','2','stereo','0','0/0','0/0','1/14112000','0','0','3559956480','252.264490','188665','/media/pi/ZUKE/MUSIC/CDs/CD 44/08 - Ritmo Chido y Sabroso - Quebradita - Rock and Roll.mp3');
insert into format ("filename","nb_streams","nb_programs","format_name","format_long_name","start_time","duration","size","bit_rate","probe_score","filepath") values ('/media/pi/ZUKE/MUSIC/CDs/CD 44/08 - Ritmo Chido y Sabroso - Quebradita - Rock and Roll.mp3','1','0','mp3','MP2/3 (MPEG audio layer 2/3)','0','252.264490','5949568','188677','51','/media/pi/ZUKE/MUSIC/CDs/CD 44/08 - Ritmo Chido y Sabroso - Quebradita - Rock and Roll.mp3');
insert into disposition ("default","dub","original","comment","lyrics","karaoke","forced","hearing_impaired","visual_impaired","clean_effects","attached_pic","timed_thumbnails","filepath") values ('0','0','0','0','0','0','0','0','0','0','0','0','/media/pi/ZUKE/MUSIC/CDs/CD 44/08 - Ritmo Chido y Sabroso - Quebradita - Rock and Roll.mp3');
insert into tags ("album","composer","genre","title","artist","disc","track","filepath") values ('ZIN CD 44','Zumba Fitness','Quebradita,Rock and Roll','Ritmo Chido y Sabroso','Zumba Fitness','1/1','08/09','/media/pi/ZUKE/MUSIC/CDs/CD 44/08 - Ritmo Chido y Sabroso - Quebradita - Rock and Roll.mp3');
insert into mp3s ("filepath") values ('/media/pi/ZUKE/MUSIC/CDs/CD 44/08 - Ritmo Chido y Sabroso - Quebradita - Rock and Roll.mp3');
insert into streams ("index","codec_name","codec_long_name","codec_type","codec_time_base","codec_tag_string","codec_tag","sample_fmt","sample_rate","channels","channel_layout","bits_per_sample","r_frame_rate","avg_frame_rate","time_base","start_pts","start_time","duration_ts","duration","bit_rate","filepath") values ('0','mp3','MP3 (MPEG audio layer 3)','audio','1/44100','[0][0][0][0]','0x0000','fltp','44100','2','stereo','0','0/0','0/0','1/14112000','0','0','3095838720','219.376327','131934','/media/pi/ZUKE/MUSIC/CDs/CD 44/09 - It''s Oh So Quiet - Jazz.mp3');
insert into format ("filename","nb_streams","nb_programs","format_name","format_long_name","start_time","duration","size","bit_rate","probe_score","filepath") values ('/media/pi/ZUKE/MUSIC/CDs/CD 44/09 - It''s Oh So Quiet - Jazz.mp3','1','0','mp3','MP2/3 (MPEG audio layer 2/3)','0','219.376327','3618944','131972','51','/media/pi/ZUKE/MUSIC/CDs/CD 44/09 - It''s Oh So Quiet - Jazz.mp3');
insert into disposition ("default","dub","original","comment","lyrics","karaoke","forced","hearing_impaired","visual_impaired","clean_effects","attached_pic","timed_thumbnails","filepath") values ('0','0','0','0','0','0','0','0','0','0','0','0','/media/pi/ZUKE/MUSIC/CDs/CD 44/09 - It''s Oh So Quiet - Jazz.mp3');
insert into tags ("album","composer","genre","title","artist","disc","track","filepath") values ('ZIN CD 44','Zumba Fitness','Jazz','It''s Oh So Quiet','Zumba Fitness','1/1','09/09','/media/pi/ZUKE/MUSIC/CDs/CD 44/09 - It''s Oh So Quiet - Jazz.mp3');
insert into mp3s ("filepath") values ('/media/pi/ZUKE/MUSIC/CDs/CD 44/09 - It''s Oh So Quiet - Jazz.mp3');
insert into streams ("index","codec_name","codec_long_name","codec_type","codec_time_base","codec_tag_string","codec_tag","sample_fmt","sample_rate","channels","channel_layout","bits_per_sample","r_frame_rate","avg_frame_rate","time_base","start_pts","start_time","duration_ts","duration","bit_rate","filepath") values ('0','mp3','MP3 (MPEG audio layer 3)','audio','1/44100','[0][0][0][0]','0x0000','fltp','44100','2','stereo','0','0/0','0/0','1/14112000','0','0','3537838080','250.697143','163622','/media/pi/ZUKE/MUSIC/CDs/CD 45/01 - DJ Dale Play - Electro-Latin.mp3');
insert into format ("filename","nb_streams","nb_programs","format_name","format_long_name","start_time","duration","size","bit_rate","probe_score","filepath") values ('/media/pi/ZUKE/MUSIC/CDs/CD 45/01 - DJ Dale Play - Electro-Latin.mp3','1','0','mp3','MP2/3 (MPEG audio layer 2/3)','0','250.697143','5128320','163649','51','/media/pi/ZUKE/MUSIC/CDs/CD 45/01 - DJ Dale Play - Electro-Latin.mp3');
insert into disposition ("default","dub","original","comment","lyrics","karaoke","forced","hearing_impaired","visual_impaired","clean_effects","attached_pic","timed_thumbnails","filepath") values ('0','0','0','0','0','0','0','0','0','0','0','0','/media/pi/ZUKE/MUSIC/CDs/CD 45/01 - DJ Dale Play - Electro-Latin.mp3');
insert into tags ("album","composer","genre","title","artist","disc","track","filepath") values ('ZIN CD 45','Zumba Fitness','Electro-Latin','DJ Dale Play','Zumba Fitness','1/1','01/09','/media/pi/ZUKE/MUSIC/CDs/CD 45/01 - DJ Dale Play - Electro-Latin.mp3');
insert into mp3s ("filepath") values ('/media/pi/ZUKE/MUSIC/CDs/CD 45/01 - DJ Dale Play - Electro-Latin.mp3');
insert into streams ("index","codec_name","codec_long_name","codec_type","codec_time_base","codec_tag_string","codec_tag","sample_fmt","sample_rate","channels","channel_layout","bits_per_sample","r_frame_rate","avg_frame_rate","time_base","start_pts","start_time","duration_ts","duration","bit_rate","filepath") values ('0','mp3','MP3 (MPEG audio layer 3)','audio','1/44100','[0][0][0][0]','0x0000','fltp','44100','2','stereo','0','0/0','0/0','1/14112000','0','0','3622993920','256.731429','175634','/media/pi/ZUKE/MUSIC/CDs/CD 45/02 - Violint - Oriental-Latin Fusion.mp3');
insert into format ("filename","nb_streams","nb_programs","format_name","format_long_name","start_time","duration","size","bit_rate","probe_score","filepath") values ('/media/pi/ZUKE/MUSIC/CDs/CD 45/02 - Violint - Oriental-Latin Fusion.mp3','1','0','mp3','MP2/3 (MPEG audio layer 2/3)','0','256.731429','5638272','175694','51','/media/pi/ZUKE/MUSIC/CDs/CD 45/02 - Violint - Oriental-Latin Fusion.mp3');
insert into disposition ("default","dub","original","comment","lyrics","karaoke","forced","hearing_impaired","visual_impaired","clean_effects","attached_pic","timed_thumbnails","filepath") values ('0','0','0','0','0','0','0','0','0','0','0','0','/media/pi/ZUKE/MUSIC/CDs/CD 45/02 - Violint - Oriental-Latin Fusion.mp3');
insert into tags ("album","composer","genre","title","artist","disc","track","filepath") values ('ZIN CD 45','Zumba Fitness','Oriental-Latin Fusion','Violint','Zumba Fitness','1/1','02/09','/media/pi/ZUKE/MUSIC/CDs/CD 45/02 - Violint - Oriental-Latin Fusion.mp3');
insert into mp3s ("filepath") values ('/media/pi/ZUKE/MUSIC/CDs/CD 45/02 - Violint - Oriental-Latin Fusion.mp3');
insert into streams ("index","codec_name","codec_long_name","codec_type","codec_time_base","codec_tag_string","codec_tag","sample_fmt","sample_rate","channels","channel_layout","bits_per_sample","r_frame_rate","avg_frame_rate","time_base","start_pts","start_time","duration_ts","duration","bit_rate","filepath") values ('0','mp3','MP3 (MPEG audio layer 3)','audio','1/44100','[0][0][0][0]','0x0000','fltp','44100','2','stereo','0','0/0','0/0','1/14112000','0','0','3428720640','242.964898','163037','/media/pi/ZUKE/MUSIC/CDs/CD 45/03 - Tu Sabes que te Amo - Salsaton.mp3');
insert into format ("filename","nb_streams","nb_programs","format_name","format_long_name","start_time","duration","size","bit_rate","probe_score","filepath") values ('/media/pi/ZUKE/MUSIC/CDs/CD 45/03 - Tu Sabes que te Amo - Salsaton.mp3','1','0','mp3','MP2/3 (MPEG audio layer 2/3)','0','242.964898','4952192','163058','51','/media/pi/ZUKE/MUSIC/CDs/CD 45/03 - Tu Sabes que te Amo - Salsaton.mp3');
insert into disposition ("default","dub","original","comment","lyrics","karaoke","forced","hearing_impaired","visual_impaired","clean_effects","attached_pic","timed_thumbnails","filepath") values ('0','0','0','0','0','0','0','0','0','0','0','0','/media/pi/ZUKE/MUSIC/CDs/CD 45/03 - Tu Sabes que te Amo - Salsaton.mp3');
insert into tags ("album","composer","genre","title","artist","disc","track","filepath") values ('ZIN CD 45','Zumba Fitness','Salsaton','Tu Sabes que te Amo','Zumba Fitness','1/1','03/09','/media/pi/ZUKE/MUSIC/CDs/CD 45/03 - Tu Sabes que te Amo - Salsaton.mp3');
insert into mp3s ("filepath") values ('/media/pi/ZUKE/MUSIC/CDs/CD 45/03 - Tu Sabes que te Amo - Salsaton.mp3');
insert into streams ("index","codec_name","codec_long_name","codec_type","codec_time_base","codec_tag_string","codec_tag","sample_fmt","sample_rate","channels","channel_layout","bits_per_sample","r_frame_rate","avg_frame_rate","time_base","start_pts","start_time","duration_ts","duration","bit_rate","filepath") values ('0','mp3','MP3 (MPEG audio layer 3)','audio','1/44100','[0][0][0][0]','0x0000','fltp','44100','2','stereo','0','0/0','0/0','1/14112000','0','0','2546565120','180.453878','170689','/media/pi/ZUKE/MUSIC/CDs/CD 45/04 - Bailando por ahi - Merengue Electronico.mp3');
insert into format ("filename","nb_streams","nb_programs","format_name","format_long_name","start_time","duration","size","bit_rate","probe_score","filepath") values ('/media/pi/ZUKE/MUSIC/CDs/CD 45/04 - Bailando por ahi - Merengue Electronico.mp3','1','0','mp3','MP2/3 (MPEG audio layer 2/3)','0','180.453878','3852416','170787','51','/media/pi/ZUKE/MUSIC/CDs/CD 45/04 - Bailando por ahi - Merengue Electronico.mp3');
insert into disposition ("default","dub","original","comment","lyrics","karaoke","forced","hearing_impaired","visual_impaired","clean_effects","attached_pic","timed_thumbnails","filepath") values ('0','0','0','0','0','0','0','0','0','0','0','0','/media/pi/ZUKE/MUSIC/CDs/CD 45/04 - Bailando por ahi - Merengue Electronico.mp3');
insert into tags ("album","composer","genre","title","artist","disc","track","filepath") values ('ZIN CD 45','Zumba Fitness','Merengue Electronico','Bailando por ahi','Zumba Fitness','1/1','04/09','/media/pi/ZUKE/MUSIC/CDs/CD 45/04 - Bailando por ahi - Merengue Electronico.mp3');
insert into mp3s ("filepath") values ('/media/pi/ZUKE/MUSIC/CDs/CD 45/04 - Bailando por ahi - Merengue Electronico.mp3');
insert into streams ("index","codec_name","codec_long_name","codec_type","codec_time_base","codec_tag_string","codec_tag","sample_fmt","sample_rate","channels","channel_layout","bits_per_sample","r_frame_rate","avg_frame_rate","time_base","start_pts","start_time","duration_ts","duration","bit_rate","filepath") values ('0','mp3','MP3 (MPEG audio layer 3)','audio','1/44100','[0][0][0][0]','0x0000','fltp','44100','2','stereo','0','0/0','0/0','1/14112000','0','0','3350568960','237.426939','169019','/media/pi/ZUKE/MUSIC/CDs/CD 45/05 - La Escalera - Electrolatin.mp3');
insert into format ("filename","nb_streams","nb_programs","format_name","format_long_name","start_time","duration","size","bit_rate","probe_score","filepath") values ('/media/pi/ZUKE/MUSIC/CDs/CD 45/05 - La Escalera - Electrolatin.mp3','1','0','mp3','MP2/3 (MPEG audio layer 2/3)','0','237.426939','5017728','169070','51','/media/pi/ZUKE/MUSIC/CDs/CD 45/05 - La Escalera - Electrolatin.mp3');
insert into disposition ("default","dub","original","comment","lyrics","karaoke","forced","hearing_impaired","visual_impaired","clean_effects","attached_pic","timed_thumbnails","filepath") values ('0','0','0','0','0','0','0','0','0','0','0','0','/media/pi/ZUKE/MUSIC/CDs/CD 45/05 - La Escalera - Electrolatin.mp3');
insert into tags ("album","composer","genre","title","artist","disc","track","filepath") values ('ZIN CD 45','Zumba Fitness','Electrolatin','La Escalera','Zumba Fitness','1/1','05/09','/media/pi/ZUKE/MUSIC/CDs/CD 45/05 - La Escalera - Electrolatin.mp3');
insert into mp3s ("filepath") values ('/media/pi/ZUKE/MUSIC/CDs/CD 45/05 - La Escalera - Electrolatin.mp3');
insert into streams ("index","codec_name","codec_long_name","codec_type","codec_time_base","codec_tag_string","codec_tag","sample_fmt","sample_rate","channels","channel_layout","bits_per_sample","r_frame_rate","avg_frame_rate","time_base","start_pts","start_time","duration_ts","duration","bit_rate","filepath") values ('0','mp3','MP3 (MPEG audio layer 3)','audio','1/44100','[0][0][0][0]','0x0000','fltp','44100','2','stereo','0','0/0','0/0','1/14112000','0','0','2500116480','177.162449','167111','/media/pi/ZUKE/MUSIC/CDs/CD 45/06 - Tacata - Electrodance.mp3');
insert into format ("filename","nb_streams","nb_programs","format_name","format_long_name","start_time","duration","size","bit_rate","probe_score","filepath") values ('/media/pi/ZUKE/MUSIC/CDs/CD 45/06 - Tacata - Electrodance.mp3','1','0','mp3','MP2/3 (MPEG audio layer 2/3)','0','177.162449','3702912','167209','51','/media/pi/ZUKE/MUSIC/CDs/CD 45/06 - Tacata - Electrodance.mp3');
insert into disposition ("default","dub","original","comment","lyrics","karaoke","forced","hearing_impaired","visual_impaired","clean_effects","attached_pic","timed_thumbnails","filepath") values ('0','0','0','0','0','0','0','0','0','0','0','0','/media/pi/ZUKE/MUSIC/CDs/CD 45/06 - Tacata - Electrodance.mp3');
insert into tags ("album","composer","genre","title","artist","disc","track","filepath") values ('ZIN CD 45','Zumba Fitness','Electrodance','Tacata','Zumba Fitness','1/1','06/09','/media/pi/ZUKE/MUSIC/CDs/CD 45/06 - Tacata - Electrodance.mp3');
insert into mp3s ("filepath") values ('/media/pi/ZUKE/MUSIC/CDs/CD 45/06 - Tacata - Electrodance.mp3');
insert into streams ("index","codec_name","codec_long_name","codec_type","codec_time_base","codec_tag_string","codec_tag","sample_fmt","sample_rate","channels","channel_layout","bits_per_sample","r_frame_rate","avg_frame_rate","time_base","start_pts","start_time","duration_ts","duration","bit_rate","filepath") values ('0','mp3','MP3 (MPEG audio layer 3)','audio','1/44100','[0][0][0][0]','0x0000','fltp','44100','2','stereo','0','0/0','0/0','1/14112000','0','0','3502448640','248.189388','159257','/media/pi/ZUKE/MUSIC/CDs/CD 45/07 - I Came Here to Party - Dance.mp3');
insert into format ("filename","nb_streams","nb_programs","format_name","format_long_name","start_time","duration","size","bit_rate","probe_score","filepath") values ('/media/pi/ZUKE/MUSIC/CDs/CD 45/07 - I Came Here to Party - Dance.mp3','1','0','mp3','MP2/3 (MPEG audio layer 2/3)','0','248.189388','4941952','159296','51','/media/pi/ZUKE/MUSIC/CDs/CD 45/07 - I Came Here to Party - Dance.mp3');
insert into disposition ("default","dub","original","comment","lyrics","karaoke","forced","hearing_impaired","visual_impaired","clean_effects","attached_pic","timed_thumbnails","filepath") values ('0','0','0','0','0','0','0','0','0','0','0','0','/media/pi/ZUKE/MUSIC/CDs/CD 45/07 - I Came Here to Party - Dance.mp3');
insert into tags ("album","composer","genre","title","artist","disc","track","filepath") values ('ZIN CD 45','Zumba Fitness','Dance','I Came Here to Party','Zumba Fitness','1/1','07/09','/media/pi/ZUKE/MUSIC/CDs/CD 45/07 - I Came Here to Party - Dance.mp3');
insert into mp3s ("filepath") values ('/media/pi/ZUKE/MUSIC/CDs/CD 45/07 - I Came Here to Party - Dance.mp3');
insert into streams ("index","codec_name","codec_long_name","codec_type","codec_time_base","codec_tag_string","codec_tag","sample_fmt","sample_rate","channels","channel_layout","bits_per_sample","r_frame_rate","avg_frame_rate","time_base","start_pts","start_time","duration_ts","duration","bit_rate","filepath") values ('0','mp3','MP3 (MPEG audio layer 3)','audio','1/44100','[0][0][0][0]','0x0000','fltp','44100','2','stereo','0','0/0','0/0','1/14112000','0','0','3198689280','226.664490','143246','/media/pi/ZUKE/MUSIC/CDs/CD 45/08 - Bom Bom Bom - Brazilian Funk.mp3');
insert into format ("filename","nb_streams","nb_programs","format_name","format_long_name","start_time","duration","size","bit_rate","probe_score","filepath") values ('/media/pi/ZUKE/MUSIC/CDs/CD 45/08 - Bom Bom Bom - Brazilian Funk.mp3','1','0','mp3','MP2/3 (MPEG audio layer 2/3)','0','226.664490','4059264','143269','51','/media/pi/ZUKE/MUSIC/CDs/CD 45/08 - Bom Bom Bom - Brazilian Funk.mp3');
insert into disposition ("default","dub","original","comment","lyrics","karaoke","forced","hearing_impaired","visual_impaired","clean_effects","attached_pic","timed_thumbnails","filepath") values ('0','0','0','0','0','0','0','0','0','0','0','0','/media/pi/ZUKE/MUSIC/CDs/CD 45/08 - Bom Bom Bom - Brazilian Funk.mp3');
insert into tags ("album","composer","genre","title","artist","disc","track","filepath") values ('ZIN CD 45','Zumba Fitness','Brazilian Funk','Bom Bom Bom','Zumba Fitness','1/1','08/09','/media/pi/ZUKE/MUSIC/CDs/CD 45/08 - Bom Bom Bom - Brazilian Funk.mp3');
insert into mp3s ("filepath") values ('/media/pi/ZUKE/MUSIC/CDs/CD 45/08 - Bom Bom Bom - Brazilian Funk.mp3');
insert into streams ("index","codec_name","codec_long_name","codec_type","codec_time_base","codec_tag_string","codec_tag","sample_fmt","sample_rate","channels","channel_layout","bits_per_sample","r_frame_rate","avg_frame_rate","time_base","start_pts","start_time","duration_ts","duration","bit_rate","filepath") values ('0','mp3','MP3 (MPEG audio layer 3)','audio','1/44100','[0][0][0][0]','0x0000','fltp','44100','2','stereo','0','0/0','0/0','1/14112000','0','0','4769464320','337.972245','165696','/media/pi/ZUKE/MUSIC/CDs/CD 45/09 - Marioneta - Cumbia.mp3');
insert into format ("filename","nb_streams","nb_programs","format_name","format_long_name","start_time","duration","size","bit_rate","probe_score","filepath") values ('/media/pi/ZUKE/MUSIC/CDs/CD 45/09 - Marioneta - Cumbia.mp3','1','0','mp3','MP2/3 (MPEG audio layer 2/3)','0','337.972245','7002240','165747','51','/media/pi/ZUKE/MUSIC/CDs/CD 45/09 - Marioneta - Cumbia.mp3');
insert into disposition ("default","dub","original","comment","lyrics","karaoke","forced","hearing_impaired","visual_impaired","clean_effects","attached_pic","timed_thumbnails","filepath") values ('0','0','0','0','0','0','0','0','0','0','0','0','/media/pi/ZUKE/MUSIC/CDs/CD 45/09 - Marioneta - Cumbia.mp3');
insert into tags ("album","composer","genre","title","artist","disc","track","filepath") values ('ZIN CD 45','Zumba Fitness','Cumbia','Marioneta','Zumba Fitness','1/1','09/09','/media/pi/ZUKE/MUSIC/CDs/CD 45/09 - Marioneta - Cumbia.mp3');
insert into mp3s ("filepath") values ('/media/pi/ZUKE/MUSIC/CDs/CD 45/09 - Marioneta - Cumbia.mp3');
insert into streams ("index","codec_name","codec_long_name","codec_type","codec_time_base","codec_tag_string","codec_tag","sample_fmt","sample_rate","channels","channel_layout","bits_per_sample","r_frame_rate","avg_frame_rate","time_base","start_pts","start_time","duration_ts","duration","bit_rate","filepath") values ('0','mp3','MP3 (MPEG audio layer 3)','audio','1/44100','[0][0][0][0]','0x0000','fltp','44100','2','stereo','0','0/0','0/0','1/14112000','0','0','3093626880','219.219592','159014','/media/pi/ZUKE/MUSIC/CDs/CD 46/01 - Ven Conmigo - Merengue Electronico.mp3');
insert into format ("filename","nb_streams","nb_programs","format_name","format_long_name","start_time","duration","size","bit_rate","probe_score","filepath") values ('/media/pi/ZUKE/MUSIC/CDs/CD 46/01 - Ven Conmigo - Merengue Electronico.mp3','1','0','mp3','MP2/3 (MPEG audio layer 2/3)','0','219.219592','4358272','159046','51','/media/pi/ZUKE/MUSIC/CDs/CD 46/01 - Ven Conmigo - Merengue Electronico.mp3');
insert into disposition ("default","dub","original","comment","lyrics","karaoke","forced","hearing_impaired","visual_impaired","clean_effects","attached_pic","timed_thumbnails","filepath") values ('0','0','0','0','0','0','0','0','0','0','0','0','/media/pi/ZUKE/MUSIC/CDs/CD 46/01 - Ven Conmigo - Merengue Electronico.mp3');
insert into tags ("album","composer","genre","title","artist","disc","track","filepath") values ('ZIN CD 46','Zumba Fitness','Merengue Electronico','Ven Conmigo','Zumba Fitness','1/1','01/09','/media/pi/ZUKE/MUSIC/CDs/CD 46/01 - Ven Conmigo - Merengue Electronico.mp3');
insert into mp3s ("filepath") values ('/media/pi/ZUKE/MUSIC/CDs/CD 46/01 - Ven Conmigo - Merengue Electronico.mp3');
insert into streams ("index","codec_name","codec_long_name","codec_type","codec_time_base","codec_tag_string","codec_tag","sample_fmt","sample_rate","channels","channel_layout","bits_per_sample","r_frame_rate","avg_frame_rate","time_base","start_pts","start_time","duration_ts","duration","bit_rate","filepath") values ('0','mp3','MP3 (MPEG audio layer 3)','audio','1/44100','[0][0][0][0]','0x0000','fltp','44100','2','stereo','0','0/0','0/0','1/14112000','0','0','4553441280','322.664490','163809','/media/pi/ZUKE/MUSIC/CDs/CD 46/02 - Contando Estrellas - Salsa.mp3');
insert into format ("filename","nb_streams","nb_programs","format_name","format_long_name","start_time","duration","size","bit_rate","probe_score","filepath") values ('/media/pi/ZUKE/MUSIC/CDs/CD 46/02 - Contando Estrellas - Salsa.mp3','1','0','mp3','MP2/3 (MPEG audio layer 2/3)','0','322.664490','6609024','163861','51','/media/pi/ZUKE/MUSIC/CDs/CD 46/02 - Contando Estrellas - Salsa.mp3');
insert into disposition ("default","dub","original","comment","lyrics","karaoke","forced","hearing_impaired","visual_impaired","clean_effects","attached_pic","timed_thumbnails","filepath") values ('0','0','0','0','0','0','0','0','0','0','0','0','/media/pi/ZUKE/MUSIC/CDs/CD 46/02 - Contando Estrellas - Salsa.mp3');
insert into tags ("album","composer","genre","title","artist","disc","track","filepath") values ('ZIN CD 46','Zumba Fitness','Salsa','Contando Estrellas','Zumba Fitness','1/1','02/09','/media/pi/ZUKE/MUSIC/CDs/CD 46/02 - Contando Estrellas - Salsa.mp3');
insert into mp3s ("filepath") values ('/media/pi/ZUKE/MUSIC/CDs/CD 46/02 - Contando Estrellas - Salsa.mp3');
insert into streams ("index","codec_name","codec_long_name","codec_type","codec_time_base","codec_tag_string","codec_tag","sample_fmt","sample_rate","channels","channel_layout","bits_per_sample","r_frame_rate","avg_frame_rate","time_base","start_pts","start_time","duration_ts","duration","bit_rate","filepath") values ('0','mp3','MP3 (MPEG audio layer 3)','audio','1/44100','[0][0][0][0]','0x0000','fltp','44100','2','stereo','0','0/0','0/0','1/14112000','0','0','3018055680','213.864490','167861','/media/pi/ZUKE/MUSIC/CDs/CD 46/03 - Rumba Buena - Batucada.mp3');
insert into format ("filename","nb_streams","nb_programs","format_name","format_long_name","start_time","duration","size","bit_rate","probe_score","filepath") values ('/media/pi/ZUKE/MUSIC/CDs/CD 46/03 - Rumba Buena - Batucada.mp3','1','0','mp3','MP2/3 (MPEG audio layer 2/3)','0','213.864490','4489344','167932','51','/media/pi/ZUKE/MUSIC/CDs/CD 46/03 - Rumba Buena - Batucada.mp3');
insert into disposition ("default","dub","original","comment","lyrics","karaoke","forced","hearing_impaired","visual_impaired","clean_effects","attached_pic","timed_thumbnails","filepath") values ('0','0','0','0','0','0','0','0','0','0','0','0','/media/pi/ZUKE/MUSIC/CDs/CD 46/03 - Rumba Buena - Batucada.mp3');
insert into tags ("album","composer","genre","title","artist","disc","track","filepath") values ('ZIN CD 46','Zumba Fitness','Batucada','Rumba Buena','Zumba Fitness','1/1','03/09','/media/pi/ZUKE/MUSIC/CDs/CD 46/03 - Rumba Buena - Batucada.mp3');
insert into mp3s ("filepath") values ('/media/pi/ZUKE/MUSIC/CDs/CD 46/03 - Rumba Buena - Batucada.mp3');
insert into streams ("index","codec_name","codec_long_name","codec_type","codec_time_base","codec_tag_string","codec_tag","sample_fmt","sample_rate","channels","channel_layout","bits_per_sample","r_frame_rate","avg_frame_rate","time_base","start_pts","start_time","duration_ts","duration","bit_rate","filepath") values ('0','mp3','MP3 (MPEG audio layer 3)','audio','1/44100','[0][0][0][0]','0x0000','fltp','44100','2','stereo','0','0/0','0/0','1/14112000','0','0','3015843840','213.707755','156654','/media/pi/ZUKE/MUSIC/CDs/CD 46/04 - Le Gustan los Artistas - Reggaeton.mp3');
insert into format ("filename","nb_streams","nb_programs","format_name","format_long_name","start_time","duration","size","bit_rate","probe_score","filepath") values ('/media/pi/ZUKE/MUSIC/CDs/CD 46/04 - Le Gustan los Artistas - Reggaeton.mp3','1','0','mp3','MP2/3 (MPEG audio layer 2/3)','0','213.707755','4186240','156708','51','/media/pi/ZUKE/MUSIC/CDs/CD 46/04 - Le Gustan los Artistas - Reggaeton.mp3');
insert into disposition ("default","dub","original","comment","lyrics","karaoke","forced","hearing_impaired","visual_impaired","clean_effects","attached_pic","timed_thumbnails","filepath") values ('0','0','0','0','0','0','0','0','0','0','0','0','/media/pi/ZUKE/MUSIC/CDs/CD 46/04 - Le Gustan los Artistas - Reggaeton.mp3');
insert into tags ("album","composer","genre","title","artist","disc","track","filepath") values ('ZIN CD 46','Zumba Fitness','Reggaeton','Le Gustan los Artistas','Zumba Fitness','1/1','04/09','/media/pi/ZUKE/MUSIC/CDs/CD 46/04 - Le Gustan los Artistas - Reggaeton.mp3');
insert into mp3s ("filepath") values ('/media/pi/ZUKE/MUSIC/CDs/CD 46/04 - Le Gustan los Artistas - Reggaeton.mp3');
insert into streams ("index","codec_name","codec_long_name","codec_type","codec_time_base","codec_tag_string","codec_tag","sample_fmt","sample_rate","channels","channel_layout","bits_per_sample","r_frame_rate","avg_frame_rate","time_base","start_pts","start_time","duration_ts","duration","bit_rate","filepath") values ('0','mp3','MP3 (MPEG audio layer 3)','audio','1/44100','[0][0][0][0]','0x0000','fltp','44100','2','stereo','0','0/0','0/0','1/14112000','0','0','3745382400','265.404082','190200','/media/pi/ZUKE/MUSIC/CDs/CD 46/05 - Viene, Viene, Viene - Quebradita.mp3');
insert into format ("filename","nb_streams","nb_programs","format_name","format_long_name","start_time","duration","size","bit_rate","probe_score","filepath") values ('/media/pi/ZUKE/MUSIC/CDs/CD 46/05 - Viene, Viene, Viene - Quebradita.mp3','1','0','mp3','MP2/3 (MPEG audio layer 2/3)','0','265.404082','6312064','190262','51','/media/pi/ZUKE/MUSIC/CDs/CD 46/05 - Viene, Viene, Viene - Quebradita.mp3');
insert into disposition ("default","dub","original","comment","lyrics","karaoke","forced","hearing_impaired","visual_impaired","clean_effects","attached_pic","timed_thumbnails","filepath") values ('0','0','0','0','0','0','0','0','0','0','0','0','/media/pi/ZUKE/MUSIC/CDs/CD 46/05 - Viene, Viene, Viene - Quebradita.mp3');
insert into tags ("album","composer","genre","title","artist","disc","track","filepath") values ('ZIN CD 46','Zumba Fitness','Quebradita','Viene, Viene, Viene','Zumba Fitness','1/1','05/09','/media/pi/ZUKE/MUSIC/CDs/CD 46/05 - Viene, Viene, Viene - Quebradita.mp3');
insert into mp3s ("filepath") values ('/media/pi/ZUKE/MUSIC/CDs/CD 46/05 - Viene, Viene, Viene - Quebradita.mp3');
insert into streams ("index","codec_name","codec_long_name","codec_type","codec_time_base","codec_tag_string","codec_tag","sample_fmt","sample_rate","channels","channel_layout","bits_per_sample","r_frame_rate","avg_frame_rate","time_base","start_pts","start_time","duration_ts","duration","bit_rate","filepath") values ('0','mp3','MP3 (MPEG audio layer 3)','audio','1/44100','[0][0][0][0]','0x0000','fltp','44100','2','stereo','0','0/0','0/0','1/14112000','0','0','3990528000','282.775510','168563','/media/pi/ZUKE/MUSIC/CDs/CD 46/06 - Mashallah - Hindi Pop.mp3');
insert into format ("filename","nb_streams","nb_programs","format_name","format_long_name","start_time","duration","size","bit_rate","probe_score","filepath") values ('/media/pi/ZUKE/MUSIC/CDs/CD 46/06 - Mashallah - Hindi Pop.mp3','1','0','mp3','MP2/3 (MPEG audio layer 2/3)','0','282.775510','5959808','168608','51','/media/pi/ZUKE/MUSIC/CDs/CD 46/06 - Mashallah - Hindi Pop.mp3');
insert into disposition ("default","dub","original","comment","lyrics","karaoke","forced","hearing_impaired","visual_impaired","clean_effects","attached_pic","timed_thumbnails","filepath") values ('0','0','0','0','0','0','0','0','0','0','0','0','/media/pi/ZUKE/MUSIC/CDs/CD 46/06 - Mashallah - Hindi Pop.mp3');
insert into tags ("album","composer","genre","title","artist","disc","track","filepath") values ('ZIN CD 46','Zumba Fitness','Hindi Pop','Mashallah','Zumba Fitness','1/1','06/09','/media/pi/ZUKE/MUSIC/CDs/CD 46/06 - Mashallah - Hindi Pop.mp3');
insert into mp3s ("filepath") values ('/media/pi/ZUKE/MUSIC/CDs/CD 46/06 - Mashallah - Hindi Pop.mp3');
insert into streams ("index","codec_name","codec_long_name","codec_type","codec_time_base","codec_tag_string","codec_tag","sample_fmt","sample_rate","channels","channel_layout","bits_per_sample","r_frame_rate","avg_frame_rate","time_base","start_pts","start_time","duration_ts","duration","bit_rate","filepath") values ('0','mp3','MP3 (MPEG audio layer 3)','audio','1/44100','[0][0][0][0]','0x0000','fltp','44100','2','stereo','0','0/0','0/0','1/14112000','0','0','2745999360','194.586122','162937','/media/pi/ZUKE/MUSIC/CDs/CD 46/07 - Dale - Latin Dance.mp3');
insert into format ("filename","nb_streams","nb_programs","format_name","format_long_name","start_time","duration","size","bit_rate","probe_score","filepath") values ('/media/pi/ZUKE/MUSIC/CDs/CD 46/07 - Dale - Latin Dance.mp3','1','0','mp3','MP2/3 (MPEG audio layer 2/3)','0','194.586122','3965056','163014','51','/media/pi/ZUKE/MUSIC/CDs/CD 46/07 - Dale - Latin Dance.mp3');
insert into disposition ("default","dub","original","comment","lyrics","karaoke","forced","hearing_impaired","visual_impaired","clean_effects","attached_pic","timed_thumbnails","filepath") values ('0','0','0','0','0','0','0','0','0','0','0','0','/media/pi/ZUKE/MUSIC/CDs/CD 46/07 - Dale - Latin Dance.mp3');
insert into tags ("album","composer","genre","title","artist","disc","track","filepath") values ('ZIN CD 46','Zumba Fitness','Latin','Dale','Zumba Fitness','1/1','07/09','/media/pi/ZUKE/MUSIC/CDs/CD 46/07 - Dale - Latin Dance.mp3');
insert into mp3s ("filepath") values ('/media/pi/ZUKE/MUSIC/CDs/CD 46/07 - Dale - Latin Dance.mp3');
insert into streams ("index","codec_name","codec_long_name","codec_type","codec_time_base","codec_tag_string","codec_tag","sample_fmt","sample_rate","channels","channel_layout","bits_per_sample","r_frame_rate","avg_frame_rate","time_base","start_pts","start_time","duration_ts","duration","bit_rate","filepath") values ('0','mp3','MP3 (MPEG audio layer 3)','audio','1/44100','[0][0][0][0]','0x0000','fltp','44100','2','stereo','0','0/0','0/0','1/14112000','0','0','2861015040','202.736327','133767','/media/pi/ZUKE/MUSIC/CDs/CD 46/08 - Mexe Ai - Axe.mp3');
insert into format ("filename","nb_streams","nb_programs","format_name","format_long_name","start_time","duration","size","bit_rate","probe_score","filepath") values ('/media/pi/ZUKE/MUSIC/CDs/CD 46/08 - Mexe Ai - Axe.mp3','1','0','mp3','MP2/3 (MPEG audio layer 2/3)','0','202.736327','3391616','133833','51','/media/pi/ZUKE/MUSIC/CDs/CD 46/08 - Mexe Ai - Axe.mp3');
insert into disposition ("default","dub","original","comment","lyrics","karaoke","forced","hearing_impaired","visual_impaired","clean_effects","attached_pic","timed_thumbnails","filepath") values ('0','0','0','0','0','0','0','0','0','0','0','0','/media/pi/ZUKE/MUSIC/CDs/CD 46/08 - Mexe Ai - Axe.mp3');
insert into tags ("album","composer","genre","title","artist","disc","track","filepath") values ('ZIN CD 46','Zumba Fitness','Axe','Mexe Ai','Zumba Fitness','1/1','08/09','/media/pi/ZUKE/MUSIC/CDs/CD 46/08 - Mexe Ai - Axe.mp3');
insert into mp3s ("filepath") values ('/media/pi/ZUKE/MUSIC/CDs/CD 46/08 - Mexe Ai - Axe.mp3');
insert into streams ("index","codec_name","codec_long_name","codec_type","codec_time_base","codec_tag_string","codec_tag","sample_fmt","sample_rate","channels","channel_layout","bits_per_sample","r_frame_rate","avg_frame_rate","time_base","start_pts","start_time","duration_ts","duration","bit_rate","filepath") values ('0','mp3','MP3 (MPEG audio layer 3)','audio','1/44100','[0][0][0][0]','0x0000','fltp','44100','2','stereo','0','0/0','0/0','1/14112000','0','0','3081461760','218.357551','151021','/media/pi/ZUKE/MUSIC/CDs/CD 46/09 - I Like How it Feels - Techno.mp3');
insert into format ("filename","nb_streams","nb_programs","format_name","format_long_name","start_time","duration","size","bit_rate","probe_score","filepath") values ('/media/pi/ZUKE/MUSIC/CDs/CD 46/09 - I Like How it Feels - Techno.mp3','1','0','mp3','MP2/3 (MPEG audio layer 2/3)','0','218.357551','4122752','151045','51','/media/pi/ZUKE/MUSIC/CDs/CD 46/09 - I Like How it Feels - Techno.mp3');
insert into disposition ("default","dub","original","comment","lyrics","karaoke","forced","hearing_impaired","visual_impaired","clean_effects","attached_pic","timed_thumbnails","filepath") values ('0','0','0','0','0','0','0','0','0','0','0','0','/media/pi/ZUKE/MUSIC/CDs/CD 46/09 - I Like How it Feels - Techno.mp3');
insert into tags ("album","composer","genre","title","artist","disc","track","filepath") values ('ZIN CD 46','Zumba Fitness','Techno','I Like How it Feels','Zumba Fitness','1/1','09/09','/media/pi/ZUKE/MUSIC/CDs/CD 46/09 - I Like How it Feels - Techno.mp3');
insert into mp3s ("filepath") values ('/media/pi/ZUKE/MUSIC/CDs/CD 46/09 - I Like How it Feels - Techno.mp3');
insert into streams ("index","codec_name","codec_long_name","codec_type","codec_time_base","codec_tag_string","codec_tag","sample_fmt","sample_rate","channels","channel_layout","bits_per_sample","r_frame_rate","avg_frame_rate","time_base","start_pts","start_time","duration_ts","duration","bit_rate","filepath") values ('0','mp3','MP3 (MPEG audio layer 3)','audio','1/44100','[0][0][0][0]','0x0000','fltp','44100','2','stereo','0','0/0','0/0','1/14112000','0','0','3199057920','226.690612','145192','/media/pi/ZUKE/MUSIC/CDs/CD 47/01 - Bouje - Soca Kuduro.mp3');
insert into format ("filename","nb_streams","nb_programs","format_name","format_long_name","start_time","duration","size","bit_rate","probe_score","filepath") values ('/media/pi/ZUKE/MUSIC/CDs/CD 47/01 - Bouje - Soca Kuduro.mp3','1','0','mp3','MP2/3 (MPEG audio layer 2/3)','0','226.690612','4114560','145204','51','/media/pi/ZUKE/MUSIC/CDs/CD 47/01 - Bouje - Soca Kuduro.mp3');
insert into disposition ("default","dub","original","comment","lyrics","karaoke","forced","hearing_impaired","visual_impaired","clean_effects","attached_pic","timed_thumbnails","filepath") values ('0','0','0','0','0','0','0','0','0','0','0','0','/media/pi/ZUKE/MUSIC/CDs/CD 47/01 - Bouje - Soca Kuduro.mp3');
insert into tags ("album","composer","genre","title","artist","disc","track","filepath") values ('ZIN CD 47','Zumba Fitness','Soca Kuduro','Bouje','Zumba Fitness','1/1','01/09','/media/pi/ZUKE/MUSIC/CDs/CD 47/01 - Bouje - Soca Kuduro.mp3');
insert into mp3s ("filepath") values ('/media/pi/ZUKE/MUSIC/CDs/CD 47/01 - Bouje - Soca Kuduro.mp3');
insert into streams ("index","codec_name","codec_long_name","codec_type","codec_time_base","codec_tag_string","codec_tag","sample_fmt","sample_rate","channels","channel_layout","bits_per_sample","r_frame_rate","avg_frame_rate","time_base","start_pts","start_time","duration_ts","duration","bit_rate","filepath") values ('0','mp3','MP3 (MPEG audio layer 3)','audio','1/44100','[0][0][0][0]','0x0000','fltp','44100','2','stereo','0','0/0','0/0','1/14112000','0','0','3252879360','230.504490','174644','/media/pi/ZUKE/MUSIC/CDs/CD 47/02 - Hace Falta Timbal - Salsa.mp3');
insert into format ("filename","nb_streams","nb_programs","format_name","format_long_name","start_time","duration","size","bit_rate","probe_score","filepath") values ('/media/pi/ZUKE/MUSIC/CDs/CD 47/02 - Hace Falta Timbal - Salsa.mp3','1','0','mp3','MP2/3 (MPEG audio layer 2/3)','0','230.504490','5034112','174716','51','/media/pi/ZUKE/MUSIC/CDs/CD 47/02 - Hace Falta Timbal - Salsa.mp3');
insert into disposition ("default","dub","original","comment","lyrics","karaoke","forced","hearing_impaired","visual_impaired","clean_effects","attached_pic","timed_thumbnails","filepath") values ('0','0','0','0','0','0','0','0','0','0','0','0','/media/pi/ZUKE/MUSIC/CDs/CD 47/02 - Hace Falta Timbal - Salsa.mp3');
insert into tags ("album","composer","genre","title","artist","disc","track","filepath") values ('ZIN CD 47','Zumba Fitness','Salsa','Hace Falta Timbal','Zumba Fitness','1/1','02/09','/media/pi/ZUKE/MUSIC/CDs/CD 47/02 - Hace Falta Timbal - Salsa.mp3');
insert into mp3s ("filepath") values ('/media/pi/ZUKE/MUSIC/CDs/CD 47/02 - Hace Falta Timbal - Salsa.mp3');
insert into streams ("index","codec_name","codec_long_name","codec_type","codec_time_base","codec_tag_string","codec_tag","sample_fmt","sample_rate","channels","channel_layout","bits_per_sample","r_frame_rate","avg_frame_rate","time_base","start_pts","start_time","duration_ts","duration","bit_rate","filepath") values ('0','mp3','MP3 (MPEG audio layer 3)','audio','1/44100','[0][0][0][0]','0x0000','fltp','44100','2','stereo','0','0/0','0/0','1/14112000','0','0','3016212480','213.733878','155144','/media/pi/ZUKE/MUSIC/CDs/CD 47/03 - A Todos por Igual - Reggaeton.mp3');
insert into format ("filename","nb_streams","nb_programs","format_name","format_long_name","start_time","duration","size","bit_rate","probe_score","filepath") values ('/media/pi/ZUKE/MUSIC/CDs/CD 47/03 - A Todos por Igual - Reggaeton.mp3','1','0','mp3','MP2/3 (MPEG audio layer 2/3)','0','213.733878','4145280','155156','51','/media/pi/ZUKE/MUSIC/CDs/CD 47/03 - A Todos por Igual - Reggaeton.mp3');
insert into disposition ("default","dub","original","comment","lyrics","karaoke","forced","hearing_impaired","visual_impaired","clean_effects","attached_pic","timed_thumbnails","filepath") values ('0','0','0','0','0','0','0','0','0','0','0','0','/media/pi/ZUKE/MUSIC/CDs/CD 47/03 - A Todos por Igual - Reggaeton.mp3');
insert into tags ("album","composer","genre","title","artist","disc","track","filepath") values ('ZIN CD 47','Zumba Fitness','Reggaeton','A Todos por Igual','Zumba Fitness','1/1','03/09','/media/pi/ZUKE/MUSIC/CDs/CD 47/03 - A Todos por Igual - Reggaeton.mp3');
insert into mp3s ("filepath") values ('/media/pi/ZUKE/MUSIC/CDs/CD 47/03 - A Todos por Igual - Reggaeton.mp3');
insert into streams ("index","codec_name","codec_long_name","codec_type","codec_time_base","codec_tag_string","codec_tag","sample_fmt","sample_rate","channels","channel_layout","bits_per_sample","r_frame_rate","avg_frame_rate","time_base","start_pts","start_time","duration_ts","duration","bit_rate","filepath") values ('0','mp3','MP3 (MPEG audio layer 3)','audio','1/44100','[0][0][0][0]','0x0000','fltp','44100','2','stereo','0','0/0','0/0','1/14112000','0','0','3185418240','225.724082','154944','/media/pi/ZUKE/MUSIC/CDs/CD 47/04 - All Around the World - Electrodance.mp3');
insert into format ("filename","nb_streams","nb_programs","format_name","format_long_name","start_time","duration","size","bit_rate","probe_score","filepath") values ('/media/pi/ZUKE/MUSIC/CDs/CD 47/04 - All Around the World - Electrodance.mp3','1','0','mp3','MP2/3 (MPEG audio layer 2/3)','0','225.724082','4372608','154971','51','/media/pi/ZUKE/MUSIC/CDs/CD 47/04 - All Around the World - Electrodance.mp3');
insert into disposition ("default","dub","original","comment","lyrics","karaoke","forced","hearing_impaired","visual_impaired","clean_effects","attached_pic","timed_thumbnails","filepath") values ('0','0','0','0','0','0','0','0','0','0','0','0','/media/pi/ZUKE/MUSIC/CDs/CD 47/04 - All Around the World - Electrodance.mp3');
insert into tags ("album","composer","genre","title","artist","disc","track","filepath") values ('ZIN CD 47','Zumba Fitness','Electrodance','All Around the World','Zumba Fitness','1/1','04/09','/media/pi/ZUKE/MUSIC/CDs/CD 47/04 - All Around the World - Electrodance.mp3');
insert into mp3s ("filepath") values ('/media/pi/ZUKE/MUSIC/CDs/CD 47/04 - All Around the World - Electrodance.mp3');
insert into streams ("index","codec_name","codec_long_name","codec_type","codec_time_base","codec_tag_string","codec_tag","sample_fmt","sample_rate","channels","channel_layout","bits_per_sample","r_frame_rate","avg_frame_rate","time_base","start_pts","start_time","duration_ts","duration","bit_rate","filepath") values ('0','mp3','MP3 (MPEG audio layer 3)','audio','1/44100','[0][0][0][0]','0x0000','fltp','44100','2','stereo','0','0/0','0/0','1/14112000','0','0','3299696640','233.822041','174293','/media/pi/ZUKE/MUSIC/CDs/CD 47/05 - Tijuana Nights - Quebradita.mp3');
insert into format ("filename","nb_streams","nb_programs","format_name","format_long_name","start_time","duration","size","bit_rate","probe_score","filepath") values ('/media/pi/ZUKE/MUSIC/CDs/CD 47/05 - Tijuana Nights - Quebradita.mp3','1','0','mp3','MP2/3 (MPEG audio layer 2/3)','0','233.822041','5095552','174339','51','/media/pi/ZUKE/MUSIC/CDs/CD 47/05 - Tijuana Nights - Quebradita.mp3');
insert into disposition ("default","dub","original","comment","lyrics","karaoke","forced","hearing_impaired","visual_impaired","clean_effects","attached_pic","timed_thumbnails","filepath") values ('0','0','0','0','0','0','0','0','0','0','0','0','/media/pi/ZUKE/MUSIC/CDs/CD 47/05 - Tijuana Nights - Quebradita.mp3');
insert into tags ("album","composer","genre","title","artist","disc","track","filepath") values ('ZIN CD 47','Zumba Fitness','Quebradita','Tijuana Nights','Zumba Fitness','1/1','05/09','/media/pi/ZUKE/MUSIC/CDs/CD 47/05 - Tijuana Nights - Quebradita.mp3');
insert into mp3s ("filepath") values ('/media/pi/ZUKE/MUSIC/CDs/CD 47/05 - Tijuana Nights - Quebradita.mp3');
insert into streams ("index","codec_name","codec_long_name","codec_type","codec_time_base","codec_tag_string","codec_tag","sample_fmt","sample_rate","channels","channel_layout","bits_per_sample","r_frame_rate","avg_frame_rate","time_base","start_pts","start_time","duration_ts","duration","bit_rate","filepath") values ('0','mp3','MP3 (MPEG audio layer 3)','audio','1/44100','[0][0][0][0]','0x0000','fltp','44100','2','stereo','0','0/0','0/0','1/14112000','0','0','2622504960','185.835102','148895','/media/pi/ZUKE/MUSIC/CDs/CD 47/06 - That''s the Way (I Like it) - Disco - Funk.mp3');
insert into format ("filename","nb_streams","nb_programs","format_name","format_long_name","start_time","duration","size","bit_rate","probe_score","filepath") values ('/media/pi/ZUKE/MUSIC/CDs/CD 47/06 - That''s the Way (I Like it) - Disco - Funk.mp3','1','0','mp3','MP2/3 (MPEG audio layer 2/3)','0','185.835102','3459200','148914','51','/media/pi/ZUKE/MUSIC/CDs/CD 47/06 - That''s the Way (I Like it) - Disco - Funk.mp3');
insert into disposition ("default","dub","original","comment","lyrics","karaoke","forced","hearing_impaired","visual_impaired","clean_effects","attached_pic","timed_thumbnails","filepath") values ('0','0','0','0','0','0','0','0','0','0','0','0','/media/pi/ZUKE/MUSIC/CDs/CD 47/06 - That''s the Way (I Like it) - Disco - Funk.mp3');
insert into tags ("album","composer","genre","title","artist","disc","track","filepath") values ('ZIN CD 47','Zumba Fitness','Disco,Funk','That''s the Way (I Like it)','Zumba Fitness','1/1','06/09','/media/pi/ZUKE/MUSIC/CDs/CD 47/06 - That''s the Way (I Like it) - Disco - Funk.mp3');
insert into mp3s ("filepath") values ('/media/pi/ZUKE/MUSIC/CDs/CD 47/06 - That''s the Way (I Like it) - Disco - Funk.mp3');
insert into streams ("index","codec_name","codec_long_name","codec_type","codec_time_base","codec_tag_string","codec_tag","sample_fmt","sample_rate","channels","channel_layout","bits_per_sample","r_frame_rate","avg_frame_rate","time_base","start_pts","start_time","duration_ts","duration","bit_rate","filepath") values ('0','mp3','MP3 (MPEG audio layer 3)','audio','1/44100','[0][0][0][0]','0x0000','fltp','44100','2','stereo','0','0/0','0/0','1/14112000','0','0','3664281600','259.657143','182495','/media/pi/ZUKE/MUSIC/CDs/CD 47/07 - Juntos los Dos - Cumbia.mp3');
insert into format ("filename","nb_streams","nb_programs","format_name","format_long_name","start_time","duration","size","bit_rate","probe_score","filepath") values ('/media/pi/ZUKE/MUSIC/CDs/CD 47/07 - Juntos los Dos - Cumbia.mp3','1','0','mp3','MP2/3 (MPEG audio layer 2/3)','0','259.657143','5924992','182548','51','/media/pi/ZUKE/MUSIC/CDs/CD 47/07 - Juntos los Dos - Cumbia.mp3');
insert into disposition ("default","dub","original","comment","lyrics","karaoke","forced","hearing_impaired","visual_impaired","clean_effects","attached_pic","timed_thumbnails","filepath") values ('0','0','0','0','0','0','0','0','0','0','0','0','/media/pi/ZUKE/MUSIC/CDs/CD 47/07 - Juntos los Dos - Cumbia.mp3');
insert into tags ("album","composer","genre","title","artist","disc","track","filepath") values ('ZIN CD 47','Zumba Fitness','Cumbia','Juntos los Dos','Zumba Fitness','1/1','07/09','/media/pi/ZUKE/MUSIC/CDs/CD 47/07 - Juntos los Dos - Cumbia.mp3');
insert into mp3s ("filepath") values ('/media/pi/ZUKE/MUSIC/CDs/CD 47/07 - Juntos los Dos - Cumbia.mp3');
insert into streams ("index","codec_name","codec_long_name","codec_type","codec_time_base","codec_tag_string","codec_tag","sample_fmt","sample_rate","channels","channel_layout","bits_per_sample","r_frame_rate","avg_frame_rate","time_base","start_pts","start_time","duration_ts","duration","bit_rate","filepath") values ('0','mp3','MP3 (MPEG audio layer 3)','audio','1/44100','[0][0][0][0]','0x0000','fltp','44100','2','stereo','0','0/0','0/0','1/14112000','0','0','3247349760','230.112653','148808','/media/pi/ZUKE/MUSIC/CDs/CD 47/08 - I Like it - Electropop.mp3');
insert into format ("filename","nb_streams","nb_programs","format_name","format_long_name","start_time","duration","size","bit_rate","probe_score","filepath") values ('/media/pi/ZUKE/MUSIC/CDs/CD 47/08 - I Like it - Electropop.mp3','1','0','mp3','MP2/3 (MPEG audio layer 2/3)','0','230.112653','4282496','148883','51','/media/pi/ZUKE/MUSIC/CDs/CD 47/08 - I Like it - Electropop.mp3');
insert into disposition ("default","dub","original","comment","lyrics","karaoke","forced","hearing_impaired","visual_impaired","clean_effects","attached_pic","timed_thumbnails","filepath") values ('0','0','0','0','0','0','0','0','0','0','0','0','/media/pi/ZUKE/MUSIC/CDs/CD 47/08 - I Like it - Electropop.mp3');
insert into tags ("album","composer","genre","title","artist","disc","track","filepath") values ('ZIN CD 47','Zumba Fitness','Electropop','I Like it','Zumba Fitness','1/1','08/09','/media/pi/ZUKE/MUSIC/CDs/CD 47/08 - I Like it - Electropop.mp3');
insert into mp3s ("filepath") values ('/media/pi/ZUKE/MUSIC/CDs/CD 47/08 - I Like it - Electropop.mp3');
insert into streams ("index","codec_name","codec_long_name","codec_type","codec_time_base","codec_tag_string","codec_tag","sample_fmt","sample_rate","channels","channel_layout","bits_per_sample","r_frame_rate","avg_frame_rate","time_base","start_pts","start_time","duration_ts","duration","bit_rate","filepath") values ('0','mp3','MP3 (MPEG audio layer 3)','audio','1/44100','[0][0][0][0]','0x0000','fltp','44100','2','stereo','0','0/0','0/0','1/14112000','0','0','3042017280','215.562449','170117','/media/pi/ZUKE/MUSIC/CDs/CD 47/09 - Voy a Marte - Electro Merengue - Bachata.mp3');
insert into format ("filename","nb_streams","nb_programs","format_name","format_long_name","start_time","duration","size","bit_rate","probe_score","filepath") values ('/media/pi/ZUKE/MUSIC/CDs/CD 47/09 - Voy a Marte - Electro Merengue - Bachata.mp3','1','0','mp3','MP2/3 (MPEG audio layer 2/3)','0','215.562449','4585600','170181','51','/media/pi/ZUKE/MUSIC/CDs/CD 47/09 - Voy a Marte - Electro Merengue - Bachata.mp3');
insert into disposition ("default","dub","original","comment","lyrics","karaoke","forced","hearing_impaired","visual_impaired","clean_effects","attached_pic","timed_thumbnails","filepath") values ('0','0','0','0','0','0','0','0','0','0','0','0','/media/pi/ZUKE/MUSIC/CDs/CD 47/09 - Voy a Marte - Electro Merengue - Bachata.mp3');
insert into tags ("album","composer","genre","title","artist","disc","track","filepath") values ('ZIN CD 47','Zumba Fitness','Electro Merengue,Bachata','Voy a Marte','Zumba Fitness','1/1','09/09','/media/pi/ZUKE/MUSIC/CDs/CD 47/09 - Voy a Marte - Electro Merengue - Bachata.mp3');
insert into mp3s ("filepath") values ('/media/pi/ZUKE/MUSIC/CDs/CD 47/09 - Voy a Marte - Electro Merengue - Bachata.mp3');
insert into streams ("index","codec_name","codec_long_name","codec_type","codec_time_base","codec_tag_string","codec_tag","sample_fmt","sample_rate","channels","channel_layout","bits_per_sample","r_frame_rate","avg_frame_rate","time_base","start_pts","start_time","duration_ts","duration","bit_rate","filepath") values ('0','mp3','MP3 (MPEG audio layer 3)','audio','1/44100','[0][0][0][0]','0x0000','fltp','44100','2','stereo','0','0/0','0/0','1/14112000','0','0','3242926080','229.799184','162369','/media/pi/ZUKE/MUSIC/CDs/CD 48/01 - Lo que no Sabes tu - Reggae - Merengue.mp3');
insert into format ("filename","nb_streams","nb_programs","format_name","format_long_name","start_time","duration","size","bit_rate","probe_score","filepath") values ('/media/pi/ZUKE/MUSIC/CDs/CD 48/01 - Lo que no Sabes tu - Reggae - Merengue.mp3','1','0','mp3','MP2/3 (MPEG audio layer 2/3)','0','229.799184','4665472','162419','51','/media/pi/ZUKE/MUSIC/CDs/CD 48/01 - Lo que no Sabes tu - Reggae - Merengue.mp3');
insert into disposition ("default","dub","original","comment","lyrics","karaoke","forced","hearing_impaired","visual_impaired","clean_effects","attached_pic","timed_thumbnails","filepath") values ('0','0','0','0','0','0','0','0','0','0','0','0','/media/pi/ZUKE/MUSIC/CDs/CD 48/01 - Lo que no Sabes tu - Reggae - Merengue.mp3');
insert into tags ("album","composer","genre","title","artist","disc","track","filepath") values ('ZIN CD 48','Zumba Fitness','Reggae,Merengue','Lo que no Sabes tu','Zumba Fitness','1/1','01/09','/media/pi/ZUKE/MUSIC/CDs/CD 48/01 - Lo que no Sabes tu - Reggae - Merengue.mp3');
insert into mp3s ("filepath") values ('/media/pi/ZUKE/MUSIC/CDs/CD 48/01 - Lo que no Sabes tu - Reggae - Merengue.mp3');
insert into streams ("index","codec_name","codec_long_name","codec_type","codec_time_base","codec_tag_string","codec_tag","sample_fmt","sample_rate","channels","channel_layout","bits_per_sample","r_frame_rate","avg_frame_rate","time_base","start_pts","start_time","duration_ts","duration","bit_rate","filepath") values ('0','mp3','MP3 (MPEG audio layer 3)','audio','1/44100','[0][0][0][0]','0x0000','fltp','44100','2','stereo','0','0/0','0/0','1/14112000','0','0','3149291520','223.164082','182089','/media/pi/ZUKE/MUSIC/CDs/CD 48/02 - Salsa Bali - Salsa.mp3');
insert into format ("filename","nb_streams","nb_programs","format_name","format_long_name","start_time","duration","size","bit_rate","probe_score","filepath") values ('/media/pi/ZUKE/MUSIC/CDs/CD 48/02 - Salsa Bali - Salsa.mp3','1','0','mp3','MP2/3 (MPEG audio layer 2/3)','0','223.164082','5081216','182151','51','/media/pi/ZUKE/MUSIC/CDs/CD 48/02 - Salsa Bali - Salsa.mp3');
insert into disposition ("default","dub","original","comment","lyrics","karaoke","forced","hearing_impaired","visual_impaired","clean_effects","attached_pic","timed_thumbnails","filepath") values ('0','0','0','0','0','0','0','0','0','0','0','0','/media/pi/ZUKE/MUSIC/CDs/CD 48/02 - Salsa Bali - Salsa.mp3');
insert into tags ("album","composer","genre","title","artist","disc","track","filepath") values ('ZIN CD 48','Zumba Fitness','Salsa','Salsa Bali','Zumba Fitness','1/1','02/09','/media/pi/ZUKE/MUSIC/CDs/CD 48/02 - Salsa Bali - Salsa.mp3');
insert into mp3s ("filepath") values ('/media/pi/ZUKE/MUSIC/CDs/CD 48/02 - Salsa Bali - Salsa.mp3');
insert into streams ("index","codec_name","codec_long_name","codec_type","codec_time_base","codec_tag_string","codec_tag","sample_fmt","sample_rate","channels","channel_layout","bits_per_sample","r_frame_rate","avg_frame_rate","time_base","start_pts","start_time","duration_ts","duration","bit_rate","filepath") values ('0','mp3','MP3 (MPEG audio layer 3)','audio','1/44100','[0][0][0][0]','0x0000','fltp','44100','2','stereo','0','0/0','0/0','1/14112000','0','0','3008471040','213.185306','153576','/media/pi/ZUKE/MUSIC/CDs/CD 48/03 - Asalto - Reggaeton.mp3');
insert into format ("filename","nb_streams","nb_programs","format_name","format_long_name","start_time","duration","size","bit_rate","probe_score","filepath") values ('/media/pi/ZUKE/MUSIC/CDs/CD 48/03 - Asalto - Reggaeton.mp3','1','0','mp3','MP2/3 (MPEG audio layer 2/3)','0','213.185306','4094080','153634','51','/media/pi/ZUKE/MUSIC/CDs/CD 48/03 - Asalto - Reggaeton.mp3');
insert into disposition ("default","dub","original","comment","lyrics","karaoke","forced","hearing_impaired","visual_impaired","clean_effects","attached_pic","timed_thumbnails","filepath") values ('0','0','0','0','0','0','0','0','0','0','0','0','/media/pi/ZUKE/MUSIC/CDs/CD 48/03 - Asalto - Reggaeton.mp3');
insert into tags ("album","composer","genre","title","artist","disc","track","filepath") values ('ZIN CD 48','Zumba Fitness','Reggaeton','Asalto','Zumba Fitness','1/1','03/09','/media/pi/ZUKE/MUSIC/CDs/CD 48/03 - Asalto - Reggaeton.mp3');
insert into mp3s ("filepath") values ('/media/pi/ZUKE/MUSIC/CDs/CD 48/03 - Asalto - Reggaeton.mp3');
insert into streams ("index","codec_name","codec_long_name","codec_type","codec_time_base","codec_tag_string","codec_tag","sample_fmt","sample_rate","channels","channel_layout","bits_per_sample","r_frame_rate","avg_frame_rate","time_base","start_pts","start_time","duration_ts","duration","bit_rate","filepath") values ('0','mp3','MP3 (MPEG audio layer 3)','audio','1/44100','[0][0][0][0]','0x0000','fltp','44100','2','stereo','0','0/0','0/0','1/14112000','0','0','2756321280','195.317551','180540','/media/pi/ZUKE/MUSIC/CDs/CD 48/04 - Pasarela - Merengue Electronico.mp3');
insert into format ("filename","nb_streams","nb_programs","format_name","format_long_name","start_time","duration","size","bit_rate","probe_score","filepath") values ('/media/pi/ZUKE/MUSIC/CDs/CD 48/04 - Pasarela - Merengue Electronico.mp3','1','0','mp3','MP2/3 (MPEG audio layer 2/3)','0','195.317551','4409472','180607','51','/media/pi/ZUKE/MUSIC/CDs/CD 48/04 - Pasarela - Merengue Electronico.mp3');
insert into disposition ("default","dub","original","comment","lyrics","karaoke","forced","hearing_impaired","visual_impaired","clean_effects","attached_pic","timed_thumbnails","filepath") values ('0','0','0','0','0','0','0','0','0','0','0','0','/media/pi/ZUKE/MUSIC/CDs/CD 48/04 - Pasarela - Merengue Electronico.mp3');
insert into tags ("album","composer","genre","title","artist","disc","track","filepath") values ('ZIN CD 48','Zumba Fitness','Merengue Electronico','Pasarela','Zumba Fitness','1/1','04/09','/media/pi/ZUKE/MUSIC/CDs/CD 48/04 - Pasarela - Merengue Electronico.mp3');
insert into mp3s ("filepath") values ('/media/pi/ZUKE/MUSIC/CDs/CD 48/04 - Pasarela - Merengue Electronico.mp3');
insert into streams ("index","codec_name","codec_long_name","codec_type","codec_time_base","codec_tag_string","codec_tag","sample_fmt","sample_rate","channels","channel_layout","bits_per_sample","r_frame_rate","avg_frame_rate","time_base","start_pts","start_time","duration_ts","duration","bit_rate","filepath") values ('0','mp3','MP3 (MPEG audio layer 3)','audio','1/44100','[0][0][0][0]','0x0000','fltp','44100','2','stereo','0','0/0','0/0','1/14112000','0','0','2243543040','158.981224','150322','/media/pi/ZUKE/MUSIC/CDs/CD 48/05 - Hound Dog - Rock and Roll.mp3');
insert into format ("filename","nb_streams","nb_programs","format_name","format_long_name","start_time","duration","size","bit_rate","probe_score","filepath") values ('/media/pi/ZUKE/MUSIC/CDs/CD 48/05 - Hound Dog - Rock and Roll.mp3','1','0','mp3','MP2/3 (MPEG audio layer 2/3)','0','158.981224','2988160','150365','51','/media/pi/ZUKE/MUSIC/CDs/CD 48/05 - Hound Dog - Rock and Roll.mp3');
insert into disposition ("default","dub","original","comment","lyrics","karaoke","forced","hearing_impaired","visual_impaired","clean_effects","attached_pic","timed_thumbnails","filepath") values ('0','0','0','0','0','0','0','0','0','0','0','0','/media/pi/ZUKE/MUSIC/CDs/CD 48/05 - Hound Dog - Rock and Roll.mp3');
insert into tags ("album","composer","genre","title","artist","disc","track","filepath") values ('ZIN CD 48','Zumba Fitness','Rock and Roll','Hound Dog','Zumba Fitness','1/1','05/09','/media/pi/ZUKE/MUSIC/CDs/CD 48/05 - Hound Dog - Rock and Roll.mp3');
insert into mp3s ("filepath") values ('/media/pi/ZUKE/MUSIC/CDs/CD 48/05 - Hound Dog - Rock and Roll.mp3');
insert into streams ("index","codec_name","codec_long_name","codec_type","codec_time_base","codec_tag_string","codec_tag","sample_fmt","sample_rate","channels","channel_layout","bits_per_sample","r_frame_rate","avg_frame_rate","time_base","start_pts","start_time","duration_ts","duration","bit_rate","filepath") values ('0','mp3','MP3 (MPEG audio layer 3)','audio','1/44100','[0][0][0][0]','0x0000','fltp','44100','2','stereo','0','0/0','0/0','1/14112000','0','0','2563891200','181.681633','154170','/media/pi/ZUKE/MUSIC/CDs/CD 48/06 - Metela, Sacala - Tribal Electronico.mp3');
insert into format ("filename","nb_streams","nb_programs","format_name","format_long_name","start_time","duration","size","bit_rate","probe_score","filepath") values ('/media/pi/ZUKE/MUSIC/CDs/CD 48/06 - Metela, Sacala - Tribal Electronico.mp3','1','0','mp3','MP2/3 (MPEG audio layer 2/3)','0','181.681633','3502208','154212','51','/media/pi/ZUKE/MUSIC/CDs/CD 48/06 - Metela, Sacala - Tribal Electronico.mp3');
insert into disposition ("default","dub","original","comment","lyrics","karaoke","forced","hearing_impaired","visual_impaired","clean_effects","attached_pic","timed_thumbnails","filepath") values ('0','0','0','0','0','0','0','0','0','0','0','0','/media/pi/ZUKE/MUSIC/CDs/CD 48/06 - Metela, Sacala - Tribal Electronico.mp3');
insert into tags ("album","composer","genre","title","artist","disc","track","filepath") values ('ZIN CD 48','Zumba Fitness','Tribal Electronico','Metela, Sacala','Zumba Fitness','1/1','06/09','/media/pi/ZUKE/MUSIC/CDs/CD 48/06 - Metela, Sacala - Tribal Electronico.mp3');
insert into mp3s ("filepath") values ('/media/pi/ZUKE/MUSIC/CDs/CD 48/06 - Metela, Sacala - Tribal Electronico.mp3');
insert into streams ("index","codec_name","codec_long_name","codec_type","codec_time_base","codec_tag_string","codec_tag","sample_fmt","sample_rate","channels","channel_layout","bits_per_sample","r_frame_rate","avg_frame_rate","time_base","start_pts","start_time","duration_ts","duration","bit_rate","filepath") values ('0','mp3','MP3 (MPEG audio layer 3)','audio','1/44100','[0][0][0][0]','0x0000','fltp','44100','2','stereo','0','0/0','0/0','1/14112000','0','0','3597926400','254.955102','167625','/media/pi/ZUKE/MUSIC/CDs/CD 48/07 - La Aguafiesta - Vallenato - Techno.mp3');
insert into format ("filename","nb_streams","nb_programs","format_name","format_long_name","start_time","duration","size","bit_rate","probe_score","filepath") values ('/media/pi/ZUKE/MUSIC/CDs/CD 48/07 - La Aguafiesta - Vallenato - Techno.mp3','1','0','mp3','MP2/3 (MPEG audio layer 2/3)','0','254.955102','5343360','167664','51','/media/pi/ZUKE/MUSIC/CDs/CD 48/07 - La Aguafiesta - Vallenato - Techno.mp3');
insert into disposition ("default","dub","original","comment","lyrics","karaoke","forced","hearing_impaired","visual_impaired","clean_effects","attached_pic","timed_thumbnails","filepath") values ('0','0','0','0','0','0','0','0','0','0','0','0','/media/pi/ZUKE/MUSIC/CDs/CD 48/07 - La Aguafiesta - Vallenato - Techno.mp3');
insert into tags ("album","composer","genre","title","artist","disc","track","filepath") values ('ZIN CD 48','Zumba Fitness','Vallenato,Techno','La Aguafiesta','Zumba Fitness','1/1','07/09','/media/pi/ZUKE/MUSIC/CDs/CD 48/07 - La Aguafiesta - Vallenato - Techno.mp3');
insert into mp3s ("filepath") values ('/media/pi/ZUKE/MUSIC/CDs/CD 48/07 - La Aguafiesta - Vallenato - Techno.mp3');
insert into streams ("index","codec_name","codec_long_name","codec_type","codec_time_base","codec_tag_string","codec_tag","sample_fmt","sample_rate","channels","channel_layout","bits_per_sample","r_frame_rate","avg_frame_rate","time_base","start_pts","start_time","duration_ts","duration","bit_rate","filepath") values ('0','mp3','MP3 (MPEG audio layer 3)','audio','1/44100','[0][0][0][0]','0x0000','fltp','44100','2','stereo','0','0/0','0/0','1/14112000','0','0','2704343040','191.634286','172059','/media/pi/ZUKE/MUSIC/CDs/CD 48/08 - Flechao - Bachata.mp3');
insert into format ("filename","nb_streams","nb_programs","format_name","format_long_name","start_time","duration","size","bit_rate","probe_score","filepath") values ('/media/pi/ZUKE/MUSIC/CDs/CD 48/08 - Flechao - Bachata.mp3','1','0','mp3','MP2/3 (MPEG audio layer 2/3)','0','191.634286','4122752','172109','51','/media/pi/ZUKE/MUSIC/CDs/CD 48/08 - Flechao - Bachata.mp3');
insert into disposition ("default","dub","original","comment","lyrics","karaoke","forced","hearing_impaired","visual_impaired","clean_effects","attached_pic","timed_thumbnails","filepath") values ('0','0','0','0','0','0','0','0','0','0','0','0','/media/pi/ZUKE/MUSIC/CDs/CD 48/08 - Flechao - Bachata.mp3');
insert into tags ("album","composer","genre","title","artist","disc","track","filepath") values ('ZIN CD 48','Zumba Fitness','Bachata','Flechao','Zumba Fitness','1/1','08/09','/media/pi/ZUKE/MUSIC/CDs/CD 48/08 - Flechao - Bachata.mp3');
insert into mp3s ("filepath") values ('/media/pi/ZUKE/MUSIC/CDs/CD 48/08 - Flechao - Bachata.mp3');
insert into streams ("index","codec_name","codec_long_name","codec_type","codec_time_base","codec_tag_string","codec_tag","sample_fmt","sample_rate","channels","channel_layout","bits_per_sample","r_frame_rate","avg_frame_rate","time_base","start_pts","start_time","duration_ts","duration","bit_rate","filepath") values ('0','mp3','MP3 (MPEG audio layer 3)','audio','1/44100','[0][0][0][0]','0x0000','fltp','44100','2','stereo','0','0/0','0/0','1/14112000','0','0','6248079360','442.749388','159200','/media/pi/ZUKE/MUSIC/CDs/CD 48/09 - Groove to the World - Fusion - Cooldown.mp3');
insert into format ("filename","nb_streams","nb_programs","format_name","format_long_name","start_time","duration","size","bit_rate","probe_score","filepath") values ('/media/pi/ZUKE/MUSIC/CDs/CD 48/09 - Groove to the World - Fusion - Cooldown.mp3','1','0','mp3','MP2/3 (MPEG audio layer 2/3)','0','442.749388','8812672','159235','51','/media/pi/ZUKE/MUSIC/CDs/CD 48/09 - Groove to the World - Fusion - Cooldown.mp3');
insert into disposition ("default","dub","original","comment","lyrics","karaoke","forced","hearing_impaired","visual_impaired","clean_effects","attached_pic","timed_thumbnails","filepath") values ('0','0','0','0','0','0','0','0','0','0','0','0','/media/pi/ZUKE/MUSIC/CDs/CD 48/09 - Groove to the World - Fusion - Cooldown.mp3');
insert into tags ("album","composer","genre","title","artist","disc","track","filepath") values ('ZIN CD 48','Zumba Fitness','Fusion,Cooldown','Groove to the World','Zumba Fitness','1/1','09/09','/media/pi/ZUKE/MUSIC/CDs/CD 48/09 - Groove to the World - Fusion - Cooldown.mp3');
insert into mp3s ("filepath") values ('/media/pi/ZUKE/MUSIC/CDs/CD 48/09 - Groove to the World - Fusion - Cooldown.mp3');
insert into streams ("index","codec_name","codec_long_name","codec_type","codec_time_base","codec_tag_string","codec_tag","sample_fmt","sample_rate","channels","channel_layout","bits_per_sample","r_frame_rate","avg_frame_rate","time_base","start_pts","start_time","duration_ts","duration","bit_rate","filepath") values ('0','mp3','MP3 (MPEG audio layer 3)','audio','1/44100','[0][0][0][0]','0x0000','fltp','44100','2','stereo','0','0/0','0/0','1/14112000','0','0','3027271680','214.517551','157260','/media/pi/ZUKE/MUSIC/CDs/CD 49/01 - Te Gusta - Merengue Electronico.mp3');
insert into format ("filename","nb_streams","nb_programs","format_name","format_long_name","start_time","duration","size","bit_rate","probe_score","filepath") values ('/media/pi/ZUKE/MUSIC/CDs/CD 49/01 - Te Gusta - Merengue Electronico.mp3','1','0','mp3','MP2/3 (MPEG audio layer 2/3)','0','214.517551','4219008','157339','51','/media/pi/ZUKE/MUSIC/CDs/CD 49/01 - Te Gusta - Merengue Electronico.mp3');
insert into disposition ("default","dub","original","comment","lyrics","karaoke","forced","hearing_impaired","visual_impaired","clean_effects","attached_pic","timed_thumbnails","filepath") values ('0','0','0','0','0','0','0','0','0','0','0','0','/media/pi/ZUKE/MUSIC/CDs/CD 49/01 - Te Gusta - Merengue Electronico.mp3');
insert into tags ("album","composer","genre","title","artist","disc","track","filepath") values ('ZIN CD 49','Zumba Fitness','Merengue Electronico','Te Gusta','Zumba Fitness','1/1','01/09','/media/pi/ZUKE/MUSIC/CDs/CD 49/01 - Te Gusta - Merengue Electronico.mp3');
insert into mp3s ("filepath") values ('/media/pi/ZUKE/MUSIC/CDs/CD 49/01 - Te Gusta - Merengue Electronico.mp3');
insert into streams ("index","codec_name","codec_long_name","codec_type","codec_time_base","codec_tag_string","codec_tag","sample_fmt","sample_rate","channels","channel_layout","bits_per_sample","r_frame_rate","avg_frame_rate","time_base","start_pts","start_time","duration_ts","duration","bit_rate","filepath") values ('0','mp3','MP3 (MPEG audio layer 3)','audio','1/44100','[0][0][0][0]','0x0000','fltp','44100','2','stereo','0','0/0','0/0','1/14112000','0','0','3175833600','225.044898','156099','/media/pi/ZUKE/MUSIC/CDs/CD 49/02 - Limbo - Urban Calypso.mp3');
insert into format ("filename","nb_streams","nb_programs","format_name","format_long_name","start_time","duration","size","bit_rate","probe_score","filepath") values ('/media/pi/ZUKE/MUSIC/CDs/CD 49/02 - Limbo - Urban Calypso.mp3','1','0','mp3','MP2/3 (MPEG audio layer 2/3)','0','225.044898','4393088','156167','51','/media/pi/ZUKE/MUSIC/CDs/CD 49/02 - Limbo - Urban Calypso.mp3');
insert into disposition ("default","dub","original","comment","lyrics","karaoke","forced","hearing_impaired","visual_impaired","clean_effects","attached_pic","timed_thumbnails","filepath") values ('0','0','0','0','0','0','0','0','0','0','0','0','/media/pi/ZUKE/MUSIC/CDs/CD 49/02 - Limbo - Urban Calypso.mp3');
insert into tags ("album","composer","genre","title","artist","disc","track","filepath") values ('ZIN CD 49','Zumba Fitness','Urban Calypso','Limbo','Zumba Fitness','1/1','02/09','/media/pi/ZUKE/MUSIC/CDs/CD 49/02 - Limbo - Urban Calypso.mp3');
insert into mp3s ("filepath") values ('/media/pi/ZUKE/MUSIC/CDs/CD 49/02 - Limbo - Urban Calypso.mp3');
insert into streams ("index","codec_name","codec_long_name","codec_type","codec_time_base","codec_tag_string","codec_tag","sample_fmt","sample_rate","channels","channel_layout","bits_per_sample","r_frame_rate","avg_frame_rate","time_base","start_pts","start_time","duration_ts","duration","bit_rate","filepath") values ('0','mp3','MP3 (MPEG audio layer 3)','audio','1/44100','[0][0][0][0]','0x0000','fltp','44100','2','stereo','0','0/0','0/0','1/14112000','0','0','3643637760','258.194286','170666','/media/pi/ZUKE/MUSIC/CDs/CD 49/03 - Pachanga - Salsa.mp3');
insert into format ("filename","nb_streams","nb_programs","format_name","format_long_name","start_time","duration","size","bit_rate","probe_score","filepath") values ('/media/pi/ZUKE/MUSIC/CDs/CD 49/03 - Pachanga - Salsa.mp3','1','0','mp3','MP2/3 (MPEG audio layer 2/3)','0','258.194286','5509248','170700','51','/media/pi/ZUKE/MUSIC/CDs/CD 49/03 - Pachanga - Salsa.mp3');
insert into disposition ("default","dub","original","comment","lyrics","karaoke","forced","hearing_impaired","visual_impaired","clean_effects","attached_pic","timed_thumbnails","filepath") values ('0','0','0','0','0','0','0','0','0','0','0','0','/media/pi/ZUKE/MUSIC/CDs/CD 49/03 - Pachanga - Salsa.mp3');
insert into tags ("album","composer","genre","title","artist","disc","track","filepath") values ('ZIN CD 49','Zumba Fitness','Salsa','Pachanga','Zumba Fitness','1/1','03/09','/media/pi/ZUKE/MUSIC/CDs/CD 49/03 - Pachanga - Salsa.mp3');
insert into mp3s ("filepath") values ('/media/pi/ZUKE/MUSIC/CDs/CD 49/03 - Pachanga - Salsa.mp3');
insert into streams ("index","codec_name","codec_long_name","codec_type","codec_time_base","codec_tag_string","codec_tag","sample_fmt","sample_rate","channels","channel_layout","bits_per_sample","r_frame_rate","avg_frame_rate","time_base","start_pts","start_time","duration_ts","duration","bit_rate","filepath") values ('0','mp3','MP3 (MPEG audio layer 3)','audio','1/44100','[0][0][0][0]','0x0000','fltp','44100','2','stereo','0','0/0','0/0','1/14112000','0','0','3250667520','230.347755','164072','/media/pi/ZUKE/MUSIC/CDs/CD 49/04 - Nada de Nada - Cumbia Electronica.mp3');
insert into format ("filename","nb_streams","nb_programs","format_name","format_long_name","start_time","duration","size","bit_rate","probe_score","filepath") values ('/media/pi/ZUKE/MUSIC/CDs/CD 49/04 - Nada de Nada - Cumbia Electronica.mp3','1','0','mp3','MP2/3 (MPEG audio layer 2/3)','0','230.347755','4724864','164094','51','/media/pi/ZUKE/MUSIC/CDs/CD 49/04 - Nada de Nada - Cumbia Electronica.mp3');
insert into disposition ("default","dub","original","comment","lyrics","karaoke","forced","hearing_impaired","visual_impaired","clean_effects","attached_pic","timed_thumbnails","filepath") values ('0','0','0','0','0','0','0','0','0','0','0','0','/media/pi/ZUKE/MUSIC/CDs/CD 49/04 - Nada de Nada - Cumbia Electronica.mp3');
insert into tags ("album","composer","genre","title","artist","disc","track","filepath") values ('ZIN CD 49','Zumba Fitness','Cumbia Electronica','Nada de Nada','Zumba Fitness','1/1','04/09','/media/pi/ZUKE/MUSIC/CDs/CD 49/04 - Nada de Nada - Cumbia Electronica.mp3');
insert into mp3s ("filepath") values ('/media/pi/ZUKE/MUSIC/CDs/CD 49/04 - Nada de Nada - Cumbia Electronica.mp3');
insert into streams ("index","codec_name","codec_long_name","codec_type","codec_time_base","codec_tag_string","codec_tag","sample_fmt","sample_rate","channels","channel_layout","bits_per_sample","r_frame_rate","avg_frame_rate","time_base","start_pts","start_time","duration_ts","duration","bit_rate","filepath") values ('0','mp3','MP3 (MPEG audio layer 3)','audio','1/44100','[0][0][0][0]','0x0000','fltp','44100','2','stereo','0','0/0','0/0','1/14112000','0','0','2754478080','195.186939','136443','/media/pi/ZUKE/MUSIC/CDs/CD 49/05 - No Wiri Wiri - Dembow.mp3');
insert into format ("filename","nb_streams","nb_programs","format_name","format_long_name","start_time","duration","size","bit_rate","probe_score","filepath") values ('/media/pi/ZUKE/MUSIC/CDs/CD 49/05 - No Wiri Wiri - Dembow.mp3','1','0','mp3','MP2/3 (MPEG audio layer 2/3)','0','195.186939','3330176','136491','51','/media/pi/ZUKE/MUSIC/CDs/CD 49/05 - No Wiri Wiri - Dembow.mp3');
insert into disposition ("default","dub","original","comment","lyrics","karaoke","forced","hearing_impaired","visual_impaired","clean_effects","attached_pic","timed_thumbnails","filepath") values ('0','0','0','0','0','0','0','0','0','0','0','0','/media/pi/ZUKE/MUSIC/CDs/CD 49/05 - No Wiri Wiri - Dembow.mp3');
insert into tags ("album","composer","genre","title","artist","disc","track","filepath") values ('ZIN CD 49','Zumba Fitness','Dembow','No Wiri Wiri','Zumba Fitness','1/1','05/09','/media/pi/ZUKE/MUSIC/CDs/CD 49/05 - No Wiri Wiri - Dembow.mp3');
insert into mp3s ("filepath") values ('/media/pi/ZUKE/MUSIC/CDs/CD 49/05 - No Wiri Wiri - Dembow.mp3');
insert into streams ("index","codec_name","codec_long_name","codec_type","codec_time_base","codec_tag_string","codec_tag","sample_fmt","sample_rate","channels","channel_layout","bits_per_sample","r_frame_rate","avg_frame_rate","time_base","start_pts","start_time","duration_ts","duration","bit_rate","filepath") values ('0','mp3','MP3 (MPEG audio layer 3)','audio','1/44100','[0][0][0][0]','0x0000','fltp','44100','2','stereo','0','0/0','0/0','1/14112000','0','0','3019161600','213.942857','166290','/media/pi/ZUKE/MUSIC/CDs/CD 49/06 - Work - Hip-hop - Dance.mp3');
insert into format ("filename","nb_streams","nb_programs","format_name","format_long_name","start_time","duration","size","bit_rate","probe_score","filepath") values ('/media/pi/ZUKE/MUSIC/CDs/CD 49/06 - Work - Hip-hop - Dance.mp3','1','0','mp3','MP2/3 (MPEG audio layer 2/3)','0','213.942857','4448384','166339','51','/media/pi/ZUKE/MUSIC/CDs/CD 49/06 - Work - Hip-hop - Dance.mp3');
insert into disposition ("default","dub","original","comment","lyrics","karaoke","forced","hearing_impaired","visual_impaired","clean_effects","attached_pic","timed_thumbnails","filepath") values ('0','0','0','0','0','0','0','0','0','0','0','0','/media/pi/ZUKE/MUSIC/CDs/CD 49/06 - Work - Hip-hop - Dance.mp3');
insert into tags ("album","composer","genre","title","artist","disc","track","filepath") values ('ZIN CD 49','Zumba Fitness','Hip-Hop','Work','Zumba Fitness','1/1','06/09','/media/pi/ZUKE/MUSIC/CDs/CD 49/06 - Work - Hip-hop - Dance.mp3');
insert into mp3s ("filepath") values ('/media/pi/ZUKE/MUSIC/CDs/CD 49/06 - Work - Hip-hop - Dance.mp3');
insert into streams ("index","codec_name","codec_long_name","codec_type","codec_time_base","codec_tag_string","codec_tag","sample_fmt","sample_rate","channels","channel_layout","bits_per_sample","r_frame_rate","avg_frame_rate","time_base","start_pts","start_time","duration_ts","duration","bit_rate","filepath") values ('0','mp3','MP3 (MPEG audio layer 3)','audio','1/44100','[0][0][0][0]','0x0000','fltp','44100','2','stereo','0','0/0','0/0','1/14112000','0','0','3166986240','224.417959','153197','/media/pi/ZUKE/MUSIC/CDs/CD 49/07 - Largadinho - Axe.mp3');
insert into format ("filename","nb_streams","nb_programs","format_name","format_long_name","start_time","duration","size","bit_rate","probe_score","filepath") values ('/media/pi/ZUKE/MUSIC/CDs/CD 49/07 - Largadinho - Axe.mp3','1','0','mp3','MP2/3 (MPEG audio layer 2/3)','0','224.417959','4298880','153245','51','/media/pi/ZUKE/MUSIC/CDs/CD 49/07 - Largadinho - Axe.mp3');
insert into disposition ("default","dub","original","comment","lyrics","karaoke","forced","hearing_impaired","visual_impaired","clean_effects","attached_pic","timed_thumbnails","filepath") values ('0','0','0','0','0','0','0','0','0','0','0','0','/media/pi/ZUKE/MUSIC/CDs/CD 49/07 - Largadinho - Axe.mp3');
insert into tags ("album","composer","genre","title","artist","disc","track","filepath") values ('ZIN CD 49','Zumba Fitness','Axe','Largadinho','Zumba Fitness','1/1','07/09','/media/pi/ZUKE/MUSIC/CDs/CD 49/07 - Largadinho - Axe.mp3');
insert into mp3s ("filepath") values ('/media/pi/ZUKE/MUSIC/CDs/CD 49/07 - Largadinho - Axe.mp3');
insert into streams ("index","codec_name","codec_long_name","codec_type","codec_time_base","codec_tag_string","codec_tag","sample_fmt","sample_rate","channels","channel_layout","bits_per_sample","r_frame_rate","avg_frame_rate","time_base","start_pts","start_time","duration_ts","duration","bit_rate","filepath") values ('0','mp3','MP3 (MPEG audio layer 3)','audio','1/44100','[0][0][0][0]','0x0000','fltp','44100','2','stereo','0','0/0','0/0','1/14112000','0','0','3414343680','241.946122','155599','/media/pi/ZUKE/MUSIC/CDs/CD 49/08 - Diosa de los Corazones - Reggaeton.mp3');
insert into format ("filename","nb_streams","nb_programs","format_name","format_long_name","start_time","duration","size","bit_rate","probe_score","filepath") values ('/media/pi/ZUKE/MUSIC/CDs/CD 49/08 - Diosa de los Corazones - Reggaeton.mp3','1','0','mp3','MP2/3 (MPEG audio layer 2/3)','0','241.946122','4706432','155619','51','/media/pi/ZUKE/MUSIC/CDs/CD 49/08 - Diosa de los Corazones - Reggaeton.mp3');
insert into disposition ("default","dub","original","comment","lyrics","karaoke","forced","hearing_impaired","visual_impaired","clean_effects","attached_pic","timed_thumbnails","filepath") values ('0','0','0','0','0','0','0','0','0','0','0','0','/media/pi/ZUKE/MUSIC/CDs/CD 49/08 - Diosa de los Corazones - Reggaeton.mp3');
insert into tags ("album","composer","genre","title","artist","disc","track","filepath") values ('ZIN CD 49','Zumba Fitness','Reggaeton','Diosa de los Corazones','Zumba Fitness','1/1','08/09','/media/pi/ZUKE/MUSIC/CDs/CD 49/08 - Diosa de los Corazones - Reggaeton.mp3');
insert into mp3s ("filepath") values ('/media/pi/ZUKE/MUSIC/CDs/CD 49/08 - Diosa de los Corazones - Reggaeton.mp3');
insert into streams ("index","codec_name","codec_long_name","codec_type","codec_time_base","codec_tag_string","codec_tag","sample_fmt","sample_rate","channels","channel_layout","bits_per_sample","r_frame_rate","avg_frame_rate","time_base","start_pts","start_time","duration_ts","duration","bit_rate","filepath") values ('0','mp3','MP3 (MPEG audio layer 3)','audio','1/44100','[0][0][0][0]','0x0000','fltp','44100','2','stereo','0','0/0','0/0','1/14112000','0','0','3829432320','271.360000','167439','/media/pi/ZUKE/MUSIC/CDs/CD 49/09 - Arabe Strings - Middle Eastern Fusion.mp3');
insert into format ("filename","nb_streams","nb_programs","format_name","format_long_name","start_time","duration","size","bit_rate","probe_score","filepath") values ('/media/pi/ZUKE/MUSIC/CDs/CD 49/09 - Arabe Strings - Middle Eastern Fusion.mp3','1','0','mp3','MP2/3 (MPEG audio layer 2/3)','0','271.360000','5681280','167490','51','/media/pi/ZUKE/MUSIC/CDs/CD 49/09 - Arabe Strings - Middle Eastern Fusion.mp3');
insert into disposition ("default","dub","original","comment","lyrics","karaoke","forced","hearing_impaired","visual_impaired","clean_effects","attached_pic","timed_thumbnails","filepath") values ('0','0','0','0','0','0','0','0','0','0','0','0','/media/pi/ZUKE/MUSIC/CDs/CD 49/09 - Arabe Strings - Middle Eastern Fusion.mp3');
insert into tags ("album","composer","genre","title","artist","disc","track","filepath") values ('ZIN CD 49','Zumba Fitness','Middle Eastern Fusion','Arabe Strings','Zumba Fitness','1/1','09/09','/media/pi/ZUKE/MUSIC/CDs/CD 49/09 - Arabe Strings - Middle Eastern Fusion.mp3');
insert into mp3s ("filepath") values ('/media/pi/ZUKE/MUSIC/CDs/CD 49/09 - Arabe Strings - Middle Eastern Fusion.mp3');
insert into streams ("index","codec_name","codec_long_name","codec_type","codec_time_base","codec_tag_string","codec_tag","sample_fmt","sample_rate","channels","channel_layout","bits_per_sample","r_frame_rate","avg_frame_rate","time_base","start_pts","start_time","duration_ts","duration","bit_rate","filepath") values ('0','mp3','MP3 (MPEG audio layer 3)','audio','1/44100','[0][0][0][0]','0x0000','fltp','44100','2','stereo','0','0/0','0/0','1/14112000','0','0','2860646400','202.710204','159527','/media/pi/ZUKE/MUSIC/CDs/CD 50/01 - Fiesta - Merengue Urbano.mp3');
insert into format ("filename","nb_streams","nb_programs","format_name","format_long_name","start_time","duration","size","bit_rate","probe_score","filepath") values ('/media/pi/ZUKE/MUSIC/CDs/CD 50/01 - Fiesta - Merengue Urbano.mp3','1','0','mp3','MP2/3 (MPEG audio layer 2/3)','0','202.710204','4042880','159553','51','/media/pi/ZUKE/MUSIC/CDs/CD 50/01 - Fiesta - Merengue Urbano.mp3');
insert into disposition ("default","dub","original","comment","lyrics","karaoke","forced","hearing_impaired","visual_impaired","clean_effects","attached_pic","timed_thumbnails","filepath") values ('0','0','0','0','0','0','0','0','0','0','0','0','/media/pi/ZUKE/MUSIC/CDs/CD 50/01 - Fiesta - Merengue Urbano.mp3');
insert into tags ("album","composer","genre","title","artist","disc","track","filepath") values ('ZIN CD 50','Zumba Fitness','Merengue Urbano','Fiesta','Zumba Fitness','1/1','01/09','/media/pi/ZUKE/MUSIC/CDs/CD 50/01 - Fiesta - Merengue Urbano.mp3');
insert into mp3s ("filepath") values ('/media/pi/ZUKE/MUSIC/CDs/CD 50/01 - Fiesta - Merengue Urbano.mp3');
insert into streams ("index","codec_name","codec_long_name","codec_type","codec_time_base","codec_tag_string","codec_tag","sample_fmt","sample_rate","channels","channel_layout","bits_per_sample","r_frame_rate","avg_frame_rate","time_base","start_pts","start_time","duration_ts","duration","bit_rate","filepath") values ('0','mp3','MP3 (MPEG audio layer 3)','audio','1/44100','[0][0][0][0]','0x0000','fltp','44100','2','stereo','0','0/0','0/0','1/14112000','0','0','2979717120','211.147755','153785','/media/pi/ZUKE/MUSIC/CDs/CD 50/02 - Here to Stay - Electronic - Glitch Hop.mp3');
insert into format ("filename","nb_streams","nb_programs","format_name","format_long_name","start_time","duration","size","bit_rate","probe_score","filepath") values ('/media/pi/ZUKE/MUSIC/CDs/CD 50/02 - Here to Stay - Electronic - Glitch Hop.mp3','1','0','mp3','MP2/3 (MPEG audio layer 2/3)','0','211.147755','4059264','153798','51','/media/pi/ZUKE/MUSIC/CDs/CD 50/02 - Here to Stay - Electronic - Glitch Hop.mp3');
insert into disposition ("default","dub","original","comment","lyrics","karaoke","forced","hearing_impaired","visual_impaired","clean_effects","attached_pic","timed_thumbnails","filepath") values ('0','0','0','0','0','0','0','0','0','0','0','0','/media/pi/ZUKE/MUSIC/CDs/CD 50/02 - Here to Stay - Electronic - Glitch Hop.mp3');
insert into tags ("album","composer","genre","title","artist","disc","track","filepath") values ('ZIN CD 50','Zumba Fitness','Electronic,Glitch Hop','Here to Stay','Zumba Fitness','1/1','02/09','/media/pi/ZUKE/MUSIC/CDs/CD 50/02 - Here to Stay - Electronic - Glitch Hop.mp3');
insert into mp3s ("filepath") values ('/media/pi/ZUKE/MUSIC/CDs/CD 50/02 - Here to Stay - Electronic - Glitch Hop.mp3');
insert into streams ("index","codec_name","codec_long_name","codec_type","codec_time_base","codec_tag_string","codec_tag","sample_fmt","sample_rate","channels","channel_layout","bits_per_sample","r_frame_rate","avg_frame_rate","time_base","start_pts","start_time","duration_ts","duration","bit_rate","filepath") values ('0','mp3','MP3 (MPEG audio layer 3)','audio','1/44100','[0][0][0][0]','0x0000','fltp','44100','2','stereo','0','0/0','0/0','1/14112000','0','0','2936217600','208.065306','160463','/media/pi/ZUKE/MUSIC/CDs/CD 50/03 - Chucucha - Merengue Tribal.mp3');
insert into format ("filename","nb_streams","nb_programs","format_name","format_long_name","start_time","duration","size","bit_rate","probe_score","filepath") values ('/media/pi/ZUKE/MUSIC/CDs/CD 50/03 - Chucucha - Merengue Tribal.mp3','1','0','mp3','MP2/3 (MPEG audio layer 2/3)','0','208.065306','4173952','160486','51','/media/pi/ZUKE/MUSIC/CDs/CD 50/03 - Chucucha - Merengue Tribal.mp3');
insert into disposition ("default","dub","original","comment","lyrics","karaoke","forced","hearing_impaired","visual_impaired","clean_effects","attached_pic","timed_thumbnails","filepath") values ('0','0','0','0','0','0','0','0','0','0','0','0','/media/pi/ZUKE/MUSIC/CDs/CD 50/03 - Chucucha - Merengue Tribal.mp3');
insert into tags ("album","composer","genre","title","artist","disc","track","filepath") values ('ZIN CD 50','Zumba Fitness','Merengue Tribal','Chucucha','Zumba Fitness','1/1','03/09','/media/pi/ZUKE/MUSIC/CDs/CD 50/03 - Chucucha - Merengue Tribal.mp3');
insert into mp3s ("filepath") values ('/media/pi/ZUKE/MUSIC/CDs/CD 50/03 - Chucucha - Merengue Tribal.mp3');
insert into streams ("index","codec_name","codec_long_name","codec_type","codec_time_base","codec_tag_string","codec_tag","sample_fmt","sample_rate","channels","channel_layout","bits_per_sample","r_frame_rate","avg_frame_rate","time_base","start_pts","start_time","duration_ts","duration","bit_rate","filepath") values ('0','mp3','MP3 (MPEG audio layer 3)','audio','1/44100','[0][0][0][0]','0x0000','fltp','44100','2','stereo','0','0/0','0/0','1/14112000','0','0','3629998080','257.227755','158337','/media/pi/ZUKE/MUSIC/CDs/CD 50/04 - Mambo Salsa - Salsa.mp3');
insert into format ("filename","nb_streams","nb_programs","format_name","format_long_name","start_time","duration","size","bit_rate","probe_score","filepath") values ('/media/pi/ZUKE/MUSIC/CDs/CD 50/04 - Mambo Salsa - Salsa.mp3','1','0','mp3','MP2/3 (MPEG audio layer 2/3)','0','257.227755','5091456','158348','51','/media/pi/ZUKE/MUSIC/CDs/CD 50/04 - Mambo Salsa - Salsa.mp3');
insert into disposition ("default","dub","original","comment","lyrics","karaoke","forced","hearing_impaired","visual_impaired","clean_effects","attached_pic","timed_thumbnails","filepath") values ('0','0','0','0','0','0','0','0','0','0','0','0','/media/pi/ZUKE/MUSIC/CDs/CD 50/04 - Mambo Salsa - Salsa.mp3');
insert into tags ("album","composer","genre","title","artist","disc","track","filepath") values ('ZIN CD 50','Zumba Fitness','Salsa','Mambo Salsa','Zumba Fitness','1/1','04/09','/media/pi/ZUKE/MUSIC/CDs/CD 50/04 - Mambo Salsa - Salsa.mp3');
insert into mp3s ("filepath") values ('/media/pi/ZUKE/MUSIC/CDs/CD 50/04 - Mambo Salsa - Salsa.mp3');
insert into streams ("index","codec_name","codec_long_name","codec_type","codec_time_base","codec_tag_string","codec_tag","sample_fmt","sample_rate","channels","channel_layout","bits_per_sample","r_frame_rate","avg_frame_rate","time_base","start_pts","start_time","duration_ts","duration","bit_rate","filepath") values ('0','mp3','MP3 (MPEG audio layer 3)','audio','1/44100','[0][0][0][0]','0x0000','fltp','44100','2','stereo','0','0/0','0/0','1/14112000','0','0','3395174400','240.587755','153929','/media/pi/ZUKE/MUSIC/CDs/CD 50/05 - Grita Gol - Batucada.mp3');
insert into format ("filename","nb_streams","nb_programs","format_name","format_long_name","start_time","duration","size","bit_rate","probe_score","filepath") values ('/media/pi/ZUKE/MUSIC/CDs/CD 50/05 - Grita Gol - Batucada.mp3','1','0','mp3','MP2/3 (MPEG audio layer 2/3)','0','240.587755','4630656','153978','51','/media/pi/ZUKE/MUSIC/CDs/CD 50/05 - Grita Gol - Batucada.mp3');
insert into disposition ("default","dub","original","comment","lyrics","karaoke","forced","hearing_impaired","visual_impaired","clean_effects","attached_pic","timed_thumbnails","filepath") values ('0','0','0','0','0','0','0','0','0','0','0','0','/media/pi/ZUKE/MUSIC/CDs/CD 50/05 - Grita Gol - Batucada.mp3');
insert into tags ("album","composer","genre","title","artist","disc","track","filepath") values ('ZIN CD 50','Zumba Fitness','Batucada','Grita Gol','Zumba Fitness','1/1','05/09','/media/pi/ZUKE/MUSIC/CDs/CD 50/05 - Grita Gol - Batucada.mp3');
insert into mp3s ("filepath") values ('/media/pi/ZUKE/MUSIC/CDs/CD 50/05 - Grita Gol - Batucada.mp3');
insert into streams ("index","codec_name","codec_long_name","codec_type","codec_time_base","codec_tag_string","codec_tag","sample_fmt","sample_rate","channels","channel_layout","bits_per_sample","r_frame_rate","avg_frame_rate","time_base","start_pts","start_time","duration_ts","duration","bit_rate","filepath") values ('0','mp3','MP3 (MPEG audio layer 3)','audio','1/44100','[0][0][0][0]','0x0000','fltp','44100','2','stereo','0','0/0','0/0','1/14112000','0','0','3260252160','231.026939','176427','/media/pi/ZUKE/MUSIC/CDs/CD 50/06 - Blin Blin - Flamenco - Salsa.mp3');
insert into format ("filename","nb_streams","nb_programs","format_name","format_long_name","start_time","duration","size","bit_rate","probe_score","filepath") values ('/media/pi/ZUKE/MUSIC/CDs/CD 50/06 - Blin Blin - Flamenco - Salsa.mp3','1','0','mp3','MP2/3 (MPEG audio layer 2/3)','0','231.026939','5095552','176448','51','/media/pi/ZUKE/MUSIC/CDs/CD 50/06 - Blin Blin - Flamenco - Salsa.mp3');
insert into disposition ("default","dub","original","comment","lyrics","karaoke","forced","hearing_impaired","visual_impaired","clean_effects","attached_pic","timed_thumbnails","filepath") values ('0','0','0','0','0','0','0','0','0','0','0','0','/media/pi/ZUKE/MUSIC/CDs/CD 50/06 - Blin Blin - Flamenco - Salsa.mp3');
insert into tags ("album","composer","genre","title","artist","disc","track","filepath") values ('ZIN CD 50','Zumba Fitness','Flamenco,Salsa','Blin Blin','Zumba Fitness','1/1','06/09','/media/pi/ZUKE/MUSIC/CDs/CD 50/06 - Blin Blin - Flamenco - Salsa.mp3');
insert into mp3s ("filepath") values ('/media/pi/ZUKE/MUSIC/CDs/CD 50/06 - Blin Blin - Flamenco - Salsa.mp3');
insert into streams ("index","codec_name","codec_long_name","codec_type","codec_time_base","codec_tag_string","codec_tag","sample_fmt","sample_rate","channels","channel_layout","bits_per_sample","r_frame_rate","avg_frame_rate","time_base","start_pts","start_time","duration_ts","duration","bit_rate","filepath") values ('0','mp3','MP3 (MPEG audio layer 3)','audio','1/44100','[0][0][0][0]','0x0000','fltp','44100','2','stereo','0','0/0','0/0','1/14112000','0','0','3454525440','244.793469','162043','/media/pi/ZUKE/MUSIC/CDs/CD 50/07 - Latinos a Ganar - Ragamuffin.mp3');
insert into format ("filename","nb_streams","nb_programs","format_name","format_long_name","start_time","duration","size","bit_rate","probe_score","filepath") values ('/media/pi/ZUKE/MUSIC/CDs/CD 50/07 - Latinos a Ganar - Ragamuffin.mp3','1','0','mp3','MP2/3 (MPEG audio layer 2/3)','0','244.793469','4960384','162108','51','/media/pi/ZUKE/MUSIC/CDs/CD 50/07 - Latinos a Ganar - Ragamuffin.mp3');
insert into disposition ("default","dub","original","comment","lyrics","karaoke","forced","hearing_impaired","visual_impaired","clean_effects","attached_pic","timed_thumbnails","filepath") values ('0','0','0','0','0','0','0','0','0','0','0','0','/media/pi/ZUKE/MUSIC/CDs/CD 50/07 - Latinos a Ganar - Ragamuffin.mp3');
insert into tags ("album","composer","genre","title","artist","disc","track","filepath") values ('ZIN CD 50','Zumba Fitness','Ragamuffin','Latinos a Ganar','Zumba Fitness','1/1','07/09','/media/pi/ZUKE/MUSIC/CDs/CD 50/07 - Latinos a Ganar - Ragamuffin.mp3');
insert into mp3s ("filepath") values ('/media/pi/ZUKE/MUSIC/CDs/CD 50/07 - Latinos a Ganar - Ragamuffin.mp3');
insert into streams ("index","codec_name","codec_long_name","codec_type","codec_time_base","codec_tag_string","codec_tag","sample_fmt","sample_rate","channels","channel_layout","bits_per_sample","r_frame_rate","avg_frame_rate","time_base","start_pts","start_time","duration_ts","duration","bit_rate","filepath") values ('0','mp3','MP3 (MPEG audio layer 3)','audio','1/44100','[0][0][0][0]','0x0000','fltp','44100','2','stereo','0','0/0','0/0','1/14112000','0','0','3230023680','228.884898','158953','/media/pi/ZUKE/MUSIC/CDs/CD 50/08 - Donde Estes Llegare - Reggaeton.mp3');
insert into format ("filename","nb_streams","nb_programs","format_name","format_long_name","start_time","duration","size","bit_rate","probe_score","filepath") values ('/media/pi/ZUKE/MUSIC/CDs/CD 50/08 - Donde Estes Llegare - Reggaeton.mp3','1','0','mp3','MP2/3 (MPEG audio layer 2/3)','0','228.884898','4548736','158987','51','/media/pi/ZUKE/MUSIC/CDs/CD 50/08 - Donde Estes Llegare - Reggaeton.mp3');
insert into disposition ("default","dub","original","comment","lyrics","karaoke","forced","hearing_impaired","visual_impaired","clean_effects","attached_pic","timed_thumbnails","filepath") values ('0','0','0','0','0','0','0','0','0','0','0','0','/media/pi/ZUKE/MUSIC/CDs/CD 50/08 - Donde Estes Llegare - Reggaeton.mp3');
insert into tags ("album","composer","genre","title","artist","disc","track","filepath") values ('ZIN CD 50','Zumba Fitness','Reggaeton','Donde Estes Llegare','Zumba Fitness','1/1','08/09','/media/pi/ZUKE/MUSIC/CDs/CD 50/08 - Donde Estes Llegare - Reggaeton.mp3');
insert into mp3s ("filepath") values ('/media/pi/ZUKE/MUSIC/CDs/CD 50/08 - Donde Estes Llegare - Reggaeton.mp3');
insert into streams ("index","codec_name","codec_long_name","codec_type","codec_time_base","codec_tag_string","codec_tag","sample_fmt","sample_rate","channels","channel_layout","bits_per_sample","r_frame_rate","avg_frame_rate","time_base","start_pts","start_time","duration_ts","duration","bit_rate","filepath") values ('0','mp3','MP3 (MPEG audio layer 3)','audio','1/44100','[0][0][0][0]','0x0000','fltp','44100','2','stereo','0','0/0','0/0','1/14112000','0','0','2875760640','203.781224','149437','/media/pi/ZUKE/MUSIC/CDs/CD 50/09 - Moda Nova - Axe.mp3');
insert into format ("filename","nb_streams","nb_programs","format_name","format_long_name","start_time","duration","size","bit_rate","probe_score","filepath") values ('/media/pi/ZUKE/MUSIC/CDs/CD 50/09 - Moda Nova - Axe.mp3','1','0','mp3','MP2/3 (MPEG audio layer 2/3)','0','203.781224','3807360','149468','51','/media/pi/ZUKE/MUSIC/CDs/CD 50/09 - Moda Nova - Axe.mp3');
insert into disposition ("default","dub","original","comment","lyrics","karaoke","forced","hearing_impaired","visual_impaired","clean_effects","attached_pic","timed_thumbnails","filepath") values ('0','0','0','0','0','0','0','0','0','0','0','0','/media/pi/ZUKE/MUSIC/CDs/CD 50/09 - Moda Nova - Axe.mp3');
insert into tags ("album","composer","genre","title","artist","disc","track","filepath") values ('ZIN CD 50','Zumba Fitness','Axe','Moda Nova','Zumba Fitness','1/1','09/09','/media/pi/ZUKE/MUSIC/CDs/CD 50/09 - Moda Nova - Axe.mp3');
insert into mp3s ("filepath") values ('/media/pi/ZUKE/MUSIC/CDs/CD 50/09 - Moda Nova - Axe.mp3');
insert into streams ("index","codec_name","codec_long_name","codec_type","codec_time_base","codec_tag_string","codec_tag","sample_fmt","sample_rate","channels","channel_layout","bits_per_sample","r_frame_rate","avg_frame_rate","time_base","start_pts","start_time","duration_ts","duration","bit_rate","filepath") values ('0','mp3','MP3 (MPEG audio layer 3)','audio','1/44100','[0][0][0][0]','0x0000','fltp','44100','2','stereo','0','0/0','0/0','1/14112000','0','0','3184680960','225.671837','162175','/media/pi/ZUKE/MUSIC/CDs/CD 51/01 - Super Girls - Urban Retro Latino.mp3');
insert into format ("filename","nb_streams","nb_programs","format_name","format_long_name","start_time","duration","size","bit_rate","probe_score","filepath") values ('/media/pi/ZUKE/MUSIC/CDs/CD 51/01 - Super Girls - Urban Retro Latino.mp3','1','0','mp3','MP2/3 (MPEG audio layer 2/3)','0','225.671837','4575360','162195','51','/media/pi/ZUKE/MUSIC/CDs/CD 51/01 - Super Girls - Urban Retro Latino.mp3');
insert into disposition ("default","dub","original","comment","lyrics","karaoke","forced","hearing_impaired","visual_impaired","clean_effects","attached_pic","timed_thumbnails","filepath") values ('0','0','0','0','0','0','0','0','0','0','0','0','/media/pi/ZUKE/MUSIC/CDs/CD 51/01 - Super Girls - Urban Retro Latino.mp3');
insert into tags ("album","composer","genre","title","artist","disc","track","filepath") values ('ZIN CD 51','Zumba Fitness','Urban Retro Latino','Super Girls','Zumba Fitness','1/1','01/09','/media/pi/ZUKE/MUSIC/CDs/CD 51/01 - Super Girls - Urban Retro Latino.mp3');
insert into mp3s ("filepath") values ('/media/pi/ZUKE/MUSIC/CDs/CD 51/01 - Super Girls - Urban Retro Latino.mp3');
insert into streams ("index","codec_name","codec_long_name","codec_type","codec_time_base","codec_tag_string","codec_tag","sample_fmt","sample_rate","channels","channel_layout","bits_per_sample","r_frame_rate","avg_frame_rate","time_base","start_pts","start_time","duration_ts","duration","bit_rate","filepath") values ('0','mp3','MP3 (MPEG audio layer 3)','audio','1/44100','[0][0][0][0]','0x0000','fltp','44100','2','stereo','0','0/0','0/0','1/14112000','0','0','3679764480','260.754286','173799','/media/pi/ZUKE/MUSIC/CDs/CD 51/02 - El Kukucha Kucha - Salsa.mp3');
insert into format ("filename","nb_streams","nb_programs","format_name","format_long_name","start_time","duration","size","bit_rate","probe_score","filepath") values ('/media/pi/ZUKE/MUSIC/CDs/CD 51/02 - El Kukucha Kucha - Salsa.mp3','1','0','mp3','MP2/3 (MPEG audio layer 2/3)','0','260.754286','5666944','173863','51','/media/pi/ZUKE/MUSIC/CDs/CD 51/02 - El Kukucha Kucha - Salsa.mp3');
insert into disposition ("default","dub","original","comment","lyrics","karaoke","forced","hearing_impaired","visual_impaired","clean_effects","attached_pic","timed_thumbnails","filepath") values ('0','0','0','0','0','0','0','0','0','0','0','0','/media/pi/ZUKE/MUSIC/CDs/CD 51/02 - El Kukucha Kucha - Salsa.mp3');
insert into tags ("album","composer","genre","title","artist","disc","track","filepath") values ('ZIN CD 51','Zumba Fitness','Salsa','El Kukucha Kucha','Zumba Fitness','1/1','02/09','/media/pi/ZUKE/MUSIC/CDs/CD 51/02 - El Kukucha Kucha - Salsa.mp3');
insert into mp3s ("filepath") values ('/media/pi/ZUKE/MUSIC/CDs/CD 51/02 - El Kukucha Kucha - Salsa.mp3');
insert into streams ("index","codec_name","codec_long_name","codec_type","codec_time_base","codec_tag_string","codec_tag","sample_fmt","sample_rate","channels","channel_layout","bits_per_sample","r_frame_rate","avg_frame_rate","time_base","start_pts","start_time","duration_ts","duration","bit_rate","filepath") values ('0','mp3','MP3 (MPEG audio layer 3)','audio','1/44100','[0][0][0][0]','0x0000','fltp','44100','2','stereo','0','0/0','0/0','1/14112000','0','0','3296010240','233.560816','166809','/media/pi/ZUKE/MUSIC/CDs/CD 51/03 - La Fantastica - Vallenato.mp3');
insert into format ("filename","nb_streams","nb_programs","format_name","format_long_name","start_time","duration","size","bit_rate","probe_score","filepath") values ('/media/pi/ZUKE/MUSIC/CDs/CD 51/03 - La Fantastica - Vallenato.mp3','1','0','mp3','MP2/3 (MPEG audio layer 2/3)','0','233.560816','4872320','166888','51','/media/pi/ZUKE/MUSIC/CDs/CD 51/03 - La Fantastica - Vallenato.mp3');
insert into disposition ("default","dub","original","comment","lyrics","karaoke","forced","hearing_impaired","visual_impaired","clean_effects","attached_pic","timed_thumbnails","filepath") values ('0','0','0','0','0','0','0','0','0','0','0','0','/media/pi/ZUKE/MUSIC/CDs/CD 51/03 - La Fantastica - Vallenato.mp3');
insert into tags ("album","composer","genre","title","artist","disc","track","filepath") values ('ZIN CD 51','Zumba Fitness','Vallenato','La Fantastica','Zumba Fitness','1/1','03/09','/media/pi/ZUKE/MUSIC/CDs/CD 51/03 - La Fantastica - Vallenato.mp3');
insert into mp3s ("filepath") values ('/media/pi/ZUKE/MUSIC/CDs/CD 51/03 - La Fantastica - Vallenato.mp3');
insert into streams ("index","codec_name","codec_long_name","codec_type","codec_time_base","codec_tag_string","codec_tag","sample_fmt","sample_rate","channels","channel_layout","bits_per_sample","r_frame_rate","avg_frame_rate","time_base","start_pts","start_time","duration_ts","duration","bit_rate","filepath") values ('0','mp3','MP3 (MPEG audio layer 3)','audio','1/44100','[0][0][0][0]','0x0000','fltp','44100','2','stereo','0','0/0','0/0','1/14112000','0','0','3229286400','228.832653','163382','/media/pi/ZUKE/MUSIC/CDs/CD 51/04 - Chica Caramelo - Reggaeton.mp3');
insert into format ("filename","nb_streams","nb_programs","format_name","format_long_name","start_time","duration","size","bit_rate","probe_score","filepath") values ('/media/pi/ZUKE/MUSIC/CDs/CD 51/04 - Chica Caramelo - Reggaeton.mp3','1','0','mp3','MP2/3 (MPEG audio layer 2/3)','0','228.832653','4675712','163463','51','/media/pi/ZUKE/MUSIC/CDs/CD 51/04 - Chica Caramelo - Reggaeton.mp3');
insert into disposition ("default","dub","original","comment","lyrics","karaoke","forced","hearing_impaired","visual_impaired","clean_effects","attached_pic","timed_thumbnails","filepath") values ('0','0','0','0','0','0','0','0','0','0','0','0','/media/pi/ZUKE/MUSIC/CDs/CD 51/04 - Chica Caramelo - Reggaeton.mp3');
insert into tags ("album","composer","genre","title","artist","disc","track","filepath") values ('ZIN CD 51','Zumba Fitness','Reggaeton','Chica Caramelo','Zumba Fitness','1/1','04/09','/media/pi/ZUKE/MUSIC/CDs/CD 51/04 - Chica Caramelo - Reggaeton.mp3');
insert into mp3s ("filepath") values ('/media/pi/ZUKE/MUSIC/CDs/CD 51/04 - Chica Caramelo - Reggaeton.mp3');
insert into streams ("index","codec_name","codec_long_name","codec_type","codec_time_base","codec_tag_string","codec_tag","sample_fmt","sample_rate","channels","channel_layout","bits_per_sample","r_frame_rate","avg_frame_rate","time_base","start_pts","start_time","duration_ts","duration","bit_rate","filepath") values ('0','mp3','MP3 (MPEG audio layer 3)','audio','1/44100','[0][0][0][0]','0x0000','fltp','44100','2','stereo','0','0/0','0/0','1/14112000','0','0','2840371200','201.273469','168469','/media/pi/ZUKE/MUSIC/CDs/CD 51/05 - Chacha Swing - Electro-Swing.mp3');
insert into format ("filename","nb_streams","nb_programs","format_name","format_long_name","start_time","duration","size","bit_rate","probe_score","filepath") values ('/media/pi/ZUKE/MUSIC/CDs/CD 51/05 - Chacha Swing - Electro-Swing.mp3','1','0','mp3','MP2/3 (MPEG audio layer 2/3)','0','201.273469','4239488','168506','51','/media/pi/ZUKE/MUSIC/CDs/CD 51/05 - Chacha Swing - Electro-Swing.mp3');
insert into disposition ("default","dub","original","comment","lyrics","karaoke","forced","hearing_impaired","visual_impaired","clean_effects","attached_pic","timed_thumbnails","filepath") values ('0','0','0','0','0','0','0','0','0','0','0','0','/media/pi/ZUKE/MUSIC/CDs/CD 51/05 - Chacha Swing - Electro-Swing.mp3');
insert into tags ("album","composer","genre","title","artist","disc","track","filepath") values ('ZIN CD 51','Zumba Fitness','Electro-Swing','Chacha Swing','Zumba Fitness','1/1','05/09','/media/pi/ZUKE/MUSIC/CDs/CD 51/05 - Chacha Swing - Electro-Swing.mp3');
insert into mp3s ("filepath") values ('/media/pi/ZUKE/MUSIC/CDs/CD 51/05 - Chacha Swing - Electro-Swing.mp3');
insert into streams ("index","codec_name","codec_long_name","codec_type","codec_time_base","codec_tag_string","codec_tag","sample_fmt","sample_rate","channels","channel_layout","bits_per_sample","r_frame_rate","avg_frame_rate","time_base","start_pts","start_time","duration_ts","duration","bit_rate","filepath") values ('0','mp3','MP3 (MPEG audio layer 3)','audio','1/44100','[0][0][0][0]','0x0000','fltp','44100','2','stereo','0','0/0','0/0','1/14112000','0','0','3535626240','250.540408','161381','/media/pi/ZUKE/MUSIC/CDs/CD 51/06 - Bollybhangra - Bhangra Fusion.mp3');
insert into format ("filename","nb_streams","nb_programs","format_name","format_long_name","start_time","duration","size","bit_rate","probe_score","filepath") values ('/media/pi/ZUKE/MUSIC/CDs/CD 51/06 - Bollybhangra - Bhangra Fusion.mp3','1','0','mp3','MP2/3 (MPEG audio layer 2/3)','0','250.540408','5054592','161398','51','/media/pi/ZUKE/MUSIC/CDs/CD 51/06 - Bollybhangra - Bhangra Fusion.mp3');
insert into disposition ("default","dub","original","comment","lyrics","karaoke","forced","hearing_impaired","visual_impaired","clean_effects","attached_pic","timed_thumbnails","filepath") values ('0','0','0','0','0','0','0','0','0','0','0','0','/media/pi/ZUKE/MUSIC/CDs/CD 51/06 - Bollybhangra - Bhangra Fusion.mp3');
insert into tags ("album","composer","genre","title","artist","disc","track","filepath") values ('ZIN CD 51','Zumba Fitness','Bhangra Fusion','Bollybhangra','Zumba Fitness','1/1','06/09','/media/pi/ZUKE/MUSIC/CDs/CD 51/06 - Bollybhangra - Bhangra Fusion.mp3');
insert into mp3s ("filepath") values ('/media/pi/ZUKE/MUSIC/CDs/CD 51/06 - Bollybhangra - Bhangra Fusion.mp3');
insert into streams ("index","codec_name","codec_long_name","codec_type","codec_time_base","codec_tag_string","codec_tag","sample_fmt","sample_rate","channels","channel_layout","bits_per_sample","r_frame_rate","avg_frame_rate","time_base","start_pts","start_time","duration_ts","duration","bit_rate","filepath") values ('0','mp3','MP3 (MPEG audio layer 3)','audio','1/44100','[0][0][0][0]','0x0000','fltp','44100','2','stereo','0','0/0','0/0','1/14112000','0','0','3102842880','219.872653','153490','/media/pi/ZUKE/MUSIC/CDs/CD 51/07 - No Tengo Dinero - Merengue Urbano.mp3');
insert into format ("filename","nb_streams","nb_programs","format_name","format_long_name","start_time","duration","size","bit_rate","probe_score","filepath") values ('/media/pi/ZUKE/MUSIC/CDs/CD 51/07 - No Tengo Dinero - Merengue Urbano.mp3','1','0','mp3','MP2/3 (MPEG audio layer 2/3)','0','219.872653','4219008','153507','51','/media/pi/ZUKE/MUSIC/CDs/CD 51/07 - No Tengo Dinero - Merengue Urbano.mp3');
insert into disposition ("default","dub","original","comment","lyrics","karaoke","forced","hearing_impaired","visual_impaired","clean_effects","attached_pic","timed_thumbnails","filepath") values ('0','0','0','0','0','0','0','0','0','0','0','0','/media/pi/ZUKE/MUSIC/CDs/CD 51/07 - No Tengo Dinero - Merengue Urbano.mp3');
insert into tags ("album","composer","genre","title","artist","disc","track","filepath") values ('ZIN CD 51','Zumba Fitness','Merengue Urbano','No Tengo Dinero','Zumba Fitness','1/1','07/09','/media/pi/ZUKE/MUSIC/CDs/CD 51/07 - No Tengo Dinero - Merengue Urbano.mp3');
insert into mp3s ("filepath") values ('/media/pi/ZUKE/MUSIC/CDs/CD 51/07 - No Tengo Dinero - Merengue Urbano.mp3');
insert into streams ("index","codec_name","codec_long_name","codec_type","codec_time_base","codec_tag_string","codec_tag","sample_fmt","sample_rate","channels","channel_layout","bits_per_sample","r_frame_rate","avg_frame_rate","time_base","start_pts","start_time","duration_ts","duration","bit_rate","filepath") values ('0','mp3','MP3 (MPEG audio layer 3)','audio','1/44100','[0][0][0][0]','0x0000','fltp','44100','2','stereo','0','0/0','0/0','1/14112000','0','0','2975293440','210.834286','160306','/media/pi/ZUKE/MUSIC/CDs/CD 51/08 - Nena - Cumbia.mp3');
insert into format ("filename","nb_streams","nb_programs","format_name","format_long_name","start_time","duration","size","bit_rate","probe_score","filepath") values ('/media/pi/ZUKE/MUSIC/CDs/CD 51/08 - Nena - Cumbia.mp3','1','0','mp3','MP2/3 (MPEG audio layer 2/3)','0','210.834286','4225152','160321','51','/media/pi/ZUKE/MUSIC/CDs/CD 51/08 - Nena - Cumbia.mp3');
insert into disposition ("default","dub","original","comment","lyrics","karaoke","forced","hearing_impaired","visual_impaired","clean_effects","attached_pic","timed_thumbnails","filepath") values ('0','0','0','0','0','0','0','0','0','0','0','0','/media/pi/ZUKE/MUSIC/CDs/CD 51/08 - Nena - Cumbia.mp3');
insert into tags ("album","composer","genre","title","artist","disc","track","filepath") values ('ZIN CD 51','Zumba Fitness','Cumbia','Nena','Zumba Fitness','1/1','08/09','/media/pi/ZUKE/MUSIC/CDs/CD 51/08 - Nena - Cumbia.mp3');
insert into mp3s ("filepath") values ('/media/pi/ZUKE/MUSIC/CDs/CD 51/08 - Nena - Cumbia.mp3');
insert into streams ("index","codec_name","codec_long_name","codec_type","codec_time_base","codec_tag_string","codec_tag","sample_fmt","sample_rate","channels","channel_layout","bits_per_sample","r_frame_rate","avg_frame_rate","time_base","start_pts","start_time","duration_ts","duration","bit_rate","filepath") values ('0','mp3','MP3 (MPEG audio layer 3)','audio','1/44100','[0][0][0][0]','0x0000','fltp','44100','2','stereo','0','0/0','0/0','1/14112000','0','0','2927738880','207.464490','143084','/media/pi/ZUKE/MUSIC/CDs/CD 51/09 - Menea La Pera - Merengue.mp3');
insert into format ("filename","nb_streams","nb_programs","format_name","format_long_name","start_time","duration","size","bit_rate","probe_score","filepath") values ('/media/pi/ZUKE/MUSIC/CDs/CD 51/09 - Menea La Pera - Merengue.mp3','1','0','mp3','MP2/3 (MPEG audio layer 2/3)','0','207.464490','3711104','143103','51','/media/pi/ZUKE/MUSIC/CDs/CD 51/09 - Menea La Pera - Merengue.mp3');
insert into disposition ("default","dub","original","comment","lyrics","karaoke","forced","hearing_impaired","visual_impaired","clean_effects","attached_pic","timed_thumbnails","filepath") values ('0','0','0','0','0','0','0','0','0','0','0','0','/media/pi/ZUKE/MUSIC/CDs/CD 51/09 - Menea La Pera - Merengue.mp3');
insert into tags ("album","composer","genre","title","artist","disc","track","filepath") values ('ZIN CD 51','Zumba Fitness','Merengue','Menea La Pera','Zumba Fitness','1/1','09/09','/media/pi/ZUKE/MUSIC/CDs/CD 51/09 - Menea La Pera - Merengue.mp3');
insert into mp3s ("filepath") values ('/media/pi/ZUKE/MUSIC/CDs/CD 51/09 - Menea La Pera - Merengue.mp3');
insert into streams ("index","codec_name","codec_long_name","codec_type","codec_time_base","codec_tag_string","codec_tag","sample_fmt","sample_rate","channels","channel_layout","bits_per_sample","r_frame_rate","avg_frame_rate","time_base","start_pts","start_time","duration_ts","duration","bit_rate","filepath") values ('0','mp3','MP3 (MPEG audio layer 3)','audio','1/44100','[0][0][0][0]','0x0000','fltp','44100','2','stereo','0','0/0','0/0','1/14112000','0','0','2739363840','194.115918','170856','/media/pi/ZUKE/MUSIC/CDs/CD 52/01 - La Chapiadora - Merengue.mp3');
insert into format ("filename","nb_streams","nb_programs","format_name","format_long_name","start_time","duration","size","bit_rate","probe_score","filepath") values ('/media/pi/ZUKE/MUSIC/CDs/CD 52/01 - La Chapiadora - Merengue.mp3','1','0','mp3','MP2/3 (MPEG audio layer 2/3)','0','194.115918','4147328','170921','51','/media/pi/ZUKE/MUSIC/CDs/CD 52/01 - La Chapiadora - Merengue.mp3');
insert into disposition ("default","dub","original","comment","lyrics","karaoke","forced","hearing_impaired","visual_impaired","clean_effects","attached_pic","timed_thumbnails","filepath") values ('0','0','0','0','0','0','0','0','0','0','0','0','/media/pi/ZUKE/MUSIC/CDs/CD 52/01 - La Chapiadora - Merengue.mp3');
insert into tags ("album","composer","genre","title","artist","disc","track","filepath") values ('ZIN CD 52','Zumba Fitness','Merengue','La Chapiadora','Zumba Fitness','1/1','01/09','/media/pi/ZUKE/MUSIC/CDs/CD 52/01 - La Chapiadora - Merengue.mp3');
insert into mp3s ("filepath") values ('/media/pi/ZUKE/MUSIC/CDs/CD 52/01 - La Chapiadora - Merengue.mp3');
insert into streams ("index","codec_name","codec_long_name","codec_type","codec_time_base","codec_tag_string","codec_tag","sample_fmt","sample_rate","channels","channel_layout","bits_per_sample","r_frame_rate","avg_frame_rate","time_base","start_pts","start_time","duration_ts","duration","bit_rate","filepath") values ('0','mp3','MP3 (MPEG audio layer 3)','audio','1/44100','[0][0][0][0]','0x0000','fltp','44100','2','stereo','0','0/0','0/0','1/14112000','0','0','2110095360','149.524898','166344','/media/pi/ZUKE/MUSIC/CDs/CD 52/02 - Mulata de Platino - Reggaeton.mp3');
insert into format ("filename","nb_streams","nb_programs","format_name","format_long_name","start_time","duration","size","bit_rate","probe_score","filepath") values ('/media/pi/ZUKE/MUSIC/CDs/CD 52/02 - Mulata de Platino - Reggaeton.mp3','1','0','mp3','MP2/3 (MPEG audio layer 2/3)','0','149.524898','3111040','166449','51','/media/pi/ZUKE/MUSIC/CDs/CD 52/02 - Mulata de Platino - Reggaeton.mp3');
insert into disposition ("default","dub","original","comment","lyrics","karaoke","forced","hearing_impaired","visual_impaired","clean_effects","attached_pic","timed_thumbnails","filepath") values ('0','0','0','0','0','0','0','0','0','0','0','0','/media/pi/ZUKE/MUSIC/CDs/CD 52/02 - Mulata de Platino - Reggaeton.mp3');
insert into tags ("album","composer","genre","title","artist","disc","track","filepath") values ('ZIN CD 52','Zumba Fitness','Reggaeton','Mulata de Platino','Zumba Fitness','1/1','02/09','/media/pi/ZUKE/MUSIC/CDs/CD 52/02 - Mulata de Platino - Reggaeton.mp3');
insert into mp3s ("filepath") values ('/media/pi/ZUKE/MUSIC/CDs/CD 52/02 - Mulata de Platino - Reggaeton.mp3');
insert into streams ("index","codec_name","codec_long_name","codec_type","codec_time_base","codec_tag_string","codec_tag","sample_fmt","sample_rate","channels","channel_layout","bits_per_sample","r_frame_rate","avg_frame_rate","time_base","start_pts","start_time","duration_ts","duration","bit_rate","filepath") values ('0','mp3','MP3 (MPEG audio layer 3)','audio','1/44100','[0][0][0][0]','0x0000','fltp','44100','2','stereo','0','0/0','0/0','1/14112000','0','0','3461529600','245.289796','152029','/media/pi/ZUKE/MUSIC/CDs/CD 52/03 - My Heart in the Beat - Electro-Latin.mp3');
insert into format ("filename","nb_streams","nb_programs","format_name","format_long_name","start_time","duration","size","bit_rate","probe_score","filepath") values ('/media/pi/ZUKE/MUSIC/CDs/CD 52/03 - My Heart in the Beat - Electro-Latin.mp3','1','0','mp3','MP2/3 (MPEG audio layer 2/3)','0','245.289796','4663424','152095','51','/media/pi/ZUKE/MUSIC/CDs/CD 52/03 - My Heart in the Beat - Electro-Latin.mp3');
insert into disposition ("default","dub","original","comment","lyrics","karaoke","forced","hearing_impaired","visual_impaired","clean_effects","attached_pic","timed_thumbnails","filepath") values ('0','0','0','0','0','0','0','0','0','0','0','0','/media/pi/ZUKE/MUSIC/CDs/CD 52/03 - My Heart in the Beat - Electro-Latin.mp3');
insert into tags ("album","composer","genre","title","artist","disc","track","filepath") values ('ZIN CD 52','Zumba Fitness','Electro-Latin','My Heart in the Beat','Zumba Fitness','1/1','03/09','/media/pi/ZUKE/MUSIC/CDs/CD 52/03 - My Heart in the Beat - Electro-Latin.mp3');
insert into mp3s ("filepath") values ('/media/pi/ZUKE/MUSIC/CDs/CD 52/03 - My Heart in the Beat - Electro-Latin.mp3');
insert into streams ("index","codec_name","codec_long_name","codec_type","codec_time_base","codec_tag_string","codec_tag","sample_fmt","sample_rate","channels","channel_layout","bits_per_sample","r_frame_rate","avg_frame_rate","time_base","start_pts","start_time","duration_ts","duration","bit_rate","filepath") values ('0','mp3','MP3 (MPEG audio layer 3)','audio','1/44100','[0][0][0][0]','0x0000','fltp','44100','2','stereo','0','0/0','0/0','1/14112000','0','0','3430195200','243.069388','163410','/media/pi/ZUKE/MUSIC/CDs/CD 52/04 - Bailando - Flamenco-Reggaeton.mp3');
insert into format ("filename","nb_streams","nb_programs","format_name","format_long_name","start_time","duration","size","bit_rate","probe_score","filepath") values ('/media/pi/ZUKE/MUSIC/CDs/CD 52/04 - Bailando - Flamenco-Reggaeton.mp3','1','0','mp3','MP2/3 (MPEG audio layer 2/3)','0','243.069388','4966528','163460','51','/media/pi/ZUKE/MUSIC/CDs/CD 52/04 - Bailando - Flamenco-Reggaeton.mp3');
insert into disposition ("default","dub","original","comment","lyrics","karaoke","forced","hearing_impaired","visual_impaired","clean_effects","attached_pic","timed_thumbnails","filepath") values ('0','0','0','0','0','0','0','0','0','0','0','0','/media/pi/ZUKE/MUSIC/CDs/CD 52/04 - Bailando - Flamenco-Reggaeton.mp3');
insert into tags ("album","composer","genre","title","artist","disc","track","filepath") values ('ZIN CD 52','Zumba Fitness','Flamenco-Reggaeton','Bailando','Zumba Fitness','1/1','04/09','/media/pi/ZUKE/MUSIC/CDs/CD 52/04 - Bailando - Flamenco-Reggaeton.mp3');
insert into mp3s ("filepath") values ('/media/pi/ZUKE/MUSIC/CDs/CD 52/04 - Bailando - Flamenco-Reggaeton.mp3');
insert into streams ("index","codec_name","codec_long_name","codec_type","codec_time_base","codec_tag_string","codec_tag","sample_fmt","sample_rate","channels","channel_layout","bits_per_sample","r_frame_rate","avg_frame_rate","time_base","start_pts","start_time","duration_ts","duration","bit_rate","filepath") values ('0','mp3','MP3 (MPEG audio layer 3)','audio','1/44100','[0][0][0][0]','0x0000','fltp','44100','2','stereo','0','0/0','0/0','1/14112000','0','0','2751160320','194.951837','148176','/media/pi/ZUKE/MUSIC/CDs/CD 52/05 - El Serrucho - Cumbia.mp3');
insert into format ("filename","nb_streams","nb_programs","format_name","format_long_name","start_time","duration","size","bit_rate","probe_score","filepath") values ('/media/pi/ZUKE/MUSIC/CDs/CD 52/05 - El Serrucho - Cumbia.mp3','1','0','mp3','MP2/3 (MPEG audio layer 2/3)','0','194.951837','3612800','148254','51','/media/pi/ZUKE/MUSIC/CDs/CD 52/05 - El Serrucho - Cumbia.mp3');
insert into disposition ("default","dub","original","comment","lyrics","karaoke","forced","hearing_impaired","visual_impaired","clean_effects","attached_pic","timed_thumbnails","filepath") values ('0','0','0','0','0','0','0','0','0','0','0','0','/media/pi/ZUKE/MUSIC/CDs/CD 52/05 - El Serrucho - Cumbia.mp3');
insert into tags ("album","composer","genre","title","artist","disc","track","filepath") values ('ZIN CD 52','Zumba Fitness','Cumbia','El Serrucho','Zumba Fitness','1/1','05/09','/media/pi/ZUKE/MUSIC/CDs/CD 52/05 - El Serrucho - Cumbia.mp3');
insert into mp3s ("filepath") values ('/media/pi/ZUKE/MUSIC/CDs/CD 52/05 - El Serrucho - Cumbia.mp3');
insert into streams ("index","codec_name","codec_long_name","codec_type","codec_time_base","codec_tag_string","codec_tag","sample_fmt","sample_rate","channels","channel_layout","bits_per_sample","r_frame_rate","avg_frame_rate","time_base","start_pts","start_time","duration_ts","duration","bit_rate","filepath") values ('0','mp3','MP3 (MPEG audio layer 3)','audio','1/44100','[0][0][0][0]','0x0000','fltp','44100','2','stereo','0','0/0','0/0','1/14112000','0','0','2501222400','177.240816','156432','/media/pi/ZUKE/MUSIC/CDs/CD 52/06 - La Luz - Tribal.mp3');
insert into format ("filename","nb_streams","nb_programs","format_name","format_long_name","start_time","duration","size","bit_rate","probe_score","filepath") values ('/media/pi/ZUKE/MUSIC/CDs/CD 52/06 - La Luz - Tribal.mp3','1','0','mp3','MP2/3 (MPEG audio layer 2/3)','0','177.240816','3467392','156505','51','/media/pi/ZUKE/MUSIC/CDs/CD 52/06 - La Luz - Tribal.mp3');
insert into disposition ("default","dub","original","comment","lyrics","karaoke","forced","hearing_impaired","visual_impaired","clean_effects","attached_pic","timed_thumbnails","filepath") values ('0','0','0','0','0','0','0','0','0','0','0','0','/media/pi/ZUKE/MUSIC/CDs/CD 52/06 - La Luz - Tribal.mp3');
insert into tags ("album","composer","genre","title","artist","disc","track","filepath") values ('ZIN CD 52','Zumba Fitness','Tribal','La Luz','Zumba Fitness','1/1','06/09','/media/pi/ZUKE/MUSIC/CDs/CD 52/06 - La Luz - Tribal.mp3');
insert into mp3s ("filepath") values ('/media/pi/ZUKE/MUSIC/CDs/CD 52/06 - La Luz - Tribal.mp3');
insert into streams ("index","codec_name","codec_long_name","codec_type","codec_time_base","codec_tag_string","codec_tag","sample_fmt","sample_rate","channels","channel_layout","bits_per_sample","r_frame_rate","avg_frame_rate","time_base","start_pts","start_time","duration_ts","duration","bit_rate","filepath") values ('0','mp3','MP3 (MPEG audio layer 3)','audio','1/44100','[0][0][0][0]','0x0000','fltp','44100','2','stereo','0','0/0','0/0','1/14112000','0','0','3043491840','215.666939','163985','/media/pi/ZUKE/MUSIC/CDs/CD 52/07 - Tanto - Electro-Bachata.mp3');
insert into format ("filename","nb_streams","nb_programs","format_name","format_long_name","start_time","duration","size","bit_rate","probe_score","filepath") values ('/media/pi/ZUKE/MUSIC/CDs/CD 52/07 - Tanto - Electro-Bachata.mp3','1','0','mp3','MP2/3 (MPEG audio layer 2/3)','0','215.666939','4421760','164021','51','/media/pi/ZUKE/MUSIC/CDs/CD 52/07 - Tanto - Electro-Bachata.mp3');
insert into disposition ("default","dub","original","comment","lyrics","karaoke","forced","hearing_impaired","visual_impaired","clean_effects","attached_pic","timed_thumbnails","filepath") values ('0','0','0','0','0','0','0','0','0','0','0','0','/media/pi/ZUKE/MUSIC/CDs/CD 52/07 - Tanto - Electro-Bachata.mp3');
insert into tags ("album","composer","genre","title","artist","disc","track","filepath") values ('ZIN CD 52','Zumba Fitness','Electro-Bachata','Tanto','Zumba Fitness','1/1','07/09','/media/pi/ZUKE/MUSIC/CDs/CD 52/07 - Tanto - Electro-Bachata.mp3');
insert into mp3s ("filepath") values ('/media/pi/ZUKE/MUSIC/CDs/CD 52/07 - Tanto - Electro-Bachata.mp3');
insert into streams ("index","codec_name","codec_long_name","codec_type","codec_time_base","codec_tag_string","codec_tag","sample_fmt","sample_rate","channels","channel_layout","bits_per_sample","r_frame_rate","avg_frame_rate","time_base","start_pts","start_time","duration_ts","duration","bit_rate","filepath") values ('0','mp3','MP3 (MPEG audio layer 3)','audio','1/44100','[0][0][0][0]','0x0000','fltp','44100','2','stereo','0','0/0','0/0','1/14112000','0','0','3046072320','215.849796','159558','/media/pi/ZUKE/MUSIC/CDs/CD 52/08 - Dale Fuego - Calypso Dance.mp3');
insert into format ("filename","nb_streams","nb_programs","format_name","format_long_name","start_time","duration","size","bit_rate","probe_score","filepath") values ('/media/pi/ZUKE/MUSIC/CDs/CD 52/08 - Dale Fuego - Calypso Dance.mp3','1','0','mp3','MP2/3 (MPEG audio layer 2/3)','0','215.849796','4307072','159632','51','/media/pi/ZUKE/MUSIC/CDs/CD 52/08 - Dale Fuego - Calypso Dance.mp3');
insert into disposition ("default","dub","original","comment","lyrics","karaoke","forced","hearing_impaired","visual_impaired","clean_effects","attached_pic","timed_thumbnails","filepath") values ('0','0','0','0','0','0','0','0','0','0','0','0','/media/pi/ZUKE/MUSIC/CDs/CD 52/08 - Dale Fuego - Calypso Dance.mp3');
insert into tags ("album","composer","genre","title","artist","disc","track","filepath") values ('ZIN CD 52','Zumba Fitness','Calypso','Dale Fuego','Zumba Fitness','1/1','08/09','/media/pi/ZUKE/MUSIC/CDs/CD 52/08 - Dale Fuego - Calypso Dance.mp3');
insert into mp3s ("filepath") values ('/media/pi/ZUKE/MUSIC/CDs/CD 52/08 - Dale Fuego - Calypso Dance.mp3');
insert into streams ("index","codec_name","codec_long_name","codec_type","codec_time_base","codec_tag_string","codec_tag","sample_fmt","sample_rate","channels","channel_layout","bits_per_sample","r_frame_rate","avg_frame_rate","time_base","start_pts","start_time","duration_ts","duration","bit_rate","filepath") values ('0','mp3','MP3 (MPEG audio layer 3)','audio','1/44100','[0][0][0][0]','0x0000','fltp','44100','2','stereo','0','0/0','0/0','1/14112000','0','0','5389516800','381.910204','184386','/media/pi/ZUKE/MUSIC/CDs/CD 52/09 - Descarga de la Luz - Salsa.mp3');
insert into format ("filename","nb_streams","nb_programs","format_name","format_long_name","start_time","duration","size","bit_rate","probe_score","filepath") values ('/media/pi/ZUKE/MUSIC/CDs/CD 52/09 - Descarga de la Luz - Salsa.mp3','1','0','mp3','MP2/3 (MPEG audio layer 2/3)','0','381.910204','8804480','184430','51','/media/pi/ZUKE/MUSIC/CDs/CD 52/09 - Descarga de la Luz - Salsa.mp3');
insert into disposition ("default","dub","original","comment","lyrics","karaoke","forced","hearing_impaired","visual_impaired","clean_effects","attached_pic","timed_thumbnails","filepath") values ('0','0','0','0','0','0','0','0','0','0','0','0','/media/pi/ZUKE/MUSIC/CDs/CD 52/09 - Descarga de la Luz - Salsa.mp3');
insert into tags ("album","composer","genre","title","artist","disc","track","filepath") values ('ZIN CD 52','Zumba Fitness','Salsa','Descarga de la Luz','Zumba Fitness','1/1','09/09','/media/pi/ZUKE/MUSIC/CDs/CD 52/09 - Descarga de la Luz - Salsa.mp3');
insert into mp3s ("filepath") values ('/media/pi/ZUKE/MUSIC/CDs/CD 52/09 - Descarga de la Luz - Salsa.mp3');
insert into streams ("index","codec_name","codec_long_name","codec_type","codec_time_base","codec_tag_string","codec_tag","sample_fmt","sample_rate","channels","channel_layout","bits_per_sample","r_frame_rate","avg_frame_rate","time_base","start_pts","start_time","duration_ts","duration","bit_rate","filepath") values ('0','mp3','MP3 (MPEG audio layer 3)','audio','1/44100','[0][0][0][0]','0x0000','fltp','44100','2','stereo','0','0/0','0/0','1/14112000','0','0','3609354240','255.764898','165655','/media/pi/ZUKE/MUSIC/CDs/CD 53/01 - Las Mamies - Merengue.mp3');
insert into format ("filename","nb_streams","nb_programs","format_name","format_long_name","start_time","duration","size","bit_rate","probe_score","filepath") values ('/media/pi/ZUKE/MUSIC/CDs/CD 53/01 - Las Mamies - Merengue.mp3','1','0','mp3','MP2/3 (MPEG audio layer 2/3)','0','255.764898','5298304','165724','51','/media/pi/ZUKE/MUSIC/CDs/CD 53/01 - Las Mamies - Merengue.mp3');
insert into disposition ("default","dub","original","comment","lyrics","karaoke","forced","hearing_impaired","visual_impaired","clean_effects","attached_pic","timed_thumbnails","filepath") values ('0','0','0','0','0','0','0','0','0','0','0','0','/media/pi/ZUKE/MUSIC/CDs/CD 53/01 - Las Mamies - Merengue.mp3');
insert into tags ("album","composer","genre","title","artist","disc","track","filepath") values ('ZIN CD 53','Zumba Fitness','Merengue','Las Mamies','Zumba Fitness','1/1','01/09','/media/pi/ZUKE/MUSIC/CDs/CD 53/01 - Las Mamies - Merengue.mp3');
insert into mp3s ("filepath") values ('/media/pi/ZUKE/MUSIC/CDs/CD 53/01 - Las Mamies - Merengue.mp3');
insert into streams ("index","codec_name","codec_long_name","codec_type","codec_time_base","codec_tag_string","codec_tag","sample_fmt","sample_rate","channels","channel_layout","bits_per_sample","r_frame_rate","avg_frame_rate","time_base","start_pts","start_time","duration_ts","duration","bit_rate","filepath") values ('0','mp3','MP3 (MPEG audio layer 3)','audio','1/44100','[0][0][0][0]','0x0000','fltp','44100','2','stereo','0','0/0','0/0','1/14112000','0','0','3317022720','235.049796','169920','/media/pi/ZUKE/MUSIC/CDs/CD 53/02 - Llego el Rumbero - Salsa.mp3');
insert into format ("filename","nb_streams","nb_programs","format_name","format_long_name","start_time","duration","size","bit_rate","probe_score","filepath") values ('/media/pi/ZUKE/MUSIC/CDs/CD 53/02 - Llego el Rumbero - Salsa.mp3','1','0','mp3','MP2/3 (MPEG audio layer 2/3)','0','235.049796','4993152','169943','51','/media/pi/ZUKE/MUSIC/CDs/CD 53/02 - Llego el Rumbero - Salsa.mp3');
insert into disposition ("default","dub","original","comment","lyrics","karaoke","forced","hearing_impaired","visual_impaired","clean_effects","attached_pic","timed_thumbnails","filepath") values ('0','0','0','0','0','0','0','0','0','0','0','0','/media/pi/ZUKE/MUSIC/CDs/CD 53/02 - Llego el Rumbero - Salsa.mp3');
insert into tags ("album","composer","genre","title","artist","disc","track","filepath") values ('ZIN CD 53','Zumba Fitness','Salsa','Llego el Rumbero','Zumba Fitness','1/1','02/09','/media/pi/ZUKE/MUSIC/CDs/CD 53/02 - Llego el Rumbero - Salsa.mp3');
insert into mp3s ("filepath") values ('/media/pi/ZUKE/MUSIC/CDs/CD 53/02 - Llego el Rumbero - Salsa.mp3');
insert into streams ("index","codec_name","codec_long_name","codec_type","codec_time_base","codec_tag_string","codec_tag","sample_fmt","sample_rate","channels","channel_layout","bits_per_sample","r_frame_rate","avg_frame_rate","time_base","start_pts","start_time","duration_ts","duration","bit_rate","filepath") values ('0','mp3','MP3 (MPEG audio layer 3)','audio','1/44100','[0][0][0][0]','0x0000','fltp','44100','2','stereo','0','0/0','0/0','1/14112000','0','0','3670917120','260.127347','178818','/media/pi/ZUKE/MUSIC/CDs/CD 53/03 - Mi Gente - Cumbia.mp3');
insert into format ("filename","nb_streams","nb_programs","format_name","format_long_name","start_time","duration","size","bit_rate","probe_score","filepath") values ('/media/pi/ZUKE/MUSIC/CDs/CD 53/03 - Mi Gente - Cumbia.mp3','1','0','mp3','MP2/3 (MPEG audio layer 2/3)','0','260.127347','5816448','178880','51','/media/pi/ZUKE/MUSIC/CDs/CD 53/03 - Mi Gente - Cumbia.mp3');
insert into disposition ("default","dub","original","comment","lyrics","karaoke","forced","hearing_impaired","visual_impaired","clean_effects","attached_pic","timed_thumbnails","filepath") values ('0','0','0','0','0','0','0','0','0','0','0','0','/media/pi/ZUKE/MUSIC/CDs/CD 53/03 - Mi Gente - Cumbia.mp3');
insert into tags ("album","composer","genre","title","artist","disc","track","filepath") values ('ZIN CD 53','Zumba Fitness','Cumbia','Mi Gente','Zumba Fitness','1/1','03/09','/media/pi/ZUKE/MUSIC/CDs/CD 53/03 - Mi Gente - Cumbia.mp3');
insert into mp3s ("filepath") values ('/media/pi/ZUKE/MUSIC/CDs/CD 53/03 - Mi Gente - Cumbia.mp3');
insert into streams ("index","codec_name","codec_long_name","codec_type","codec_time_base","codec_tag_string","codec_tag","sample_fmt","sample_rate","channels","channel_layout","bits_per_sample","r_frame_rate","avg_frame_rate","time_base","start_pts","start_time","duration_ts","duration","bit_rate","filepath") values ('0','mp3','MP3 (MPEG audio layer 3)','audio','1/44100','[0][0][0][0]','0x0000','fltp','44100','2','stereo','0','0/0','0/0','1/14112000','0','0','3755704320','266.135510','165556','/media/pi/ZUKE/MUSIC/CDs/CD 53/04 - Watch Out For This (Burmaye) (Remix) - Moombahton.mp3');
insert into format ("filename","nb_streams","nb_programs","format_name","format_long_name","start_time","duration","size","bit_rate","probe_score","filepath") values ('/media/pi/ZUKE/MUSIC/CDs/CD 53/04 - Watch Out For This (Burmaye) (Remix) - Moombahton.mp3','1','0','mp3','MP2/3 (MPEG audio layer 2/3)','0','266.135510','5509248','165607','51','/media/pi/ZUKE/MUSIC/CDs/CD 53/04 - Watch Out For This (Burmaye) (Remix) - Moombahton.mp3');
insert into disposition ("default","dub","original","comment","lyrics","karaoke","forced","hearing_impaired","visual_impaired","clean_effects","attached_pic","timed_thumbnails","filepath") values ('0','0','0','0','0','0','0','0','0','0','0','0','/media/pi/ZUKE/MUSIC/CDs/CD 53/04 - Watch Out For This (Burmaye) (Remix) - Moombahton.mp3');
insert into tags ("album","composer","genre","title","artist","disc","track","filepath") values ('ZIN CD 53','Zumba Fitness','Moombahton','Watch Out For This (Burmaye) (Remix)','Zumba Fitness','1/1','04/09','/media/pi/ZUKE/MUSIC/CDs/CD 53/04 - Watch Out For This (Burmaye) (Remix) - Moombahton.mp3');
insert into mp3s ("filepath") values ('/media/pi/ZUKE/MUSIC/CDs/CD 53/04 - Watch Out For This (Burmaye) (Remix) - Moombahton.mp3');
insert into streams ("index","codec_name","codec_long_name","codec_type","codec_time_base","codec_tag_string","codec_tag","sample_fmt","sample_rate","channels","channel_layout","bits_per_sample","r_frame_rate","avg_frame_rate","time_base","start_pts","start_time","duration_ts","duration","bit_rate","filepath") values ('0','mp3','MP3 (MPEG audio layer 3)','audio','1/44100','[0][0][0][0]','0x0000','fltp','44100','2','stereo','0','0/0','0/0','1/14112000','0','0','2661949440','188.630204','156586','/media/pi/ZUKE/MUSIC/CDs/CD 53/05 - La Zumbera - Latin Dance.mp3');
insert into format ("filename","nb_streams","nb_programs","format_name","format_long_name","start_time","duration","size","bit_rate","probe_score","filepath") values ('/media/pi/ZUKE/MUSIC/CDs/CD 53/05 - La Zumbera - Latin Dance.mp3','1','0','mp3','MP2/3 (MPEG audio layer 2/3)','0','188.630204','3692672','156609','51','/media/pi/ZUKE/MUSIC/CDs/CD 53/05 - La Zumbera - Latin Dance.mp3');
insert into disposition ("default","dub","original","comment","lyrics","karaoke","forced","hearing_impaired","visual_impaired","clean_effects","attached_pic","timed_thumbnails","filepath") values ('0','0','0','0','0','0','0','0','0','0','0','0','/media/pi/ZUKE/MUSIC/CDs/CD 53/05 - La Zumbera - Latin Dance.mp3');
insert into tags ("album","composer","genre","title","artist","disc","track","filepath") values ('ZIN CD 53','Zumba Fitness','Latin','La Zumbera','Zumba Fitness','1/1','05/09','/media/pi/ZUKE/MUSIC/CDs/CD 53/05 - La Zumbera - Latin Dance.mp3');
insert into mp3s ("filepath") values ('/media/pi/ZUKE/MUSIC/CDs/CD 53/05 - La Zumbera - Latin Dance.mp3');
insert into streams ("index","codec_name","codec_long_name","codec_type","codec_time_base","codec_tag_string","codec_tag","sample_fmt","sample_rate","channels","channel_layout","bits_per_sample","r_frame_rate","avg_frame_rate","time_base","start_pts","start_time","duration_ts","duration","bit_rate","filepath") values ('0','mp3','MP3 (MPEG audio layer 3)','audio','1/44100','[0][0][0][0]','0x0000','fltp','44100','2','stereo','0','0/0','0/0','1/14112000','0','0','3579494400','253.648980','148371','/media/pi/ZUKE/MUSIC/CDs/CD 53/06 - Vem Vem - Brazilian Funk.mp3');
insert into format ("filename","nb_streams","nb_programs","format_name","format_long_name","start_time","duration","size","bit_rate","probe_score","filepath") values ('/media/pi/ZUKE/MUSIC/CDs/CD 53/06 - Vem Vem - Brazilian Funk.mp3','1','0','mp3','MP2/3 (MPEG audio layer 2/3)','0','253.648980','4706432','148439','51','/media/pi/ZUKE/MUSIC/CDs/CD 53/06 - Vem Vem - Brazilian Funk.mp3');
insert into disposition ("default","dub","original","comment","lyrics","karaoke","forced","hearing_impaired","visual_impaired","clean_effects","attached_pic","timed_thumbnails","filepath") values ('0','0','0','0','0','0','0','0','0','0','0','0','/media/pi/ZUKE/MUSIC/CDs/CD 53/06 - Vem Vem - Brazilian Funk.mp3');
insert into tags ("album","composer","genre","title","artist","disc","track","filepath") values ('ZIN CD 53','Zumba Fitness','Brazilian Funk','Vem Vem','Zumba Fitness','1/1','06/09','/media/pi/ZUKE/MUSIC/CDs/CD 53/06 - Vem Vem - Brazilian Funk.mp3');
insert into mp3s ("filepath") values ('/media/pi/ZUKE/MUSIC/CDs/CD 53/06 - Vem Vem - Brazilian Funk.mp3');
insert into streams ("index","codec_name","codec_long_name","codec_type","codec_time_base","codec_tag_string","codec_tag","sample_fmt","sample_rate","channels","channel_layout","bits_per_sample","r_frame_rate","avg_frame_rate","time_base","start_pts","start_time","duration_ts","duration","bit_rate","filepath") values ('0','mp3','MP3 (MPEG audio layer 3)','audio','1/44100','[0][0][0][0]','0x0000','fltp','44100','2','stereo','0','0/0','0/0','1/14112000','0','0','3136757760','222.275918','159077','/media/pi/ZUKE/MUSIC/CDs/CD 53/07 - Solito y Sin Ti - Tribal.mp3');
insert into format ("filename","nb_streams","nb_programs","format_name","format_long_name","start_time","duration","size","bit_rate","probe_score","filepath") values ('/media/pi/ZUKE/MUSIC/CDs/CD 53/07 - Solito y Sin Ti - Tribal.mp3','1','0','mp3','MP2/3 (MPEG audio layer 2/3)','0','222.275918','4421760','159144','51','/media/pi/ZUKE/MUSIC/CDs/CD 53/07 - Solito y Sin Ti - Tribal.mp3');
insert into disposition ("default","dub","original","comment","lyrics","karaoke","forced","hearing_impaired","visual_impaired","clean_effects","attached_pic","timed_thumbnails","filepath") values ('0','0','0','0','0','0','0','0','0','0','0','0','/media/pi/ZUKE/MUSIC/CDs/CD 53/07 - Solito y Sin Ti - Tribal.mp3');
insert into tags ("album","composer","genre","title","artist","disc","track","filepath") values ('ZIN CD 53','Zumba Fitness','Tribal','Solito y Sin Ti','Zumba Fitness','1/1','07/09','/media/pi/ZUKE/MUSIC/CDs/CD 53/07 - Solito y Sin Ti - Tribal.mp3');
insert into mp3s ("filepath") values ('/media/pi/ZUKE/MUSIC/CDs/CD 53/07 - Solito y Sin Ti - Tribal.mp3');
insert into streams ("index","codec_name","codec_long_name","codec_type","codec_time_base","codec_tag_string","codec_tag","sample_fmt","sample_rate","channels","channel_layout","bits_per_sample","r_frame_rate","avg_frame_rate","time_base","start_pts","start_time","duration_ts","duration","bit_rate","filepath") values ('0','mp3','MP3 (MPEG audio layer 3)','audio','1/44100','[0][0][0][0]','0x0000','fltp','44100','2','stereo','0','0/0','0/0','1/14112000','0','0','2852904960','202.161633','161057','/media/pi/ZUKE/MUSIC/CDs/CD 53/08 - Moviendo Caderas - Reggaeton.mp3');
insert into format ("filename","nb_streams","nb_programs","format_name","format_long_name","start_time","duration","size","bit_rate","probe_score","filepath") values ('/media/pi/ZUKE/MUSIC/CDs/CD 53/08 - Moviendo Caderas - Reggaeton.mp3','1','0','mp3','MP2/3 (MPEG audio layer 2/3)','0','202.161633','4071552','161120','51','/media/pi/ZUKE/MUSIC/CDs/CD 53/08 - Moviendo Caderas - Reggaeton.mp3');
insert into disposition ("default","dub","original","comment","lyrics","karaoke","forced","hearing_impaired","visual_impaired","clean_effects","attached_pic","timed_thumbnails","filepath") values ('0','0','0','0','0','0','0','0','0','0','0','0','/media/pi/ZUKE/MUSIC/CDs/CD 53/08 - Moviendo Caderas - Reggaeton.mp3');
insert into tags ("album","composer","genre","title","artist","disc","track","filepath") values ('ZIN CD 53','Zumba Fitness','Reggaeton','Moviendo Caderas','Zumba Fitness','1/1','08/09','/media/pi/ZUKE/MUSIC/CDs/CD 53/08 - Moviendo Caderas - Reggaeton.mp3');
insert into mp3s ("filepath") values ('/media/pi/ZUKE/MUSIC/CDs/CD 53/08 - Moviendo Caderas - Reggaeton.mp3');
insert into streams ("index","codec_name","codec_long_name","codec_type","codec_time_base","codec_tag_string","codec_tag","sample_fmt","sample_rate","channels","channel_layout","bits_per_sample","r_frame_rate","avg_frame_rate","time_base","start_pts","start_time","duration_ts","duration","bit_rate","filepath") values ('0','mp3','MP3 (MPEG audio layer 3)','audio','1/44100','[0][0][0][0]','0x0000','fltp','44100','2','stereo','0','0/0','0/0','1/14112000','0','0','2486108160','176.169796','154904','/media/pi/ZUKE/MUSIC/CDs/CD 53/09 - Talk Dirty - R&B.mp3');
insert into format ("filename","nb_streams","nb_programs","format_name","format_long_name","start_time","duration","size","bit_rate","probe_score","filepath") values ('/media/pi/ZUKE/MUSIC/CDs/CD 53/09 - Talk Dirty - R&B.mp3','1','0','mp3','MP2/3 (MPEG audio layer 2/3)','0','176.169796','3412096','154945','51','/media/pi/ZUKE/MUSIC/CDs/CD 53/09 - Talk Dirty - R&B.mp3');
insert into disposition ("default","dub","original","comment","lyrics","karaoke","forced","hearing_impaired","visual_impaired","clean_effects","attached_pic","timed_thumbnails","filepath") values ('0','0','0','0','0','0','0','0','0','0','0','0','/media/pi/ZUKE/MUSIC/CDs/CD 53/09 - Talk Dirty - R&B.mp3');
insert into tags ("album","composer","genre","title","artist","disc","track","filepath") values ('ZIN CD 53','Zumba Fitness','R&B','Talk Dirty','Zumba Fitness','1/1','09/09','/media/pi/ZUKE/MUSIC/CDs/CD 53/09 - Talk Dirty - R&B.mp3');
insert into mp3s ("filepath") values ('/media/pi/ZUKE/MUSIC/CDs/CD 53/09 - Talk Dirty - R&B.mp3');
insert into streams ("index","codec_name","codec_long_name","codec_type","codec_time_base","codec_tag_string","codec_tag","sample_fmt","sample_rate","channels","channel_layout","bits_per_sample","r_frame_rate","avg_frame_rate","time_base","start_pts","start_time","duration_ts","duration","bit_rate","filepath") values ('0','mp3','MP3 (MPEG audio layer 3)','audio','1/44100','[0][0][0][0]','0x0000','fltp','44100','2','stereo','0','0/0','0/0','1/14112000','0','0','3789619200','268.538776','154215','/media/pi/ZUKE/MUSIC/CDs/CD 54/01 - Tu Me Quemas - Merengue Urbano.mp3');
insert into format ("filename","nb_streams","nb_programs","format_name","format_long_name","start_time","duration","size","bit_rate","probe_score","filepath") values ('/media/pi/ZUKE/MUSIC/CDs/CD 54/01 - Tu Me Quemas - Merengue Urbano.mp3','1','0','mp3','MP2/3 (MPEG audio layer 2/3)','0','268.538776','5177472','154241','51','/media/pi/ZUKE/MUSIC/CDs/CD 54/01 - Tu Me Quemas - Merengue Urbano.mp3');
insert into disposition ("default","dub","original","comment","lyrics","karaoke","forced","hearing_impaired","visual_impaired","clean_effects","attached_pic","timed_thumbnails","filepath") values ('0','0','0','0','0','0','0','0','0','0','0','0','/media/pi/ZUKE/MUSIC/CDs/CD 54/01 - Tu Me Quemas - Merengue Urbano.mp3');
insert into tags ("album","composer","genre","title","artist","disc","track","filepath") values ('ZIN CD 54','Zumba Fitness','Merengue Urbano','Tu Me Quemas','Zumba Fitness','1/1','01/09','/media/pi/ZUKE/MUSIC/CDs/CD 54/01 - Tu Me Quemas - Merengue Urbano.mp3');
insert into mp3s ("filepath") values ('/media/pi/ZUKE/MUSIC/CDs/CD 54/01 - Tu Me Quemas - Merengue Urbano.mp3');
insert into streams ("index","codec_name","codec_long_name","codec_type","codec_time_base","codec_tag_string","codec_tag","sample_fmt","sample_rate","channels","channel_layout","bits_per_sample","r_frame_rate","avg_frame_rate","time_base","start_pts","start_time","duration_ts","duration","bit_rate","filepath") values ('0','mp3','MP3 (MPEG audio layer 3)','audio','1/44100','[0][0][0][0]','0x0000','fltp','44100','2','stereo','0','0/0','0/0','1/14112000','0','0','4086374400','289.567347','179944','/media/pi/ZUKE/MUSIC/CDs/CD 54/02 - La Tusa - Salsa Choke.mp3');
insert into format ("filename","nb_streams","nb_programs","format_name","format_long_name","start_time","duration","size","bit_rate","probe_score","filepath") values ('/media/pi/ZUKE/MUSIC/CDs/CD 54/02 - La Tusa - Salsa Choke.mp3','1','0','mp3','MP2/3 (MPEG audio layer 2/3)','0','289.567347','6514816','179987','51','/media/pi/ZUKE/MUSIC/CDs/CD 54/02 - La Tusa - Salsa Choke.mp3');
insert into disposition ("default","dub","original","comment","lyrics","karaoke","forced","hearing_impaired","visual_impaired","clean_effects","attached_pic","timed_thumbnails","filepath") values ('0','0','0','0','0','0','0','0','0','0','0','0','/media/pi/ZUKE/MUSIC/CDs/CD 54/02 - La Tusa - Salsa Choke.mp3');
insert into tags ("album","composer","genre","title","artist","disc","track","filepath") values ('ZIN CD 54','Zumba Fitness','Salsa Choke','La Tusa','Zumba Fitness','1/1','02/09','/media/pi/ZUKE/MUSIC/CDs/CD 54/02 - La Tusa - Salsa Choke.mp3');
insert into mp3s ("filepath") values ('/media/pi/ZUKE/MUSIC/CDs/CD 54/02 - La Tusa - Salsa Choke.mp3');
insert into streams ("index","codec_name","codec_long_name","codec_type","codec_time_base","codec_tag_string","codec_tag","sample_fmt","sample_rate","channels","channel_layout","bits_per_sample","r_frame_rate","avg_frame_rate","time_base","start_pts","start_time","duration_ts","duration","bit_rate","filepath") values ('0','mp3','MP3 (MPEG audio layer 3)','audio','1/44100','[0][0][0][0]','0x0000','fltp','44100','2','stereo','0','0/0','0/0','1/14112000','0','0','2146590720','152.111020','152433','/media/pi/ZUKE/MUSIC/CDs/CD 54/03 - Adios (Casadiego Merengue Urbano Remix Radio Edit) - Dance.mp3');
insert into format ("filename","nb_streams","nb_programs","format_name","format_long_name","start_time","duration","size","bit_rate","probe_score","filepath") values ('/media/pi/ZUKE/MUSIC/CDs/CD 54/03 - Adios (Casadiego Merengue Urbano Remix Radio Edit) - Dance.mp3','1','0','mp3','MP2/3 (MPEG audio layer 2/3)','0','152.111020','2900096','152525','51','/media/pi/ZUKE/MUSIC/CDs/CD 54/03 - Adios (Casadiego Merengue Urbano Remix Radio Edit) - Dance.mp3');
insert into disposition ("default","dub","original","comment","lyrics","karaoke","forced","hearing_impaired","visual_impaired","clean_effects","attached_pic","timed_thumbnails","filepath") values ('0','0','0','0','0','0','0','0','0','0','0','0','/media/pi/ZUKE/MUSIC/CDs/CD 54/03 - Adios (Casadiego Merengue Urbano Remix Radio Edit) - Dance.mp3');
insert into tags ("album","composer","genre","title","artist","disc","track","filepath") values ('ZIN CD 54','Zumba Fitness','Dance','Adios (Casadiego Merengue Urbano Remix Radio Edit)','Zumba Fitness','1/1','03/09','/media/pi/ZUKE/MUSIC/CDs/CD 54/03 - Adios (Casadiego Merengue Urbano Remix Radio Edit) - Dance.mp3');
insert into mp3s ("filepath") values ('/media/pi/ZUKE/MUSIC/CDs/CD 54/03 - Adios (Casadiego Merengue Urbano Remix Radio Edit) - Dance.mp3');
insert into streams ("index","codec_name","codec_long_name","codec_type","codec_time_base","codec_tag_string","codec_tag","sample_fmt","sample_rate","channels","channel_layout","bits_per_sample","r_frame_rate","avg_frame_rate","time_base","start_pts","start_time","duration_ts","duration","bit_rate","filepath") values ('0','mp3','MP3 (MPEG audio layer 3)','audio','1/44100','[0][0][0][0]','0x0000','fltp','44100','2','stereo','0','0/0','0/0','1/14112000','0','0','3580231680','253.701224','173745','/media/pi/ZUKE/MUSIC/CDs/CD 54/04 - Chica Practica - Reggaeton.mp3');
insert into format ("filename","nb_streams","nb_programs","format_name","format_long_name","start_time","duration","size","bit_rate","probe_score","filepath") values ('/media/pi/ZUKE/MUSIC/CDs/CD 54/04 - Chica Practica - Reggaeton.mp3','1','0','mp3','MP2/3 (MPEG audio layer 2/3)','0','253.701224','5511296','173788','51','/media/pi/ZUKE/MUSIC/CDs/CD 54/04 - Chica Practica - Reggaeton.mp3');
insert into disposition ("default","dub","original","comment","lyrics","karaoke","forced","hearing_impaired","visual_impaired","clean_effects","attached_pic","timed_thumbnails","filepath") values ('0','0','0','0','0','0','0','0','0','0','0','0','/media/pi/ZUKE/MUSIC/CDs/CD 54/04 - Chica Practica - Reggaeton.mp3');
insert into tags ("album","composer","genre","title","artist","disc","track","filepath") values ('ZIN CD 54','Zumba Fitness','Reggaeton','Chica Practica','Zumba Fitness','1/1','04/09','/media/pi/ZUKE/MUSIC/CDs/CD 54/04 - Chica Practica - Reggaeton.mp3');
insert into mp3s ("filepath") values ('/media/pi/ZUKE/MUSIC/CDs/CD 54/04 - Chica Practica - Reggaeton.mp3');
insert into streams ("index","codec_name","codec_long_name","codec_type","codec_time_base","codec_tag_string","codec_tag","sample_fmt","sample_rate","channels","channel_layout","bits_per_sample","r_frame_rate","avg_frame_rate","time_base","start_pts","start_time","duration_ts","duration","bit_rate","filepath") values ('0','mp3','MP3 (MPEG audio layer 3)','audio','1/44100','[0][0][0][0]','0x0000','fltp','44100','2','stereo','0','0/0','0/0','1/14112000','0','0','2881658880','204.199184','164140','/media/pi/ZUKE/MUSIC/CDs/CD 54/05 - Entre Regas - Cumbiaton.mp3');
insert into format ("filename","nb_streams","nb_programs","format_name","format_long_name","start_time","duration","size","bit_rate","probe_score","filepath") values ('/media/pi/ZUKE/MUSIC/CDs/CD 54/05 - Entre Regas - Cumbiaton.mp3','1','0','mp3','MP2/3 (MPEG audio layer 2/3)','0','204.199184','4190336','164166','51','/media/pi/ZUKE/MUSIC/CDs/CD 54/05 - Entre Regas - Cumbiaton.mp3');
insert into disposition ("default","dub","original","comment","lyrics","karaoke","forced","hearing_impaired","visual_impaired","clean_effects","attached_pic","timed_thumbnails","filepath") values ('0','0','0','0','0','0','0','0','0','0','0','0','/media/pi/ZUKE/MUSIC/CDs/CD 54/05 - Entre Regas - Cumbiaton.mp3');
insert into tags ("album","composer","genre","title","artist","disc","track","filepath") values ('ZIN CD 54','Zumba Fitness','Cumbiaton','Entre Regas','Zumba Fitness','1/1','05/09','/media/pi/ZUKE/MUSIC/CDs/CD 54/05 - Entre Regas - Cumbiaton.mp3');
insert into mp3s ("filepath") values ('/media/pi/ZUKE/MUSIC/CDs/CD 54/05 - Entre Regas - Cumbiaton.mp3');
insert into streams ("index","codec_name","codec_long_name","codec_type","codec_time_base","codec_tag_string","codec_tag","sample_fmt","sample_rate","channels","channel_layout","bits_per_sample","r_frame_rate","avg_frame_rate","time_base","start_pts","start_time","duration_ts","duration","bit_rate","filepath") values ('0','mp3','MP3 (MPEG audio layer 3)','audio','1/44100','[0][0][0][0]','0x0000','fltp','44100','2','stereo','0','0/0','0/0','1/14112000','0','0','2665267200','188.865306','150326','/media/pi/ZUKE/MUSIC/CDs/CD 54/06 - All About that Bass - Pop.mp3');
insert into format ("filename","nb_streams","nb_programs","format_name","format_long_name","start_time","duration","size","bit_rate","probe_score","filepath") values ('/media/pi/ZUKE/MUSIC/CDs/CD 54/06 - All About that Bass - Pop.mp3','1','0','mp3','MP2/3 (MPEG audio layer 2/3)','0','188.865306','3549312','150342','51','/media/pi/ZUKE/MUSIC/CDs/CD 54/06 - All About that Bass - Pop.mp3');
insert into disposition ("default","dub","original","comment","lyrics","karaoke","forced","hearing_impaired","visual_impaired","clean_effects","attached_pic","timed_thumbnails","filepath") values ('0','0','0','0','0','0','0','0','0','0','0','0','/media/pi/ZUKE/MUSIC/CDs/CD 54/06 - All About that Bass - Pop.mp3');
insert into tags ("album","composer","genre","title","artist","disc","track","filepath") values ('ZIN CD 54','Zumba Fitness','Pop','All About that Bass','Zumba Fitness','1/1','06/09','/media/pi/ZUKE/MUSIC/CDs/CD 54/06 - All About that Bass - Pop.mp3');
insert into mp3s ("filepath") values ('/media/pi/ZUKE/MUSIC/CDs/CD 54/06 - All About that Bass - Pop.mp3');
insert into streams ("index","codec_name","codec_long_name","codec_type","codec_time_base","codec_tag_string","codec_tag","sample_fmt","sample_rate","channels","channel_layout","bits_per_sample","r_frame_rate","avg_frame_rate","time_base","start_pts","start_time","duration_ts","duration","bit_rate","filepath") values ('0','mp3','MP3 (MPEG audio layer 3)','audio','1/44100','[0][0][0][0]','0x0000','fltp','44100','2','stereo','0','0/0','0/0','1/14112000','0','0','3453419520','244.715102','155207','/media/pi/ZUKE/MUSIC/CDs/CD 54/07 - Portonol - Brazilian Funk.mp3');
insert into format ("filename","nb_streams","nb_programs","format_name","format_long_name","start_time","duration","size","bit_rate","probe_score","filepath") values ('/media/pi/ZUKE/MUSIC/CDs/CD 54/07 - Portonol - Brazilian Funk.mp3','1','0','mp3','MP2/3 (MPEG audio layer 2/3)','0','244.715102','4749440','155264','51','/media/pi/ZUKE/MUSIC/CDs/CD 54/07 - Portonol - Brazilian Funk.mp3');
insert into disposition ("default","dub","original","comment","lyrics","karaoke","forced","hearing_impaired","visual_impaired","clean_effects","attached_pic","timed_thumbnails","filepath") values ('0','0','0','0','0','0','0','0','0','0','0','0','/media/pi/ZUKE/MUSIC/CDs/CD 54/07 - Portonol - Brazilian Funk.mp3');
insert into tags ("album","composer","genre","title","artist","disc","track","filepath") values ('ZIN CD 54','Zumba Fitness','Brazilian Funk','Portonol','Zumba Fitness','1/1','07/09','/media/pi/ZUKE/MUSIC/CDs/CD 54/07 - Portonol - Brazilian Funk.mp3');
insert into mp3s ("filepath") values ('/media/pi/ZUKE/MUSIC/CDs/CD 54/07 - Portonol - Brazilian Funk.mp3');
insert into streams ("index","codec_name","codec_long_name","codec_type","codec_time_base","codec_tag_string","codec_tag","sample_fmt","sample_rate","channels","channel_layout","bits_per_sample","r_frame_rate","avg_frame_rate","time_base","start_pts","start_time","duration_ts","duration","bit_rate","filepath") values ('0','mp3','MP3 (MPEG audio layer 3)','audio','1/44100','[0][0][0][0]','0x0000','fltp','44100','2','stereo','0','0/0','0/0','1/14112000','0','0','3072245760','217.704490','171972','/media/pi/ZUKE/MUSIC/CDs/CD 54/08 - Hey Alicia - Cumbia Hop.mp3');
insert into format ("filename","nb_streams","nb_programs","format_name","format_long_name","start_time","duration","size","bit_rate","probe_score","filepath") values ('/media/pi/ZUKE/MUSIC/CDs/CD 54/08 - Hey Alicia - Cumbia Hop.mp3','1','0','mp3','MP2/3 (MPEG audio layer 2/3)','0','217.704490','4681856','172044','51','/media/pi/ZUKE/MUSIC/CDs/CD 54/08 - Hey Alicia - Cumbia Hop.mp3');
insert into disposition ("default","dub","original","comment","lyrics","karaoke","forced","hearing_impaired","visual_impaired","clean_effects","attached_pic","timed_thumbnails","filepath") values ('0','0','0','0','0','0','0','0','0','0','0','0','/media/pi/ZUKE/MUSIC/CDs/CD 54/08 - Hey Alicia - Cumbia Hop.mp3');
insert into tags ("album","composer","genre","title","artist","disc","track","filepath") values ('ZIN CD 54','Zumba Fitness','Cumbia Hop','Hey Alicia','Zumba Fitness','1/1','08/09','/media/pi/ZUKE/MUSIC/CDs/CD 54/08 - Hey Alicia - Cumbia Hop.mp3');
insert into mp3s ("filepath") values ('/media/pi/ZUKE/MUSIC/CDs/CD 54/08 - Hey Alicia - Cumbia Hop.mp3');
insert into streams ("index","codec_name","codec_long_name","codec_type","codec_time_base","codec_tag_string","codec_tag","sample_fmt","sample_rate","channels","channel_layout","bits_per_sample","r_frame_rate","avg_frame_rate","time_base","start_pts","start_time","duration_ts","duration","bit_rate","filepath") values ('0','mp3','MP3 (MPEG audio layer 3)','audio','1/44100','[0][0][0][0]','0x0000','fltp','44100','2','stereo','0','0/0','0/0','1/14112000','0','0','3050864640','216.189388','157581','/media/pi/ZUKE/MUSIC/CDs/CD 54/09 - Ta'' Pegao - Latin Dance.mp3');
insert into format ("filename","nb_streams","nb_programs","format_name","format_long_name","start_time","duration","size","bit_rate","probe_score","filepath") values ('/media/pi/ZUKE/MUSIC/CDs/CD 54/09 - Ta'' Pegao - Latin Dance.mp3','1','0','mp3','MP2/3 (MPEG audio layer 2/3)','0','216.189388','4259968','157638','51','/media/pi/ZUKE/MUSIC/CDs/CD 54/09 - Ta'' Pegao - Latin Dance.mp3');
insert into disposition ("default","dub","original","comment","lyrics","karaoke","forced","hearing_impaired","visual_impaired","clean_effects","attached_pic","timed_thumbnails","filepath") values ('0','0','0','0','0','0','0','0','0','0','0','0','/media/pi/ZUKE/MUSIC/CDs/CD 54/09 - Ta'' Pegao - Latin Dance.mp3');
insert into tags ("album","composer","genre","title","artist","disc","track","filepath") values ('ZIN CD 54','Zumba Fitness','Latin','Ta'' Pegao','Zumba Fitness','1/1','09/09','/media/pi/ZUKE/MUSIC/CDs/CD 54/09 - Ta'' Pegao - Latin Dance.mp3');
insert into mp3s ("filepath") values ('/media/pi/ZUKE/MUSIC/CDs/CD 54/09 - Ta'' Pegao - Latin Dance.mp3');
insert into streams ("index","codec_name","codec_long_name","codec_type","codec_time_base","codec_tag_string","codec_tag","sample_fmt","sample_rate","channels","channel_layout","bits_per_sample","r_frame_rate","avg_frame_rate","time_base","start_pts","start_time","duration_ts","duration","bit_rate","filepath") values ('0','mp3','MP3 (MPEG audio layer 3)','audio','1/44100','[0][0][0][0]','0x0000','fltp','44100','2','stereo','0','0/0','0/0','1/14112000','0','0','3520512000','249.469388','173827','/media/pi/ZUKE/MUSIC/CDs/CD 55/01 - Moviendo el Pum - Merengue.mp3');
insert into format ("filename","nb_streams","nb_programs","format_name","format_long_name","start_time","duration","size","bit_rate","probe_score","filepath") values ('/media/pi/ZUKE/MUSIC/CDs/CD 55/01 - Moviendo el Pum - Merengue.mp3','1','0','mp3','MP2/3 (MPEG audio layer 2/3)','0','249.469388','5421184','173846','51','/media/pi/ZUKE/MUSIC/CDs/CD 55/01 - Moviendo el Pum - Merengue.mp3');
insert into disposition ("default","dub","original","comment","lyrics","karaoke","forced","hearing_impaired","visual_impaired","clean_effects","attached_pic","timed_thumbnails","filepath") values ('0','0','0','0','0','0','0','0','0','0','0','0','/media/pi/ZUKE/MUSIC/CDs/CD 55/01 - Moviendo el Pum - Merengue.mp3');
insert into tags ("album","composer","genre","title","artist","disc","track","filepath") values ('ZIN CD 55','Zumba Fitness','Merengue','Moviendo el Pum','Zumba Fitness','1/1','01/09','/media/pi/ZUKE/MUSIC/CDs/CD 55/01 - Moviendo el Pum - Merengue.mp3');
insert into mp3s ("filepath") values ('/media/pi/ZUKE/MUSIC/CDs/CD 55/01 - Moviendo el Pum - Merengue.mp3');
insert into streams ("index","codec_name","codec_long_name","codec_type","codec_time_base","codec_tag_string","codec_tag","sample_fmt","sample_rate","channels","channel_layout","bits_per_sample","r_frame_rate","avg_frame_rate","time_base","start_pts","start_time","duration_ts","duration","bit_rate","filepath") values ('0','mp3','MP3 (MPEG audio layer 3)','audio','1/44100','[0][0][0][0]','0x0000','fltp','44100','2','stereo','0','0/0','0/0','1/14112000','0','0','3544473600','251.167347','182992','/media/pi/ZUKE/MUSIC/CDs/CD 55/02 - Mas Que Tu Amigo - Salsa.mp3');
insert into format ("filename","nb_streams","nb_programs","format_name","format_long_name","start_time","duration","size","bit_rate","probe_score","filepath") values ('/media/pi/ZUKE/MUSIC/CDs/CD 55/02 - Mas Que Tu Amigo - Salsa.mp3','1','0','mp3','MP2/3 (MPEG audio layer 2/3)','0','251.167347','5746816','183043','51','/media/pi/ZUKE/MUSIC/CDs/CD 55/02 - Mas Que Tu Amigo - Salsa.mp3');
insert into disposition ("default","dub","original","comment","lyrics","karaoke","forced","hearing_impaired","visual_impaired","clean_effects","attached_pic","timed_thumbnails","filepath") values ('0','0','0','0','0','0','0','0','0','0','0','0','/media/pi/ZUKE/MUSIC/CDs/CD 55/02 - Mas Que Tu Amigo - Salsa.mp3');
insert into tags ("album","composer","genre","title","artist","disc","track","filepath") values ('ZIN CD 55','Zumba Fitness','Salsa','Mas Que Tu Amigo','Zumba Fitness','1/1','02/09','/media/pi/ZUKE/MUSIC/CDs/CD 55/02 - Mas Que Tu Amigo - Salsa.mp3');
insert into mp3s ("filepath") values ('/media/pi/ZUKE/MUSIC/CDs/CD 55/02 - Mas Que Tu Amigo - Salsa.mp3');
insert into streams ("index","codec_name","codec_long_name","codec_type","codec_time_base","codec_tag_string","codec_tag","sample_fmt","sample_rate","channels","channel_layout","bits_per_sample","r_frame_rate","avg_frame_rate","time_base","start_pts","start_time","duration_ts","duration","bit_rate","filepath") values ('0','mp3','MP3 (MPEG audio layer 3)','audio','1/44100','[0][0][0][0]','0x0000','fltp','44100','2','stereo','0','0/0','0/0','1/14112000','0','0','3013632000','213.551020','161284','/media/pi/ZUKE/MUSIC/CDs/CD 55/03 - La Noche ta'' Buena - Reggaeton.mp3');
insert into format ("filename","nb_streams","nb_programs","format_name","format_long_name","start_time","duration","size","bit_rate","probe_score","filepath") values ('/media/pi/ZUKE/MUSIC/CDs/CD 55/03 - La Noche ta'' Buena - Reggaeton.mp3','1','0','mp3','MP2/3 (MPEG audio layer 2/3)','0','213.551020','4307072','161350','51','/media/pi/ZUKE/MUSIC/CDs/CD 55/03 - La Noche ta'' Buena - Reggaeton.mp3');
insert into disposition ("default","dub","original","comment","lyrics","karaoke","forced","hearing_impaired","visual_impaired","clean_effects","attached_pic","timed_thumbnails","filepath") values ('0','0','0','0','0','0','0','0','0','0','0','0','/media/pi/ZUKE/MUSIC/CDs/CD 55/03 - La Noche ta'' Buena - Reggaeton.mp3');
insert into tags ("album","composer","genre","title","artist","disc","track","filepath") values ('ZIN CD 55','Zumba Fitness','Reggaeton','La Noche ta'' Buena','Zumba Fitness','1/1','03/09','/media/pi/ZUKE/MUSIC/CDs/CD 55/03 - La Noche ta'' Buena - Reggaeton.mp3');
insert into mp3s ("filepath") values ('/media/pi/ZUKE/MUSIC/CDs/CD 55/03 - La Noche ta'' Buena - Reggaeton.mp3');
insert into streams ("index","codec_name","codec_long_name","codec_type","codec_time_base","codec_tag_string","codec_tag","sample_fmt","sample_rate","channels","channel_layout","bits_per_sample","r_frame_rate","avg_frame_rate","time_base","start_pts","start_time","duration_ts","duration","bit_rate","filepath") values ('0','mp3','MP3 (MPEG audio layer 3)','audio','1/44100','[0][0][0][0]','0x0000','fltp','44100','2','stereo','0','0/0','0/0','1/14112000','0','0','3206799360','227.239184','168247','/media/pi/ZUKE/MUSIC/CDs/CD 55/04 - Pasito a Paso - Cumbia Pop.mp3');
insert into format ("filename","nb_streams","nb_programs","format_name","format_long_name","start_time","duration","size","bit_rate","probe_score","filepath") values ('/media/pi/ZUKE/MUSIC/CDs/CD 55/04 - Pasito a Paso - Cumbia Pop.mp3','1','0','mp3','MP2/3 (MPEG audio layer 2/3)','0','227.239184','4780160','168286','51','/media/pi/ZUKE/MUSIC/CDs/CD 55/04 - Pasito a Paso - Cumbia Pop.mp3');
insert into disposition ("default","dub","original","comment","lyrics","karaoke","forced","hearing_impaired","visual_impaired","clean_effects","attached_pic","timed_thumbnails","filepath") values ('0','0','0','0','0','0','0','0','0','0','0','0','/media/pi/ZUKE/MUSIC/CDs/CD 55/04 - Pasito a Paso - Cumbia Pop.mp3');
insert into tags ("album","composer","genre","title","artist","disc","track","filepath") values ('ZIN CD 55','Zumba Fitness','Cumbia Pop','Pasito a Paso','Zumba Fitness','1/1','04/09','/media/pi/ZUKE/MUSIC/CDs/CD 55/04 - Pasito a Paso - Cumbia Pop.mp3');
insert into mp3s ("filepath") values ('/media/pi/ZUKE/MUSIC/CDs/CD 55/04 - Pasito a Paso - Cumbia Pop.mp3');
insert into streams ("index","codec_name","codec_long_name","codec_type","codec_time_base","codec_tag_string","codec_tag","sample_fmt","sample_rate","channels","channel_layout","bits_per_sample","r_frame_rate","avg_frame_rate","time_base","start_pts","start_time","duration_ts","duration","bit_rate","filepath") values ('0','mp3','MP3 (MPEG audio layer 3)','audio','1/44100','[0][0][0][0]','0x0000','fltp','44100','2','stereo','0','0/0','0/0','1/14112000','0','0','2875760640','203.781224','174885','/media/pi/ZUKE/MUSIC/CDs/CD 55/05 - Nadie Como Tu - Bachata.mp3');
insert into format ("filename","nb_streams","nb_programs","format_name","format_long_name","start_time","duration","size","bit_rate","probe_score","filepath") values ('/media/pi/ZUKE/MUSIC/CDs/CD 55/05 - Nadie Como Tu - Bachata.mp3','1','0','mp3','MP2/3 (MPEG audio layer 2/3)','0','203.781224','4456576','174955','51','/media/pi/ZUKE/MUSIC/CDs/CD 55/05 - Nadie Como Tu - Bachata.mp3');
insert into disposition ("default","dub","original","comment","lyrics","karaoke","forced","hearing_impaired","visual_impaired","clean_effects","attached_pic","timed_thumbnails","filepath") values ('0','0','0','0','0','0','0','0','0','0','0','0','/media/pi/ZUKE/MUSIC/CDs/CD 55/05 - Nadie Como Tu - Bachata.mp3');
insert into tags ("album","composer","genre","title","artist","disc","track","filepath") values ('ZIN CD 55','Zumba Fitness','Bachata','Nadie Como Tu','Zumba Fitness','1/1','05/09','/media/pi/ZUKE/MUSIC/CDs/CD 55/05 - Nadie Como Tu - Bachata.mp3');
insert into mp3s ("filepath") values ('/media/pi/ZUKE/MUSIC/CDs/CD 55/05 - Nadie Como Tu - Bachata.mp3');
insert into streams ("index","codec_name","codec_long_name","codec_type","codec_time_base","codec_tag_string","codec_tag","sample_fmt","sample_rate","channels","channel_layout","bits_per_sample","r_frame_rate","avg_frame_rate","time_base","start_pts","start_time","duration_ts","duration","bit_rate","filepath") values ('0','mp3','MP3 (MPEG audio layer 3)','audio','1/44100','[0][0][0][0]','0x0000','fltp','44100','2','stereo','0','0/0','0/0','1/14112000','0','0','3191685120','226.168163','148199','/media/pi/ZUKE/MUSIC/CDs/CD 55/06 - Ya No te Pido la Luna - Merengue Plancha.mp3');
insert into format ("filename","nb_streams","nb_programs","format_name","format_long_name","start_time","duration","size","bit_rate","probe_score","filepath") values ('/media/pi/ZUKE/MUSIC/CDs/CD 55/06 - Ya No te Pido la Luna - Merengue Plancha.mp3','1','0','mp3','MP2/3 (MPEG audio layer 2/3)','0','226.168163','4190336','148220','51','/media/pi/ZUKE/MUSIC/CDs/CD 55/06 - Ya No te Pido la Luna - Merengue Plancha.mp3');
insert into disposition ("default","dub","original","comment","lyrics","karaoke","forced","hearing_impaired","visual_impaired","clean_effects","attached_pic","timed_thumbnails","filepath") values ('0','0','0','0','0','0','0','0','0','0','0','0','/media/pi/ZUKE/MUSIC/CDs/CD 55/06 - Ya No te Pido la Luna - Merengue Plancha.mp3');
insert into tags ("album","composer","genre","title","artist","disc","track","filepath") values ('ZIN CD 55','Zumba Fitness','Merengue Plancha','Ya No te Pido la Luna','Zumba Fitness','1/1','06/09','/media/pi/ZUKE/MUSIC/CDs/CD 55/06 - Ya No te Pido la Luna - Merengue Plancha.mp3');
insert into mp3s ("filepath") values ('/media/pi/ZUKE/MUSIC/CDs/CD 55/06 - Ya No te Pido la Luna - Merengue Plancha.mp3');
insert into streams ("index","codec_name","codec_long_name","codec_type","codec_time_base","codec_tag_string","codec_tag","sample_fmt","sample_rate","channels","channel_layout","bits_per_sample","r_frame_rate","avg_frame_rate","time_base","start_pts","start_time","duration_ts","duration","bit_rate","filepath") values ('0','mp3','MP3 (MPEG audio layer 3)','audio','1/44100','[0][0][0][0]','0x0000','fltp','44100','2','stereo','0','0/0','0/0','1/14112000','0','0','2444083200','173.191837','164299','/media/pi/ZUKE/MUSIC/CDs/CD 55/07 - Caballero Andaluz - Rumba Flamenca.mp3');
insert into format ("filename","nb_streams","nb_programs","format_name","format_long_name","start_time","duration","size","bit_rate","probe_score","filepath") values ('/media/pi/ZUKE/MUSIC/CDs/CD 55/07 - Caballero Andaluz - Rumba Flamenca.mp3','1','0','mp3','MP2/3 (MPEG audio layer 2/3)','0','173.191837','3557504','164326','51','/media/pi/ZUKE/MUSIC/CDs/CD 55/07 - Caballero Andaluz - Rumba Flamenca.mp3');
insert into disposition ("default","dub","original","comment","lyrics","karaoke","forced","hearing_impaired","visual_impaired","clean_effects","attached_pic","timed_thumbnails","filepath") values ('0','0','0','0','0','0','0','0','0','0','0','0','/media/pi/ZUKE/MUSIC/CDs/CD 55/07 - Caballero Andaluz - Rumba Flamenca.mp3');
insert into tags ("album","composer","genre","title","artist","disc","track","filepath") values ('ZIN CD 55','Zumba Fitness','Rumba Flamenca','Caballero Andaluz','Zumba Fitness','1/1','07/09','/media/pi/ZUKE/MUSIC/CDs/CD 55/07 - Caballero Andaluz - Rumba Flamenca.mp3');
insert into mp3s ("filepath") values ('/media/pi/ZUKE/MUSIC/CDs/CD 55/07 - Caballero Andaluz - Rumba Flamenca.mp3');
insert into streams ("index","codec_name","codec_long_name","codec_type","codec_time_base","codec_tag_string","codec_tag","sample_fmt","sample_rate","channels","channel_layout","bits_per_sample","r_frame_rate","avg_frame_rate","time_base","start_pts","start_time","duration_ts","duration","bit_rate","filepath") values ('0','mp3','MP3 (MPEG audio layer 3)','audio','1/44100','[0][0][0][0]','0x0000','fltp','44100','2','stereo','0','0/0','0/0','1/14112000','0','0','2741944320','194.298776','161305','/media/pi/ZUKE/MUSIC/CDs/CD 55/08 - La Campana - Urban Latino.mp3');
insert into format ("filename","nb_streams","nb_programs","format_name","format_long_name","start_time","duration","size","bit_rate","probe_score","filepath") values ('/media/pi/ZUKE/MUSIC/CDs/CD 55/08 - La Campana - Urban Latino.mp3','1','0','mp3','MP2/3 (MPEG audio layer 2/3)','0','194.298776','3917952','161316','51','/media/pi/ZUKE/MUSIC/CDs/CD 55/08 - La Campana - Urban Latino.mp3');
insert into disposition ("default","dub","original","comment","lyrics","karaoke","forced","hearing_impaired","visual_impaired","clean_effects","attached_pic","timed_thumbnails","filepath") values ('0','0','0','0','0','0','0','0','0','0','0','0','/media/pi/ZUKE/MUSIC/CDs/CD 55/08 - La Campana - Urban Latino.mp3');
insert into tags ("album","composer","genre","title","artist","disc","track","filepath") values ('ZIN CD 55','Zumba Fitness','Urban Latino','La Campana','Zumba Fitness','1/1','08/09','/media/pi/ZUKE/MUSIC/CDs/CD 55/08 - La Campana - Urban Latino.mp3');
insert into mp3s ("filepath") values ('/media/pi/ZUKE/MUSIC/CDs/CD 55/08 - La Campana - Urban Latino.mp3');
insert into streams ("index","codec_name","codec_long_name","codec_type","codec_time_base","codec_tag_string","codec_tag","sample_fmt","sample_rate","channels","channel_layout","bits_per_sample","r_frame_rate","avg_frame_rate","time_base","start_pts","start_time","duration_ts","duration","bit_rate","filepath") values ('0','mp3','MP3 (MPEG audio layer 3)','audio','1/44100','[0][0][0][0]','0x0000','fltp','44100','2','stereo','0','0/0','0/0','1/14112000','0','0','3322552320','235.441633','173686','/media/pi/ZUKE/MUSIC/CDs/CD 55/09 - Fireball - Dance.mp3');
insert into format ("filename","nb_streams","nb_programs","format_name","format_long_name","start_time","duration","size","bit_rate","probe_score","filepath") values ('/media/pi/ZUKE/MUSIC/CDs/CD 55/09 - Fireball - Dance.mp3','1','0','mp3','MP2/3 (MPEG audio layer 2/3)','0','235.441633','5111936','173696','51','/media/pi/ZUKE/MUSIC/CDs/CD 55/09 - Fireball - Dance.mp3');
insert into disposition ("default","dub","original","comment","lyrics","karaoke","forced","hearing_impaired","visual_impaired","clean_effects","attached_pic","timed_thumbnails","filepath") values ('0','0','0','0','0','0','0','0','0','0','0','0','/media/pi/ZUKE/MUSIC/CDs/CD 55/09 - Fireball - Dance.mp3');
insert into tags ("album","composer","genre","title","artist","disc","track","filepath") values ('ZIN CD 55','Zumba Fitness','Dance','Fireball','Zumba Fitness','1/1','09/09','/media/pi/ZUKE/MUSIC/CDs/CD 55/09 - Fireball - Dance.mp3');
insert into mp3s ("filepath") values ('/media/pi/ZUKE/MUSIC/CDs/CD 55/09 - Fireball - Dance.mp3');
insert into streams ("index","codec_name","codec_long_name","codec_type","codec_time_base","codec_tag_string","codec_tag","sample_fmt","sample_rate","channels","channel_layout","bits_per_sample","r_frame_rate","avg_frame_rate","time_base","start_pts","start_time","duration_ts","duration","bit_rate","filepath") values ('0','mp3','MP3 (MPEG audio layer 3)','audio','1/44100','[0][0][0][0]','0x0000','fltp','44100','2','stereo','0','0/0','0/0','1/14112000','0','0','3885096960','275.304490','169602','/media/pi/ZUKE/MUSIC/CDs/CD 56/01 - 24 Hours - Warm-up.mp3');
insert into format ("filename","nb_streams","nb_programs","format_name","format_long_name","start_time","duration","size","bit_rate","probe_score","filepath") values ('/media/pi/ZUKE/MUSIC/CDs/CD 56/01 - 24 Hours - Warm-up.mp3','1','0','mp3','MP2/3 (MPEG audio layer 2/3)','0','275.304490','5836928','169613','51','/media/pi/ZUKE/MUSIC/CDs/CD 56/01 - 24 Hours - Warm-up.mp3');
insert into disposition ("default","dub","original","comment","lyrics","karaoke","forced","hearing_impaired","visual_impaired","clean_effects","attached_pic","timed_thumbnails","filepath") values ('0','0','0','0','0','0','0','0','0','0','0','0','/media/pi/ZUKE/MUSIC/CDs/CD 56/01 - 24 Hours - Warm-up.mp3');
insert into tags ("album","composer","genre","title","artist","disc","track","filepath") values ('ZIN CD 56','Zumba Fitness','Warm-up','24 Hours','Zumba Fitness','1/1','01/14','/media/pi/ZUKE/MUSIC/CDs/CD 56/01 - 24 Hours - Warm-up.mp3');
insert into mp3s ("filepath") values ('/media/pi/ZUKE/MUSIC/CDs/CD 56/01 - 24 Hours - Warm-up.mp3');
insert into streams ("index","codec_name","codec_long_name","codec_type","codec_time_base","codec_tag_string","codec_tag","sample_fmt","sample_rate","channels","channel_layout","bits_per_sample","r_frame_rate","avg_frame_rate","time_base","start_pts","start_time","duration_ts","duration","bit_rate","filepath") values ('0','mp3','MP3 (MPEG audio layer 3)','audio','1/44100','[0][0][0][0]','0x0000','fltp','44100','2','stereo','0','0/0','0/0','1/14112000','0','0','3817267200','270.497959','158168','/media/pi/ZUKE/MUSIC/CDs/CD 56/02 - Pump Up The Jam - Warm-up.mp3');
insert into format ("filename","nb_streams","nb_programs","format_name","format_long_name","start_time","duration","size","bit_rate","probe_score","filepath") values ('/media/pi/ZUKE/MUSIC/CDs/CD 56/02 - Pump Up The Jam - Warm-up.mp3','1','0','mp3','MP2/3 (MPEG audio layer 2/3)','0','270.497959','5349504','158212','51','/media/pi/ZUKE/MUSIC/CDs/CD 56/02 - Pump Up The Jam - Warm-up.mp3');
insert into disposition ("default","dub","original","comment","lyrics","karaoke","forced","hearing_impaired","visual_impaired","clean_effects","attached_pic","timed_thumbnails","filepath") values ('0','0','0','0','0','0','0','0','0','0','0','0','/media/pi/ZUKE/MUSIC/CDs/CD 56/02 - Pump Up The Jam - Warm-up.mp3');
insert into tags ("album","composer","genre","title","artist","disc","track","filepath") values ('ZIN CD 56','Zumba Fitness','Warm-up','Pump Up The Jam','Zumba Fitness','1/1','02/14','/media/pi/ZUKE/MUSIC/CDs/CD 56/02 - Pump Up The Jam - Warm-up.mp3');
insert into mp3s ("filepath") values ('/media/pi/ZUKE/MUSIC/CDs/CD 56/02 - Pump Up The Jam - Warm-up.mp3');
insert into streams ("index","codec_name","codec_long_name","codec_type","codec_time_base","codec_tag_string","codec_tag","sample_fmt","sample_rate","channels","channel_layout","bits_per_sample","r_frame_rate","avg_frame_rate","time_base","start_pts","start_time","duration_ts","duration","bit_rate","filepath") values ('0','mp3','MP3 (MPEG audio layer 3)','audio','1/44100','[0][0][0][0]','0x0000','fltp','44100','2','stereo','0','0/0','0/0','1/14112000','0','0','3548897280','251.480816','170749','/media/pi/ZUKE/MUSIC/CDs/CD 56/03 - 24 Hours - Warm-up.mp3');
insert into format ("filename","nb_streams","nb_programs","format_name","format_long_name","start_time","duration","size","bit_rate","probe_score","filepath") values ('/media/pi/ZUKE/MUSIC/CDs/CD 56/03 - 24 Hours - Warm-up.mp3','1','0','mp3','MP2/3 (MPEG audio layer 2/3)','0','251.480816','5367936','170762','51','/media/pi/ZUKE/MUSIC/CDs/CD 56/03 - 24 Hours - Warm-up.mp3');
insert into disposition ("default","dub","original","comment","lyrics","karaoke","forced","hearing_impaired","visual_impaired","clean_effects","attached_pic","timed_thumbnails","filepath") values ('0','0','0','0','0','0','0','0','0','0','0','0','/media/pi/ZUKE/MUSIC/CDs/CD 56/03 - 24 Hours - Warm-up.mp3');
insert into tags ("album","composer","genre","title","artist","disc","track","filepath") values ('ZIN CD 56','Zumba Fitness','Warm-up','24 Hours','Zumba Fitness','1/1','03/14','/media/pi/ZUKE/MUSIC/CDs/CD 56/03 - 24 Hours - Warm-up.mp3');
insert into mp3s ("filepath") values ('/media/pi/ZUKE/MUSIC/CDs/CD 56/03 - 24 Hours - Warm-up.mp3');
insert into streams ("index","codec_name","codec_long_name","codec_type","codec_time_base","codec_tag_string","codec_tag","sample_fmt","sample_rate","channels","channel_layout","bits_per_sample","r_frame_rate","avg_frame_rate","time_base","start_pts","start_time","duration_ts","duration","bit_rate","filepath") values ('0','mp3','MP3 (MPEG audio layer 3)','audio','1/44100','[0][0][0][0]','0x0000','fltp','44100','2','stereo','0','0/0','0/0','1/14112000','0','0','3537838080','250.697143','161845','/media/pi/ZUKE/MUSIC/CDs/CD 56/04 - Vive y Baila - Merengue Urbano.mp3');
insert into format ("filename","nb_streams","nb_programs","format_name","format_long_name","start_time","duration","size","bit_rate","probe_score","filepath") values ('/media/pi/ZUKE/MUSIC/CDs/CD 56/04 - Vive y Baila - Merengue Urbano.mp3','1','0','mp3','MP2/3 (MPEG audio layer 2/3)','0','250.697143','5073024','161885','51','/media/pi/ZUKE/MUSIC/CDs/CD 56/04 - Vive y Baila - Merengue Urbano.mp3');
insert into disposition ("default","dub","original","comment","lyrics","karaoke","forced","hearing_impaired","visual_impaired","clean_effects","attached_pic","timed_thumbnails","filepath") values ('0','0','0','0','0','0','0','0','0','0','0','0','/media/pi/ZUKE/MUSIC/CDs/CD 56/04 - Vive y Baila - Merengue Urbano.mp3');
insert into tags ("album","composer","genre","title","artist","disc","track","filepath") values ('ZIN CD 56','Zumba Fitness','Merengue Urbano','Vive y Baila','Zumba Fitness','1/1','04/14','/media/pi/ZUKE/MUSIC/CDs/CD 56/04 - Vive y Baila - Merengue Urbano.mp3');
insert into mp3s ("filepath") values ('/media/pi/ZUKE/MUSIC/CDs/CD 56/04 - Vive y Baila - Merengue Urbano.mp3');
insert into streams ("index","codec_name","codec_long_name","codec_type","codec_time_base","codec_tag_string","codec_tag","sample_fmt","sample_rate","channels","channel_layout","bits_per_sample","r_frame_rate","avg_frame_rate","time_base","start_pts","start_time","duration_ts","duration","bit_rate","filepath") values ('0','mp3','MP3 (MPEG audio layer 3)','audio','1/44100','[0][0][0][0]','0x0000','fltp','44100','2','stereo','0','0/0','0/0','1/14112000','0','0','3489177600','247.248980','158028','/media/pi/ZUKE/MUSIC/CDs/CD 56/05 - Atrevete - Salsa.mp3');
insert into format ("filename","nb_streams","nb_programs","format_name","format_long_name","start_time","duration","size","bit_rate","probe_score","filepath") values ('/media/pi/ZUKE/MUSIC/CDs/CD 56/05 - Atrevete - Salsa.mp3','1','0','mp3','MP2/3 (MPEG audio layer 2/3)','0','247.248980','4884608','158046','51','/media/pi/ZUKE/MUSIC/CDs/CD 56/05 - Atrevete - Salsa.mp3');
insert into disposition ("default","dub","original","comment","lyrics","karaoke","forced","hearing_impaired","visual_impaired","clean_effects","attached_pic","timed_thumbnails","filepath") values ('0','0','0','0','0','0','0','0','0','0','0','0','/media/pi/ZUKE/MUSIC/CDs/CD 56/05 - Atrevete - Salsa.mp3');
insert into tags ("album","composer","genre","title","artist","disc","track","filepath") values ('ZIN CD 56','Zumba Fitness','Salsa','Atrevete','Zumba Fitness','1/1','05/14','/media/pi/ZUKE/MUSIC/CDs/CD 56/05 - Atrevete - Salsa.mp3');
insert into mp3s ("filepath") values ('/media/pi/ZUKE/MUSIC/CDs/CD 56/05 - Atrevete - Salsa.mp3');
insert into streams ("index","codec_name","codec_long_name","codec_type","codec_time_base","codec_tag_string","codec_tag","sample_fmt","sample_rate","channels","channel_layout","bits_per_sample","r_frame_rate","avg_frame_rate","time_base","start_pts","start_time","duration_ts","duration","bit_rate","filepath") values ('0','mp3','MP3 (MPEG audio layer 3)','audio','1/44100','[0][0][0][0]','0x0000','fltp','44100','2','stereo','0','0/0','0/0','1/14112000','0','0','3013632000','213.551020','165587','/media/pi/ZUKE/MUSIC/CDs/CD 56/06 - Mega-zin - Bachata Dubstep.mp3');
insert into format ("filename","nb_streams","nb_programs","format_name","format_long_name","start_time","duration","size","bit_rate","probe_score","filepath") values ('/media/pi/ZUKE/MUSIC/CDs/CD 56/06 - Mega-zin - Bachata Dubstep.mp3','1','0','mp3','MP2/3 (MPEG audio layer 2/3)','0','213.551020','4421760','165646','51','/media/pi/ZUKE/MUSIC/CDs/CD 56/06 - Mega-zin - Bachata Dubstep.mp3');
insert into disposition ("default","dub","original","comment","lyrics","karaoke","forced","hearing_impaired","visual_impaired","clean_effects","attached_pic","timed_thumbnails","filepath") values ('0','0','0','0','0','0','0','0','0','0','0','0','/media/pi/ZUKE/MUSIC/CDs/CD 56/06 - Mega-zin - Bachata Dubstep.mp3');
insert into tags ("album","composer","genre","title","artist","disc","track","filepath") values ('ZIN CD 56','Zumba Fitness','Bachata Dubstep','Mega-zin','Zumba Fitness','1/1','06/14','/media/pi/ZUKE/MUSIC/CDs/CD 56/06 - Mega-zin - Bachata Dubstep.mp3');
insert into mp3s ("filepath") values ('/media/pi/ZUKE/MUSIC/CDs/CD 56/06 - Mega-zin - Bachata Dubstep.mp3');
insert into streams ("index","codec_name","codec_long_name","codec_type","codec_time_base","codec_tag_string","codec_tag","sample_fmt","sample_rate","channels","channel_layout","bits_per_sample","r_frame_rate","avg_frame_rate","time_base","start_pts","start_time","duration_ts","duration","bit_rate","filepath") values ('0','mp3','MP3 (MPEG audio layer 3)','audio','1/44100','[0][0][0][0]','0x0000','fltp','44100','2','stereo','0','0/0','0/0','1/14112000','0','0','2797240320','198.217143','170095','/media/pi/ZUKE/MUSIC/CDs/CD 56/07 - Get Up - Funky House.mp3');
insert into format ("filename","nb_streams","nb_programs","format_name","format_long_name","start_time","duration","size","bit_rate","probe_score","filepath") values ('/media/pi/ZUKE/MUSIC/CDs/CD 56/07 - Get Up - Funky House.mp3','1','0','mp3','MP2/3 (MPEG audio layer 2/3)','0','198.217143','4214912','170112','51','/media/pi/ZUKE/MUSIC/CDs/CD 56/07 - Get Up - Funky House.mp3');
insert into disposition ("default","dub","original","comment","lyrics","karaoke","forced","hearing_impaired","visual_impaired","clean_effects","attached_pic","timed_thumbnails","filepath") values ('0','0','0','0','0','0','0','0','0','0','0','0','/media/pi/ZUKE/MUSIC/CDs/CD 56/07 - Get Up - Funky House.mp3');
insert into tags ("album","composer","genre","title","artist","disc","track","filepath") values ('ZIN CD 56','Zumba Fitness','Funky House','Get Up','Zumba Fitness','1/1','07/14','/media/pi/ZUKE/MUSIC/CDs/CD 56/07 - Get Up - Funky House.mp3');
insert into mp3s ("filepath") values ('/media/pi/ZUKE/MUSIC/CDs/CD 56/07 - Get Up - Funky House.mp3');
insert into streams ("index","codec_name","codec_long_name","codec_type","codec_time_base","codec_tag_string","codec_tag","sample_fmt","sample_rate","channels","channel_layout","bits_per_sample","r_frame_rate","avg_frame_rate","time_base","start_pts","start_time","duration_ts","duration","bit_rate","filepath") values ('0','mp3','MP3 (MPEG audio layer 3)','audio','1/44100','[0][0][0][0]','0x0000','fltp','44100','2','stereo','0','0/0','0/0','1/14112000','0','0','2888294400','204.669388','162002','/media/pi/ZUKE/MUSIC/CDs/CD 56/08 - Slide - Soca.mp3');
insert into format ("filename","nb_streams","nb_programs","format_name","format_long_name","start_time","duration","size","bit_rate","probe_score","filepath") values ('/media/pi/ZUKE/MUSIC/CDs/CD 56/08 - Slide - Soca.mp3','1','0','mp3','MP2/3 (MPEG audio layer 2/3)','0','204.669388','4145280','162028','51','/media/pi/ZUKE/MUSIC/CDs/CD 56/08 - Slide - Soca.mp3');
insert into disposition ("default","dub","original","comment","lyrics","karaoke","forced","hearing_impaired","visual_impaired","clean_effects","attached_pic","timed_thumbnails","filepath") values ('0','0','0','0','0','0','0','0','0','0','0','0','/media/pi/ZUKE/MUSIC/CDs/CD 56/08 - Slide - Soca.mp3');
insert into tags ("album","composer","genre","title","artist","disc","track","filepath") values ('ZIN CD 56','Zumba Fitness','Soca','Slide','Zumba Fitness','1/1','08/14','/media/pi/ZUKE/MUSIC/CDs/CD 56/08 - Slide - Soca.mp3');
insert into mp3s ("filepath") values ('/media/pi/ZUKE/MUSIC/CDs/CD 56/08 - Slide - Soca.mp3');
insert into streams ("index","codec_name","codec_long_name","codec_type","codec_time_base","codec_tag_string","codec_tag","sample_fmt","sample_rate","channels","channel_layout","bits_per_sample","r_frame_rate","avg_frame_rate","time_base","start_pts","start_time","duration_ts","duration","bit_rate","filepath") values ('0','mp3','MP3 (MPEG audio layer 3)','audio','1/44100','[0][0][0][0]','0x0000','fltp','44100','2','stereo','0','0/0','0/0','1/14112000','0','0','3263938560','231.288163','168853','/media/pi/ZUKE/MUSIC/CDs/CD 56/09 - Maria Elisa - Salsa Choke - Reggaeton.mp3');
insert into format ("filename","nb_streams","nb_programs","format_name","format_long_name","start_time","duration","size","bit_rate","probe_score","filepath") values ('/media/pi/ZUKE/MUSIC/CDs/CD 56/09 - Maria Elisa - Salsa Choke - Reggaeton.mp3','1','0','mp3','MP2/3 (MPEG audio layer 2/3)','0','231.288163','4882560','168882','51','/media/pi/ZUKE/MUSIC/CDs/CD 56/09 - Maria Elisa - Salsa Choke - Reggaeton.mp3');
insert into disposition ("default","dub","original","comment","lyrics","karaoke","forced","hearing_impaired","visual_impaired","clean_effects","attached_pic","timed_thumbnails","filepath") values ('0','0','0','0','0','0','0','0','0','0','0','0','/media/pi/ZUKE/MUSIC/CDs/CD 56/09 - Maria Elisa - Salsa Choke - Reggaeton.mp3');
insert into tags ("album","composer","genre","title","artist","disc","track","filepath") values ('ZIN CD 56','Zumba Fitness','Salsa Choke,Reggaeton','Maria Elisa','Zumba Fitness','1/1','09/14','/media/pi/ZUKE/MUSIC/CDs/CD 56/09 - Maria Elisa - Salsa Choke - Reggaeton.mp3');
insert into mp3s ("filepath") values ('/media/pi/ZUKE/MUSIC/CDs/CD 56/09 - Maria Elisa - Salsa Choke - Reggaeton.mp3');
insert into streams ("index","codec_name","codec_long_name","codec_type","codec_time_base","codec_tag_string","codec_tag","sample_fmt","sample_rate","channels","channel_layout","bits_per_sample","r_frame_rate","avg_frame_rate","time_base","start_pts","start_time","duration_ts","duration","bit_rate","filepath") values ('0','mp3','MP3 (MPEG audio layer 3)','audio','1/44100','[0][0][0][0]','0x0000','fltp','44100','2','stereo','0','0/0','0/0','1/14112000','0','0','2985615360','211.565714','166130','/media/pi/ZUKE/MUSIC/CDs/CD 56/10 - Popee - Electronica Dance.mp3');
insert into format ("filename","nb_streams","nb_programs","format_name","format_long_name","start_time","duration","size","bit_rate","probe_score","filepath") values ('/media/pi/ZUKE/MUSIC/CDs/CD 56/10 - Popee - Electronica Dance.mp3','1','0','mp3','MP2/3 (MPEG audio layer 2/3)','0','211.565714','4395136','166194','51','/media/pi/ZUKE/MUSIC/CDs/CD 56/10 - Popee - Electronica Dance.mp3');
insert into disposition ("default","dub","original","comment","lyrics","karaoke","forced","hearing_impaired","visual_impaired","clean_effects","attached_pic","timed_thumbnails","filepath") values ('0','0','0','0','0','0','0','0','0','0','0','0','/media/pi/ZUKE/MUSIC/CDs/CD 56/10 - Popee - Electronica Dance.mp3');
insert into tags ("album","composer","genre","title","artist","disc","track","filepath") values ('ZIN CD 56','Zumba Fitness','Electronica','Popee','Zumba Fitness','1/1','10/14','/media/pi/ZUKE/MUSIC/CDs/CD 56/10 - Popee - Electronica Dance.mp3');
insert into mp3s ("filepath") values ('/media/pi/ZUKE/MUSIC/CDs/CD 56/10 - Popee - Electronica Dance.mp3');
insert into streams ("index","codec_name","codec_long_name","codec_type","codec_time_base","codec_tag_string","codec_tag","sample_fmt","sample_rate","channels","channel_layout","bits_per_sample","r_frame_rate","avg_frame_rate","time_base","start_pts","start_time","duration_ts","duration","bit_rate","filepath") values ('0','mp3','MP3 (MPEG audio layer 3)','audio','1/44100','[0][0][0][0]','0x0000','fltp','44100','2','stereo','0','0/0','0/0','1/14112000','0','0','2996305920','212.323265','156079','/media/pi/ZUKE/MUSIC/CDs/CD 56/11 - Traketeo - Cumbia.mp3');
insert into format ("filename","nb_streams","nb_programs","format_name","format_long_name","start_time","duration","size","bit_rate","probe_score","filepath") values ('/media/pi/ZUKE/MUSIC/CDs/CD 56/11 - Traketeo - Cumbia.mp3','1','0','mp3','MP2/3 (MPEG audio layer 2/3)','0','212.323265','4143232','156110','51','/media/pi/ZUKE/MUSIC/CDs/CD 56/11 - Traketeo - Cumbia.mp3');
insert into disposition ("default","dub","original","comment","lyrics","karaoke","forced","hearing_impaired","visual_impaired","clean_effects","attached_pic","timed_thumbnails","filepath") values ('0','0','0','0','0','0','0','0','0','0','0','0','/media/pi/ZUKE/MUSIC/CDs/CD 56/11 - Traketeo - Cumbia.mp3');
insert into tags ("album","composer","genre","title","artist","disc","track","filepath") values ('ZIN CD 56','Zumba Fitness','Cumbia','Traketeo','Zumba Fitness','1/1','11/14','/media/pi/ZUKE/MUSIC/CDs/CD 56/11 - Traketeo - Cumbia.mp3');
insert into mp3s ("filepath") values ('/media/pi/ZUKE/MUSIC/CDs/CD 56/11 - Traketeo - Cumbia.mp3');
insert into streams ("index","codec_name","codec_long_name","codec_type","codec_time_base","codec_tag_string","codec_tag","sample_fmt","sample_rate","channels","channel_layout","bits_per_sample","r_frame_rate","avg_frame_rate","time_base","start_pts","start_time","duration_ts","duration","bit_rate","filepath") values ('0','mp3','MP3 (MPEG audio layer 3)','audio','1/44100','[0][0][0][0]','0x0000','fltp','44100','2','stereo','0','0/0','0/0','1/14112000','0','0','2517073920','178.364082','150962','/media/pi/ZUKE/MUSIC/CDs/CD 56/12 - My CheCK - Dembow.mp3');
insert into format ("filename","nb_streams","nb_programs","format_name","format_long_name","start_time","duration","size","bit_rate","probe_score","filepath") values ('/media/pi/ZUKE/MUSIC/CDs/CD 56/12 - My CheCK - Dembow.mp3','1','0','mp3','MP2/3 (MPEG audio layer 2/3)','0','178.364082','3367040','151018','51','/media/pi/ZUKE/MUSIC/CDs/CD 56/12 - My CheCK - Dembow.mp3');
insert into disposition ("default","dub","original","comment","lyrics","karaoke","forced","hearing_impaired","visual_impaired","clean_effects","attached_pic","timed_thumbnails","filepath") values ('0','0','0','0','0','0','0','0','0','0','0','0','/media/pi/ZUKE/MUSIC/CDs/CD 56/12 - My CheCK - Dembow.mp3');
insert into tags ("album","composer","genre","title","artist","disc","track","filepath") values ('ZIN CD 56','Zumba Fitness','Dembow','My CheCK','Zumba Fitness','1/1','12/14','/media/pi/ZUKE/MUSIC/CDs/CD 56/12 - My CheCK - Dembow.mp3');
insert into mp3s ("filepath") values ('/media/pi/ZUKE/MUSIC/CDs/CD 56/12 - My CheCK - Dembow.mp3');
insert into streams ("index","codec_name","codec_long_name","codec_type","codec_time_base","codec_tag_string","codec_tag","sample_fmt","sample_rate","channels","channel_layout","bits_per_sample","r_frame_rate","avg_frame_rate","time_base","start_pts","start_time","duration_ts","duration","bit_rate","filepath") values ('0','mp3','MP3 (MPEG audio layer 3)','audio','1/44100','[0][0][0][0]','0x0000','fltp','44100','2','stereo','0','0/0','0/0','1/14112000','0','0','3128647680','221.701224','151919','/media/pi/ZUKE/MUSIC/CDs/CD 56/13 - Hustler - Cooldown.mp3');
insert into format ("filename","nb_streams","nb_programs","format_name","format_long_name","start_time","duration","size","bit_rate","probe_score","filepath") values ('/media/pi/ZUKE/MUSIC/CDs/CD 56/13 - Hustler - Cooldown.mp3','1','0','mp3','MP2/3 (MPEG audio layer 2/3)','0','221.701224','4210816','151945','51','/media/pi/ZUKE/MUSIC/CDs/CD 56/13 - Hustler - Cooldown.mp3');
insert into disposition ("default","dub","original","comment","lyrics","karaoke","forced","hearing_impaired","visual_impaired","clean_effects","attached_pic","timed_thumbnails","filepath") values ('0','0','0','0','0','0','0','0','0','0','0','0','/media/pi/ZUKE/MUSIC/CDs/CD 56/13 - Hustler - Cooldown.mp3');
insert into tags ("album","composer","genre","title","artist","disc","track","filepath") values ('ZIN CD 56','Zumba Fitness','Cooldown','Hustler','Zumba Fitness','1/1','13/14','/media/pi/ZUKE/MUSIC/CDs/CD 56/13 - Hustler - Cooldown.mp3');
insert into mp3s ("filepath") values ('/media/pi/ZUKE/MUSIC/CDs/CD 56/13 - Hustler - Cooldown.mp3');
insert into streams ("index","codec_name","codec_long_name","codec_type","codec_time_base","codec_tag_string","codec_tag","sample_fmt","sample_rate","channels","channel_layout","bits_per_sample","r_frame_rate","avg_frame_rate","time_base","start_pts","start_time","duration_ts","duration","bit_rate","filepath") values ('0','mp3','MP3 (MPEG audio layer 3)','audio','1/44100','[0][0][0][0]','0x0000','fltp','44100','2','stereo','0','0/0','0/0','1/14112000','0','0','8184913920','579.996735','155585','/media/pi/ZUKE/MUSIC/CDs/CD 56/14 - Popee - Vive y Baila - Slide - DJ Mix.mp3');
insert into format ("filename","nb_streams","nb_programs","format_name","format_long_name","start_time","duration","size","bit_rate","probe_score","filepath") values ('/media/pi/ZUKE/MUSIC/CDs/CD 56/14 - Popee - Vive y Baila - Slide - DJ Mix.mp3','1','0','mp3','MP2/3 (MPEG audio layer 2/3)','0','579.996735','11280512','155594','51','/media/pi/ZUKE/MUSIC/CDs/CD 56/14 - Popee - Vive y Baila - Slide - DJ Mix.mp3');
insert into disposition ("default","dub","original","comment","lyrics","karaoke","forced","hearing_impaired","visual_impaired","clean_effects","attached_pic","timed_thumbnails","filepath") values ('0','0','0','0','0','0','0','0','0','0','0','0','/media/pi/ZUKE/MUSIC/CDs/CD 56/14 - Popee - Vive y Baila - Slide - DJ Mix.mp3');
insert into tags ("album","composer","genre","title","artist","disc","track","filepath") values ('ZIN CD 56','Zumba Fitness','DJ Mix','Popee - Vive y Baila - Slide','Zumba Fitness','1/1','14/14','/media/pi/ZUKE/MUSIC/CDs/CD 56/14 - Popee - Vive y Baila - Slide - DJ Mix.mp3');
insert into mp3s ("filepath") values ('/media/pi/ZUKE/MUSIC/CDs/CD 56/14 - Popee - Vive y Baila - Slide - DJ Mix.mp3');
insert into streams ("index","codec_name","codec_long_name","codec_type","codec_time_base","codec_tag_string","codec_tag","sample_fmt","sample_rate","channels","channel_layout","bits_per_sample","r_frame_rate","avg_frame_rate","time_base","start_pts","start_time","duration_ts","duration","bit_rate","filepath") values ('0','mp3','MP3 (MPEG audio layer 3)','audio','1/44100','[0][0][0][0]','0x0000','fltp','44100','2','stereo','0','0/0','0/0','1/14112000','0','0','3053076480','216.346122','167292','/media/pi/ZUKE/MUSIC/CDs/CD 57/01 - Here I Come - Warm-up.mp3');
insert into format ("filename","nb_streams","nb_programs","format_name","format_long_name","start_time","duration","size","bit_rate","probe_score","filepath") values ('/media/pi/ZUKE/MUSIC/CDs/CD 57/01 - Here I Come - Warm-up.mp3','1','0','mp3','MP2/3 (MPEG audio layer 2/3)','0','216.346122','4526208','167369','51','/media/pi/ZUKE/MUSIC/CDs/CD 57/01 - Here I Come - Warm-up.mp3');
insert into disposition ("default","dub","original","comment","lyrics","karaoke","forced","hearing_impaired","visual_impaired","clean_effects","attached_pic","timed_thumbnails","filepath") values ('0','0','0','0','0','0','0','0','0','0','0','0','/media/pi/ZUKE/MUSIC/CDs/CD 57/01 - Here I Come - Warm-up.mp3');
insert into tags ("album","composer","genre","title","artist","disc","track","filepath") values ('ZIN CD 57','Zumba Fitness','Warm-up','Here I Come','Zumba Fitness','1/1','01/14','/media/pi/ZUKE/MUSIC/CDs/CD 57/01 - Here I Come - Warm-up.mp3');
insert into mp3s ("filepath") values ('/media/pi/ZUKE/MUSIC/CDs/CD 57/01 - Here I Come - Warm-up.mp3');
insert into streams ("index","codec_name","codec_long_name","codec_type","codec_time_base","codec_tag_string","codec_tag","sample_fmt","sample_rate","channels","channel_layout","bits_per_sample","r_frame_rate","avg_frame_rate","time_base","start_pts","start_time","duration_ts","duration","bit_rate","filepath") values ('0','mp3','MP3 (MPEG audio layer 3)','audio','1/44100','[0][0][0][0]','0x0000','fltp','44100','2','stereo','0','0/0','0/0','1/14112000','0','0','2506383360','177.606531','150595','/media/pi/ZUKE/MUSIC/CDs/CD 57/02 - Mambo - Warm-up.mp3');
insert into format ("filename","nb_streams","nb_programs","format_name","format_long_name","start_time","duration","size","bit_rate","probe_score","filepath") values ('/media/pi/ZUKE/MUSIC/CDs/CD 57/02 - Mambo - Warm-up.mp3','1','0','mp3','MP2/3 (MPEG audio layer 2/3)','0','177.606531','3344512','150648','51','/media/pi/ZUKE/MUSIC/CDs/CD 57/02 - Mambo - Warm-up.mp3');
insert into disposition ("default","dub","original","comment","lyrics","karaoke","forced","hearing_impaired","visual_impaired","clean_effects","attached_pic","timed_thumbnails","filepath") values ('0','0','0','0','0','0','0','0','0','0','0','0','/media/pi/ZUKE/MUSIC/CDs/CD 57/02 - Mambo - Warm-up.mp3');
insert into tags ("album","composer","genre","title","artist","disc","track","filepath") values ('ZIN CD 57','Zumba Fitness','Warm-up','Mambo','Zumba Fitness','1/1','02/14','/media/pi/ZUKE/MUSIC/CDs/CD 57/02 - Mambo - Warm-up.mp3');
insert into mp3s ("filepath") values ('/media/pi/ZUKE/MUSIC/CDs/CD 57/02 - Mambo - Warm-up.mp3');
insert into streams ("index","codec_name","codec_long_name","codec_type","codec_time_base","codec_tag_string","codec_tag","sample_fmt","sample_rate","channels","channel_layout","bits_per_sample","r_frame_rate","avg_frame_rate","time_base","start_pts","start_time","duration_ts","duration","bit_rate","filepath") values ('0','mp3','MP3 (MPEG audio layer 3)','audio','1/44100','[0][0][0][0]','0x0000','fltp','44100','2','stereo','0','0/0','0/0','1/14112000','0','0','2918522880','206.811429','154387','/media/pi/ZUKE/MUSIC/CDs/CD 57/03 - We Rock ''U - Warm-up.mp3');
insert into format ("filename","nb_streams","nb_programs","format_name","format_long_name","start_time","duration","size","bit_rate","probe_score","filepath") values ('/media/pi/ZUKE/MUSIC/CDs/CD 57/03 - We Rock ''U - Warm-up.mp3','1','0','mp3','MP2/3 (MPEG audio layer 2/3)','0','206.811429','3991680','154408','51','/media/pi/ZUKE/MUSIC/CDs/CD 57/03 - We Rock ''U - Warm-up.mp3');
insert into disposition ("default","dub","original","comment","lyrics","karaoke","forced","hearing_impaired","visual_impaired","clean_effects","attached_pic","timed_thumbnails","filepath") values ('0','0','0','0','0','0','0','0','0','0','0','0','/media/pi/ZUKE/MUSIC/CDs/CD 57/03 - We Rock ''U - Warm-up.mp3');
insert into tags ("album","composer","genre","title","artist","disc","track","filepath") values ('ZIN CD 57','Zumba Fitness','Warm-up','We Rock ''U','Zumba Fitness','1/1','03/14','/media/pi/ZUKE/MUSIC/CDs/CD 57/03 - We Rock ''U - Warm-up.mp3');
insert into mp3s ("filepath") values ('/media/pi/ZUKE/MUSIC/CDs/CD 57/03 - We Rock ''U - Warm-up.mp3');
insert into streams ("index","codec_name","codec_long_name","codec_type","codec_time_base","codec_tag_string","codec_tag","sample_fmt","sample_rate","channels","channel_layout","bits_per_sample","r_frame_rate","avg_frame_rate","time_base","start_pts","start_time","duration_ts","duration","bit_rate","filepath") values ('0','mp3','MP3 (MPEG audio layer 3)','audio','1/44100','[0][0][0][0]','0x0000','fltp','44100','2','stereo','0','0/0','0/0','1/14112000','0','0','3147448320','223.033469','145924','/media/pi/ZUKE/MUSIC/CDs/CD 57/04 - Merengue Choke - Merengue.mp3');
insert into format ("filename","nb_streams","nb_programs","format_name","format_long_name","start_time","duration","size","bit_rate","probe_score","filepath") values ('/media/pi/ZUKE/MUSIC/CDs/CD 57/04 - Merengue Choke - Merengue.mp3','1','0','mp3','MP2/3 (MPEG audio layer 2/3)','0','223.033469','4069504','145969','51','/media/pi/ZUKE/MUSIC/CDs/CD 57/04 - Merengue Choke - Merengue.mp3');
insert into disposition ("default","dub","original","comment","lyrics","karaoke","forced","hearing_impaired","visual_impaired","clean_effects","attached_pic","timed_thumbnails","filepath") values ('0','0','0','0','0','0','0','0','0','0','0','0','/media/pi/ZUKE/MUSIC/CDs/CD 57/04 - Merengue Choke - Merengue.mp3');
insert into tags ("album","composer","genre","title","artist","disc","track","filepath") values ('ZIN CD 57','Zumba Fitness','Merengue','Merengue Choke','Zumba Fitness','1/1','04/14','/media/pi/ZUKE/MUSIC/CDs/CD 57/04 - Merengue Choke - Merengue.mp3');
insert into mp3s ("filepath") values ('/media/pi/ZUKE/MUSIC/CDs/CD 57/04 - Merengue Choke - Merengue.mp3');
insert into streams ("index","codec_name","codec_long_name","codec_type","codec_time_base","codec_tag_string","codec_tag","sample_fmt","sample_rate","channels","channel_layout","bits_per_sample","r_frame_rate","avg_frame_rate","time_base","start_pts","start_time","duration_ts","duration","bit_rate","filepath") values ('0','mp3','MP3 (MPEG audio layer 3)','audio','1/44100','[0][0][0][0]','0x0000','fltp','44100','2','stereo','0','0/0','0/0','1/14112000','0','0','3187998720','225.906939','164530','/media/pi/ZUKE/MUSIC/CDs/CD 57/05 - La Foto de los Dos - Salsa.mp3');
insert into format ("filename","nb_streams","nb_programs","format_name","format_long_name","start_time","duration","size","bit_rate","probe_score","filepath") values ('/media/pi/ZUKE/MUSIC/CDs/CD 57/05 - La Foto de los Dos - Salsa.mp3','1','0','mp3','MP2/3 (MPEG audio layer 2/3)','0','225.906939','4647040','164564','51','/media/pi/ZUKE/MUSIC/CDs/CD 57/05 - La Foto de los Dos - Salsa.mp3');
insert into disposition ("default","dub","original","comment","lyrics","karaoke","forced","hearing_impaired","visual_impaired","clean_effects","attached_pic","timed_thumbnails","filepath") values ('0','0','0','0','0','0','0','0','0','0','0','0','/media/pi/ZUKE/MUSIC/CDs/CD 57/05 - La Foto de los Dos - Salsa.mp3');
insert into tags ("album","composer","genre","title","artist","disc","track","filepath") values ('ZIN CD 57','Zumba Fitness','Salsa','La Foto de los Dos','Zumba Fitness','1/1','05/14','/media/pi/ZUKE/MUSIC/CDs/CD 57/05 - La Foto de los Dos - Salsa.mp3');
insert into mp3s ("filepath") values ('/media/pi/ZUKE/MUSIC/CDs/CD 57/05 - La Foto de los Dos - Salsa.mp3');
insert into streams ("index","codec_name","codec_long_name","codec_type","codec_time_base","codec_tag_string","codec_tag","sample_fmt","sample_rate","channels","channel_layout","bits_per_sample","r_frame_rate","avg_frame_rate","time_base","start_pts","start_time","duration_ts","duration","bit_rate","filepath") values ('0','mp3','MP3 (MPEG audio layer 3)','audio','1/44100','[0][0][0][0]','0x0000','fltp','44100','2','stereo','0','0/0','0/0','1/14112000','0','0','3203481600','227.004082','172808','/media/pi/ZUKE/MUSIC/CDs/CD 57/06 - Yo Que Tu - Reggaeton.mp3');
insert into format ("filename","nb_streams","nb_programs","format_name","format_long_name","start_time","duration","size","bit_rate","probe_score","filepath") values ('/media/pi/ZUKE/MUSIC/CDs/CD 57/06 - Yo Que Tu - Reggaeton.mp3','1','0','mp3','MP2/3 (MPEG audio layer 2/3)','0','227.004082','4905088','172863','51','/media/pi/ZUKE/MUSIC/CDs/CD 57/06 - Yo Que Tu - Reggaeton.mp3');
insert into disposition ("default","dub","original","comment","lyrics","karaoke","forced","hearing_impaired","visual_impaired","clean_effects","attached_pic","timed_thumbnails","filepath") values ('0','0','0','0','0','0','0','0','0','0','0','0','/media/pi/ZUKE/MUSIC/CDs/CD 57/06 - Yo Que Tu - Reggaeton.mp3');
insert into tags ("album","composer","genre","title","artist","disc","track","filepath") values ('ZIN CD 57','Zumba Fitness','Reggaeton','Yo Que Tu','Zumba Fitness','1/1','06/14','/media/pi/ZUKE/MUSIC/CDs/CD 57/06 - Yo Que Tu - Reggaeton.mp3');
insert into mp3s ("filepath") values ('/media/pi/ZUKE/MUSIC/CDs/CD 57/06 - Yo Que Tu - Reggaeton.mp3');
insert into streams ("index","codec_name","codec_long_name","codec_type","codec_time_base","codec_tag_string","codec_tag","sample_fmt","sample_rate","channels","channel_layout","bits_per_sample","r_frame_rate","avg_frame_rate","time_base","start_pts","start_time","duration_ts","duration","bit_rate","filepath") values ('0','mp3','MP3 (MPEG audio layer 3)','audio','1/44100','[0][0][0][0]','0x0000','fltp','44100','2','stereo','0','0/0','0/0','1/14112000','0','0','3039068160','215.353469','157920','/media/pi/ZUKE/MUSIC/CDs/CD 57/07 - Apretaito al Pickup - Cumbia.mp3');
insert into format ("filename","nb_streams","nb_programs","format_name","format_long_name","start_time","duration","size","bit_rate","probe_score","filepath") values ('/media/pi/ZUKE/MUSIC/CDs/CD 57/07 - Apretaito al Pickup - Cumbia.mp3','1','0','mp3','MP2/3 (MPEG audio layer 2/3)','0','215.353469','4251776','157945','51','/media/pi/ZUKE/MUSIC/CDs/CD 57/07 - Apretaito al Pickup - Cumbia.mp3');
insert into disposition ("default","dub","original","comment","lyrics","karaoke","forced","hearing_impaired","visual_impaired","clean_effects","attached_pic","timed_thumbnails","filepath") values ('0','0','0','0','0','0','0','0','0','0','0','0','/media/pi/ZUKE/MUSIC/CDs/CD 57/07 - Apretaito al Pickup - Cumbia.mp3');
insert into tags ("album","composer","genre","title","artist","disc","track","filepath") values ('ZIN CD 57','Zumba Fitness','Cumbia','Apretaito al Pickup','Zumba Fitness','1/1','07/14','/media/pi/ZUKE/MUSIC/CDs/CD 57/07 - Apretaito al Pickup - Cumbia.mp3');
insert into mp3s ("filepath") values ('/media/pi/ZUKE/MUSIC/CDs/CD 57/07 - Apretaito al Pickup - Cumbia.mp3');
insert into streams ("index","codec_name","codec_long_name","codec_type","codec_time_base","codec_tag_string","codec_tag","sample_fmt","sample_rate","channels","channel_layout","bits_per_sample","r_frame_rate","avg_frame_rate","time_base","start_pts","start_time","duration_ts","duration","bit_rate","filepath") values ('0','mp3','MP3 (MPEG audio layer 3)','audio','1/44100','[0][0][0][0]','0x0000','fltp','44100','2','stereo','0','0/0','0/0','1/14112000','0','0','3222282240','228.336327','152802','/media/pi/ZUKE/MUSIC/CDs/CD 57/08 - Konsey - Soca - Dance.mp3');
insert into format ("filename","nb_streams","nb_programs","format_name","format_long_name","start_time","duration","size","bit_rate","probe_score","filepath") values ('/media/pi/ZUKE/MUSIC/CDs/CD 57/08 - Konsey - Soca - Dance.mp3','1','0','mp3','MP2/3 (MPEG audio layer 2/3)','0','228.336327','4362368','152840','51','/media/pi/ZUKE/MUSIC/CDs/CD 57/08 - Konsey - Soca - Dance.mp3');
insert into disposition ("default","dub","original","comment","lyrics","karaoke","forced","hearing_impaired","visual_impaired","clean_effects","attached_pic","timed_thumbnails","filepath") values ('0','0','0','0','0','0','0','0','0','0','0','0','/media/pi/ZUKE/MUSIC/CDs/CD 57/08 - Konsey - Soca - Dance.mp3');
insert into tags ("album","composer","genre","title","artist","disc","track","filepath") values ('ZIN CD 57','Zumba Fitness','Soca','Konsey','Zumba Fitness','1/1','08/14','/media/pi/ZUKE/MUSIC/CDs/CD 57/08 - Konsey - Soca - Dance.mp3');
insert into mp3s ("filepath") values ('/media/pi/ZUKE/MUSIC/CDs/CD 57/08 - Konsey - Soca - Dance.mp3');
insert into streams ("index","codec_name","codec_long_name","codec_type","codec_time_base","codec_tag_string","codec_tag","sample_fmt","sample_rate","channels","channel_layout","bits_per_sample","r_frame_rate","avg_frame_rate","time_base","start_pts","start_time","duration_ts","duration","bit_rate","filepath") values ('0','mp3','MP3 (MPEG audio layer 3)','audio','1/44100','[0][0][0][0]','0x0000','fltp','44100','2','stereo','0','0/0','0/0','1/14112000','0','0','3291955200','233.273469','150387','/media/pi/ZUKE/MUSIC/CDs/CD 57/09 - Hai Ni Hai - Bhangra.mp3');
insert into format ("filename","nb_streams","nb_programs","format_name","format_long_name","start_time","duration","size","bit_rate","probe_score","filepath") values ('/media/pi/ZUKE/MUSIC/CDs/CD 57/09 - Hai Ni Hai - Bhangra.mp3','1','0','mp3','MP2/3 (MPEG audio layer 2/3)','0','233.273469','4386944','150448','51','/media/pi/ZUKE/MUSIC/CDs/CD 57/09 - Hai Ni Hai - Bhangra.mp3');
insert into disposition ("default","dub","original","comment","lyrics","karaoke","forced","hearing_impaired","visual_impaired","clean_effects","attached_pic","timed_thumbnails","filepath") values ('0','0','0','0','0','0','0','0','0','0','0','0','/media/pi/ZUKE/MUSIC/CDs/CD 57/09 - Hai Ni Hai - Bhangra.mp3');
insert into tags ("album","composer","genre","title","artist","disc","track","filepath") values ('ZIN CD 57','Zumba Fitness','Bhangra','Hai Ni Hai','Zumba Fitness','1/1','09/14','/media/pi/ZUKE/MUSIC/CDs/CD 57/09 - Hai Ni Hai - Bhangra.mp3');
insert into mp3s ("filepath") values ('/media/pi/ZUKE/MUSIC/CDs/CD 57/09 - Hai Ni Hai - Bhangra.mp3');
insert into streams ("index","codec_name","codec_long_name","codec_type","codec_time_base","codec_tag_string","codec_tag","sample_fmt","sample_rate","channels","channel_layout","bits_per_sample","r_frame_rate","avg_frame_rate","time_base","start_pts","start_time","duration_ts","duration","bit_rate","filepath") values ('0','mp3','MP3 (MPEG audio layer 3)','audio','1/44100','[0][0][0][0]','0x0000','fltp','44100','2','stereo','0','0/0','0/0','1/14112000','0','0','3704463360','262.504490','157334','/media/pi/ZUKE/MUSIC/CDs/CD 57/10 - Dale Pa''l Piso - Dembow.mp3');
insert into format ("filename","nb_streams","nb_programs","format_name","format_long_name","start_time","duration","size","bit_rate","probe_score","filepath") values ('/media/pi/ZUKE/MUSIC/CDs/CD 57/10 - Dale Pa''l Piso - Dembow.mp3','1','0','mp3','MP2/3 (MPEG audio layer 2/3)','0','262.504490','5163136','157350','51','/media/pi/ZUKE/MUSIC/CDs/CD 57/10 - Dale Pa''l Piso - Dembow.mp3');
insert into disposition ("default","dub","original","comment","lyrics","karaoke","forced","hearing_impaired","visual_impaired","clean_effects","attached_pic","timed_thumbnails","filepath") values ('0','0','0','0','0','0','0','0','0','0','0','0','/media/pi/ZUKE/MUSIC/CDs/CD 57/10 - Dale Pa''l Piso - Dembow.mp3');
insert into tags ("album","composer","genre","title","artist","disc","track","filepath") values ('ZIN CD 57','Zumba Fitness','Dembow','Dale Pa''l Piso','Zumba Fitness','1/1','10/14','/media/pi/ZUKE/MUSIC/CDs/CD 57/10 - Dale Pa''l Piso - Dembow.mp3');
insert into mp3s ("filepath") values ('/media/pi/ZUKE/MUSIC/CDs/CD 57/10 - Dale Pa''l Piso - Dembow.mp3');
insert into streams ("index","codec_name","codec_long_name","codec_type","codec_time_base","codec_tag_string","codec_tag","sample_fmt","sample_rate","channels","channel_layout","bits_per_sample","r_frame_rate","avg_frame_rate","time_base","start_pts","start_time","duration_ts","duration","bit_rate","filepath") values ('0','mp3','MP3 (MPEG audio layer 3)','audio','1/44100','[0][0][0][0]','0x0000','fltp','44100','2','stereo','0','0/0','0/0','1/14112000','0','0','2960179200','209.763265','156161','/media/pi/ZUKE/MUSIC/CDs/CD 57/11 - Turn Up The Bass - Hip-Hop.mp3');
insert into format ("filename","nb_streams","nb_programs","format_name","format_long_name","start_time","duration","size","bit_rate","probe_score","filepath") values ('/media/pi/ZUKE/MUSIC/CDs/CD 57/11 - Turn Up The Bass - Hip-Hop.mp3','1','0','mp3','MP2/3 (MPEG audio layer 2/3)','0','209.763265','4096128','156219','51','/media/pi/ZUKE/MUSIC/CDs/CD 57/11 - Turn Up The Bass - Hip-Hop.mp3');
insert into disposition ("default","dub","original","comment","lyrics","karaoke","forced","hearing_impaired","visual_impaired","clean_effects","attached_pic","timed_thumbnails","filepath") values ('0','0','0','0','0','0','0','0','0','0','0','0','/media/pi/ZUKE/MUSIC/CDs/CD 57/11 - Turn Up The Bass - Hip-Hop.mp3');
insert into tags ("album","composer","genre","title","artist","disc","track","filepath") values ('ZIN CD 57','Zumba Fitness','Hip-Hop','Turn Up The Bass','Zumba Fitness','1/1','11/14','/media/pi/ZUKE/MUSIC/CDs/CD 57/11 - Turn Up The Bass - Hip-Hop.mp3');
insert into mp3s ("filepath") values ('/media/pi/ZUKE/MUSIC/CDs/CD 57/11 - Turn Up The Bass - Hip-Hop.mp3');
insert into streams ("index","codec_name","codec_long_name","codec_type","codec_time_base","codec_tag_string","codec_tag","sample_fmt","sample_rate","channels","channel_layout","bits_per_sample","r_frame_rate","avg_frame_rate","time_base","start_pts","start_time","duration_ts","duration","bit_rate","filepath") values ('0','mp3','MP3 (MPEG audio layer 3)','audio','1/44100','[0][0][0][0]','0x0000','fltp','44100','2','stereo','0','0/0','0/0','1/14112000','0','0','3578388480','253.570612','152184','/media/pi/ZUKE/MUSIC/CDs/CD 57/12 - Bailar Contigo - Merengue Urbano.mp3');
insert into format ("filename","nb_streams","nb_programs","format_name","format_long_name","start_time","duration","size","bit_rate","probe_score","filepath") values ('/media/pi/ZUKE/MUSIC/CDs/CD 57/12 - Bailar Contigo - Merengue Urbano.mp3','1','0','mp3','MP2/3 (MPEG audio layer 2/3)','0','253.570612','4825216','152232','51','/media/pi/ZUKE/MUSIC/CDs/CD 57/12 - Bailar Contigo - Merengue Urbano.mp3');
insert into disposition ("default","dub","original","comment","lyrics","karaoke","forced","hearing_impaired","visual_impaired","clean_effects","attached_pic","timed_thumbnails","filepath") values ('0','0','0','0','0','0','0','0','0','0','0','0','/media/pi/ZUKE/MUSIC/CDs/CD 57/12 - Bailar Contigo - Merengue Urbano.mp3');
insert into tags ("album","composer","genre","title","artist","disc","track","filepath") values ('ZIN CD 57','Zumba Fitness','Merengue Urbano','Bailar Contigo','Zumba Fitness','1/1','12/14','/media/pi/ZUKE/MUSIC/CDs/CD 57/12 - Bailar Contigo - Merengue Urbano.mp3');
insert into mp3s ("filepath") values ('/media/pi/ZUKE/MUSIC/CDs/CD 57/12 - Bailar Contigo - Merengue Urbano.mp3');
insert into streams ("index","codec_name","codec_long_name","codec_type","codec_time_base","codec_tag_string","codec_tag","sample_fmt","sample_rate","channels","channel_layout","bits_per_sample","r_frame_rate","avg_frame_rate","time_base","start_pts","start_time","duration_ts","duration","bit_rate","filepath") values ('0','mp3','MP3 (MPEG audio layer 3)','audio','1/44100','[0][0][0][0]','0x0000','fltp','44100','2','stereo','0','0/0','0/0','1/14112000','0','0','3521986560','249.573878','161570','/media/pi/ZUKE/MUSIC/CDs/CD 57/13 - Sunshine Reggae - Cooldown.mp3');
insert into format ("filename","nb_streams","nb_programs","format_name","format_long_name","start_time","duration","size","bit_rate","probe_score","filepath") values ('/media/pi/ZUKE/MUSIC/CDs/CD 57/13 - Sunshine Reggae - Cooldown.mp3','1','0','mp3','MP2/3 (MPEG audio layer 2/3)','0','249.573878','5042304','161629','51','/media/pi/ZUKE/MUSIC/CDs/CD 57/13 - Sunshine Reggae - Cooldown.mp3');
insert into disposition ("default","dub","original","comment","lyrics","karaoke","forced","hearing_impaired","visual_impaired","clean_effects","attached_pic","timed_thumbnails","filepath") values ('0','0','0','0','0','0','0','0','0','0','0','0','/media/pi/ZUKE/MUSIC/CDs/CD 57/13 - Sunshine Reggae - Cooldown.mp3');
insert into tags ("album","composer","genre","title","artist","disc","track","filepath") values ('ZIN CD 57','Zumba Fitness','Cooldown','Sunshine Reggae','Zumba Fitness','1/1','13/14','/media/pi/ZUKE/MUSIC/CDs/CD 57/13 - Sunshine Reggae - Cooldown.mp3');
insert into mp3s ("filepath") values ('/media/pi/ZUKE/MUSIC/CDs/CD 57/13 - Sunshine Reggae - Cooldown.mp3');
insert into streams ("index","codec_name","codec_long_name","codec_type","codec_time_base","codec_tag_string","codec_tag","sample_fmt","sample_rate","channels","channel_layout","bits_per_sample","r_frame_rate","avg_frame_rate","time_base","start_pts","start_time","duration_ts","duration","bit_rate","filepath") values ('0','mp3','MP3 (MPEG audio layer 3)','audio','1/44100','[0][0][0][0]','0x0000','fltp','44100','2','stereo','0','0/0','0/0','1/14112000','0','0','9096929280','644.623673','163201','/media/pi/ZUKE/MUSIC/CDs/CD 57/14 - Yo Que Tu - Turn Up The Bass - Konsey - DJ Mix.mp3');
insert into format ("filename","nb_streams","nb_programs","format_name","format_long_name","start_time","duration","size","bit_rate","probe_score","filepath") values ('/media/pi/ZUKE/MUSIC/CDs/CD 57/14 - Yo Que Tu - Turn Up The Bass - Konsey - DJ Mix.mp3','1','0','mp3','MP2/3 (MPEG audio layer 2/3)','0','644.623673','13152384','163225','51','/media/pi/ZUKE/MUSIC/CDs/CD 57/14 - Yo Que Tu - Turn Up The Bass - Konsey - DJ Mix.mp3');
insert into disposition ("default","dub","original","comment","lyrics","karaoke","forced","hearing_impaired","visual_impaired","clean_effects","attached_pic","timed_thumbnails","filepath") values ('0','0','0','0','0','0','0','0','0','0','0','0','/media/pi/ZUKE/MUSIC/CDs/CD 57/14 - Yo Que Tu - Turn Up The Bass - Konsey - DJ Mix.mp3');
insert into tags ("album","composer","genre","title","artist","disc","track","filepath") values ('ZIN CD 57','Zumba Fitness','DJ Mix','Yo Que Tu - Turn Up The Bass - Konsey','Zumba Fitness','1/1','14/14','/media/pi/ZUKE/MUSIC/CDs/CD 57/14 - Yo Que Tu - Turn Up The Bass - Konsey - DJ Mix.mp3');
insert into mp3s ("filepath") values ('/media/pi/ZUKE/MUSIC/CDs/CD 57/14 - Yo Que Tu - Turn Up The Bass - Konsey - DJ Mix.mp3');
insert into streams ("index","codec_name","codec_long_name","codec_type","codec_time_base","codec_tag_string","codec_tag","sample_fmt","sample_rate","channels","channel_layout","bits_per_sample","r_frame_rate","avg_frame_rate","time_base","start_pts","start_time","duration_ts","duration","bit_rate","filepath") values ('0','mp3','MP3 (MPEG audio layer 3)','audio','1/44100','[0][0][0][0]','0x0000','fltp','44100','2','stereo','0','0/0','0/0','1/14112000','0','0','3366789120','238.576327','160020','/media/pi/ZUKE/MUSIC/CDs/CD 59/01 - Holiday - Warm-up.mp3');
insert into format ("filename","nb_streams","nb_programs","format_name","format_long_name","start_time","duration","size","bit_rate","probe_score","filepath") values ('/media/pi/ZUKE/MUSIC/CDs/CD 59/01 - Holiday - Warm-up.mp3','1','0','mp3','MP2/3 (MPEG audio layer 2/3)','0','238.576327','4774016','160083','51','/media/pi/ZUKE/MUSIC/CDs/CD 59/01 - Holiday - Warm-up.mp3');
insert into disposition ("default","dub","original","comment","lyrics","karaoke","forced","hearing_impaired","visual_impaired","clean_effects","attached_pic","timed_thumbnails","filepath") values ('0','0','0','0','0','0','0','0','0','0','0','0','/media/pi/ZUKE/MUSIC/CDs/CD 59/01 - Holiday - Warm-up.mp3');
insert into tags ("album","composer","genre","title","artist","disc","track","filepath") values ('ZIN CD 59','Zumba Fitness','Warm-up','Holiday','Zumba Fitness','1/1','01/14','/media/pi/ZUKE/MUSIC/CDs/CD 59/01 - Holiday - Warm-up.mp3');
insert into mp3s ("filepath") values ('/media/pi/ZUKE/MUSIC/CDs/CD 59/01 - Holiday - Warm-up.mp3');
insert into streams ("index","codec_name","codec_long_name","codec_type","codec_time_base","codec_tag_string","codec_tag","sample_fmt","sample_rate","channels","channel_layout","bits_per_sample","r_frame_rate","avg_frame_rate","time_base","start_pts","start_time","duration_ts","duration","bit_rate","filepath") values ('0','mp3','MP3 (MPEG audio layer 3)','audio','1/44100','[0][0][0][0]','0x0000','fltp','44100','2','stereo','0','0/0','0/0','1/14112000','0','0','2721300480','192.835918','162028','/media/pi/ZUKE/MUSIC/CDs/CD 59/02 - Celebrate - Warm-up.mp3');
insert into format ("filename","nb_streams","nb_programs","format_name","format_long_name","start_time","duration","size","bit_rate","probe_score","filepath") values ('/media/pi/ZUKE/MUSIC/CDs/CD 59/02 - Celebrate - Warm-up.mp3','1','0','mp3','MP2/3 (MPEG audio layer 2/3)','0','192.835918','3907712','162115','51','/media/pi/ZUKE/MUSIC/CDs/CD 59/02 - Celebrate - Warm-up.mp3');
insert into disposition ("default","dub","original","comment","lyrics","karaoke","forced","hearing_impaired","visual_impaired","clean_effects","attached_pic","timed_thumbnails","filepath") values ('0','0','0','0','0','0','0','0','0','0','0','0','/media/pi/ZUKE/MUSIC/CDs/CD 59/02 - Celebrate - Warm-up.mp3');
insert into tags ("album","composer","genre","title","artist","disc","track","filepath") values ('ZIN CD 59','Zumba Fitness','Warm-up','Celebrate','Zumba Fitness','1/1','02/14','/media/pi/ZUKE/MUSIC/CDs/CD 59/02 - Celebrate - Warm-up.mp3');
insert into mp3s ("filepath") values ('/media/pi/ZUKE/MUSIC/CDs/CD 59/02 - Celebrate - Warm-up.mp3');
insert into streams ("index","codec_name","codec_long_name","codec_type","codec_time_base","codec_tag_string","codec_tag","sample_fmt","sample_rate","channels","channel_layout","bits_per_sample","r_frame_rate","avg_frame_rate","time_base","start_pts","start_time","duration_ts","duration","bit_rate","filepath") values ('0','mp3','MP3 (MPEG audio layer 3)','audio','1/44100','[0][0][0][0]','0x0000','fltp','44100','2','stereo','0','0/0','0/0','1/14112000','0','0','3101736960','219.794286','155643','/media/pi/ZUKE/MUSIC/CDs/CD 59/03 - Citric Tones - Warm-up.mp3');
insert into format ("filename","nb_streams","nb_programs","format_name","format_long_name","start_time","duration","size","bit_rate","probe_score","filepath") values ('/media/pi/ZUKE/MUSIC/CDs/CD 59/03 - Citric Tones - Warm-up.mp3','1','0','mp3','MP2/3 (MPEG audio layer 2/3)','0','219.794286','4278400','155723','51','/media/pi/ZUKE/MUSIC/CDs/CD 59/03 - Citric Tones - Warm-up.mp3');
insert into disposition ("default","dub","original","comment","lyrics","karaoke","forced","hearing_impaired","visual_impaired","clean_effects","attached_pic","timed_thumbnails","filepath") values ('0','0','0','0','0','0','0','0','0','0','0','0','/media/pi/ZUKE/MUSIC/CDs/CD 59/03 - Citric Tones - Warm-up.mp3');
insert into tags ("album","composer","genre","title","artist","disc","track","filepath") values ('ZIN CD 59','Zumba Fitness','Warm-up','Citric Tones','Zumba Fitness','1/1','03/14','/media/pi/ZUKE/MUSIC/CDs/CD 59/03 - Citric Tones - Warm-up.mp3');
insert into mp3s ("filepath") values ('/media/pi/ZUKE/MUSIC/CDs/CD 59/03 - Citric Tones - Warm-up.mp3');
insert into streams ("index","codec_name","codec_long_name","codec_type","codec_time_base","codec_tag_string","codec_tag","sample_fmt","sample_rate","channels","channel_layout","bits_per_sample","r_frame_rate","avg_frame_rate","time_base","start_pts","start_time","duration_ts","duration","bit_rate","filepath") values ('0','mp3','MP3 (MPEG audio layer 3)','audio','1/44100','[0][0][0][0]','0x0000','fltp','44100','2','stereo','0','0/0','0/0','1/14112000','0','0','2711347200','192.130612','156110','/media/pi/ZUKE/MUSIC/CDs/CD 59/04 - Dame tu Amor - Kuduro.mp3');
insert into format ("filename","nb_streams","nb_programs","format_name","format_long_name","start_time","duration","size","bit_rate","probe_score","filepath") values ('/media/pi/ZUKE/MUSIC/CDs/CD 59/04 - Dame tu Amor - Kuduro.mp3','1','0','mp3','MP2/3 (MPEG audio layer 2/3)','0','192.130612','3750016','156144','51','/media/pi/ZUKE/MUSIC/CDs/CD 59/04 - Dame tu Amor - Kuduro.mp3');
insert into disposition ("default","dub","original","comment","lyrics","karaoke","forced","hearing_impaired","visual_impaired","clean_effects","attached_pic","timed_thumbnails","filepath") values ('0','0','0','0','0','0','0','0','0','0','0','0','/media/pi/ZUKE/MUSIC/CDs/CD 59/04 - Dame tu Amor - Kuduro.mp3');
insert into tags ("album","composer","genre","title","artist","disc","track","filepath") values ('ZIN CD 59','Zumba Fitness','Kuduro','Dame tu Amor','Zumba Fitness','1/1','04/14','/media/pi/ZUKE/MUSIC/CDs/CD 59/04 - Dame tu Amor - Kuduro.mp3');
insert into mp3s ("filepath") values ('/media/pi/ZUKE/MUSIC/CDs/CD 59/04 - Dame tu Amor - Kuduro.mp3');
insert into streams ("index","codec_name","codec_long_name","codec_type","codec_time_base","codec_tag_string","codec_tag","sample_fmt","sample_rate","channels","channel_layout","bits_per_sample","r_frame_rate","avg_frame_rate","time_base","start_pts","start_time","duration_ts","duration","bit_rate","filepath") values ('0','mp3','MP3 (MPEG audio layer 3)','audio','1/44100','[0][0][0][0]','0x0000','fltp','44100','2','stereo','0','0/0','0/0','1/14112000','0','0','3143393280','222.746122','157654','/media/pi/ZUKE/MUSIC/CDs/CD 59/05 - Suenan los Cueros - Salsa.mp3');
insert into format ("filename","nb_streams","nb_programs","format_name","format_long_name","start_time","duration","size","bit_rate","probe_score","filepath") values ('/media/pi/ZUKE/MUSIC/CDs/CD 59/05 - Suenan los Cueros - Salsa.mp3','1','0','mp3','MP2/3 (MPEG audio layer 2/3)','0','222.746122','4391040','157705','51','/media/pi/ZUKE/MUSIC/CDs/CD 59/05 - Suenan los Cueros - Salsa.mp3');
insert into disposition ("default","dub","original","comment","lyrics","karaoke","forced","hearing_impaired","visual_impaired","clean_effects","attached_pic","timed_thumbnails","filepath") values ('0','0','0','0','0','0','0','0','0','0','0','0','/media/pi/ZUKE/MUSIC/CDs/CD 59/05 - Suenan los Cueros - Salsa.mp3');
insert into tags ("album","composer","genre","title","artist","disc","track","filepath") values ('ZIN CD 59','Zumba Fitness','Salsa','Suenan los Cueros','Zumba Fitness','1/1','05/14','/media/pi/ZUKE/MUSIC/CDs/CD 59/05 - Suenan los Cueros - Salsa.mp3');
insert into mp3s ("filepath") values ('/media/pi/ZUKE/MUSIC/CDs/CD 59/05 - Suenan los Cueros - Salsa.mp3');
insert into streams ("index","codec_name","codec_long_name","codec_type","codec_time_base","codec_tag_string","codec_tag","sample_fmt","sample_rate","channels","channel_layout","bits_per_sample","r_frame_rate","avg_frame_rate","time_base","start_pts","start_time","duration_ts","duration","bit_rate","filepath") values ('0','mp3','MP3 (MPEG audio layer 3)','audio','1/44100','[0][0][0][0]','0x0000','fltp','44100','2','stereo','0','0/0','0/0','1/14112000','0','0','3933757440','278.752653','158619','/media/pi/ZUKE/MUSIC/CDs/CD 59/06 - Sola - Reggaeton.mp3');
insert into format ("filename","nb_streams","nb_programs","format_name","format_long_name","start_time","duration","size","bit_rate","probe_score","filepath") values ('/media/pi/ZUKE/MUSIC/CDs/CD 59/06 - Sola - Reggaeton.mp3','1','0','mp3','MP2/3 (MPEG audio layer 2/3)','0','278.752653','5527680','158640','51','/media/pi/ZUKE/MUSIC/CDs/CD 59/06 - Sola - Reggaeton.mp3');
insert into disposition ("default","dub","original","comment","lyrics","karaoke","forced","hearing_impaired","visual_impaired","clean_effects","attached_pic","timed_thumbnails","filepath") values ('0','0','0','0','0','0','0','0','0','0','0','0','/media/pi/ZUKE/MUSIC/CDs/CD 59/06 - Sola - Reggaeton.mp3');
insert into tags ("album","composer","genre","title","artist","disc","track","filepath") values ('ZIN CD 59','Zumba Fitness','Reggaeton','Sola','Zumba Fitness','1/1','06/14','/media/pi/ZUKE/MUSIC/CDs/CD 59/06 - Sola - Reggaeton.mp3');
insert into mp3s ("filepath") values ('/media/pi/ZUKE/MUSIC/CDs/CD 59/06 - Sola - Reggaeton.mp3');
insert into streams ("index","codec_name","codec_long_name","codec_type","codec_time_base","codec_tag_string","codec_tag","sample_fmt","sample_rate","channels","channel_layout","bits_per_sample","r_frame_rate","avg_frame_rate","time_base","start_pts","start_time","duration_ts","duration","bit_rate","filepath") values ('0','mp3','MP3 (MPEG audio layer 3)','audio','1/44100','[0][0][0][0]','0x0000','fltp','44100','2','stereo','0','0/0','0/0','1/14112000','0','0','2964971520','210.102857','159373','/media/pi/ZUKE/MUSIC/CDs/CD 59/07 - Take U There - EDM.mp3');
insert into format ("filename","nb_streams","nb_programs","format_name","format_long_name","start_time","duration","size","bit_rate","probe_score","filepath") values ('/media/pi/ZUKE/MUSIC/CDs/CD 59/07 - Take U There - EDM.mp3','1','0','mp3','MP2/3 (MPEG audio layer 2/3)','0','210.102857','4186240','159397','51','/media/pi/ZUKE/MUSIC/CDs/CD 59/07 - Take U There - EDM.mp3');
insert into disposition ("default","dub","original","comment","lyrics","karaoke","forced","hearing_impaired","visual_impaired","clean_effects","attached_pic","timed_thumbnails","filepath") values ('0','0','0','0','0','0','0','0','0','0','0','0','/media/pi/ZUKE/MUSIC/CDs/CD 59/07 - Take U There - EDM.mp3');
insert into tags ("album","composer","genre","title","artist","disc","track","filepath") values ('ZIN CD 59','Zumba Fitness','EDM','Take U There','Zumba Fitness','1/1','07/14','/media/pi/ZUKE/MUSIC/CDs/CD 59/07 - Take U There - EDM.mp3');
insert into mp3s ("filepath") values ('/media/pi/ZUKE/MUSIC/CDs/CD 59/07 - Take U There - EDM.mp3');
insert into streams ("index","codec_name","codec_long_name","codec_type","codec_time_base","codec_tag_string","codec_tag","sample_fmt","sample_rate","channels","channel_layout","bits_per_sample","r_frame_rate","avg_frame_rate","time_base","start_pts","start_time","duration_ts","duration","bit_rate","filepath") values ('0','mp3','MP3 (MPEG audio layer 3)','audio','1/44100','[0][0][0][0]','0x0000','fltp','44100','2','stereo','0','0/0','0/0','1/14112000','0','0','2865438720','203.049796','171081','/media/pi/ZUKE/MUSIC/CDs/CD 59/08 - Pa''l Piso - Dembow.mp3');
insert into format ("filename","nb_streams","nb_programs","format_name","format_long_name","start_time","duration","size","bit_rate","probe_score","filepath") values ('/media/pi/ZUKE/MUSIC/CDs/CD 59/08 - Pa''l Piso - Dembow.mp3','1','0','mp3','MP2/3 (MPEG audio layer 2/3)','0','203.049796','4343936','171147','51','/media/pi/ZUKE/MUSIC/CDs/CD 59/08 - Pa''l Piso - Dembow.mp3');
insert into disposition ("default","dub","original","comment","lyrics","karaoke","forced","hearing_impaired","visual_impaired","clean_effects","attached_pic","timed_thumbnails","filepath") values ('0','0','0','0','0','0','0','0','0','0','0','0','/media/pi/ZUKE/MUSIC/CDs/CD 59/08 - Pa''l Piso - Dembow.mp3');
insert into tags ("album","composer","genre","title","artist","disc","track","filepath") values ('ZIN CD 59','Zumba Fitness','Dembow','Pa''l Piso','Zumba Fitness','1/1','08/14','/media/pi/ZUKE/MUSIC/CDs/CD 59/08 - Pa''l Piso - Dembow.mp3');
insert into mp3s ("filepath") values ('/media/pi/ZUKE/MUSIC/CDs/CD 59/08 - Pa''l Piso - Dembow.mp3');
insert into streams ("index","codec_name","codec_long_name","codec_type","codec_time_base","codec_tag_string","codec_tag","sample_fmt","sample_rate","channels","channel_layout","bits_per_sample","r_frame_rate","avg_frame_rate","time_base","start_pts","start_time","duration_ts","duration","bit_rate","filepath") values ('0','mp3','MP3 (MPEG audio layer 3)','audio','1/44100','[0][0][0][0]','0x0000','fltp','44100','2','stereo','0','0/0','0/0','1/14112000','0','0','2895298560','205.165714','161251','/media/pi/ZUKE/MUSIC/CDs/CD 59/09 - Decimas - Vallentao-pop.mp3');
insert into format ("filename","nb_streams","nb_programs","format_name","format_long_name","start_time","duration","size","bit_rate","probe_score","filepath") values ('/media/pi/ZUKE/MUSIC/CDs/CD 59/09 - Decimas - Vallentao-pop.mp3','1','0','mp3','MP2/3 (MPEG audio layer 2/3)','0','205.165714','4137088','161316','51','/media/pi/ZUKE/MUSIC/CDs/CD 59/09 - Decimas - Vallentao-pop.mp3');
insert into disposition ("default","dub","original","comment","lyrics","karaoke","forced","hearing_impaired","visual_impaired","clean_effects","attached_pic","timed_thumbnails","filepath") values ('0','0','0','0','0','0','0','0','0','0','0','0','/media/pi/ZUKE/MUSIC/CDs/CD 59/09 - Decimas - Vallentao-pop.mp3');
insert into tags ("album","composer","genre","title","artist","disc","track","filepath") values ('ZIN CD 59','Zumba Fitness','Vallentao-pop','Decimas','Zumba Fitness','1/1','09/14','/media/pi/ZUKE/MUSIC/CDs/CD 59/09 - Decimas - Vallentao-pop.mp3');
insert into mp3s ("filepath") values ('/media/pi/ZUKE/MUSIC/CDs/CD 59/09 - Decimas - Vallentao-pop.mp3');
insert into streams ("index","codec_name","codec_long_name","codec_type","codec_time_base","codec_tag_string","codec_tag","sample_fmt","sample_rate","channels","channel_layout","bits_per_sample","r_frame_rate","avg_frame_rate","time_base","start_pts","start_time","duration_ts","duration","bit_rate","filepath") values ('0','mp3','MP3 (MPEG audio layer 3)','audio','1/44100','[0][0][0][0]','0x0000','fltp','44100','2','stereo','0','0/0','0/0','1/14112000','0','0','2915942400','206.628571','164419','/media/pi/ZUKE/MUSIC/CDs/CD 59/10 - Candela Pa'' lo Pie - Merengue.mp3');
insert into format ("filename","nb_streams","nb_programs","format_name","format_long_name","start_time","duration","size","bit_rate","probe_score","filepath") values ('/media/pi/ZUKE/MUSIC/CDs/CD 59/10 - Candela Pa'' lo Pie - Merengue.mp3','1','0','mp3','MP2/3 (MPEG audio layer 2/3)','0','206.628571','4247680','164456','51','/media/pi/ZUKE/MUSIC/CDs/CD 59/10 - Candela Pa'' lo Pie - Merengue.mp3');
insert into disposition ("default","dub","original","comment","lyrics","karaoke","forced","hearing_impaired","visual_impaired","clean_effects","attached_pic","timed_thumbnails","filepath") values ('0','0','0','0','0','0','0','0','0','0','0','0','/media/pi/ZUKE/MUSIC/CDs/CD 59/10 - Candela Pa'' lo Pie - Merengue.mp3');
insert into tags ("album","composer","genre","title","artist","disc","track","filepath") values ('ZIN CD 59','Zumba Fitness','Merengue','Candela Pa'' lo Pie','Zumba Fitness','1/1','10/14','/media/pi/ZUKE/MUSIC/CDs/CD 59/10 - Candela Pa'' lo Pie - Merengue.mp3');
insert into mp3s ("filepath") values ('/media/pi/ZUKE/MUSIC/CDs/CD 59/10 - Candela Pa'' lo Pie - Merengue.mp3');
insert into streams ("index","codec_name","codec_long_name","codec_type","codec_time_base","codec_tag_string","codec_tag","sample_fmt","sample_rate","channels","channel_layout","bits_per_sample","r_frame_rate","avg_frame_rate","time_base","start_pts","start_time","duration_ts","duration","bit_rate","filepath") values ('0','mp3','MP3 (MPEG audio layer 3)','audio','1/44100','[0][0][0][0]','0x0000','fltp','44100','2','stereo','0','0/0','0/0','1/14112000','0','0','3027640320','214.543673','164837','/media/pi/ZUKE/MUSIC/CDs/CD 59/11 - Zumba Fuego - Cumbia.mp3');
insert into format ("filename","nb_streams","nb_programs","format_name","format_long_name","start_time","duration","size","bit_rate","probe_score","filepath") values ('/media/pi/ZUKE/MUSIC/CDs/CD 59/11 - Zumba Fuego - Cumbia.mp3','1','0','mp3','MP2/3 (MPEG audio layer 2/3)','0','214.543673','4421760','164880','51','/media/pi/ZUKE/MUSIC/CDs/CD 59/11 - Zumba Fuego - Cumbia.mp3');
insert into disposition ("default","dub","original","comment","lyrics","karaoke","forced","hearing_impaired","visual_impaired","clean_effects","attached_pic","timed_thumbnails","filepath") values ('0','0','0','0','0','0','0','0','0','0','0','0','/media/pi/ZUKE/MUSIC/CDs/CD 59/11 - Zumba Fuego - Cumbia.mp3');
insert into tags ("album","composer","genre","title","artist","disc","track","filepath") values ('ZIN CD 59','Zumba Fitness','Cumbia','Zumba Fuego','Zumba Fitness','1/1','11/14','/media/pi/ZUKE/MUSIC/CDs/CD 59/11 - Zumba Fuego - Cumbia.mp3');
insert into mp3s ("filepath") values ('/media/pi/ZUKE/MUSIC/CDs/CD 59/11 - Zumba Fuego - Cumbia.mp3');
insert into streams ("index","codec_name","codec_long_name","codec_type","codec_time_base","codec_tag_string","codec_tag","sample_fmt","sample_rate","channels","channel_layout","bits_per_sample","r_frame_rate","avg_frame_rate","time_base","start_pts","start_time","duration_ts","duration","bit_rate","filepath") values ('0','mp3','MP3 (MPEG audio layer 3)','audio','1/44100','[0][0][0][0]','0x0000','fltp','44100','2','stereo','0','0/0','0/0','1/14112000','0','0','2820096000','199.836735','147858','/media/pi/ZUKE/MUSIC/CDs/CD 59/12 - Remedy - Dancehall.mp3');
insert into format ("filename","nb_streams","nb_programs","format_name","format_long_name","start_time","duration","size","bit_rate","probe_score","filepath") values ('/media/pi/ZUKE/MUSIC/CDs/CD 59/12 - Remedy - Dancehall.mp3','1','0','mp3','MP2/3 (MPEG audio layer 2/3)','0','199.836735','3694720','147909','51','/media/pi/ZUKE/MUSIC/CDs/CD 59/12 - Remedy - Dancehall.mp3');
insert into disposition ("default","dub","original","comment","lyrics","karaoke","forced","hearing_impaired","visual_impaired","clean_effects","attached_pic","timed_thumbnails","filepath") values ('0','0','0','0','0','0','0','0','0','0','0','0','/media/pi/ZUKE/MUSIC/CDs/CD 59/12 - Remedy - Dancehall.mp3');
insert into tags ("album","composer","genre","title","artist","disc","track","filepath") values ('ZIN CD 59','Zumba Fitness','Dancehall','Remedy','Zumba Fitness','1/1','12/14','/media/pi/ZUKE/MUSIC/CDs/CD 59/12 - Remedy - Dancehall.mp3');
insert into mp3s ("filepath") values ('/media/pi/ZUKE/MUSIC/CDs/CD 59/12 - Remedy - Dancehall.mp3');
insert into streams ("index","codec_name","codec_long_name","codec_type","codec_time_base","codec_tag_string","codec_tag","sample_fmt","sample_rate","channels","channel_layout","bits_per_sample","r_frame_rate","avg_frame_rate","time_base","start_pts","start_time","duration_ts","duration","bit_rate","filepath") values ('0','mp3','MP3 (MPEG audio layer 3)','audio','1/44100','[0][0][0][0]','0x0000','fltp','44100','2','stereo','0','0/0','0/0','1/14112000','0','0','3552215040','251.715918','165568','/media/pi/ZUKE/MUSIC/CDs/CD 59/13 - I''ll Be Missing You - Cooldown.mp3');
insert into format ("filename","nb_streams","nb_programs","format_name","format_long_name","start_time","duration","size","bit_rate","probe_score","filepath") values ('/media/pi/ZUKE/MUSIC/CDs/CD 59/13 - I''ll Be Missing You - Cooldown.mp3','1','0','mp3','MP2/3 (MPEG audio layer 2/3)','0','251.715918','5210240','165591','51','/media/pi/ZUKE/MUSIC/CDs/CD 59/13 - I''ll Be Missing You - Cooldown.mp3');
insert into disposition ("default","dub","original","comment","lyrics","karaoke","forced","hearing_impaired","visual_impaired","clean_effects","attached_pic","timed_thumbnails","filepath") values ('0','0','0','0','0','0','0','0','0','0','0','0','/media/pi/ZUKE/MUSIC/CDs/CD 59/13 - I''ll Be Missing You - Cooldown.mp3');
insert into tags ("album","composer","genre","title","artist","disc","track","filepath") values ('ZIN CD 59','Zumba Fitness','Cooldown','I''ll Be Missing You','Zumba Fitness','1/1','13/14','/media/pi/ZUKE/MUSIC/CDs/CD 59/13 - I''ll Be Missing You - Cooldown.mp3');
insert into mp3s ("filepath") values ('/media/pi/ZUKE/MUSIC/CDs/CD 59/13 - I''ll Be Missing You - Cooldown.mp3');
insert into streams ("index","codec_name","codec_long_name","codec_type","codec_time_base","codec_tag_string","codec_tag","sample_fmt","sample_rate","channels","channel_layout","bits_per_sample","r_frame_rate","avg_frame_rate","time_base","start_pts","start_time","duration_ts","duration","bit_rate","filepath") values ('0','mp3','MP3 (MPEG audio layer 3)','audio','1/44100','[0][0][0][0]','0x0000','fltp','44100','2','stereo','0','0/0','0/0','1/14112000','0','0','9235169280','654.419592','162832','/media/pi/ZUKE/MUSIC/CDs/CD 59/14 - Sola - Zumba Fuego - Pa''l Piso - DJ Mix.mp3');
insert into format ("filename","nb_streams","nb_programs","format_name","format_long_name","start_time","duration","size","bit_rate","probe_score","filepath") values ('/media/pi/ZUKE/MUSIC/CDs/CD 59/14 - Sola - Zumba Fuego - Pa''l Piso - DJ Mix.mp3','1','0','mp3','MP2/3 (MPEG audio layer 2/3)','0','654.419592','13322368','162860','51','/media/pi/ZUKE/MUSIC/CDs/CD 59/14 - Sola - Zumba Fuego - Pa''l Piso - DJ Mix.mp3');
insert into disposition ("default","dub","original","comment","lyrics","karaoke","forced","hearing_impaired","visual_impaired","clean_effects","attached_pic","timed_thumbnails","filepath") values ('0','0','0','0','0','0','0','0','0','0','0','0','/media/pi/ZUKE/MUSIC/CDs/CD 59/14 - Sola - Zumba Fuego - Pa''l Piso - DJ Mix.mp3');
insert into tags ("album","composer","genre","title","artist","disc","track","filepath") values ('ZIN CD 59','Zumba Fitness','DJ Mix','Sola - Zumba Fuego - Pa''l Piso','Zumba Fitness','1/1','14/14','/media/pi/ZUKE/MUSIC/CDs/CD 59/14 - Sola - Zumba Fuego - Pa''l Piso - DJ Mix.mp3');
insert into mp3s ("filepath") values ('/media/pi/ZUKE/MUSIC/CDs/CD 59/14 - Sola - Zumba Fuego - Pa''l Piso - DJ Mix.mp3');
insert into streams ("index","codec_name","codec_long_name","codec_type","codec_time_base","codec_tag_string","codec_tag","sample_fmt","sample_rate","channels","channel_layout","bits_per_sample","r_frame_rate","avg_frame_rate","time_base","start_pts","start_time","duration_ts","duration","bit_rate","filepath") values ('0','mp3','MP3 (MPEG audio layer 3)','audio','1/44100','[0][0][0][0]','0x0000','fltp','44100','2','stereo','0','0/0','0/0','1/14112000','0','0','2612183040','185.103673','159278','/media/pi/ZUKE/MUSIC/CDs/CD 60/01 - Black Betty''s Worldwide - Warm-up.mp3');
insert into format ("filename","nb_streams","nb_programs","format_name","format_long_name","start_time","duration","size","bit_rate","probe_score","filepath") values ('/media/pi/ZUKE/MUSIC/CDs/CD 60/01 - Black Betty''s Worldwide - Warm-up.mp3','1','0','mp3','MP2/3 (MPEG audio layer 2/3)','0','185.103673','3686528','159328','51','/media/pi/ZUKE/MUSIC/CDs/CD 60/01 - Black Betty''s Worldwide - Warm-up.mp3');
insert into disposition ("default","dub","original","comment","lyrics","karaoke","forced","hearing_impaired","visual_impaired","clean_effects","attached_pic","timed_thumbnails","filepath") values ('0','0','0','0','0','0','0','0','0','0','0','0','/media/pi/ZUKE/MUSIC/CDs/CD 60/01 - Black Betty''s Worldwide - Warm-up.mp3');
insert into tags ("album","composer","genre","title","artist","disc","track","filepath") values ('ZIN CD 60','Zumba Fitness','Warm-up','Black Betty''s Worldwide','Zumba Fitness','1/1','01/14','/media/pi/ZUKE/MUSIC/CDs/CD 60/01 - Black Betty''s Worldwide - Warm-up.mp3');
insert into mp3s ("filepath") values ('/media/pi/ZUKE/MUSIC/CDs/CD 60/01 - Black Betty''s Worldwide - Warm-up.mp3');
insert into streams ("index","codec_name","codec_long_name","codec_type","codec_time_base","codec_tag_string","codec_tag","sample_fmt","sample_rate","channels","channel_layout","bits_per_sample","r_frame_rate","avg_frame_rate","time_base","start_pts","start_time","duration_ts","duration","bit_rate","filepath") values ('0','mp3','MP3 (MPEG audio layer 3)','audio','1/44100','[0][0][0][0]','0x0000','fltp','44100','2','stereo','0','0/0','0/0','1/14112000','0','0','3290112000','233.142857','170078','/media/pi/ZUKE/MUSIC/CDs/CD 60/02 - Part Time Lover - Warm-up.mp3');
insert into format ("filename","nb_streams","nb_programs","format_name","format_long_name","start_time","duration","size","bit_rate","probe_score","filepath") values ('/media/pi/ZUKE/MUSIC/CDs/CD 60/02 - Part Time Lover - Warm-up.mp3','1','0','mp3','MP2/3 (MPEG audio layer 2/3)','0','233.142857','4958336','170138','51','/media/pi/ZUKE/MUSIC/CDs/CD 60/02 - Part Time Lover - Warm-up.mp3');
insert into disposition ("default","dub","original","comment","lyrics","karaoke","forced","hearing_impaired","visual_impaired","clean_effects","attached_pic","timed_thumbnails","filepath") values ('0','0','0','0','0','0','0','0','0','0','0','0','/media/pi/ZUKE/MUSIC/CDs/CD 60/02 - Part Time Lover - Warm-up.mp3');
insert into tags ("album","composer","genre","title","artist","disc","track","filepath") values ('ZIN CD 60','Zumba Fitness','Warm-up','Part Time Lover','Zumba Fitness','1/1','02/14','/media/pi/ZUKE/MUSIC/CDs/CD 60/02 - Part Time Lover - Warm-up.mp3');
insert into mp3s ("filepath") values ('/media/pi/ZUKE/MUSIC/CDs/CD 60/02 - Part Time Lover - Warm-up.mp3');
insert into streams ("index","codec_name","codec_long_name","codec_type","codec_time_base","codec_tag_string","codec_tag","sample_fmt","sample_rate","channels","channel_layout","bits_per_sample","r_frame_rate","avg_frame_rate","time_base","start_pts","start_time","duration_ts","duration","bit_rate","filepath") values ('0','mp3','MP3 (MPEG audio layer 3)','audio','1/44100','[0][0][0][0]','0x0000','fltp','44100','2','stereo','0','0/0','0/0','1/14112000','0','0','2589327360','183.484082','162736','/media/pi/ZUKE/MUSIC/CDs/CD 60/03 - Venha (Remix) - Warm-up.mp3');
insert into format ("filename","nb_streams","nb_programs","format_name","format_long_name","start_time","duration","size","bit_rate","probe_score","filepath") values ('/media/pi/ZUKE/MUSIC/CDs/CD 60/03 - Venha (Remix) - Warm-up.mp3','1','0','mp3','MP2/3 (MPEG audio layer 2/3)','0','183.484082','3733632','162788','51','/media/pi/ZUKE/MUSIC/CDs/CD 60/03 - Venha (Remix) - Warm-up.mp3');
insert into disposition ("default","dub","original","comment","lyrics","karaoke","forced","hearing_impaired","visual_impaired","clean_effects","attached_pic","timed_thumbnails","filepath") values ('0','0','0','0','0','0','0','0','0','0','0','0','/media/pi/ZUKE/MUSIC/CDs/CD 60/03 - Venha (Remix) - Warm-up.mp3');
insert into tags ("album","composer","genre","title","artist","disc","track","filepath") values ('ZIN CD 60','Zumba Fitness','Warm-up','Venha (Remix)','Zumba Fitness','1/1','03/14','/media/pi/ZUKE/MUSIC/CDs/CD 60/03 - Venha (Remix) - Warm-up.mp3');
insert into mp3s ("filepath") values ('/media/pi/ZUKE/MUSIC/CDs/CD 60/03 - Venha (Remix) - Warm-up.mp3');
insert into streams ("index","codec_name","codec_long_name","codec_type","codec_time_base","codec_tag_string","codec_tag","sample_fmt","sample_rate","channels","channel_layout","bits_per_sample","r_frame_rate","avg_frame_rate","time_base","start_pts","start_time","duration_ts","duration","bit_rate","filepath") values ('0','mp3','MP3 (MPEG audio layer 3)','audio','1/44100','[0][0][0][0]','0x0000','fltp','44100','2','stereo','0','0/0','0/0','1/14112000','0','0','2712084480','192.182857','162617','/media/pi/ZUKE/MUSIC/CDs/CD 60/04 - Velocidad 6 - Merengue.mp3');
insert into format ("filename","nb_streams","nb_programs","format_name","format_long_name","start_time","duration","size","bit_rate","probe_score","filepath") values ('/media/pi/ZUKE/MUSIC/CDs/CD 60/04 - Velocidad 6 - Merengue.mp3','1','0','mp3','MP2/3 (MPEG audio layer 2/3)','0','192.182857','3907712','162666','51','/media/pi/ZUKE/MUSIC/CDs/CD 60/04 - Velocidad 6 - Merengue.mp3');
insert into disposition ("default","dub","original","comment","lyrics","karaoke","forced","hearing_impaired","visual_impaired","clean_effects","attached_pic","timed_thumbnails","filepath") values ('0','0','0','0','0','0','0','0','0','0','0','0','/media/pi/ZUKE/MUSIC/CDs/CD 60/04 - Velocidad 6 - Merengue.mp3');
insert into tags ("album","composer","genre","title","artist","disc","track","filepath") values ('ZIN CD 60','Zumba Fitness','Merengue','Velocidad 6','Zumba Fitness','1/1','04/14','/media/pi/ZUKE/MUSIC/CDs/CD 60/04 - Velocidad 6 - Merengue.mp3');
insert into mp3s ("filepath") values ('/media/pi/ZUKE/MUSIC/CDs/CD 60/04 - Velocidad 6 - Merengue.mp3');
insert into streams ("index","codec_name","codec_long_name","codec_type","codec_time_base","codec_tag_string","codec_tag","sample_fmt","sample_rate","channels","channel_layout","bits_per_sample","r_frame_rate","avg_frame_rate","time_base","start_pts","start_time","duration_ts","duration","bit_rate","filepath") values ('0','mp3','MP3 (MPEG audio layer 3)','audio','1/44100','[0][0][0][0]','0x0000','fltp','44100','2','stereo','0','0/0','0/0','1/14112000','0','0','3082567680','218.435918','160717','/media/pi/ZUKE/MUSIC/CDs/CD 60/05 - Boogie Boogie - Cha-cha-cha.mp3');
insert into format ("filename","nb_streams","nb_programs","format_name","format_long_name","start_time","duration","size","bit_rate","probe_score","filepath") values ('/media/pi/ZUKE/MUSIC/CDs/CD 60/05 - Boogie Boogie - Cha-cha-cha.mp3','1','0','mp3','MP2/3 (MPEG audio layer 2/3)','0','218.435918','4388992','160742','51','/media/pi/ZUKE/MUSIC/CDs/CD 60/05 - Boogie Boogie - Cha-cha-cha.mp3');
insert into disposition ("default","dub","original","comment","lyrics","karaoke","forced","hearing_impaired","visual_impaired","clean_effects","attached_pic","timed_thumbnails","filepath") values ('0','0','0','0','0','0','0','0','0','0','0','0','/media/pi/ZUKE/MUSIC/CDs/CD 60/05 - Boogie Boogie - Cha-cha-cha.mp3');
insert into tags ("album","composer","genre","title","artist","disc","track","filepath") values ('ZIN CD 60','Zumba Fitness','Cha-Cha-Cha','Boogie Boogie','Zumba Fitness','1/1','05/14','/media/pi/ZUKE/MUSIC/CDs/CD 60/05 - Boogie Boogie - Cha-cha-cha.mp3');
insert into mp3s ("filepath") values ('/media/pi/ZUKE/MUSIC/CDs/CD 60/05 - Boogie Boogie - Cha-cha-cha.mp3');
insert into streams ("index","codec_name","codec_long_name","codec_type","codec_time_base","codec_tag_string","codec_tag","sample_fmt","sample_rate","channels","channel_layout","bits_per_sample","r_frame_rate","avg_frame_rate","time_base","start_pts","start_time","duration_ts","duration","bit_rate","filepath") values ('0','mp3','MP3 (MPEG audio layer 3)','audio','1/44100','[0][0][0][0]','0x0000','fltp','44100','2','stereo','0','0/0','0/0','1/14112000','0','0','2724986880','193.097143','162534','/media/pi/ZUKE/MUSIC/CDs/CD 60/06 - Guaya Guaya - Reggaeton.mp3');
insert into format ("filename","nb_streams","nb_programs","format_name","format_long_name","start_time","duration","size","bit_rate","probe_score","filepath") values ('/media/pi/ZUKE/MUSIC/CDs/CD 60/06 - Guaya Guaya - Reggaeton.mp3','1','0','mp3','MP2/3 (MPEG audio layer 2/3)','0','193.097143','3924096','162574','51','/media/pi/ZUKE/MUSIC/CDs/CD 60/06 - Guaya Guaya - Reggaeton.mp3');
insert into disposition ("default","dub","original","comment","lyrics","karaoke","forced","hearing_impaired","visual_impaired","clean_effects","attached_pic","timed_thumbnails","filepath") values ('0','0','0','0','0','0','0','0','0','0','0','0','/media/pi/ZUKE/MUSIC/CDs/CD 60/06 - Guaya Guaya - Reggaeton.mp3');
insert into tags ("album","composer","genre","title","artist","disc","track","filepath") values ('ZIN CD 60','Zumba Fitness','Reggaeton','Guaya Guaya','Zumba Fitness','1/1','06/14','/media/pi/ZUKE/MUSIC/CDs/CD 60/06 - Guaya Guaya - Reggaeton.mp3');
insert into mp3s ("filepath") values ('/media/pi/ZUKE/MUSIC/CDs/CD 60/06 - Guaya Guaya - Reggaeton.mp3');
insert into streams ("index","codec_name","codec_long_name","codec_type","codec_time_base","codec_tag_string","codec_tag","sample_fmt","sample_rate","channels","channel_layout","bits_per_sample","r_frame_rate","avg_frame_rate","time_base","start_pts","start_time","duration_ts","duration","bit_rate","filepath") values ('0','mp3','MP3 (MPEG audio layer 3)','audio','1/44100','[0][0][0][0]','0x0000','fltp','44100','2','stereo','0','0/0','0/0','1/14112000','0','0','3114639360','220.708571','160688','/media/pi/ZUKE/MUSIC/CDs/CD 60/07 - Cumbia Anthem - Cumbia.mp3');
insert into format ("filename","nb_streams","nb_programs","format_name","format_long_name","start_time","duration","size","bit_rate","probe_score","filepath") values ('/media/pi/ZUKE/MUSIC/CDs/CD 60/07 - Cumbia Anthem - Cumbia.mp3','1','0','mp3','MP2/3 (MPEG audio layer 2/3)','0','220.708571','4434048','160720','51','/media/pi/ZUKE/MUSIC/CDs/CD 60/07 - Cumbia Anthem - Cumbia.mp3');
insert into disposition ("default","dub","original","comment","lyrics","karaoke","forced","hearing_impaired","visual_impaired","clean_effects","attached_pic","timed_thumbnails","filepath") values ('0','0','0','0','0','0','0','0','0','0','0','0','/media/pi/ZUKE/MUSIC/CDs/CD 60/07 - Cumbia Anthem - Cumbia.mp3');
insert into tags ("album","composer","genre","title","artist","disc","track","filepath") values ('ZIN CD 60','Zumba Fitness','Cumbia','Cumbia Anthem','Zumba Fitness','1/1','07/14','/media/pi/ZUKE/MUSIC/CDs/CD 60/07 - Cumbia Anthem - Cumbia.mp3');
insert into mp3s ("filepath") values ('/media/pi/ZUKE/MUSIC/CDs/CD 60/07 - Cumbia Anthem - Cumbia.mp3');
insert into streams ("index","codec_name","codec_long_name","codec_type","codec_time_base","codec_tag_string","codec_tag","sample_fmt","sample_rate","channels","channel_layout","bits_per_sample","r_frame_rate","avg_frame_rate","time_base","start_pts","start_time","duration_ts","duration","bit_rate","filepath") values ('0','mp3','MP3 (MPEG audio layer 3)','audio','1/44100','[0][0][0][0]','0x0000','fltp','44100','2','stereo','0','0/0','0/0','1/14112000','0','0','2796871680','198.191020','169195','/media/pi/ZUKE/MUSIC/CDs/CD 60/08 - 7 locas (Dembow Version) - Dembow.mp3');
insert into format ("filename","nb_streams","nb_programs","format_name","format_long_name","start_time","duration","size","bit_rate","probe_score","filepath") values ('/media/pi/ZUKE/MUSIC/CDs/CD 60/08 - 7 locas (Dembow Version) - Dembow.mp3','1','0','mp3','MP2/3 (MPEG audio layer 2/3)','0','198.191020','4192384','169225','51','/media/pi/ZUKE/MUSIC/CDs/CD 60/08 - 7 locas (Dembow Version) - Dembow.mp3');
insert into disposition ("default","dub","original","comment","lyrics","karaoke","forced","hearing_impaired","visual_impaired","clean_effects","attached_pic","timed_thumbnails","filepath") values ('0','0','0','0','0','0','0','0','0','0','0','0','/media/pi/ZUKE/MUSIC/CDs/CD 60/08 - 7 locas (Dembow Version) - Dembow.mp3');
insert into tags ("album","composer","genre","title","artist","disc","track","filepath") values ('ZIN CD 60','Zumba Fitness','Dembow','7 locas (Dembow Version)','Zumba Fitness','1/1','08/14','/media/pi/ZUKE/MUSIC/CDs/CD 60/08 - 7 locas (Dembow Version) - Dembow.mp3');
insert into mp3s ("filepath") values ('/media/pi/ZUKE/MUSIC/CDs/CD 60/08 - 7 locas (Dembow Version) - Dembow.mp3');
insert into streams ("index","codec_name","codec_long_name","codec_type","codec_time_base","codec_tag_string","codec_tag","sample_fmt","sample_rate","channels","channel_layout","bits_per_sample","r_frame_rate","avg_frame_rate","time_base","start_pts","start_time","duration_ts","duration","bit_rate","filepath") values ('0','mp3','MP3 (MPEG audio layer 3)','audio','1/44100','[0][0][0][0]','0x0000','fltp','44100','2','stereo','0','0/0','0/0','1/14112000','0','0','3091415040','219.062857','157244','/media/pi/ZUKE/MUSIC/CDs/CD 60/09 - Lamento Boliviano - Bachata.mp3');
insert into format ("filename","nb_streams","nb_programs","format_name","format_long_name","start_time","duration","size","bit_rate","probe_score","filepath") values ('/media/pi/ZUKE/MUSIC/CDs/CD 60/09 - Lamento Boliviano - Bachata.mp3','1','0','mp3','MP2/3 (MPEG audio layer 2/3)','0','219.062857','4307072','157290','51','/media/pi/ZUKE/MUSIC/CDs/CD 60/09 - Lamento Boliviano - Bachata.mp3');
insert into disposition ("default","dub","original","comment","lyrics","karaoke","forced","hearing_impaired","visual_impaired","clean_effects","attached_pic","timed_thumbnails","filepath") values ('0','0','0','0','0','0','0','0','0','0','0','0','/media/pi/ZUKE/MUSIC/CDs/CD 60/09 - Lamento Boliviano - Bachata.mp3');
insert into tags ("album","composer","genre","title","artist","disc","track","filepath") values ('ZIN CD 60','Zumba Fitness','Bachata','Lamento Boliviano','Zumba Fitness','1/1','09/14','/media/pi/ZUKE/MUSIC/CDs/CD 60/09 - Lamento Boliviano - Bachata.mp3');
insert into mp3s ("filepath") values ('/media/pi/ZUKE/MUSIC/CDs/CD 60/09 - Lamento Boliviano - Bachata.mp3');
insert into streams ("index","codec_name","codec_long_name","codec_type","codec_time_base","codec_tag_string","codec_tag","sample_fmt","sample_rate","channels","channel_layout","bits_per_sample","r_frame_rate","avg_frame_rate","time_base","start_pts","start_time","duration_ts","duration","bit_rate","filepath") values ('0','mp3','MP3 (MPEG audio layer 3)','audio','1/44100','[0][0][0][0]','0x0000','fltp','44100','2','stereo','0','0/0','0/0','1/14112000','0','0','3214540800','227.787755','158334','/media/pi/ZUKE/MUSIC/CDs/CD 60/10 - Brazilian Carnaval - Samba.mp3');
insert into format ("filename","nb_streams","nb_programs","format_name","format_long_name","start_time","duration","size","bit_rate","probe_score","filepath") values ('/media/pi/ZUKE/MUSIC/CDs/CD 60/10 - Brazilian Carnaval - Samba.mp3','1','0','mp3','MP2/3 (MPEG audio layer 2/3)','0','227.787755','4509824','158386','51','/media/pi/ZUKE/MUSIC/CDs/CD 60/10 - Brazilian Carnaval - Samba.mp3');
insert into disposition ("default","dub","original","comment","lyrics","karaoke","forced","hearing_impaired","visual_impaired","clean_effects","attached_pic","timed_thumbnails","filepath") values ('0','0','0','0','0','0','0','0','0','0','0','0','/media/pi/ZUKE/MUSIC/CDs/CD 60/10 - Brazilian Carnaval - Samba.mp3');
insert into tags ("album","composer","genre","title","artist","disc","track","filepath") values ('ZIN CD 60','Zumba Fitness','Samba','Brazilian Carnaval','Zumba Fitness','1/1','10/14','/media/pi/ZUKE/MUSIC/CDs/CD 60/10 - Brazilian Carnaval - Samba.mp3');
insert into mp3s ("filepath") values ('/media/pi/ZUKE/MUSIC/CDs/CD 60/10 - Brazilian Carnaval - Samba.mp3');
insert into streams ("index","codec_name","codec_long_name","codec_type","codec_time_base","codec_tag_string","codec_tag","sample_fmt","sample_rate","channels","channel_layout","bits_per_sample","r_frame_rate","avg_frame_rate","time_base","start_pts","start_time","duration_ts","duration","bit_rate","filepath") values ('0','mp3','MP3 (MPEG audio layer 3)','audio','1/44100','[0][0][0][0]','0x0000','fltp','44100','2','stereo','0','0/0','0/0','1/14112000','0','0','2741207040','194.246531','162029','/media/pi/ZUKE/MUSIC/CDs/CD 60/11 - Express Yourself Chugeder - Zumba Wolrd Fusion.mp3');
insert into format ("filename","nb_streams","nb_programs","format_name","format_long_name","start_time","duration","size","bit_rate","probe_score","filepath") values ('/media/pi/ZUKE/MUSIC/CDs/CD 60/11 - Express Yourself Chugeder - Zumba Wolrd Fusion.mp3','1','0','mp3','MP2/3 (MPEG audio layer 2/3)','0','194.246531','3936384','162119','51','/media/pi/ZUKE/MUSIC/CDs/CD 60/11 - Express Yourself Chugeder - Zumba Wolrd Fusion.mp3');
insert into disposition ("default","dub","original","comment","lyrics","karaoke","forced","hearing_impaired","visual_impaired","clean_effects","attached_pic","timed_thumbnails","filepath") values ('0','0','0','0','0','0','0','0','0','0','0','0','/media/pi/ZUKE/MUSIC/CDs/CD 60/11 - Express Yourself Chugeder - Zumba Wolrd Fusion.mp3');
insert into tags ("album","composer","genre","title","artist","disc","track","filepath") values ('ZIN CD 60','Zumba Fitness','Zumba Wolrd Fusion','Express Yourself Chugeder','Zumba Fitness','1/1','11/14','/media/pi/ZUKE/MUSIC/CDs/CD 60/11 - Express Yourself Chugeder - Zumba Wolrd Fusion.mp3');
insert into mp3s ("filepath") values ('/media/pi/ZUKE/MUSIC/CDs/CD 60/11 - Express Yourself Chugeder - Zumba Wolrd Fusion.mp3');
insert into streams ("index","codec_name","codec_long_name","codec_type","codec_time_base","codec_tag_string","codec_tag","sample_fmt","sample_rate","channels","channel_layout","bits_per_sample","r_frame_rate","avg_frame_rate","time_base","start_pts","start_time","duration_ts","duration","bit_rate","filepath") values ('0','mp3','MP3 (MPEG audio layer 3)','audio','1/44100','[0][0][0][0]','0x0000','fltp','44100','2','stereo','0','0/0','0/0','1/14112000','0','0','5012766720','355.213061','182752','/media/pi/ZUKE/MUSIC/CDs/CD 60/12 - No Quiero Cuento - Salsa.mp3');
insert into format ("filename","nb_streams","nb_programs","format_name","format_long_name","start_time","duration","size","bit_rate","probe_score","filepath") values ('/media/pi/ZUKE/MUSIC/CDs/CD 60/12 - No Quiero Cuento - Salsa.mp3','1','0','mp3','MP2/3 (MPEG audio layer 2/3)','0','355.213061','8116352','182793','51','/media/pi/ZUKE/MUSIC/CDs/CD 60/12 - No Quiero Cuento - Salsa.mp3');
insert into disposition ("default","dub","original","comment","lyrics","karaoke","forced","hearing_impaired","visual_impaired","clean_effects","attached_pic","timed_thumbnails","filepath") values ('0','0','0','0','0','0','0','0','0','0','0','0','/media/pi/ZUKE/MUSIC/CDs/CD 60/12 - No Quiero Cuento - Salsa.mp3');
insert into tags ("album","composer","genre","title","artist","disc","track","filepath") values ('ZIN CD 60','Zumba Fitness','Salsa','No Quiero Cuento','Zumba Fitness','1/1','12/14','/media/pi/ZUKE/MUSIC/CDs/CD 60/12 - No Quiero Cuento - Salsa.mp3');
insert into mp3s ("filepath") values ('/media/pi/ZUKE/MUSIC/CDs/CD 60/12 - No Quiero Cuento - Salsa.mp3');
insert into streams ("index","codec_name","codec_long_name","codec_type","codec_time_base","codec_tag_string","codec_tag","sample_fmt","sample_rate","channels","channel_layout","bits_per_sample","r_frame_rate","avg_frame_rate","time_base","start_pts","start_time","duration_ts","duration","bit_rate","filepath") values ('0','mp3','MP3 (MPEG audio layer 3)','audio','1/44100','[0][0][0][0]','0x0000','fltp','44100','2','stereo','0','0/0','0/0','1/14112000','0','0','3233710080','229.146122','151141','/media/pi/ZUKE/MUSIC/CDs/CD 60/13 - Time After Time - Cooldown.mp3');
insert into format ("filename","nb_streams","nb_programs","format_name","format_long_name","start_time","duration","size","bit_rate","probe_score","filepath") values ('/media/pi/ZUKE/MUSIC/CDs/CD 60/13 - Time After Time - Cooldown.mp3','1','0','mp3','MP2/3 (MPEG audio layer 2/3)','0','229.146122','4329600','151155','51','/media/pi/ZUKE/MUSIC/CDs/CD 60/13 - Time After Time - Cooldown.mp3');
insert into disposition ("default","dub","original","comment","lyrics","karaoke","forced","hearing_impaired","visual_impaired","clean_effects","attached_pic","timed_thumbnails","filepath") values ('0','0','0','0','0','0','0','0','0','0','0','0','/media/pi/ZUKE/MUSIC/CDs/CD 60/13 - Time After Time - Cooldown.mp3');
insert into tags ("album","composer","genre","title","artist","disc","track","filepath") values ('ZIN CD 60','Zumba Fitness','Cooldown','Time After Time','Zumba Fitness','1/1','13/14','/media/pi/ZUKE/MUSIC/CDs/CD 60/13 - Time After Time - Cooldown.mp3');
insert into mp3s ("filepath") values ('/media/pi/ZUKE/MUSIC/CDs/CD 60/13 - Time After Time - Cooldown.mp3');
insert into streams ("index","codec_name","codec_long_name","codec_type","codec_time_base","codec_tag_string","codec_tag","sample_fmt","sample_rate","channels","channel_layout","bits_per_sample","r_frame_rate","avg_frame_rate","time_base","start_pts","start_time","duration_ts","duration","bit_rate","filepath") values ('0','mp3','MP3 (MPEG audio layer 3)','audio','1/44100','[0][0][0][0]','0x0000','fltp','44100','2','stereo','0','0/0','0/0','1/14112000','0','0','8495677440','602.017959','161908','/media/pi/ZUKE/MUSIC/CDs/CD 60/14 - Lamento Boliviano - Boogie Boogie - Guaya Guaya - DJ Mix.mp3');
insert into format ("filename","nb_streams","nb_programs","format_name","format_long_name","start_time","duration","size","bit_rate","probe_score","filepath") values ('/media/pi/ZUKE/MUSIC/CDs/CD 60/14 - Lamento Boliviano - Boogie Boogie - Guaya Guaya - DJ Mix.mp3','1','0','mp3','MP2/3 (MPEG audio layer 2/3)','0','602.017959','12185728','161931','51','/media/pi/ZUKE/MUSIC/CDs/CD 60/14 - Lamento Boliviano - Boogie Boogie - Guaya Guaya - DJ Mix.mp3');
insert into disposition ("default","dub","original","comment","lyrics","karaoke","forced","hearing_impaired","visual_impaired","clean_effects","attached_pic","timed_thumbnails","filepath") values ('0','0','0','0','0','0','0','0','0','0','0','0','/media/pi/ZUKE/MUSIC/CDs/CD 60/14 - Lamento Boliviano - Boogie Boogie - Guaya Guaya - DJ Mix.mp3');
insert into tags ("album","composer","genre","title","artist","disc","track","filepath") values ('ZIN CD 60','Zumba Fitness','DJ Mix','Lamento Boliviano - Boogie Boogie - Guaya Guaya','Zumba Fitness','1/1','14/14','/media/pi/ZUKE/MUSIC/CDs/CD 60/14 - Lamento Boliviano - Boogie Boogie - Guaya Guaya - DJ Mix.mp3');
insert into mp3s ("filepath") values ('/media/pi/ZUKE/MUSIC/CDs/CD 60/14 - Lamento Boliviano - Boogie Boogie - Guaya Guaya - DJ Mix.mp3');
insert into streams ("index","codec_name","codec_long_name","codec_type","codec_time_base","codec_tag_string","codec_tag","sample_fmt","sample_rate","channels","channel_layout","bits_per_sample","r_frame_rate","avg_frame_rate","time_base","start_pts","start_time","duration_ts","duration","bit_rate","filepath") values ('0','mp3','MP3 (MPEG audio layer 3)','audio','1/44100','[0][0][0][0]','0x0000','fltp','44100','2','stereo','0','0/0','0/0','1/14112000','0','0','2633195520','186.592653','161854','/media/pi/ZUKE/MUSIC/CDs/CD 61/01 - Beat Go Pop (Remix) - Warm-up.mp3');
insert into format ("filename","nb_streams","nb_programs","format_name","format_long_name","start_time","duration","size","bit_rate","probe_score","filepath") values ('/media/pi/ZUKE/MUSIC/CDs/CD 61/01 - Beat Go Pop (Remix) - Warm-up.mp3','1','0','mp3','MP2/3 (MPEG audio layer 2/3)','0','186.592653','3776640','161920','51','/media/pi/ZUKE/MUSIC/CDs/CD 61/01 - Beat Go Pop (Remix) - Warm-up.mp3');
insert into disposition ("default","dub","original","comment","lyrics","karaoke","forced","hearing_impaired","visual_impaired","clean_effects","attached_pic","timed_thumbnails","filepath") values ('0','0','0','0','0','0','0','0','0','0','0','0','/media/pi/ZUKE/MUSIC/CDs/CD 61/01 - Beat Go Pop (Remix) - Warm-up.mp3');
insert into tags ("album","composer","genre","title","artist","disc","track","filepath") values ('ZIN CD 61','Zumba Fitness','Warm-up','Beat Go Pop (Remix)','Zumba Fitness','1/1','01/14','/media/pi/ZUKE/MUSIC/CDs/CD 61/01 - Beat Go Pop (Remix) - Warm-up.mp3');
insert into mp3s ("filepath") values ('/media/pi/ZUKE/MUSIC/CDs/CD 61/01 - Beat Go Pop (Remix) - Warm-up.mp3');
insert into streams ("index","codec_name","codec_long_name","codec_type","codec_time_base","codec_tag_string","codec_tag","sample_fmt","sample_rate","channels","channel_layout","bits_per_sample","r_frame_rate","avg_frame_rate","time_base","start_pts","start_time","duration_ts","duration","bit_rate","filepath") values ('0','mp3','MP3 (MPEG audio layer 3)','audio','1/44100','[0][0][0][0]','0x0000','fltp','44100','2','stereo','0','0/0','0/0','1/14112000','0','0','3083673600','218.514286','156618','/media/pi/ZUKE/MUSIC/CDs/CD 61/02 - Me Fascina - Warm-up.mp3');
insert into format ("filename","nb_streams","nb_programs","format_name","format_long_name","start_time","duration","size","bit_rate","probe_score","filepath") values ('/media/pi/ZUKE/MUSIC/CDs/CD 61/02 - Me Fascina - Warm-up.mp3','1','0','mp3','MP2/3 (MPEG audio layer 2/3)','0','218.514286','4278400','156635','51','/media/pi/ZUKE/MUSIC/CDs/CD 61/02 - Me Fascina - Warm-up.mp3');
insert into disposition ("default","dub","original","comment","lyrics","karaoke","forced","hearing_impaired","visual_impaired","clean_effects","attached_pic","timed_thumbnails","filepath") values ('0','0','0','0','0','0','0','0','0','0','0','0','/media/pi/ZUKE/MUSIC/CDs/CD 61/02 - Me Fascina - Warm-up.mp3');
insert into tags ("album","composer","genre","title","artist","disc","track","filepath") values ('ZIN CD 61','Zumba Fitness','Warm-up','Me Fascina','Zumba Fitness','1/1','02/14','/media/pi/ZUKE/MUSIC/CDs/CD 61/02 - Me Fascina - Warm-up.mp3');
insert into mp3s ("filepath") values ('/media/pi/ZUKE/MUSIC/CDs/CD 61/02 - Me Fascina - Warm-up.mp3');
insert into streams ("index","codec_name","codec_long_name","codec_type","codec_time_base","codec_tag_string","codec_tag","sample_fmt","sample_rate","channels","channel_layout","bits_per_sample","r_frame_rate","avg_frame_rate","time_base","start_pts","start_time","duration_ts","duration","bit_rate","filepath") values ('0','mp3','MP3 (MPEG audio layer 3)','audio','1/44100','[0][0][0][0]','0x0000','fltp','44100','2','stereo','0','0/0','0/0','1/14112000','0','0','3466321920','245.629388','158952','/media/pi/ZUKE/MUSIC/CDs/CD 61/03 - Maniac - Warm-up.mp3');
insert into format ("filename","nb_streams","nb_programs","format_name","format_long_name","start_time","duration","size","bit_rate","probe_score","filepath") values ('/media/pi/ZUKE/MUSIC/CDs/CD 61/03 - Maniac - Warm-up.mp3','1','0','mp3','MP2/3 (MPEG audio layer 2/3)','0','245.629388','4882560','159022','51','/media/pi/ZUKE/MUSIC/CDs/CD 61/03 - Maniac - Warm-up.mp3');
insert into disposition ("default","dub","original","comment","lyrics","karaoke","forced","hearing_impaired","visual_impaired","clean_effects","attached_pic","timed_thumbnails","filepath") values ('0','0','0','0','0','0','0','0','0','0','0','0','/media/pi/ZUKE/MUSIC/CDs/CD 61/03 - Maniac - Warm-up.mp3');
insert into tags ("album","composer","genre","title","artist","disc","track","filepath") values ('ZIN CD 61','Zumba Fitness','Warm-up','Maniac','Zumba Fitness','1/1','03/14','/media/pi/ZUKE/MUSIC/CDs/CD 61/03 - Maniac - Warm-up.mp3');
insert into mp3s ("filepath") values ('/media/pi/ZUKE/MUSIC/CDs/CD 61/03 - Maniac - Warm-up.mp3');
insert into streams ("index","codec_name","codec_long_name","codec_type","codec_time_base","codec_tag_string","codec_tag","sample_fmt","sample_rate","channels","channel_layout","bits_per_sample","r_frame_rate","avg_frame_rate","time_base","start_pts","start_time","duration_ts","duration","bit_rate","filepath") values ('0','mp3','MP3 (MPEG audio layer 3)','audio','1/44100','[0][0][0][0]','0x0000','fltp','44100','2','stereo','0','0/0','0/0','1/14112000','0','0','2945802240','208.744490','159365','/media/pi/ZUKE/MUSIC/CDs/CD 61/04 - Pa'' Ponerte En On - Merengue.mp3');
insert into format ("filename","nb_streams","nb_programs","format_name","format_long_name","start_time","duration","size","bit_rate","probe_score","filepath") values ('/media/pi/ZUKE/MUSIC/CDs/CD 61/04 - Pa'' Ponerte En On - Merengue.mp3','1','0','mp3','MP2/3 (MPEG audio layer 2/3)','0','208.744490','4159616','159414','51','/media/pi/ZUKE/MUSIC/CDs/CD 61/04 - Pa'' Ponerte En On - Merengue.mp3');
insert into disposition ("default","dub","original","comment","lyrics","karaoke","forced","hearing_impaired","visual_impaired","clean_effects","attached_pic","timed_thumbnails","filepath") values ('0','0','0','0','0','0','0','0','0','0','0','0','/media/pi/ZUKE/MUSIC/CDs/CD 61/04 - Pa'' Ponerte En On - Merengue.mp3');
insert into tags ("album","composer","genre","title","artist","disc","track","filepath") values ('ZIN CD 61','Zumba Fitness','Merengue','Pa'' Ponerte En On','Zumba Fitness','1/1','04/14','/media/pi/ZUKE/MUSIC/CDs/CD 61/04 - Pa'' Ponerte En On - Merengue.mp3');
insert into mp3s ("filepath") values ('/media/pi/ZUKE/MUSIC/CDs/CD 61/04 - Pa'' Ponerte En On - Merengue.mp3');
insert into streams ("index","codec_name","codec_long_name","codec_type","codec_time_base","codec_tag_string","codec_tag","sample_fmt","sample_rate","channels","channel_layout","bits_per_sample","r_frame_rate","avg_frame_rate","time_base","start_pts","start_time","duration_ts","duration","bit_rate","filepath") values ('0','mp3','MP3 (MPEG audio layer 3)','audio','1/44100','[0][0][0][0]','0x0000','fltp','44100','2','stereo','0','0/0','0/0','1/14112000','0','0','3023585280','214.256327','171210','/media/pi/ZUKE/MUSIC/CDs/CD 61/05 - Dificil - Salsa.mp3');
insert into format ("filename","nb_streams","nb_programs","format_name","format_long_name","start_time","duration","size","bit_rate","probe_score","filepath") values ('/media/pi/ZUKE/MUSIC/CDs/CD 61/05 - Dificil - Salsa.mp3','1','0','mp3','MP2/3 (MPEG audio layer 2/3)','0','214.256327','4587648','171295','51','/media/pi/ZUKE/MUSIC/CDs/CD 61/05 - Dificil - Salsa.mp3');
insert into disposition ("default","dub","original","comment","lyrics","karaoke","forced","hearing_impaired","visual_impaired","clean_effects","attached_pic","timed_thumbnails","filepath") values ('0','0','0','0','0','0','0','0','0','0','0','0','/media/pi/ZUKE/MUSIC/CDs/CD 61/05 - Dificil - Salsa.mp3');
insert into tags ("album","composer","genre","title","artist","disc","track","filepath") values ('ZIN CD 61','Zumba Fitness','Salsa','Dificil','Zumba Fitness','1/1','05/14','/media/pi/ZUKE/MUSIC/CDs/CD 61/05 - Dificil - Salsa.mp3');
insert into mp3s ("filepath") values ('/media/pi/ZUKE/MUSIC/CDs/CD 61/05 - Dificil - Salsa.mp3');
insert into streams ("index","codec_name","codec_long_name","codec_type","codec_time_base","codec_tag_string","codec_tag","sample_fmt","sample_rate","channels","channel_layout","bits_per_sample","r_frame_rate","avg_frame_rate","time_base","start_pts","start_time","duration_ts","duration","bit_rate","filepath") values ('0','mp3','MP3 (MPEG audio layer 3)','audio','1/44100','[0][0][0][0]','0x0000','fltp','44100','2','stereo','0','0/0','0/0','1/14112000','0','0','2542510080','180.166531','158628','/media/pi/ZUKE/MUSIC/CDs/CD 61/06 - Picky - Reggaeton.mp3');
insert into format ("filename","nb_streams","nb_programs","format_name","format_long_name","start_time","duration","size","bit_rate","probe_score","filepath") values ('/media/pi/ZUKE/MUSIC/CDs/CD 61/06 - Picky - Reggaeton.mp3','1','0','mp3','MP2/3 (MPEG audio layer 2/3)','0','180.166531','3573888','158692','51','/media/pi/ZUKE/MUSIC/CDs/CD 61/06 - Picky - Reggaeton.mp3');
insert into disposition ("default","dub","original","comment","lyrics","karaoke","forced","hearing_impaired","visual_impaired","clean_effects","attached_pic","timed_thumbnails","filepath") values ('0','0','0','0','0','0','0','0','0','0','0','0','/media/pi/ZUKE/MUSIC/CDs/CD 61/06 - Picky - Reggaeton.mp3');
insert into tags ("album","composer","genre","title","artist","disc","track","filepath") values ('ZIN CD 61','Zumba Fitness','Reggaeton','Picky','Zumba Fitness','1/1','06/14','/media/pi/ZUKE/MUSIC/CDs/CD 61/06 - Picky - Reggaeton.mp3');
insert into mp3s ("filepath") values ('/media/pi/ZUKE/MUSIC/CDs/CD 61/06 - Picky - Reggaeton.mp3');
insert into streams ("index","codec_name","codec_long_name","codec_type","codec_time_base","codec_tag_string","codec_tag","sample_fmt","sample_rate","channels","channel_layout","bits_per_sample","r_frame_rate","avg_frame_rate","time_base","start_pts","start_time","duration_ts","duration","bit_rate","filepath") values ('0','mp3','MP3 (MPEG audio layer 3)','audio','1/44100','[0][0][0][0]','0x0000','fltp','44100','2','stereo','0','0/0','0/0','1/14112000','0','0','3889889280','275.644082','167315','/media/pi/ZUKE/MUSIC/CDs/CD 61/07 - Indian Passion - Bhangra - Cumbia.mp3');
insert into format ("filename","nb_streams","nb_programs","format_name","format_long_name","start_time","duration","size","bit_rate","probe_score","filepath") values ('/media/pi/ZUKE/MUSIC/CDs/CD 61/07 - Indian Passion - Bhangra - Cumbia.mp3','1','0','mp3','MP2/3 (MPEG audio layer 2/3)','0','275.644082','5765248','167324','51','/media/pi/ZUKE/MUSIC/CDs/CD 61/07 - Indian Passion - Bhangra - Cumbia.mp3');
insert into disposition ("default","dub","original","comment","lyrics","karaoke","forced","hearing_impaired","visual_impaired","clean_effects","attached_pic","timed_thumbnails","filepath") values ('0','0','0','0','0','0','0','0','0','0','0','0','/media/pi/ZUKE/MUSIC/CDs/CD 61/07 - Indian Passion - Bhangra - Cumbia.mp3');
insert into tags ("album","composer","genre","title","artist","disc","track","filepath") values ('ZIN CD 61','Zumba Fitness','Bhangra,Cumbia','Indian Passion','Zumba Fitness','1/1','07/14','/media/pi/ZUKE/MUSIC/CDs/CD 61/07 - Indian Passion - Bhangra - Cumbia.mp3');
insert into mp3s ("filepath") values ('/media/pi/ZUKE/MUSIC/CDs/CD 61/07 - Indian Passion - Bhangra - Cumbia.mp3');
insert into streams ("index","codec_name","codec_long_name","codec_type","codec_time_base","codec_tag_string","codec_tag","sample_fmt","sample_rate","channels","channel_layout","bits_per_sample","r_frame_rate","avg_frame_rate","time_base","start_pts","start_time","duration_ts","duration","bit_rate","filepath") values ('0','mp3','MP3 (MPEG audio layer 3)','audio','1/44100','[0][0][0][0]','0x0000','fltp','44100','2','stereo','0','0/0','0/0','1/14112000','0','0','2777333760','196.806531','149170','/media/pi/ZUKE/MUSIC/CDs/CD 61/08 - Nadie Nos Va a Parar - Merengue Electronico.mp3');
insert into format ("filename","nb_streams","nb_programs","format_name","format_long_name","start_time","duration","size","bit_rate","probe_score","filepath") values ('/media/pi/ZUKE/MUSIC/CDs/CD 61/08 - Nadie Nos Va a Parar - Merengue Electronico.mp3','1','0','mp3','MP2/3 (MPEG audio layer 2/3)','0','196.806531','3670144','149187','51','/media/pi/ZUKE/MUSIC/CDs/CD 61/08 - Nadie Nos Va a Parar - Merengue Electronico.mp3');
insert into disposition ("default","dub","original","comment","lyrics","karaoke","forced","hearing_impaired","visual_impaired","clean_effects","attached_pic","timed_thumbnails","filepath") values ('0','0','0','0','0','0','0','0','0','0','0','0','/media/pi/ZUKE/MUSIC/CDs/CD 61/08 - Nadie Nos Va a Parar - Merengue Electronico.mp3');
insert into tags ("album","composer","genre","title","artist","disc","track","filepath") values ('ZIN CD 61','Zumba Fitness','Merengue Electronico','Nadie Nos Va a Parar','Zumba Fitness','1/1','08/14','/media/pi/ZUKE/MUSIC/CDs/CD 61/08 - Nadie Nos Va a Parar - Merengue Electronico.mp3');
insert into mp3s ("filepath") values ('/media/pi/ZUKE/MUSIC/CDs/CD 61/08 - Nadie Nos Va a Parar - Merengue Electronico.mp3');
insert into streams ("index","codec_name","codec_long_name","codec_type","codec_time_base","codec_tag_string","codec_tag","sample_fmt","sample_rate","channels","channel_layout","bits_per_sample","r_frame_rate","avg_frame_rate","time_base","start_pts","start_time","duration_ts","duration","bit_rate","filepath") values ('0','mp3','MP3 (MPEG audio layer 3)','audio','1/44100','[0][0][0][0]','0x0000','fltp','44100','2','stereo','0','0/0','0/0','1/14112000','0','0','3297853440','233.691429','157144','/media/pi/ZUKE/MUSIC/CDs/CD 61/09 - Make Love - J-Pop.mp3');
insert into format ("filename","nb_streams","nb_programs","format_name","format_long_name","start_time","duration","size","bit_rate","probe_score","filepath") values ('/media/pi/ZUKE/MUSIC/CDs/CD 61/09 - Make Love - J-Pop.mp3','1','0','mp3','MP2/3 (MPEG audio layer 2/3)','0','233.691429','4591744','157189','51','/media/pi/ZUKE/MUSIC/CDs/CD 61/09 - Make Love - J-Pop.mp3');
insert into disposition ("default","dub","original","comment","lyrics","karaoke","forced","hearing_impaired","visual_impaired","clean_effects","attached_pic","timed_thumbnails","filepath") values ('0','0','0','0','0','0','0','0','0','0','0','0','/media/pi/ZUKE/MUSIC/CDs/CD 61/09 - Make Love - J-Pop.mp3');
insert into tags ("album","composer","genre","title","artist","disc","track","filepath") values ('ZIN CD 61','Zumba Fitness','J-Pop','Make Love','Zumba Fitness','1/1','09/14','/media/pi/ZUKE/MUSIC/CDs/CD 61/09 - Make Love - J-Pop.mp3');
insert into mp3s ("filepath") values ('/media/pi/ZUKE/MUSIC/CDs/CD 61/09 - Make Love - J-Pop.mp3');
insert into streams ("index","codec_name","codec_long_name","codec_type","codec_time_base","codec_tag_string","codec_tag","sample_fmt","sample_rate","channels","channel_layout","bits_per_sample","r_frame_rate","avg_frame_rate","time_base","start_pts","start_time","duration_ts","duration","bit_rate","filepath") values ('0','mp3','MP3 (MPEG audio layer 3)','audio','1/44100','[0][0][0][0]','0x0000','fltp','44100','2','stereo','0','0/0','0/0','1/14112000','0','0','2922577920','207.098776','160037','/media/pi/ZUKE/MUSIC/CDs/CD 61/10 - Yela Mama (Remix) - ElectroAfrican.mp3');
insert into format ("filename","nb_streams","nb_programs","format_name","format_long_name","start_time","duration","size","bit_rate","probe_score","filepath") values ('/media/pi/ZUKE/MUSIC/CDs/CD 61/10 - Yela Mama (Remix) - ElectroAfrican.mp3','1','0','mp3','MP2/3 (MPEG audio layer 2/3)','0','207.098776','4143232','160048','51','/media/pi/ZUKE/MUSIC/CDs/CD 61/10 - Yela Mama (Remix) - ElectroAfrican.mp3');
insert into disposition ("default","dub","original","comment","lyrics","karaoke","forced","hearing_impaired","visual_impaired","clean_effects","attached_pic","timed_thumbnails","filepath") values ('0','0','0','0','0','0','0','0','0','0','0','0','/media/pi/ZUKE/MUSIC/CDs/CD 61/10 - Yela Mama (Remix) - ElectroAfrican.mp3');
insert into tags ("album","composer","genre","title","artist","disc","track","filepath") values ('ZIN CD 61','Zumba Fitness','ElectroAfrican','Yela Mama (Remix)','Zumba Fitness','1/1','10/14','/media/pi/ZUKE/MUSIC/CDs/CD 61/10 - Yela Mama (Remix) - ElectroAfrican.mp3');
insert into mp3s ("filepath") values ('/media/pi/ZUKE/MUSIC/CDs/CD 61/10 - Yela Mama (Remix) - ElectroAfrican.mp3');
insert into streams ("index","codec_name","codec_long_name","codec_type","codec_time_base","codec_tag_string","codec_tag","sample_fmt","sample_rate","channels","channel_layout","bits_per_sample","r_frame_rate","avg_frame_rate","time_base","start_pts","start_time","duration_ts","duration","bit_rate","filepath") values ('0','mp3','MP3 (MPEG audio layer 3)','audio','1/44100','[0][0][0][0]','0x0000','fltp','44100','2','stereo','0','0/0','0/0','1/14112000','0','0','3575439360','253.361633','153633','/media/pi/ZUKE/MUSIC/CDs/CD 61/11 - Erupt - Soca.mp3');
insert into format ("filename","nb_streams","nb_programs","format_name","format_long_name","start_time","duration","size","bit_rate","probe_score","filepath") values ('/media/pi/ZUKE/MUSIC/CDs/CD 61/11 - Erupt - Soca.mp3','1','0','mp3','MP2/3 (MPEG audio layer 2/3)','0','253.361633','4866176','153651','51','/media/pi/ZUKE/MUSIC/CDs/CD 61/11 - Erupt - Soca.mp3');
insert into disposition ("default","dub","original","comment","lyrics","karaoke","forced","hearing_impaired","visual_impaired","clean_effects","attached_pic","timed_thumbnails","filepath") values ('0','0','0','0','0','0','0','0','0','0','0','0','/media/pi/ZUKE/MUSIC/CDs/CD 61/11 - Erupt - Soca.mp3');
insert into tags ("album","composer","genre","title","artist","disc","track","filepath") values ('ZIN CD 61','Zumba Fitness','Soca','Erupt','Zumba Fitness','1/1','11/14','/media/pi/ZUKE/MUSIC/CDs/CD 61/11 - Erupt - Soca.mp3');
insert into mp3s ("filepath") values ('/media/pi/ZUKE/MUSIC/CDs/CD 61/11 - Erupt - Soca.mp3');
insert into streams ("index","codec_name","codec_long_name","codec_type","codec_time_base","codec_tag_string","codec_tag","sample_fmt","sample_rate","channels","channel_layout","bits_per_sample","r_frame_rate","avg_frame_rate","time_base","start_pts","start_time","duration_ts","duration","bit_rate","filepath") values ('0','mp3','MP3 (MPEG audio layer 3)','audio','1/44100','[0][0][0][0]','0x0000','fltp','44100','2','stereo','0','0/0','0/0','1/14112000','0','0','3363471360','238.341224','160106','/media/pi/ZUKE/MUSIC/CDs/CD 61/12 - Wild Thing - Hip-Hop.mp3');
insert into format ("filename","nb_streams","nb_programs","format_name","format_long_name","start_time","duration","size","bit_rate","probe_score","filepath") values ('/media/pi/ZUKE/MUSIC/CDs/CD 61/12 - Wild Thing - Hip-Hop.mp3','1','0','mp3','MP2/3 (MPEG audio layer 2/3)','0','238.341224','4771968','160172','51','/media/pi/ZUKE/MUSIC/CDs/CD 61/12 - Wild Thing - Hip-Hop.mp3');
insert into disposition ("default","dub","original","comment","lyrics","karaoke","forced","hearing_impaired","visual_impaired","clean_effects","attached_pic","timed_thumbnails","filepath") values ('0','0','0','0','0','0','0','0','0','0','0','0','/media/pi/ZUKE/MUSIC/CDs/CD 61/12 - Wild Thing - Hip-Hop.mp3');
insert into tags ("album","composer","genre","title","artist","disc","track","filepath") values ('ZIN CD 61','Zumba Fitness','Hip-Hop','Wild Thing','Zumba Fitness','1/1','12/14','/media/pi/ZUKE/MUSIC/CDs/CD 61/12 - Wild Thing - Hip-Hop.mp3');
insert into mp3s ("filepath") values ('/media/pi/ZUKE/MUSIC/CDs/CD 61/12 - Wild Thing - Hip-Hop.mp3');
insert into streams ("index","codec_name","codec_long_name","codec_type","codec_time_base","codec_tag_string","codec_tag","sample_fmt","sample_rate","channels","channel_layout","bits_per_sample","r_frame_rate","avg_frame_rate","time_base","start_pts","start_time","duration_ts","duration","bit_rate","filepath") values ('0','mp3','MP3 (MPEG audio layer 3)','audio','1/44100','[0][0][0][0]','0x0000','fltp','44100','2','stereo','0','0/0','0/0','1/14112000','0','0','3454156800','244.767347','145733','/media/pi/ZUKE/MUSIC/CDs/CD 61/13 - I''m Yours - Cooldown.mp3');
insert into format ("filename","nb_streams","nb_programs","format_name","format_long_name","start_time","duration","size","bit_rate","probe_score","filepath") values ('/media/pi/ZUKE/MUSIC/CDs/CD 61/13 - I''m Yours - Cooldown.mp3','1','0','mp3','MP2/3 (MPEG audio layer 2/3)','0','244.767347','4460672','145793','51','/media/pi/ZUKE/MUSIC/CDs/CD 61/13 - I''m Yours - Cooldown.mp3');
insert into disposition ("default","dub","original","comment","lyrics","karaoke","forced","hearing_impaired","visual_impaired","clean_effects","attached_pic","timed_thumbnails","filepath") values ('0','0','0','0','0','0','0','0','0','0','0','0','/media/pi/ZUKE/MUSIC/CDs/CD 61/13 - I''m Yours - Cooldown.mp3');
insert into tags ("album","composer","genre","title","artist","disc","track","filepath") values ('ZIN CD 61','Zumba Fitness','Cooldown','I''m Yours','Zumba Fitness','1/1','13/14','/media/pi/ZUKE/MUSIC/CDs/CD 61/13 - I''m Yours - Cooldown.mp3');
insert into mp3s ("filepath") values ('/media/pi/ZUKE/MUSIC/CDs/CD 61/13 - I''m Yours - Cooldown.mp3');
insert into streams ("index","codec_name","codec_long_name","codec_type","codec_time_base","codec_tag_string","codec_tag","sample_fmt","sample_rate","channels","channel_layout","bits_per_sample","r_frame_rate","avg_frame_rate","time_base","start_pts","start_time","duration_ts","duration","bit_rate","filepath") values ('0','mp3','MP3 (MPEG audio layer 3)','audio','1/44100','[0][0][0][0]','0x0000','fltp','44100','2','stereo','0','0/0','0/0','1/14112000','0','0','8353751040','591.960816','172209','/media/pi/ZUKE/MUSIC/CDs/CD 61/14 - Wild Thing - Indian Passion - Picky.mp3');
insert into format ("filename","nb_streams","nb_programs","format_name","format_long_name","start_time","duration","size","bit_rate","probe_score","filepath") values ('/media/pi/ZUKE/MUSIC/CDs/CD 61/14 - Wild Thing - Indian Passion - Picky.mp3','1','0','mp3','MP2/3 (MPEG audio layer 2/3)','0','591.960816','12744832','172238','51','/media/pi/ZUKE/MUSIC/CDs/CD 61/14 - Wild Thing - Indian Passion - Picky.mp3');
insert into disposition ("default","dub","original","comment","lyrics","karaoke","forced","hearing_impaired","visual_impaired","clean_effects","attached_pic","timed_thumbnails","filepath") values ('0','0','0','0','0','0','0','0','0','0','0','0','/media/pi/ZUKE/MUSIC/CDs/CD 61/14 - Wild Thing - Indian Passion - Picky.mp3');
insert into tags ("album","composer","genre","title","artist","disc","track","filepath") values ('ZIN CD 61','Zumba Fitness','DJ Mix','Wild Thing - Indian Passion - Picky','Zumba Fitness','1/1','14/14','/media/pi/ZUKE/MUSIC/CDs/CD 61/14 - Wild Thing - Indian Passion - Picky.mp3');
insert into mp3s ("filepath") values ('/media/pi/ZUKE/MUSIC/CDs/CD 61/14 - Wild Thing - Indian Passion - Picky.mp3');
insert into streams ("index","codec_name","codec_long_name","codec_type","codec_time_base","codec_tag_string","codec_tag","sample_fmt","sample_rate","channels","channel_layout","bits_per_sample","r_frame_rate","avg_frame_rate","time_base","start_pts","start_time","duration_ts","duration","bit_rate","filepath") values ('0','mp3','MP3 (MPEG audio layer 3)','audio','1/44100','[0][0][0][0]','0x0000','fltp','44100','2','stereo','0','0/0','0/0','1/14112000','0','0','3072983040','217.756735','164722','/media/pi/ZUKE/MUSIC/CDs/CD 62/01 - Your Love (Remix) - Warm-up.mp3');
insert into format ("filename","nb_streams","nb_programs","format_name","format_long_name","start_time","duration","size","bit_rate","probe_score","filepath") values ('/media/pi/ZUKE/MUSIC/CDs/CD 62/01 - Your Love (Remix) - Warm-up.mp3','1','0','mp3','MP2/3 (MPEG audio layer 2/3)','0','217.756735','4485248','164780','51','/media/pi/ZUKE/MUSIC/CDs/CD 62/01 - Your Love (Remix) - Warm-up.mp3');
insert into disposition ("default","dub","original","comment","lyrics","karaoke","forced","hearing_impaired","visual_impaired","clean_effects","attached_pic","timed_thumbnails","filepath") values ('0','0','0','0','0','0','0','0','0','0','0','0','/media/pi/ZUKE/MUSIC/CDs/CD 62/01 - Your Love (Remix) - Warm-up.mp3');
insert into tags ("album","composer","genre","title","artist","disc","track","filepath") values ('ZIN CD 62','Zumba Fitness','Warm-up','Your Love (Remix)','Zumba Fitness','1/1','01/14','/media/pi/ZUKE/MUSIC/CDs/CD 62/01 - Your Love (Remix) - Warm-up.mp3');
insert into mp3s ("filepath") values ('/media/pi/ZUKE/MUSIC/CDs/CD 62/01 - Your Love (Remix) - Warm-up.mp3');
insert into streams ("index","codec_name","codec_long_name","codec_type","codec_time_base","codec_tag_string","codec_tag","sample_fmt","sample_rate","channels","channel_layout","bits_per_sample","r_frame_rate","avg_frame_rate","time_base","start_pts","start_time","duration_ts","duration","bit_rate","filepath") values ('0','mp3','MP3 (MPEG audio layer 3)','audio','1/44100','[0][0][0][0]','0x0000','fltp','44100','2','stereo','0','0/0','0/0','1/14112000','0','0','2600386560','184.267755','162463','/media/pi/ZUKE/MUSIC/CDs/CD 62/02 - Chica Bom Brasileiro - Warm-up.mp3');
insert into format ("filename","nb_streams","nb_programs","format_name","format_long_name","start_time","duration","size","bit_rate","probe_score","filepath") values ('/media/pi/ZUKE/MUSIC/CDs/CD 62/02 - Chica Bom Brasileiro - Warm-up.mp3','1','0','mp3','MP2/3 (MPEG audio layer 2/3)','0','184.267755','3743872','162540','51','/media/pi/ZUKE/MUSIC/CDs/CD 62/02 - Chica Bom Brasileiro - Warm-up.mp3');
insert into disposition ("default","dub","original","comment","lyrics","karaoke","forced","hearing_impaired","visual_impaired","clean_effects","attached_pic","timed_thumbnails","filepath") values ('0','0','0','0','0','0','0','0','0','0','0','0','/media/pi/ZUKE/MUSIC/CDs/CD 62/02 - Chica Bom Brasileiro - Warm-up.mp3');
insert into tags ("album","composer","genre","title","artist","disc","track","filepath") values ('ZIN CD 62','Zumba Fitness','Warm-up','Chica Bom Brasileiro','Zumba Fitness','1/1','02/14','/media/pi/ZUKE/MUSIC/CDs/CD 62/02 - Chica Bom Brasileiro - Warm-up.mp3');
insert into mp3s ("filepath") values ('/media/pi/ZUKE/MUSIC/CDs/CD 62/02 - Chica Bom Brasileiro - Warm-up.mp3');
insert into streams ("index","codec_name","codec_long_name","codec_type","codec_time_base","codec_tag_string","codec_tag","sample_fmt","sample_rate","channels","channel_layout","bits_per_sample","r_frame_rate","avg_frame_rate","time_base","start_pts","start_time","duration_ts","duration","bit_rate","filepath") values ('0','mp3','MP3 (MPEG audio layer 3)','audio','1/44100','[0][0][0][0]','0x0000','fltp','44100','2','stereo','0','0/0','0/0','1/14112000','0','0','2838159360','201.116735','165421','/media/pi/ZUKE/MUSIC/CDs/CD 62/03 - U Can''t Touch This (Remix) - Warm-up.mp3');
insert into format ("filename","nb_streams","nb_programs","format_name","format_long_name","start_time","duration","size","bit_rate","probe_score","filepath") values ('/media/pi/ZUKE/MUSIC/CDs/CD 62/03 - U Can''t Touch This (Remix) - Warm-up.mp3','1','0','mp3','MP2/3 (MPEG audio layer 2/3)','0','201.116735','4159616','165460','51','/media/pi/ZUKE/MUSIC/CDs/CD 62/03 - U Can''t Touch This (Remix) - Warm-up.mp3');
insert into disposition ("default","dub","original","comment","lyrics","karaoke","forced","hearing_impaired","visual_impaired","clean_effects","attached_pic","timed_thumbnails","filepath") values ('0','0','0','0','0','0','0','0','0','0','0','0','/media/pi/ZUKE/MUSIC/CDs/CD 62/03 - U Can''t Touch This (Remix) - Warm-up.mp3');
insert into tags ("album","composer","genre","title","artist","disc","track","filepath") values ('ZIN CD 62','Zumba Fitness','Warm-up','U Can''t Touch This (Remix)','Zumba Fitness','1/1','03/14','/media/pi/ZUKE/MUSIC/CDs/CD 62/03 - U Can''t Touch This (Remix) - Warm-up.mp3');
insert into mp3s ("filepath") values ('/media/pi/ZUKE/MUSIC/CDs/CD 62/03 - U Can''t Touch This (Remix) - Warm-up.mp3');
insert into streams ("index","codec_name","codec_long_name","codec_type","codec_time_base","codec_tag_string","codec_tag","sample_fmt","sample_rate","channels","channel_layout","bits_per_sample","r_frame_rate","avg_frame_rate","time_base","start_pts","start_time","duration_ts","duration","bit_rate","filepath") values ('0','mp3','MP3 (MPEG audio layer 3)','audio','1/44100','[0][0][0][0]','0x0000','fltp','44100','2','stereo','0','0/0','0/0','1/14112000','0','0','3526410240','249.887347','149964','/media/pi/ZUKE/MUSIC/CDs/CD 62/04 - Sexy - Merengue.mp3');
insert into format ("filename","nb_streams","nb_programs","format_name","format_long_name","start_time","duration","size","bit_rate","probe_score","filepath") values ('/media/pi/ZUKE/MUSIC/CDs/CD 62/04 - Sexy - Merengue.mp3','1','0','mp3','MP2/3 (MPEG audio layer 2/3)','0','249.887347','4685952','150018','51','/media/pi/ZUKE/MUSIC/CDs/CD 62/04 - Sexy - Merengue.mp3');
insert into disposition ("default","dub","original","comment","lyrics","karaoke","forced","hearing_impaired","visual_impaired","clean_effects","attached_pic","timed_thumbnails","filepath") values ('0','0','0','0','0','0','0','0','0','0','0','0','/media/pi/ZUKE/MUSIC/CDs/CD 62/04 - Sexy - Merengue.mp3');
insert into tags ("album","composer","genre","title","artist","disc","track","filepath") values ('ZIN CD 62','Zumba Fitness','Merengue','Sexy','Zumba Fitness','1/1','04/14','/media/pi/ZUKE/MUSIC/CDs/CD 62/04 - Sexy - Merengue.mp3');
insert into mp3s ("filepath") values ('/media/pi/ZUKE/MUSIC/CDs/CD 62/04 - Sexy - Merengue.mp3');
insert into streams ("index","codec_name","codec_long_name","codec_type","codec_time_base","codec_tag_string","codec_tag","sample_fmt","sample_rate","channels","channel_layout","bits_per_sample","r_frame_rate","avg_frame_rate","time_base","start_pts","start_time","duration_ts","duration","bit_rate","filepath") values ('0','mp3','MP3 (MPEG audio layer 3)','audio','1/44100','[0][0][0][0]','0x0000','fltp','44100','2','stereo','0','0/0','0/0','1/14112000','0','0','2885345280','204.460408','176327','/media/pi/ZUKE/MUSIC/CDs/CD 62/05 - Tarzan Boy - Salsa.mp3');
insert into format ("filename","nb_streams","nb_programs","format_name","format_long_name","start_time","duration","size","bit_rate","probe_score","filepath") values ('/media/pi/ZUKE/MUSIC/CDs/CD 62/05 - Tarzan Boy - Salsa.mp3','1','0','mp3','MP2/3 (MPEG audio layer 2/3)','0','204.460408','4507776','176377','51','/media/pi/ZUKE/MUSIC/CDs/CD 62/05 - Tarzan Boy - Salsa.mp3');
insert into disposition ("default","dub","original","comment","lyrics","karaoke","forced","hearing_impaired","visual_impaired","clean_effects","attached_pic","timed_thumbnails","filepath") values ('0','0','0','0','0','0','0','0','0','0','0','0','/media/pi/ZUKE/MUSIC/CDs/CD 62/05 - Tarzan Boy - Salsa.mp3');
insert into tags ("album","composer","genre","title","artist","disc","track","filepath") values ('ZIN CD 62','Zumba Fitness','Salsa','Tarzan Boy','Zumba Fitness','1/1','05/14','/media/pi/ZUKE/MUSIC/CDs/CD 62/05 - Tarzan Boy - Salsa.mp3');
insert into mp3s ("filepath") values ('/media/pi/ZUKE/MUSIC/CDs/CD 62/05 - Tarzan Boy - Salsa.mp3');
insert into streams ("index","codec_name","codec_long_name","codec_type","codec_time_base","codec_tag_string","codec_tag","sample_fmt","sample_rate","channels","channel_layout","bits_per_sample","r_frame_rate","avg_frame_rate","time_base","start_pts","start_time","duration_ts","duration","bit_rate","filepath") values ('0','mp3','MP3 (MPEG audio layer 3)','audio','1/44100','[0][0][0][0]','0x0000','fltp','44100','2','stereo','0','0/0','0/0','1/14112000','0','0','3374530560','239.124898','163407','/media/pi/ZUKE/MUSIC/CDs/CD 62/06 - Shut Up and Dance - Dembow - Lambada.mp3');
insert into format ("filename","nb_streams","nb_programs","format_name","format_long_name","start_time","duration","size","bit_rate","probe_score","filepath") values ('/media/pi/ZUKE/MUSIC/CDs/CD 62/06 - Shut Up and Dance - Dembow - Lambada.mp3','1','0','mp3','MP2/3 (MPEG audio layer 2/3)','0','239.124898','4886656','163484','51','/media/pi/ZUKE/MUSIC/CDs/CD 62/06 - Shut Up and Dance - Dembow - Lambada.mp3');
insert into disposition ("default","dub","original","comment","lyrics","karaoke","forced","hearing_impaired","visual_impaired","clean_effects","attached_pic","timed_thumbnails","filepath") values ('0','0','0','0','0','0','0','0','0','0','0','0','/media/pi/ZUKE/MUSIC/CDs/CD 62/06 - Shut Up and Dance - Dembow - Lambada.mp3');
insert into tags ("album","composer","genre","title","artist","disc","track","filepath") values ('ZIN CD 62','Zumba Fitness','Dembow,Lambada','Shut Up and Dance','Zumba Fitness','1/1','06/14','/media/pi/ZUKE/MUSIC/CDs/CD 62/06 - Shut Up and Dance - Dembow - Lambada.mp3');
insert into mp3s ("filepath") values ('/media/pi/ZUKE/MUSIC/CDs/CD 62/06 - Shut Up and Dance - Dembow - Lambada.mp3');
insert into streams ("index","codec_name","codec_long_name","codec_type","codec_time_base","codec_tag_string","codec_tag","sample_fmt","sample_rate","channels","channel_layout","bits_per_sample","r_frame_rate","avg_frame_rate","time_base","start_pts","start_time","duration_ts","duration","bit_rate","filepath") values ('0','mp3','MP3 (MPEG audio layer 3)','audio','1/44100','[0][0][0][0]','0x0000','fltp','44100','2','stereo','0','0/0','0/0','1/14112000','0','0','3317022720','235.049796','165737','/media/pi/ZUKE/MUSIC/CDs/CD 62/07 - Bailame - Latin Urban.mp3');
insert into format ("filename","nb_streams","nb_programs","format_name","format_long_name","start_time","duration","size","bit_rate","probe_score","filepath") values ('/media/pi/ZUKE/MUSIC/CDs/CD 62/07 - Bailame - Latin Urban.mp3','1','0','mp3','MP2/3 (MPEG audio layer 2/3)','0','235.049796','4870272','165761','51','/media/pi/ZUKE/MUSIC/CDs/CD 62/07 - Bailame - Latin Urban.mp3');
insert into disposition ("default","dub","original","comment","lyrics","karaoke","forced","hearing_impaired","visual_impaired","clean_effects","attached_pic","timed_thumbnails","filepath") values ('0','0','0','0','0','0','0','0','0','0','0','0','/media/pi/ZUKE/MUSIC/CDs/CD 62/07 - Bailame - Latin Urban.mp3');
insert into tags ("album","composer","genre","title","artist","disc","track","filepath") values ('ZIN CD 62','Zumba Fitness','Latin Urban','Bailame','Zumba Fitness','1/1','07/14','/media/pi/ZUKE/MUSIC/CDs/CD 62/07 - Bailame - Latin Urban.mp3');
insert into mp3s ("filepath") values ('/media/pi/ZUKE/MUSIC/CDs/CD 62/07 - Bailame - Latin Urban.mp3');
insert into streams ("index","codec_name","codec_long_name","codec_type","codec_time_base","codec_tag_string","codec_tag","sample_fmt","sample_rate","channels","channel_layout","bits_per_sample","r_frame_rate","avg_frame_rate","time_base","start_pts","start_time","duration_ts","duration","bit_rate","filepath") values ('0','mp3','MP3 (MPEG audio layer 3)','audio','1/44100','[0][0][0][0]','0x0000','fltp','44100','2','stereo','0','0/0','0/0','1/14112000','0','0','2600017920','184.241633','160527','/media/pi/ZUKE/MUSIC/CDs/CD 62/08 - Soy Para Ti (Remix) - Raspa - Cumbia - Remix.mp3');
insert into format ("filename","nb_streams","nb_programs","format_name","format_long_name","start_time","duration","size","bit_rate","probe_score","filepath") values ('/media/pi/ZUKE/MUSIC/CDs/CD 62/08 - Soy Para Ti (Remix) - Raspa - Cumbia - Remix.mp3','1','0','mp3','MP2/3 (MPEG audio layer 2/3)','0','184.241633','3698816','160607','51','/media/pi/ZUKE/MUSIC/CDs/CD 62/08 - Soy Para Ti (Remix) - Raspa - Cumbia - Remix.mp3');
insert into disposition ("default","dub","original","comment","lyrics","karaoke","forced","hearing_impaired","visual_impaired","clean_effects","attached_pic","timed_thumbnails","filepath") values ('0','0','0','0','0','0','0','0','0','0','0','0','/media/pi/ZUKE/MUSIC/CDs/CD 62/08 - Soy Para Ti (Remix) - Raspa - Cumbia - Remix.mp3');
insert into tags ("album","composer","genre","title","artist","disc","track","filepath") values ('ZIN CD 62','Zumba Fitness','Raspa,Cumbia,Remix','Soy Para Ti (Remix)','Zumba Fitness','1/1','08/14','/media/pi/ZUKE/MUSIC/CDs/CD 62/08 - Soy Para Ti (Remix) - Raspa - Cumbia - Remix.mp3');
insert into mp3s ("filepath") values ('/media/pi/ZUKE/MUSIC/CDs/CD 62/08 - Soy Para Ti (Remix) - Raspa - Cumbia - Remix.mp3');
insert into streams ("index","codec_name","codec_long_name","codec_type","codec_time_base","codec_tag_string","codec_tag","sample_fmt","sample_rate","channels","channel_layout","bits_per_sample","r_frame_rate","avg_frame_rate","time_base","start_pts","start_time","duration_ts","duration","bit_rate","filepath") values ('0','mp3','MP3 (MPEG audio layer 3)','audio','1/44100','[0][0][0][0]','0x0000','fltp','44100','2','stereo','0','0/0','0/0','1/14112000','0','0','3420979200','242.416327','163224','/media/pi/ZUKE/MUSIC/CDs/CD 62/09 - Dile - Batucada - Samba.mp3');
insert into format ("filename","nb_streams","nb_programs","format_name","format_long_name","start_time","duration","size","bit_rate","probe_score","filepath") values ('/media/pi/ZUKE/MUSIC/CDs/CD 62/09 - Dile - Batucada - Samba.mp3','1','0','mp3','MP2/3 (MPEG audio layer 2/3)','0','242.416327','4948096','163292','51','/media/pi/ZUKE/MUSIC/CDs/CD 62/09 - Dile - Batucada - Samba.mp3');
insert into disposition ("default","dub","original","comment","lyrics","karaoke","forced","hearing_impaired","visual_impaired","clean_effects","attached_pic","timed_thumbnails","filepath") values ('0','0','0','0','0','0','0','0','0','0','0','0','/media/pi/ZUKE/MUSIC/CDs/CD 62/09 - Dile - Batucada - Samba.mp3');
insert into tags ("album","composer","genre","title","artist","disc","track","filepath") values ('ZIN CD 62','Zumba Fitness','Batucada,Samba','Dile','Zumba Fitness','1/1','09/14','/media/pi/ZUKE/MUSIC/CDs/CD 62/09 - Dile - Batucada - Samba.mp3');
insert into mp3s ("filepath") values ('/media/pi/ZUKE/MUSIC/CDs/CD 62/09 - Dile - Batucada - Samba.mp3');
insert into streams ("index","codec_name","codec_long_name","codec_type","codec_time_base","codec_tag_string","codec_tag","sample_fmt","sample_rate","channels","channel_layout","bits_per_sample","r_frame_rate","avg_frame_rate","time_base","start_pts","start_time","duration_ts","duration","bit_rate","filepath") values ('0','mp3','MP3 (MPEG audio layer 3)','audio','1/44100','[0][0][0][0]','0x0000','fltp','44100','2','stereo','0','0/0','0/0','1/14112000','0','0','3711467520','263.000816','164527','/media/pi/ZUKE/MUSIC/CDs/CD 62/10 - Pinta Mi Corazon - Cumbia Remix.mp3');
insert into format ("filename","nb_streams","nb_programs","format_name","format_long_name","start_time","duration","size","bit_rate","probe_score","filepath") values ('/media/pi/ZUKE/MUSIC/CDs/CD 62/10 - Pinta Mi Corazon - Cumbia Remix.mp3','1','0','mp3','MP2/3 (MPEG audio layer 2/3)','0','263.000816','5410944','164590','51','/media/pi/ZUKE/MUSIC/CDs/CD 62/10 - Pinta Mi Corazon - Cumbia Remix.mp3');
insert into disposition ("default","dub","original","comment","lyrics","karaoke","forced","hearing_impaired","visual_impaired","clean_effects","attached_pic","timed_thumbnails","filepath") values ('0','0','0','0','0','0','0','0','0','0','0','0','/media/pi/ZUKE/MUSIC/CDs/CD 62/10 - Pinta Mi Corazon - Cumbia Remix.mp3');
insert into tags ("album","composer","genre","title","artist","disc","track","filepath") values ('ZIN CD 62','Zumba Fitness','Cumbia Remix','Pinta Mi Corazon','Zumba Fitness','1/1','10/14','/media/pi/ZUKE/MUSIC/CDs/CD 62/10 - Pinta Mi Corazon - Cumbia Remix.mp3');
insert into mp3s ("filepath") values ('/media/pi/ZUKE/MUSIC/CDs/CD 62/10 - Pinta Mi Corazon - Cumbia Remix.mp3');
insert into streams ("index","codec_name","codec_long_name","codec_type","codec_time_base","codec_tag_string","codec_tag","sample_fmt","sample_rate","channels","channel_layout","bits_per_sample","r_frame_rate","avg_frame_rate","time_base","start_pts","start_time","duration_ts","duration","bit_rate","filepath") values ('0','mp3','MP3 (MPEG audio layer 3)','audio','1/44100','[0][0][0][0]','0x0000','fltp','44100','2','stereo','0','0/0','0/0','1/14112000','0','0','3251036160','230.373878','162377','/media/pi/ZUKE/MUSIC/CDs/CD 62/11 - Quien Quiere Bailar - Reggaeton - Timba.mp3');
insert into format ("filename","nb_streams","nb_programs","format_name","format_long_name","start_time","duration","size","bit_rate","probe_score","filepath") values ('/media/pi/ZUKE/MUSIC/CDs/CD 62/11 - Quien Quiere Bailar - Reggaeton - Timba.mp3','1','0','mp3','MP2/3 (MPEG audio layer 2/3)','0','230.373878','4677760','162440','51','/media/pi/ZUKE/MUSIC/CDs/CD 62/11 - Quien Quiere Bailar - Reggaeton - Timba.mp3');
insert into disposition ("default","dub","original","comment","lyrics","karaoke","forced","hearing_impaired","visual_impaired","clean_effects","attached_pic","timed_thumbnails","filepath") values ('0','0','0','0','0','0','0','0','0','0','0','0','/media/pi/ZUKE/MUSIC/CDs/CD 62/11 - Quien Quiere Bailar - Reggaeton - Timba.mp3');
insert into tags ("album","composer","genre","title","artist","disc","track","filepath") values ('ZIN CD 62','Zumba Fitness','Reggaeton,Timba','Quien Quiere Bailar','Zumba Fitness','1/1','11/14','/media/pi/ZUKE/MUSIC/CDs/CD 62/11 - Quien Quiere Bailar - Reggaeton - Timba.mp3');
insert into mp3s ("filepath") values ('/media/pi/ZUKE/MUSIC/CDs/CD 62/11 - Quien Quiere Bailar - Reggaeton - Timba.mp3');
insert into streams ("index","codec_name","codec_long_name","codec_type","codec_time_base","codec_tag_string","codec_tag","sample_fmt","sample_rate","channels","channel_layout","bits_per_sample","r_frame_rate","avg_frame_rate","time_base","start_pts","start_time","duration_ts","duration","bit_rate","filepath") values ('0','mp3','MP3 (MPEG audio layer 3)','audio','1/44100','[0][0][0][0]','0x0000','fltp','44100','2','stereo','0','0/0','0/0','1/14112000','0','0','3184680960','225.671837','145649','/media/pi/ZUKE/MUSIC/CDs/CD 62/12 - Footloose - Pop.mp3');
insert into format ("filename","nb_streams","nb_programs","format_name","format_long_name","start_time","duration","size","bit_rate","probe_score","filepath") values ('/media/pi/ZUKE/MUSIC/CDs/CD 62/12 - Footloose - Pop.mp3','1','0','mp3','MP2/3 (MPEG audio layer 2/3)','0','225.671837','4110464','145714','51','/media/pi/ZUKE/MUSIC/CDs/CD 62/12 - Footloose - Pop.mp3');
insert into disposition ("default","dub","original","comment","lyrics","karaoke","forced","hearing_impaired","visual_impaired","clean_effects","attached_pic","timed_thumbnails","filepath") values ('0','0','0','0','0','0','0','0','0','0','0','0','/media/pi/ZUKE/MUSIC/CDs/CD 62/12 - Footloose - Pop.mp3');
insert into tags ("album","composer","genre","title","artist","disc","track","filepath") values ('ZIN CD 62','Zumba Fitness','Pop','Footloose','Zumba Fitness','1/1','12/14','/media/pi/ZUKE/MUSIC/CDs/CD 62/12 - Footloose - Pop.mp3');
insert into mp3s ("filepath") values ('/media/pi/ZUKE/MUSIC/CDs/CD 62/12 - Footloose - Pop.mp3');
insert into streams ("index","codec_name","codec_long_name","codec_type","codec_time_base","codec_tag_string","codec_tag","sample_fmt","sample_rate","channels","channel_layout","bits_per_sample","r_frame_rate","avg_frame_rate","time_base","start_pts","start_time","duration_ts","duration","bit_rate","filepath") values ('0','mp3','MP3 (MPEG audio layer 3)','audio','1/44100','[0][0][0][0]','0x0000','fltp','44100','2','stereo','0','0/0','0/0','1/14112000','0','0','3267256320','231.523265','162521','/media/pi/ZUKE/MUSIC/CDs/CD 62/13 - Esta Noche Quiero - Cooldown.mp3');
insert into format ("filename","nb_streams","nb_programs","format_name","format_long_name","start_time","duration","size","bit_rate","probe_score","filepath") values ('/media/pi/ZUKE/MUSIC/CDs/CD 62/13 - Esta Noche Quiero - Cooldown.mp3','1','0','mp3','MP2/3 (MPEG audio layer 2/3)','0','231.523265','4704384','162554','51','/media/pi/ZUKE/MUSIC/CDs/CD 62/13 - Esta Noche Quiero - Cooldown.mp3');
insert into disposition ("default","dub","original","comment","lyrics","karaoke","forced","hearing_impaired","visual_impaired","clean_effects","attached_pic","timed_thumbnails","filepath") values ('0','0','0','0','0','0','0','0','0','0','0','0','/media/pi/ZUKE/MUSIC/CDs/CD 62/13 - Esta Noche Quiero - Cooldown.mp3');
insert into tags ("album","composer","genre","title","artist","disc","track","filepath") values ('ZIN CD 62','Zumba Fitness','Cooldown','Esta Noche Quiero','Zumba Fitness','1/1','13/14','/media/pi/ZUKE/MUSIC/CDs/CD 62/13 - Esta Noche Quiero - Cooldown.mp3');
insert into mp3s ("filepath") values ('/media/pi/ZUKE/MUSIC/CDs/CD 62/13 - Esta Noche Quiero - Cooldown.mp3');
insert into streams ("index","codec_name","codec_long_name","codec_type","codec_time_base","codec_tag_string","codec_tag","sample_fmt","sample_rate","channels","channel_layout","bits_per_sample","r_frame_rate","avg_frame_rate","time_base","start_pts","start_time","duration_ts","duration","bit_rate","filepath") values ('0','mp3','MP3 (MPEG audio layer 3)','audio','1/44100','[0][0][0][0]','0x0000','fltp','44100','2','stereo','0','0/0','0/0','1/14112000','0','0','7761715200','550.008163','160346','/media/pi/ZUKE/MUSIC/CDs/CD 62/14 - Sexy - Soy Para Ti (Remix) - Shut Up And Dance - DJ Mix.mp3');
insert into format ("filename","nb_streams","nb_programs","format_name","format_long_name","start_time","duration","size","bit_rate","probe_score","filepath") values ('/media/pi/ZUKE/MUSIC/CDs/CD 62/14 - Sexy - Soy Para Ti (Remix) - Shut Up And Dance - DJ Mix.mp3','1','0','mp3','MP2/3 (MPEG audio layer 2/3)','0','550.008163','11024512','160354','51','/media/pi/ZUKE/MUSIC/CDs/CD 62/14 - Sexy - Soy Para Ti (Remix) - Shut Up And Dance - DJ Mix.mp3');
insert into disposition ("default","dub","original","comment","lyrics","karaoke","forced","hearing_impaired","visual_impaired","clean_effects","attached_pic","timed_thumbnails","filepath") values ('0','0','0','0','0','0','0','0','0','0','0','0','/media/pi/ZUKE/MUSIC/CDs/CD 62/14 - Sexy - Soy Para Ti (Remix) - Shut Up And Dance - DJ Mix.mp3');
insert into tags ("album","composer","genre","title","artist","disc","track","filepath") values ('ZIN CD 62','Zumba Fitness','DJ Mix','Sexy - Soy Para Ti (Remix) - Shut Up And Dance','Zumba Fitness','1/1','14/14','/media/pi/ZUKE/MUSIC/CDs/CD 62/14 - Sexy - Soy Para Ti (Remix) - Shut Up And Dance - DJ Mix.mp3');
insert into mp3s ("filepath") values ('/media/pi/ZUKE/MUSIC/CDs/CD 62/14 - Sexy - Soy Para Ti (Remix) - Shut Up And Dance - DJ Mix.mp3');
insert into streams ("index","codec_name","codec_long_name","codec_type","codec_time_base","codec_tag_string","codec_tag","sample_fmt","sample_rate","channels","channel_layout","bits_per_sample","r_frame_rate","avg_frame_rate","time_base","start_pts","start_time","duration_ts","duration","bit_rate","filepath") values ('0','mp3','MP3 (MPEG audio layer 3)','audio','1/44100','[0][0][0][0]','0x0000','fltp','44100','2','stereo','0','0/0','0/0','1/14112000','0','0','2880184320','204.094694','152779','/media/pi/ZUKE/MUSIC/CDs/CD 63/01 - Get Dirty - Warm-up.mp3');
insert into format ("filename","nb_streams","nb_programs","format_name","format_long_name","start_time","duration","size","bit_rate","probe_score","filepath") values ('/media/pi/ZUKE/MUSIC/CDs/CD 63/01 - Get Dirty - Warm-up.mp3','1','0','mp3','MP2/3 (MPEG audio layer 2/3)','0','204.094694','3899520','152851','51','/media/pi/ZUKE/MUSIC/CDs/CD 63/01 - Get Dirty - Warm-up.mp3');
insert into disposition ("default","dub","original","comment","lyrics","karaoke","forced","hearing_impaired","visual_impaired","clean_effects","attached_pic","timed_thumbnails","filepath") values ('0','0','0','0','0','0','0','0','0','0','0','0','/media/pi/ZUKE/MUSIC/CDs/CD 63/01 - Get Dirty - Warm-up.mp3');
insert into tags ("album","composer","genre","title","artist","disc","track","filepath") values ('ZIN CD 63','Zumba Fitness','Warm-up','Get Dirty','Zumba Fitness','1/1','01/14','/media/pi/ZUKE/MUSIC/CDs/CD 63/01 - Get Dirty - Warm-up.mp3');
insert into mp3s ("filepath") values ('/media/pi/ZUKE/MUSIC/CDs/CD 63/01 - Get Dirty - Warm-up.mp3');
insert into streams ("index","codec_name","codec_long_name","codec_type","codec_time_base","codec_tag_string","codec_tag","sample_fmt","sample_rate","channels","channel_layout","bits_per_sample","r_frame_rate","avg_frame_rate","time_base","start_pts","start_time","duration_ts","duration","bit_rate","filepath") values ('0','mp3','MP3 (MPEG audio layer 3)','audio','1/44100','[0][0][0][0]','0x0000','fltp','44100','2','stereo','0','0/0','0/0','1/14112000','0','0','2527764480','179.121633','160194','/media/pi/ZUKE/MUSIC/CDs/CD 63/02 - Take Me to the Party - Warm-up.mp3');
insert into format ("filename","nb_streams","nb_programs","format_name","format_long_name","start_time","duration","size","bit_rate","probe_score","filepath") values ('/media/pi/ZUKE/MUSIC/CDs/CD 63/02 - Take Me to the Party - Warm-up.mp3','1','0','mp3','MP2/3 (MPEG audio layer 2/3)','0','179.121633','3588224','160258','51','/media/pi/ZUKE/MUSIC/CDs/CD 63/02 - Take Me to the Party - Warm-up.mp3');
insert into disposition ("default","dub","original","comment","lyrics","karaoke","forced","hearing_impaired","visual_impaired","clean_effects","attached_pic","timed_thumbnails","filepath") values ('0','0','0','0','0','0','0','0','0','0','0','0','/media/pi/ZUKE/MUSIC/CDs/CD 63/02 - Take Me to the Party - Warm-up.mp3');
insert into tags ("album","composer","genre","title","artist","disc","track","filepath") values ('ZIN CD 63','Zumba Fitness','Warm-up','Take Me to the Party','Zumba Fitness','1/1','02/14','/media/pi/ZUKE/MUSIC/CDs/CD 63/02 - Take Me to the Party - Warm-up.mp3');
insert into mp3s ("filepath") values ('/media/pi/ZUKE/MUSIC/CDs/CD 63/02 - Take Me to the Party - Warm-up.mp3');
insert into streams ("index","codec_name","codec_long_name","codec_type","codec_time_base","codec_tag_string","codec_tag","sample_fmt","sample_rate","channels","channel_layout","bits_per_sample","r_frame_rate","avg_frame_rate","time_base","start_pts","start_time","duration_ts","duration","bit_rate","filepath") values ('0','mp3','MP3 (MPEG audio layer 3)','audio','1/44100','[0][0][0][0]','0x0000','fltp','44100','2','stereo','0','0/0','0/0','1/14112000','0','0','3004047360','212.871837','165731','/media/pi/ZUKE/MUSIC/CDs/CD 63/03 - Mixturacao - Warm-up.mp3');
insert into format ("filename","nb_streams","nb_programs","format_name","format_long_name","start_time","duration","size","bit_rate","probe_score","filepath") values ('/media/pi/ZUKE/MUSIC/CDs/CD 63/03 - Mixturacao - Warm-up.mp3','1','0','mp3','MP2/3 (MPEG audio layer 2/3)','0','212.871837','4411520','165790','51','/media/pi/ZUKE/MUSIC/CDs/CD 63/03 - Mixturacao - Warm-up.mp3');
insert into disposition ("default","dub","original","comment","lyrics","karaoke","forced","hearing_impaired","visual_impaired","clean_effects","attached_pic","timed_thumbnails","filepath") values ('0','0','0','0','0','0','0','0','0','0','0','0','/media/pi/ZUKE/MUSIC/CDs/CD 63/03 - Mixturacao - Warm-up.mp3');
insert into tags ("album","composer","genre","title","artist","disc","track","filepath") values ('ZIN CD 63','Zumba Fitness','Warm-up','Mixturacao','Zumba Fitness','1/1','03/14','/media/pi/ZUKE/MUSIC/CDs/CD 63/03 - Mixturacao - Warm-up.mp3');
insert into mp3s ("filepath") values ('/media/pi/ZUKE/MUSIC/CDs/CD 63/03 - Mixturacao - Warm-up.mp3');
insert into streams ("index","codec_name","codec_long_name","codec_type","codec_time_base","codec_tag_string","codec_tag","sample_fmt","sample_rate","channels","channel_layout","bits_per_sample","r_frame_rate","avg_frame_rate","time_base","start_pts","start_time","duration_ts","duration","bit_rate","filepath") values ('0','mp3','MP3 (MPEG audio layer 3)','audio','1/44100','[0][0][0][0]','0x0000','fltp','44100','2','stereo','0','0/0','0/0','1/14112000','0','0','3413975040','241.920000','166905','/media/pi/ZUKE/MUSIC/CDs/CD 63/04 - Muevete Duro - Merengue.mp3');
insert into format ("filename","nb_streams","nb_programs","format_name","format_long_name","start_time","duration","size","bit_rate","probe_score","filepath") values ('/media/pi/ZUKE/MUSIC/CDs/CD 63/04 - Muevete Duro - Merengue.mp3','1','0','mp3','MP2/3 (MPEG audio layer 2/3)','0','241.920000','5048448','166946','51','/media/pi/ZUKE/MUSIC/CDs/CD 63/04 - Muevete Duro - Merengue.mp3');
insert into disposition ("default","dub","original","comment","lyrics","karaoke","forced","hearing_impaired","visual_impaired","clean_effects","attached_pic","timed_thumbnails","filepath") values ('0','0','0','0','0','0','0','0','0','0','0','0','/media/pi/ZUKE/MUSIC/CDs/CD 63/04 - Muevete Duro - Merengue.mp3');
insert into tags ("album","composer","genre","title","artist","disc","track","filepath") values ('ZIN CD 63','Zumba Fitness','Merengue','Muevete Duro','Zumba Fitness','1/1','04/14','/media/pi/ZUKE/MUSIC/CDs/CD 63/04 - Muevete Duro - Merengue.mp3');
insert into mp3s ("filepath") values ('/media/pi/ZUKE/MUSIC/CDs/CD 63/04 - Muevete Duro - Merengue.mp3');
insert into streams ("index","codec_name","codec_long_name","codec_type","codec_time_base","codec_tag_string","codec_tag","sample_fmt","sample_rate","channels","channel_layout","bits_per_sample","r_frame_rate","avg_frame_rate","time_base","start_pts","start_time","duration_ts","duration","bit_rate","filepath") values ('0','mp3','MP3 (MPEG audio layer 3)','audio','1/44100','[0][0][0][0]','0x0000','fltp','44100','2','stereo','0','0/0','0/0','1/14112000','0','0','3705937920','262.608980','167812','/media/pi/ZUKE/MUSIC/CDs/CD 63/05 - Cara de Nino - Salsa.mp3');
insert into format ("filename","nb_streams","nb_programs","format_name","format_long_name","start_time","duration","size","bit_rate","probe_score","filepath") values ('/media/pi/ZUKE/MUSIC/CDs/CD 63/05 - Cara de Nino - Salsa.mp3','1','0','mp3','MP2/3 (MPEG audio layer 2/3)','0','262.608980','5509248','167831','51','/media/pi/ZUKE/MUSIC/CDs/CD 63/05 - Cara de Nino - Salsa.mp3');
insert into disposition ("default","dub","original","comment","lyrics","karaoke","forced","hearing_impaired","visual_impaired","clean_effects","attached_pic","timed_thumbnails","filepath") values ('0','0','0','0','0','0','0','0','0','0','0','0','/media/pi/ZUKE/MUSIC/CDs/CD 63/05 - Cara de Nino - Salsa.mp3');
insert into tags ("album","composer","genre","title","artist","disc","track","filepath") values ('ZIN CD 63','Zumba Fitness','Salsa','Cara de Nino','Zumba Fitness','1/1','05/14','/media/pi/ZUKE/MUSIC/CDs/CD 63/05 - Cara de Nino - Salsa.mp3');
insert into mp3s ("filepath") values ('/media/pi/ZUKE/MUSIC/CDs/CD 63/05 - Cara de Nino - Salsa.mp3');
insert into streams ("index","codec_name","codec_long_name","codec_type","codec_time_base","codec_tag_string","codec_tag","sample_fmt","sample_rate","channels","channel_layout","bits_per_sample","r_frame_rate","avg_frame_rate","time_base","start_pts","start_time","duration_ts","duration","bit_rate","filepath") values ('0','mp3','MP3 (MPEG audio layer 3)','audio','1/44100','[0][0][0][0]','0x0000','fltp','44100','2','stereo','0','0/0','0/0','1/14112000','0','0','3195740160','226.455510','151437','/media/pi/ZUKE/MUSIC/CDs/CD 63/06 - Desde Esa Noche - Reggaeton.mp3');
insert into format ("filename","nb_streams","nb_programs","format_name","format_long_name","start_time","duration","size","bit_rate","probe_score","filepath") values ('/media/pi/ZUKE/MUSIC/CDs/CD 63/06 - Desde Esa Noche - Reggaeton.mp3','1','0','mp3','MP2/3 (MPEG audio layer 2/3)','0','226.455510','4288640','151504','51','/media/pi/ZUKE/MUSIC/CDs/CD 63/06 - Desde Esa Noche - Reggaeton.mp3');
insert into disposition ("default","dub","original","comment","lyrics","karaoke","forced","hearing_impaired","visual_impaired","clean_effects","attached_pic","timed_thumbnails","filepath") values ('0','0','0','0','0','0','0','0','0','0','0','0','/media/pi/ZUKE/MUSIC/CDs/CD 63/06 - Desde Esa Noche - Reggaeton.mp3');
insert into tags ("album","composer","genre","title","artist","disc","track","filepath") values ('ZIN CD 63','Zumba Fitness','Reggaeton','Desde Esa Noche','Zumba Fitness','1/1','06/14','/media/pi/ZUKE/MUSIC/CDs/CD 63/06 - Desde Esa Noche - Reggaeton.mp3');
insert into mp3s ("filepath") values ('/media/pi/ZUKE/MUSIC/CDs/CD 63/06 - Desde Esa Noche - Reggaeton.mp3');
insert into streams ("index","codec_name","codec_long_name","codec_type","codec_time_base","codec_tag_string","codec_tag","sample_fmt","sample_rate","channels","channel_layout","bits_per_sample","r_frame_rate","avg_frame_rate","time_base","start_pts","start_time","duration_ts","duration","bit_rate","filepath") values ('0','mp3','MP3 (MPEG audio layer 3)','audio','1/44100','[0][0][0][0]','0x0000','fltp','44100','2','stereo','0','0/0','0/0','1/14112000','0','0','2869862400','203.363265','148584','/media/pi/ZUKE/MUSIC/CDs/CD 63/07 - El Cepillo - Cumbia.mp3');
insert into format ("filename","nb_streams","nb_programs","format_name","format_long_name","start_time","duration","size","bit_rate","probe_score","filepath") values ('/media/pi/ZUKE/MUSIC/CDs/CD 63/07 - El Cepillo - Cumbia.mp3','1','0','mp3','MP2/3 (MPEG audio layer 2/3)','0','203.363265','3778688','148647','51','/media/pi/ZUKE/MUSIC/CDs/CD 63/07 - El Cepillo - Cumbia.mp3');
insert into disposition ("default","dub","original","comment","lyrics","karaoke","forced","hearing_impaired","visual_impaired","clean_effects","attached_pic","timed_thumbnails","filepath") values ('0','0','0','0','0','0','0','0','0','0','0','0','/media/pi/ZUKE/MUSIC/CDs/CD 63/07 - El Cepillo - Cumbia.mp3');
insert into tags ("album","composer","genre","title","artist","disc","track","filepath") values ('ZIN CD 63','Zumba Fitness','Cumbia','El Cepillo','Zumba Fitness','1/1','07/14','/media/pi/ZUKE/MUSIC/CDs/CD 63/07 - El Cepillo - Cumbia.mp3');
insert into mp3s ("filepath") values ('/media/pi/ZUKE/MUSIC/CDs/CD 63/07 - El Cepillo - Cumbia.mp3');
insert into streams ("index","codec_name","codec_long_name","codec_type","codec_time_base","codec_tag_string","codec_tag","sample_fmt","sample_rate","channels","channel_layout","bits_per_sample","r_frame_rate","avg_frame_rate","time_base","start_pts","start_time","duration_ts","duration","bit_rate","filepath") values ('0','mp3','MP3 (MPEG audio layer 3)','audio','1/44100','[0][0][0][0]','0x0000','fltp','44100','2','stereo','0','0/0','0/0','1/14112000','0','0','2881290240','204.173061','160366','/media/pi/ZUKE/MUSIC/CDs/CD 63/08 - Bangarang - EDM.mp3');
insert into format ("filename","nb_streams","nb_programs","format_name","format_long_name","start_time","duration","size","bit_rate","probe_score","filepath") values ('/media/pi/ZUKE/MUSIC/CDs/CD 63/08 - Bangarang - EDM.mp3','1','0','mp3','MP2/3 (MPEG audio layer 2/3)','0','204.173061','4094080','160416','51','/media/pi/ZUKE/MUSIC/CDs/CD 63/08 - Bangarang - EDM.mp3');
insert into disposition ("default","dub","original","comment","lyrics","karaoke","forced","hearing_impaired","visual_impaired","clean_effects","attached_pic","timed_thumbnails","filepath") values ('0','0','0','0','0','0','0','0','0','0','0','0','/media/pi/ZUKE/MUSIC/CDs/CD 63/08 - Bangarang - EDM.mp3');
insert into tags ("album","composer","genre","title","artist","disc","track","filepath") values ('ZIN CD 63','Zumba Fitness','EDM','Bangarang','Zumba Fitness','1/1','08/14','/media/pi/ZUKE/MUSIC/CDs/CD 63/08 - Bangarang - EDM.mp3');
insert into mp3s ("filepath") values ('/media/pi/ZUKE/MUSIC/CDs/CD 63/08 - Bangarang - EDM.mp3');
insert into streams ("index","codec_name","codec_long_name","codec_type","codec_time_base","codec_tag_string","codec_tag","sample_fmt","sample_rate","channels","channel_layout","bits_per_sample","r_frame_rate","avg_frame_rate","time_base","start_pts","start_time","duration_ts","duration","bit_rate","filepath") values ('0','mp3','MP3 (MPEG audio layer 3)','audio','1/44100','[0][0][0][0]','0x0000','fltp','44100','2','stereo','0','0/0','0/0','1/14112000','0','0','3051601920','216.241633','155181','/media/pi/ZUKE/MUSIC/CDs/CD 63/09 - Zumbalo - Dembow.mp3');
insert into format ("filename","nb_streams","nb_programs","format_name","format_long_name","start_time","duration","size","bit_rate","probe_score","filepath") values ('/media/pi/ZUKE/MUSIC/CDs/CD 63/09 - Zumbalo - Dembow.mp3','1','0','mp3','MP2/3 (MPEG audio layer 2/3)','0','216.241633','4196480','155251','51','/media/pi/ZUKE/MUSIC/CDs/CD 63/09 - Zumbalo - Dembow.mp3');
insert into disposition ("default","dub","original","comment","lyrics","karaoke","forced","hearing_impaired","visual_impaired","clean_effects","attached_pic","timed_thumbnails","filepath") values ('0','0','0','0','0','0','0','0','0','0','0','0','/media/pi/ZUKE/MUSIC/CDs/CD 63/09 - Zumbalo - Dembow.mp3');
insert into tags ("album","composer","genre","title","artist","disc","track","filepath") values ('ZIN CD 63','Zumba Fitness','Dembow','Zumbalo','Zumba Fitness','1/1','09/14','/media/pi/ZUKE/MUSIC/CDs/CD 63/09 - Zumbalo - Dembow.mp3');
insert into mp3s ("filepath") values ('/media/pi/ZUKE/MUSIC/CDs/CD 63/09 - Zumbalo - Dembow.mp3');
insert into streams ("index","codec_name","codec_long_name","codec_type","codec_time_base","codec_tag_string","codec_tag","sample_fmt","sample_rate","channels","channel_layout","bits_per_sample","r_frame_rate","avg_frame_rate","time_base","start_pts","start_time","duration_ts","duration","bit_rate","filepath") values ('0','mp3','MP3 (MPEG audio layer 3)','audio','1/44100','[0][0][0][0]','0x0000','fltp','44100','2','stereo','0','0/0','0/0','1/14112000','0','0','3181731840','225.462857','151475','/media/pi/ZUKE/MUSIC/CDs/CD 63/10 - Bootyshake (Remix) - Soca.mp3');
insert into format ("filename","nb_streams","nb_programs","format_name","format_long_name","start_time","duration","size","bit_rate","probe_score","filepath") values ('/media/pi/ZUKE/MUSIC/CDs/CD 63/10 - Bootyshake (Remix) - Soca.mp3','1','0','mp3','MP2/3 (MPEG audio layer 2/3)','0','225.462857','4270208','151517','51','/media/pi/ZUKE/MUSIC/CDs/CD 63/10 - Bootyshake (Remix) - Soca.mp3');
insert into disposition ("default","dub","original","comment","lyrics","karaoke","forced","hearing_impaired","visual_impaired","clean_effects","attached_pic","timed_thumbnails","filepath") values ('0','0','0','0','0','0','0','0','0','0','0','0','/media/pi/ZUKE/MUSIC/CDs/CD 63/10 - Bootyshake (Remix) - Soca.mp3');
insert into tags ("album","composer","genre","title","artist","disc","track","filepath") values ('ZIN CD 63','Zumba Fitness','Soca','Bootyshake (Remix)','Zumba Fitness','1/1','10/14','/media/pi/ZUKE/MUSIC/CDs/CD 63/10 - Bootyshake (Remix) - Soca.mp3');
insert into mp3s ("filepath") values ('/media/pi/ZUKE/MUSIC/CDs/CD 63/10 - Bootyshake (Remix) - Soca.mp3');
insert into streams ("index","codec_name","codec_long_name","codec_type","codec_time_base","codec_tag_string","codec_tag","sample_fmt","sample_rate","channels","channel_layout","bits_per_sample","r_frame_rate","avg_frame_rate","time_base","start_pts","start_time","duration_ts","duration","bit_rate","filepath") values ('0','mp3','MP3 (MPEG audio layer 3)','audio','1/44100','[0][0][0][0]','0x0000','fltp','44100','2','stereo','0','0/0','0/0','1/14112000','0','0','3117957120','220.943673','166674','/media/pi/ZUKE/MUSIC/CDs/CD 63/11 - Another One Bites the Dust - Soul.mp3');
insert into format ("filename","nb_streams","nb_programs","format_name","format_long_name","start_time","duration","size","bit_rate","probe_score","filepath") values ('/media/pi/ZUKE/MUSIC/CDs/CD 63/11 - Another One Bites the Dust - Soul.mp3','1','0','mp3','MP2/3 (MPEG audio layer 2/3)','0','220.943673','4604032','166704','51','/media/pi/ZUKE/MUSIC/CDs/CD 63/11 - Another One Bites the Dust - Soul.mp3');
insert into disposition ("default","dub","original","comment","lyrics","karaoke","forced","hearing_impaired","visual_impaired","clean_effects","attached_pic","timed_thumbnails","filepath") values ('0','0','0','0','0','0','0','0','0','0','0','0','/media/pi/ZUKE/MUSIC/CDs/CD 63/11 - Another One Bites the Dust - Soul.mp3');
insert into tags ("album","composer","genre","title","artist","disc","track","filepath") values ('ZIN CD 63','Zumba Fitness','Soul','Another One Bites the Dust','Zumba Fitness','1/1','11/14','/media/pi/ZUKE/MUSIC/CDs/CD 63/11 - Another One Bites the Dust - Soul.mp3');
insert into mp3s ("filepath") values ('/media/pi/ZUKE/MUSIC/CDs/CD 63/11 - Another One Bites the Dust - Soul.mp3');
insert into streams ("index","codec_name","codec_long_name","codec_type","codec_time_base","codec_tag_string","codec_tag","sample_fmt","sample_rate","channels","channel_layout","bits_per_sample","r_frame_rate","avg_frame_rate","time_base","start_pts","start_time","duration_ts","duration","bit_rate","filepath") values ('0','mp3','MP3 (MPEG audio layer 3)','audio','1/44100','[0][0][0][0]','0x0000','fltp','44100','2','stereo','0','0/0','0/0','1/14112000','0','0','3395174400','240.587755','159892','/media/pi/ZUKE/MUSIC/CDs/CD 63/12 - C''mon Bounce - Big Band.mp3');
insert into format ("filename","nb_streams","nb_programs","format_name","format_long_name","start_time","duration","size","bit_rate","probe_score","filepath") values ('/media/pi/ZUKE/MUSIC/CDs/CD 63/12 - C''mon Bounce - Big Band.mp3','1','0','mp3','MP2/3 (MPEG audio layer 2/3)','0','240.587755','4808832','159902','51','/media/pi/ZUKE/MUSIC/CDs/CD 63/12 - C''mon Bounce - Big Band.mp3');
insert into disposition ("default","dub","original","comment","lyrics","karaoke","forced","hearing_impaired","visual_impaired","clean_effects","attached_pic","timed_thumbnails","filepath") values ('0','0','0','0','0','0','0','0','0','0','0','0','/media/pi/ZUKE/MUSIC/CDs/CD 63/12 - C''mon Bounce - Big Band.mp3');
insert into tags ("album","composer","genre","title","artist","disc","track","filepath") values ('ZIN CD 63','Zumba Fitness','Big Band','C''mon Bounce','Zumba Fitness','1/1','12/14','/media/pi/ZUKE/MUSIC/CDs/CD 63/12 - C''mon Bounce - Big Band.mp3');
insert into mp3s ("filepath") values ('/media/pi/ZUKE/MUSIC/CDs/CD 63/12 - C''mon Bounce - Big Band.mp3');
insert into streams ("index","codec_name","codec_long_name","codec_type","codec_time_base","codec_tag_string","codec_tag","sample_fmt","sample_rate","channels","channel_layout","bits_per_sample","r_frame_rate","avg_frame_rate","time_base","start_pts","start_time","duration_ts","duration","bit_rate","filepath") values ('0','mp3','MP3 (MPEG audio layer 3)','audio','1/44100','[0][0][0][0]','0x0000','fltp','44100','2','stereo','0','0/0','0/0','1/14112000','0','0','2764062720','195.866122','156582','/media/pi/ZUKE/MUSIC/CDs/CD 63/13 - I Can See Clearly - Cooldown.mp3');
insert into format ("filename","nb_streams","nb_programs","format_name","format_long_name","start_time","duration","size","bit_rate","probe_score","filepath") values ('/media/pi/ZUKE/MUSIC/CDs/CD 63/13 - I Can See Clearly - Cooldown.mp3','1','0','mp3','MP2/3 (MPEG audio layer 2/3)','0','195.866122','3833984','156596','51','/media/pi/ZUKE/MUSIC/CDs/CD 63/13 - I Can See Clearly - Cooldown.mp3');
insert into disposition ("default","dub","original","comment","lyrics","karaoke","forced","hearing_impaired","visual_impaired","clean_effects","attached_pic","timed_thumbnails","filepath") values ('0','0','0','0','0','0','0','0','0','0','0','0','/media/pi/ZUKE/MUSIC/CDs/CD 63/13 - I Can See Clearly - Cooldown.mp3');
insert into tags ("album","composer","genre","title","artist","disc","track","filepath") values ('ZIN CD 63','Zumba Fitness','Cooldown','I Can See Clearly','Zumba Fitness','1/1','13/14','/media/pi/ZUKE/MUSIC/CDs/CD 63/13 - I Can See Clearly - Cooldown.mp3');
insert into mp3s ("filepath") values ('/media/pi/ZUKE/MUSIC/CDs/CD 63/13 - I Can See Clearly - Cooldown.mp3');
insert into streams ("index","codec_name","codec_long_name","codec_type","codec_time_base","codec_tag_string","codec_tag","sample_fmt","sample_rate","channels","channel_layout","bits_per_sample","r_frame_rate","avg_frame_rate","time_base","start_pts","start_time","duration_ts","duration","bit_rate","filepath") values ('0','mp3','MP3 (MPEG audio layer 3)','audio','1/44100','[0][0][0][0]','0x0000','fltp','44100','2','stereo','0','0/0','0/0','1/14112000','0','0','8233574400','583.444898','164949','/media/pi/ZUKE/MUSIC/CDs/CD 63/14 - Bangarang - C''mon and Bounce - El Cepillo - DJ Mix.mp3');
insert into format ("filename","nb_streams","nb_programs","format_name","format_long_name","start_time","duration","size","bit_rate","probe_score","filepath") values ('/media/pi/ZUKE/MUSIC/CDs/CD 63/14 - Bangarang - C''mon and Bounce - El Cepillo - DJ Mix.mp3','1','0','mp3','MP2/3 (MPEG audio layer 2/3)','0','583.444898','12032128','164980','51','/media/pi/ZUKE/MUSIC/CDs/CD 63/14 - Bangarang - C''mon and Bounce - El Cepillo - DJ Mix.mp3');
insert into disposition ("default","dub","original","comment","lyrics","karaoke","forced","hearing_impaired","visual_impaired","clean_effects","attached_pic","timed_thumbnails","filepath") values ('0','0','0','0','0','0','0','0','0','0','0','0','/media/pi/ZUKE/MUSIC/CDs/CD 63/14 - Bangarang - C''mon and Bounce - El Cepillo - DJ Mix.mp3');
insert into tags ("album","composer","genre","title","artist","disc","track","filepath") values ('ZIN CD 63','Zumba Fitness','DJ Mix','Bangarang - C''mon and Bounce - El Cepillo','Zumba Fitness','1/1','14/14','/media/pi/ZUKE/MUSIC/CDs/CD 63/14 - Bangarang - C''mon and Bounce - El Cepillo - DJ Mix.mp3');
insert into mp3s ("filepath") values ('/media/pi/ZUKE/MUSIC/CDs/CD 63/14 - Bangarang - C''mon and Bounce - El Cepillo - DJ Mix.mp3');
insert into streams ("index","codec_name","codec_long_name","codec_type","codec_time_base","codec_tag_string","codec_tag","sample_fmt","sample_rate","channels","channel_layout","bits_per_sample","r_frame_rate","avg_frame_rate","time_base","start_pts","start_time","duration_ts","duration","bit_rate","filepath") values ('0','mp3','MP3 (MPEG audio layer 3)','audio','1/44100','[0][0][0][0]','0x0000','fltp','44100','2','stereo','0','0/0','0/0','1/14112000','0','0','2710241280','192.052245','165753','/media/pi/ZUKE/MUSIC/CDs/CD 64/01 - Aguita - Warm-up.mp3');
insert into format ("filename","nb_streams","nb_programs","format_name","format_long_name","start_time","duration","size","bit_rate","probe_score","filepath") values ('/media/pi/ZUKE/MUSIC/CDs/CD 64/01 - Aguita - Warm-up.mp3','1','0','mp3','MP2/3 (MPEG audio layer 2/3)','0','192.052245','3981440','165848','51','/media/pi/ZUKE/MUSIC/CDs/CD 64/01 - Aguita - Warm-up.mp3');
insert into disposition ("default","dub","original","comment","lyrics","karaoke","forced","hearing_impaired","visual_impaired","clean_effects","attached_pic","timed_thumbnails","filepath") values ('0','0','0','0','0','0','0','0','0','0','0','0','/media/pi/ZUKE/MUSIC/CDs/CD 64/01 - Aguita - Warm-up.mp3');
insert into tags ("album","composer","genre","title","artist","disc","track","filepath") values ('ZIN CD 64','Zumba Fitness','Warm-up','Aguita','Zumba Fitness','1/1','01/14','/media/pi/ZUKE/MUSIC/CDs/CD 64/01 - Aguita - Warm-up.mp3');
insert into mp3s ("filepath") values ('/media/pi/ZUKE/MUSIC/CDs/CD 64/01 - Aguita - Warm-up.mp3');
insert into streams ("index","codec_name","codec_long_name","codec_type","codec_time_base","codec_tag_string","codec_tag","sample_fmt","sample_rate","channels","channel_layout","bits_per_sample","r_frame_rate","avg_frame_rate","time_base","start_pts","start_time","duration_ts","duration","bit_rate","filepath") values ('0','mp3','MP3 (MPEG audio layer 3)','audio','1/44100','[0][0][0][0]','0x0000','fltp','44100','2','stereo','0','0/0','0/0','1/14112000','0','0','2730516480','193.488980','152414','/media/pi/ZUKE/MUSIC/CDs/CD 64/02 - Move Your Body - Warm-up.mp3');
insert into format ("filename","nb_streams","nb_programs","format_name","format_long_name","start_time","duration","size","bit_rate","probe_score","filepath") values ('/media/pi/ZUKE/MUSIC/CDs/CD 64/02 - Move Your Body - Warm-up.mp3','1','0','mp3','MP2/3 (MPEG audio layer 2/3)','0','193.488980','3688576','152507','51','/media/pi/ZUKE/MUSIC/CDs/CD 64/02 - Move Your Body - Warm-up.mp3');
insert into disposition ("default","dub","original","comment","lyrics","karaoke","forced","hearing_impaired","visual_impaired","clean_effects","attached_pic","timed_thumbnails","filepath") values ('0','0','0','0','0','0','0','0','0','0','0','0','/media/pi/ZUKE/MUSIC/CDs/CD 64/02 - Move Your Body - Warm-up.mp3');
insert into tags ("album","composer","genre","title","artist","disc","track","filepath") values ('ZIN CD 64','Zumba Fitness','Warm-up','Move Your Body','Zumba Fitness','1/1','02/14','/media/pi/ZUKE/MUSIC/CDs/CD 64/02 - Move Your Body - Warm-up.mp3');
insert into mp3s ("filepath") values ('/media/pi/ZUKE/MUSIC/CDs/CD 64/02 - Move Your Body - Warm-up.mp3');
insert into streams ("index","codec_name","codec_long_name","codec_type","codec_time_base","codec_tag_string","codec_tag","sample_fmt","sample_rate","channels","channel_layout","bits_per_sample","r_frame_rate","avg_frame_rate","time_base","start_pts","start_time","duration_ts","duration","bit_rate","filepath") values ('0','mp3','MP3 (MPEG audio layer 3)','audio','1/44100','[0][0][0][0]','0x0000','fltp','44100','2','stereo','0','0/0','0/0','1/14112000','0','0','2732359680','193.619592','169533','/media/pi/ZUKE/MUSIC/CDs/CD 64/03 - Hey Ya! - Warm-up.mp3');
insert into format ("filename","nb_streams","nb_programs","format_name","format_long_name","start_time","duration","size","bit_rate","probe_score","filepath") values ('/media/pi/ZUKE/MUSIC/CDs/CD 64/03 - Hey Ya! - Warm-up.mp3','1','0','mp3','MP2/3 (MPEG audio layer 2/3)','0','193.619592','4104320','169582','51','/media/pi/ZUKE/MUSIC/CDs/CD 64/03 - Hey Ya! - Warm-up.mp3');
insert into disposition ("default","dub","original","comment","lyrics","karaoke","forced","hearing_impaired","visual_impaired","clean_effects","attached_pic","timed_thumbnails","filepath") values ('0','0','0','0','0','0','0','0','0','0','0','0','/media/pi/ZUKE/MUSIC/CDs/CD 64/03 - Hey Ya! - Warm-up.mp3');
insert into tags ("album","composer","genre","title","artist","disc","track","filepath") values ('ZIN CD 64','Zumba Fitness','Warm-up','Hey Ya!','Zumba Fitness','1/1','03/14','/media/pi/ZUKE/MUSIC/CDs/CD 64/03 - Hey Ya! - Warm-up.mp3');
insert into mp3s ("filepath") values ('/media/pi/ZUKE/MUSIC/CDs/CD 64/03 - Hey Ya! - Warm-up.mp3');
insert into streams ("index","codec_name","codec_long_name","codec_type","codec_time_base","codec_tag_string","codec_tag","sample_fmt","sample_rate","channels","channel_layout","bits_per_sample","r_frame_rate","avg_frame_rate","time_base","start_pts","start_time","duration_ts","duration","bit_rate","filepath") values ('0','mp3','MP3 (MPEG audio layer 3)','audio','1/44100','[0][0][0][0]','0x0000','fltp','44100','2','stereo','0','0/0','0/0','1/14112000','0','0','3031695360','214.831020','158324','/media/pi/ZUKE/MUSIC/CDs/CD 64/04 - No Voy a Llorar - Merengue.mp3');
insert into format ("filename","nb_streams","nb_programs","format_name","format_long_name","start_time","duration","size","bit_rate","probe_score","filepath") values ('/media/pi/ZUKE/MUSIC/CDs/CD 64/04 - No Voy a Llorar - Merengue.mp3','1','0','mp3','MP2/3 (MPEG audio layer 2/3)','0','214.831020','4253824','158406','51','/media/pi/ZUKE/MUSIC/CDs/CD 64/04 - No Voy a Llorar - Merengue.mp3');
insert into disposition ("default","dub","original","comment","lyrics","karaoke","forced","hearing_impaired","visual_impaired","clean_effects","attached_pic","timed_thumbnails","filepath") values ('0','0','0','0','0','0','0','0','0','0','0','0','/media/pi/ZUKE/MUSIC/CDs/CD 64/04 - No Voy a Llorar - Merengue.mp3');
insert into tags ("album","composer","genre","title","artist","disc","track","filepath") values ('ZIN CD 64','Zumba Fitness','Merengue','No Voy a Llorar','Zumba Fitness','1/1','04/14','/media/pi/ZUKE/MUSIC/CDs/CD 64/04 - No Voy a Llorar - Merengue.mp3');
insert into mp3s ("filepath") values ('/media/pi/ZUKE/MUSIC/CDs/CD 64/04 - No Voy a Llorar - Merengue.mp3');
insert into streams ("index","codec_name","codec_long_name","codec_type","codec_time_base","codec_tag_string","codec_tag","sample_fmt","sample_rate","channels","channel_layout","bits_per_sample","r_frame_rate","avg_frame_rate","time_base","start_pts","start_time","duration_ts","duration","bit_rate","filepath") values ('0','mp3','MP3 (MPEG audio layer 3)','audio','1/44100','[0][0][0][0]','0x0000','fltp','44100','2','stereo','0','0/0','0/0','1/14112000','0','0','3431301120','243.147755','172192','/media/pi/ZUKE/MUSIC/CDs/CD 64/05 - Macarena - Salsa.mp3');
insert into format ("filename","nb_streams","nb_programs","format_name","format_long_name","start_time","duration","size","bit_rate","probe_score","filepath") values ('/media/pi/ZUKE/MUSIC/CDs/CD 64/05 - Macarena - Salsa.mp3','1','0','mp3','MP2/3 (MPEG audio layer 2/3)','0','243.147755','5234816','172234','51','/media/pi/ZUKE/MUSIC/CDs/CD 64/05 - Macarena - Salsa.mp3');
insert into disposition ("default","dub","original","comment","lyrics","karaoke","forced","hearing_impaired","visual_impaired","clean_effects","attached_pic","timed_thumbnails","filepath") values ('0','0','0','0','0','0','0','0','0','0','0','0','/media/pi/ZUKE/MUSIC/CDs/CD 64/05 - Macarena - Salsa.mp3');
insert into tags ("album","composer","genre","title","artist","disc","track","filepath") values ('ZIN CD 64','Zumba Fitness','Salsa','Macarena','Zumba Fitness','1/1','05/14','/media/pi/ZUKE/MUSIC/CDs/CD 64/05 - Macarena - Salsa.mp3');
insert into mp3s ("filepath") values ('/media/pi/ZUKE/MUSIC/CDs/CD 64/05 - Macarena - Salsa.mp3');
insert into streams ("index","codec_name","codec_long_name","codec_type","codec_time_base","codec_tag_string","codec_tag","sample_fmt","sample_rate","channels","channel_layout","bits_per_sample","r_frame_rate","avg_frame_rate","time_base","start_pts","start_time","duration_ts","duration","bit_rate","filepath") values ('0','mp3','MP3 (MPEG audio layer 3)','audio','1/44100','[0][0][0][0]','0x0000','fltp','44100','2','stereo','0','0/0','0/0','1/14112000','0','0','2534768640','179.617959','145826','/media/pi/ZUKE/MUSIC/CDs/CD 64/06 - Chetos y Cumbieros - Cumbia.mp3');
insert into format ("filename","nb_streams","nb_programs","format_name","format_long_name","start_time","duration","size","bit_rate","probe_score","filepath") values ('/media/pi/ZUKE/MUSIC/CDs/CD 64/06 - Chetos y Cumbieros - Cumbia.mp3','1','0','mp3','MP2/3 (MPEG audio layer 2/3)','0','179.617959','3274880','145859','51','/media/pi/ZUKE/MUSIC/CDs/CD 64/06 - Chetos y Cumbieros - Cumbia.mp3');
insert into disposition ("default","dub","original","comment","lyrics","karaoke","forced","hearing_impaired","visual_impaired","clean_effects","attached_pic","timed_thumbnails","filepath") values ('0','0','0','0','0','0','0','0','0','0','0','0','/media/pi/ZUKE/MUSIC/CDs/CD 64/06 - Chetos y Cumbieros - Cumbia.mp3');
insert into tags ("album","composer","genre","title","artist","disc","track","filepath") values ('ZIN CD 64','Zumba Fitness','Cumbia','Chetos y Cumbieros','Zumba Fitness','1/1','06/14','/media/pi/ZUKE/MUSIC/CDs/CD 64/06 - Chetos y Cumbieros - Cumbia.mp3');
insert into mp3s ("filepath") values ('/media/pi/ZUKE/MUSIC/CDs/CD 64/06 - Chetos y Cumbieros - Cumbia.mp3');
insert into streams ("index","codec_name","codec_long_name","codec_type","codec_time_base","codec_tag_string","codec_tag","sample_fmt","sample_rate","channels","channel_layout","bits_per_sample","r_frame_rate","avg_frame_rate","time_base","start_pts","start_time","duration_ts","duration","bit_rate","filepath") values ('0','mp3','MP3 (MPEG audio layer 3)','audio','1/44100','[0][0][0][0]','0x0000','fltp','44100','2','stereo','0','0/0','0/0','1/14112000','0','0','4180746240','296.254694','165861','/media/pi/ZUKE/MUSIC/CDs/CD 64/07 - Pachanga - Moombahton.mp3');
insert into format ("filename","nb_streams","nb_programs","format_name","format_long_name","start_time","duration","size","bit_rate","probe_score","filepath") values ('/media/pi/ZUKE/MUSIC/CDs/CD 64/07 - Pachanga - Moombahton.mp3','1','0','mp3','MP2/3 (MPEG audio layer 2/3)','0','296.254694','6144128','165914','51','/media/pi/ZUKE/MUSIC/CDs/CD 64/07 - Pachanga - Moombahton.mp3');
insert into disposition ("default","dub","original","comment","lyrics","karaoke","forced","hearing_impaired","visual_impaired","clean_effects","attached_pic","timed_thumbnails","filepath") values ('0','0','0','0','0','0','0','0','0','0','0','0','/media/pi/ZUKE/MUSIC/CDs/CD 64/07 - Pachanga - Moombahton.mp3');
insert into tags ("album","composer","genre","title","artist","disc","track","filepath") values ('ZIN CD 64','Zumba Fitness','Moombahton','Pachanga','Zumba Fitness','1/1','07/14','/media/pi/ZUKE/MUSIC/CDs/CD 64/07 - Pachanga - Moombahton.mp3');
insert into mp3s ("filepath") values ('/media/pi/ZUKE/MUSIC/CDs/CD 64/07 - Pachanga - Moombahton.mp3');
insert into streams ("index","codec_name","codec_long_name","codec_type","codec_time_base","codec_tag_string","codec_tag","sample_fmt","sample_rate","channels","channel_layout","bits_per_sample","r_frame_rate","avg_frame_rate","time_base","start_pts","start_time","duration_ts","duration","bit_rate","filepath") values ('0','mp3','MP3 (MPEG audio layer 3)','audio','1/44100','[0][0][0][0]','0x0000','fltp','44100','2','stereo','0','0/0','0/0','1/14112000','0','0','2566840320','181.890612','148867','/media/pi/ZUKE/MUSIC/CDs/CD 64/08 - In We Blood - Soca.mp3');
insert into format ("filename","nb_streams","nb_programs","format_name","format_long_name","start_time","duration","size","bit_rate","probe_score","filepath") values ('/media/pi/ZUKE/MUSIC/CDs/CD 64/08 - In We Blood - Soca.mp3','1','0','mp3','MP2/3 (MPEG audio layer 2/3)','0','181.890612','3385472','148901','51','/media/pi/ZUKE/MUSIC/CDs/CD 64/08 - In We Blood - Soca.mp3');
insert into disposition ("default","dub","original","comment","lyrics","karaoke","forced","hearing_impaired","visual_impaired","clean_effects","attached_pic","timed_thumbnails","filepath") values ('0','0','0','0','0','0','0','0','0','0','0','0','/media/pi/ZUKE/MUSIC/CDs/CD 64/08 - In We Blood - Soca.mp3');
insert into tags ("album","composer","genre","title","artist","disc","track","filepath") values ('ZIN CD 64','Zumba Fitness','Soca','In We Blood','Zumba Fitness','1/1','08/14','/media/pi/ZUKE/MUSIC/CDs/CD 64/08 - In We Blood - Soca.mp3');
insert into mp3s ("filepath") values ('/media/pi/ZUKE/MUSIC/CDs/CD 64/08 - In We Blood - Soca.mp3');
insert into streams ("index","codec_name","codec_long_name","codec_type","codec_time_base","codec_tag_string","codec_tag","sample_fmt","sample_rate","channels","channel_layout","bits_per_sample","r_frame_rate","avg_frame_rate","time_base","start_pts","start_time","duration_ts","duration","bit_rate","filepath") values ('0','mp3','MP3 (MPEG audio layer 3)','audio','1/44100','[0][0][0][0]','0x0000','fltp','44100','2','stereo','0','0/0','0/0','1/14112000','0','0','2970132480','210.468571','166153','/media/pi/ZUKE/MUSIC/CDs/CD 64/09 - Tite - Reggaeton - Bachata.mp3');
insert into format ("filename","nb_streams","nb_programs","format_name","format_long_name","start_time","duration","size","bit_rate","probe_score","filepath") values ('/media/pi/ZUKE/MUSIC/CDs/CD 64/09 - Tite - Reggaeton - Bachata.mp3','1','0','mp3','MP2/3 (MPEG audio layer 2/3)','0','210.468571','4372608','166204','51','/media/pi/ZUKE/MUSIC/CDs/CD 64/09 - Tite - Reggaeton - Bachata.mp3');
insert into disposition ("default","dub","original","comment","lyrics","karaoke","forced","hearing_impaired","visual_impaired","clean_effects","attached_pic","timed_thumbnails","filepath") values ('0','0','0','0','0','0','0','0','0','0','0','0','/media/pi/ZUKE/MUSIC/CDs/CD 64/09 - Tite - Reggaeton - Bachata.mp3');
insert into tags ("album","composer","genre","title","artist","disc","track","filepath") values ('ZIN CD 64','Zumba Fitness','Reggaeton,Bachata','Tite','Zumba Fitness','1/1','09/14','/media/pi/ZUKE/MUSIC/CDs/CD 64/09 - Tite - Reggaeton - Bachata.mp3');
insert into mp3s ("filepath") values ('/media/pi/ZUKE/MUSIC/CDs/CD 64/09 - Tite - Reggaeton - Bachata.mp3');
insert into streams ("index","codec_name","codec_long_name","codec_type","codec_time_base","codec_tag_string","codec_tag","sample_fmt","sample_rate","channels","channel_layout","bits_per_sample","r_frame_rate","avg_frame_rate","time_base","start_pts","start_time","duration_ts","duration","bit_rate","filepath") values ('0','mp3','MP3 (MPEG audio layer 3)','audio','1/44100','[0][0][0][0]','0x0000','fltp','44100','2','stereo','0','0/0','0/0','1/14112000','0','0','3527884800','249.991837','163405','/media/pi/ZUKE/MUSIC/CDs/CD 64/10 - America''s Sweetheart - Folk Rock.mp3');
insert into format ("filename","nb_streams","nb_programs","format_name","format_long_name","start_time","duration","size","bit_rate","probe_score","filepath") values ('/media/pi/ZUKE/MUSIC/CDs/CD 64/10 - America''s Sweetheart - Folk Rock.mp3','1','0','mp3','MP2/3 (MPEG audio layer 2/3)','0','249.991837','5107840','163456','51','/media/pi/ZUKE/MUSIC/CDs/CD 64/10 - America''s Sweetheart - Folk Rock.mp3');
insert into disposition ("default","dub","original","comment","lyrics","karaoke","forced","hearing_impaired","visual_impaired","clean_effects","attached_pic","timed_thumbnails","filepath") values ('0','0','0','0','0','0','0','0','0','0','0','0','/media/pi/ZUKE/MUSIC/CDs/CD 64/10 - America''s Sweetheart - Folk Rock.mp3');
insert into tags ("album","composer","genre","title","artist","disc","track","filepath") values ('ZIN CD 64','Zumba Fitness','Folk Rock','America''s Sweetheart','Zumba Fitness','1/1','10/14','/media/pi/ZUKE/MUSIC/CDs/CD 64/10 - America''s Sweetheart - Folk Rock.mp3');
insert into mp3s ("filepath") values ('/media/pi/ZUKE/MUSIC/CDs/CD 64/10 - America''s Sweetheart - Folk Rock.mp3');
insert into streams ("index","codec_name","codec_long_name","codec_type","codec_time_base","codec_tag_string","codec_tag","sample_fmt","sample_rate","channels","channel_layout","bits_per_sample","r_frame_rate","avg_frame_rate","time_base","start_pts","start_time","duration_ts","duration","bit_rate","filepath") values ('0','mp3','MP3 (MPEG audio layer 3)','audio','1/44100','[0][0][0][0]','0x0000','fltp','44100','2','stereo','0','0/0','0/0','1/14112000','0','0','2714296320','192.339592','163033','/media/pi/ZUKE/MUSIC/CDs/CD 64/11 - Esto Se Baila Asi - Punta.mp3');
insert into format ("filename","nb_streams","nb_programs","format_name","format_long_name","start_time","duration","size","bit_rate","probe_score","filepath") values ('/media/pi/ZUKE/MUSIC/CDs/CD 64/11 - Esto Se Baila Asi - Punta.mp3','1','0','mp3','MP2/3 (MPEG audio layer 2/3)','0','192.339592','3920000','163044','51','/media/pi/ZUKE/MUSIC/CDs/CD 64/11 - Esto Se Baila Asi - Punta.mp3');
insert into disposition ("default","dub","original","comment","lyrics","karaoke","forced","hearing_impaired","visual_impaired","clean_effects","attached_pic","timed_thumbnails","filepath") values ('0','0','0','0','0','0','0','0','0','0','0','0','/media/pi/ZUKE/MUSIC/CDs/CD 64/11 - Esto Se Baila Asi - Punta.mp3');
insert into tags ("album","composer","genre","title","artist","disc","track","filepath") values ('ZIN CD 64','Zumba Fitness','Punta','Esto Se Baila Asi','Zumba Fitness','1/1','11/14','/media/pi/ZUKE/MUSIC/CDs/CD 64/11 - Esto Se Baila Asi - Punta.mp3');
insert into mp3s ("filepath") values ('/media/pi/ZUKE/MUSIC/CDs/CD 64/11 - Esto Se Baila Asi - Punta.mp3');
insert into streams ("index","codec_name","codec_long_name","codec_type","codec_time_base","codec_tag_string","codec_tag","sample_fmt","sample_rate","channels","channel_layout","bits_per_sample","r_frame_rate","avg_frame_rate","time_base","start_pts","start_time","duration_ts","duration","bit_rate","filepath") values ('0','mp3','MP3 (MPEG audio layer 3)','audio','1/44100','[0][0][0][0]','0x0000','fltp','44100','2','stereo','0','0/0','0/0','1/14112000','0','0','3931176960','278.569796','150282','/media/pi/ZUKE/MUSIC/CDs/CD 64/12 - Deja Que Suba - Batucada.mp3');
insert into format ("filename","nb_streams","nb_programs","format_name","format_long_name","start_time","duration","size","bit_rate","probe_score","filepath") values ('/media/pi/ZUKE/MUSIC/CDs/CD 64/12 - Deja Que Suba - Batucada.mp3','1','0','mp3','MP2/3 (MPEG audio layer 2/3)','0','278.569796','5234816','150334','51','/media/pi/ZUKE/MUSIC/CDs/CD 64/12 - Deja Que Suba - Batucada.mp3');
insert into disposition ("default","dub","original","comment","lyrics","karaoke","forced","hearing_impaired","visual_impaired","clean_effects","attached_pic","timed_thumbnails","filepath") values ('0','0','0','0','0','0','0','0','0','0','0','0','/media/pi/ZUKE/MUSIC/CDs/CD 64/12 - Deja Que Suba - Batucada.mp3');
insert into tags ("album","composer","genre","title","artist","disc","track","filepath") values ('ZIN CD 64','Zumba Fitness','Batucada','Deja Que Suba','Zumba Fitness','1/1','12/14','/media/pi/ZUKE/MUSIC/CDs/CD 64/12 - Deja Que Suba - Batucada.mp3');
insert into mp3s ("filepath") values ('/media/pi/ZUKE/MUSIC/CDs/CD 64/12 - Deja Que Suba - Batucada.mp3');
insert into streams ("index","codec_name","codec_long_name","codec_type","codec_time_base","codec_tag_string","codec_tag","sample_fmt","sample_rate","channels","channel_layout","bits_per_sample","r_frame_rate","avg_frame_rate","time_base","start_pts","start_time","duration_ts","duration","bit_rate","filepath") values ('0','mp3','MP3 (MPEG audio layer 3)','audio','1/44100','[0][0][0][0]','0x0000','fltp','44100','2','stereo','0','0/0','0/0','1/14112000','0','0','3415080960','241.998367','164911','/media/pi/ZUKE/MUSIC/CDs/CD 64/13 - Lo Que He Bailao - Cooldown.mp3');
insert into format ("filename","nb_streams","nb_programs","format_name","format_long_name","start_time","duration","size","bit_rate","probe_score","filepath") values ('/media/pi/ZUKE/MUSIC/CDs/CD 64/13 - Lo Que He Bailao - Cooldown.mp3','1','0','mp3','MP2/3 (MPEG audio layer 2/3)','0','241.998367','4989056','164928','51','/media/pi/ZUKE/MUSIC/CDs/CD 64/13 - Lo Que He Bailao - Cooldown.mp3');
insert into disposition ("default","dub","original","comment","lyrics","karaoke","forced","hearing_impaired","visual_impaired","clean_effects","attached_pic","timed_thumbnails","filepath") values ('0','0','0','0','0','0','0','0','0','0','0','0','/media/pi/ZUKE/MUSIC/CDs/CD 64/13 - Lo Que He Bailao - Cooldown.mp3');
insert into tags ("album","composer","genre","title","artist","disc","track","filepath") values ('ZIN CD 64','Zumba Fitness','Cooldown','Lo Que He Bailao','Zumba Fitness','1/1','13/14','/media/pi/ZUKE/MUSIC/CDs/CD 64/13 - Lo Que He Bailao - Cooldown.mp3');
insert into mp3s ("filepath") values ('/media/pi/ZUKE/MUSIC/CDs/CD 64/13 - Lo Que He Bailao - Cooldown.mp3');
insert into streams ("index","codec_name","codec_long_name","codec_type","codec_time_base","codec_tag_string","codec_tag","sample_fmt","sample_rate","channels","channel_layout","bits_per_sample","r_frame_rate","avg_frame_rate","time_base","start_pts","start_time","duration_ts","duration","bit_rate","filepath") values ('0','mp3','MP3 (MPEG audio layer 3)','audio','1/44100','[0][0][0][0]','0x0000','fltp','44100','2','stereo','0','0/0','0/0','1/14112000','0','0','8006492160','567.353469','159667','/media/pi/ZUKE/MUSIC/CDs/CD 64/14 - No Voy a Llorar - Chetos y Cumbieros - Deja Que Suba - DJ Mix.mp3');
insert into format ("filename","nb_streams","nb_programs","format_name","format_long_name","start_time","duration","size","bit_rate","probe_score","filepath") values ('/media/pi/ZUKE/MUSIC/CDs/CD 64/14 - No Voy a Llorar - Chetos y Cumbieros - Deja Que Suba - DJ Mix.mp3','1','0','mp3','MP2/3 (MPEG audio layer 2/3)','0','567.353469','11325568','159696','51','/media/pi/ZUKE/MUSIC/CDs/CD 64/14 - No Voy a Llorar - Chetos y Cumbieros - Deja Que Suba - DJ Mix.mp3');
insert into disposition ("default","dub","original","comment","lyrics","karaoke","forced","hearing_impaired","visual_impaired","clean_effects","attached_pic","timed_thumbnails","filepath") values ('0','0','0','0','0','0','0','0','0','0','0','0','/media/pi/ZUKE/MUSIC/CDs/CD 64/14 - No Voy a Llorar - Chetos y Cumbieros - Deja Que Suba - DJ Mix.mp3');
insert into tags ("album","composer","genre","title","artist","disc","track","filepath") values ('ZIN CD 64','Zumba Fitness','DJ Mix','No Voy a Llorar - Chetos y Cumbieros - Deja Que Suba','Zumba Fitness','1/1','14/14','/media/pi/ZUKE/MUSIC/CDs/CD 64/14 - No Voy a Llorar - Chetos y Cumbieros - Deja Que Suba - DJ Mix.mp3');
insert into mp3s ("filepath") values ('/media/pi/ZUKE/MUSIC/CDs/CD 64/14 - No Voy a Llorar - Chetos y Cumbieros - Deja Que Suba - DJ Mix.mp3');
insert into streams ("index","codec_name","codec_long_name","codec_type","codec_time_base","codec_tag_string","codec_tag","sample_fmt","sample_rate","channels","channel_layout","bits_per_sample","r_frame_rate","avg_frame_rate","time_base","start_pts","start_time","duration_ts","duration","bit_rate","filepath") values ('0','mp3','MP3 (MPEG audio layer 3)','audio','1/44100','[0][0][0][0]','0x0000','fltp','44100','2','stereo','0','0/0','0/0','1/14112000','0','0','3457105920','244.976327','162560','/media/pi/ZUKE/MUSIC/CDs/CD 65/01 - Ella Me Copia - Warm-up.mp3');
insert into format ("filename","nb_streams","nb_programs","format_name","format_long_name","start_time","duration","size","bit_rate","probe_score","filepath") values ('/media/pi/ZUKE/MUSIC/CDs/CD 65/01 - Ella Me Copia - Warm-up.mp3','1','0','mp3','MP2/3 (MPEG audio layer 2/3)','0','244.976327','4978816','162589','51','/media/pi/ZUKE/MUSIC/CDs/CD 65/01 - Ella Me Copia - Warm-up.mp3');
insert into disposition ("default","dub","original","comment","lyrics","karaoke","forced","hearing_impaired","visual_impaired","clean_effects","attached_pic","timed_thumbnails","filepath") values ('0','0','0','0','0','0','0','0','0','0','0','0','/media/pi/ZUKE/MUSIC/CDs/CD 65/01 - Ella Me Copia - Warm-up.mp3');
insert into tags ("album","composer","genre","title","artist","disc","track","filepath") values ('ZIN CD 65','Zumba Fitness','Warm-up','Ella Me Copia','Zumba Fitness','1/1','01/14','/media/pi/ZUKE/MUSIC/CDs/CD 65/01 - Ella Me Copia - Warm-up.mp3');
insert into mp3s ("filepath") values ('/media/pi/ZUKE/MUSIC/CDs/CD 65/01 - Ella Me Copia - Warm-up.mp3');
insert into streams ("index","codec_name","codec_long_name","codec_type","codec_time_base","codec_tag_string","codec_tag","sample_fmt","sample_rate","channels","channel_layout","bits_per_sample","r_frame_rate","avg_frame_rate","time_base","start_pts","start_time","duration_ts","duration","bit_rate","filepath") values ('0','mp3','MP3 (MPEG audio layer 3)','audio','1/44100','[0][0][0][0]','0x0000','fltp','44100','2','stereo','0','0/0','0/0','1/14112000','0','0','2664161280','188.786939','166022','/media/pi/ZUKE/MUSIC/CDs/CD 65/02 - What Do You Mean - Warm-up.mp3');
insert into format ("filename","nb_streams","nb_programs","format_name","format_long_name","start_time","duration","size","bit_rate","probe_score","filepath") values ('/media/pi/ZUKE/MUSIC/CDs/CD 65/02 - What Do You Mean - Warm-up.mp3','1','0','mp3','MP2/3 (MPEG audio layer 2/3)','0','188.786939','3920000','166113','51','/media/pi/ZUKE/MUSIC/CDs/CD 65/02 - What Do You Mean - Warm-up.mp3');
insert into disposition ("default","dub","original","comment","lyrics","karaoke","forced","hearing_impaired","visual_impaired","clean_effects","attached_pic","timed_thumbnails","filepath") values ('0','0','0','0','0','0','0','0','0','0','0','0','/media/pi/ZUKE/MUSIC/CDs/CD 65/02 - What Do You Mean - Warm-up.mp3');
insert into tags ("album","composer","genre","title","artist","disc","track","filepath") values ('ZIN CD 65','Zumba Fitness','Warm-up','What Do You Mean','Zumba Fitness','1/1','02/14','/media/pi/ZUKE/MUSIC/CDs/CD 65/02 - What Do You Mean - Warm-up.mp3');
insert into mp3s ("filepath") values ('/media/pi/ZUKE/MUSIC/CDs/CD 65/02 - What Do You Mean - Warm-up.mp3');
insert into streams ("index","codec_name","codec_long_name","codec_type","codec_time_base","codec_tag_string","codec_tag","sample_fmt","sample_rate","channels","channel_layout","bits_per_sample","r_frame_rate","avg_frame_rate","time_base","start_pts","start_time","duration_ts","duration","bit_rate","filepath") values ('0','mp3','MP3 (MPEG audio layer 3)','audio','1/44100','[0][0][0][0]','0x0000','fltp','44100','2','stereo','0','0/0','0/0','1/14112000','0','0','2179768320','154.462041','167968','/media/pi/ZUKE/MUSIC/CDs/CD 65/03 - Baila Pa Emociona - Warm-up.mp3');
insert into format ("filename","nb_streams","nb_programs","format_name","format_long_name","start_time","duration","size","bit_rate","probe_score","filepath") values ('/media/pi/ZUKE/MUSIC/CDs/CD 65/03 - Baila Pa Emociona - Warm-up.mp3','1','0','mp3','MP2/3 (MPEG audio layer 2/3)','0','154.462041','3244160','168023','51','/media/pi/ZUKE/MUSIC/CDs/CD 65/03 - Baila Pa Emociona - Warm-up.mp3');
insert into disposition ("default","dub","original","comment","lyrics","karaoke","forced","hearing_impaired","visual_impaired","clean_effects","attached_pic","timed_thumbnails","filepath") values ('0','0','0','0','0','0','0','0','0','0','0','0','/media/pi/ZUKE/MUSIC/CDs/CD 65/03 - Baila Pa Emociona - Warm-up.mp3');
insert into tags ("album","composer","genre","title","artist","disc","track","filepath") values ('ZIN CD 65','Zumba Fitness','Warm-up','Baila Pa Emociona','Zumba Fitness','1/1','03/14','/media/pi/ZUKE/MUSIC/CDs/CD 65/03 - Baila Pa Emociona - Warm-up.mp3');
insert into mp3s ("filepath") values ('/media/pi/ZUKE/MUSIC/CDs/CD 65/03 - Baila Pa Emociona - Warm-up.mp3');
insert into streams ("index","codec_name","codec_long_name","codec_type","codec_time_base","codec_tag_string","codec_tag","sample_fmt","sample_rate","channels","channel_layout","bits_per_sample","r_frame_rate","avg_frame_rate","time_base","start_pts","start_time","duration_ts","duration","bit_rate","filepath") values ('0','mp3','MP3 (MPEG audio layer 3)','audio','1/44100','[0][0][0][0]','0x0000','fltp','44100','2','stereo','0','0/0','0/0','1/14112000','0','0','2946908160','208.822857','157374','/media/pi/ZUKE/MUSIC/CDs/CD 65/04 - Mentiras - Merengue.mp3');
insert into format ("filename","nb_streams","nb_programs","format_name","format_long_name","start_time","duration","size","bit_rate","probe_score","filepath") values ('/media/pi/ZUKE/MUSIC/CDs/CD 65/04 - Mentiras - Merengue.mp3','1','0','mp3','MP2/3 (MPEG audio layer 2/3)','0','208.822857','4108416','157393','51','/media/pi/ZUKE/MUSIC/CDs/CD 65/04 - Mentiras - Merengue.mp3');
insert into disposition ("default","dub","original","comment","lyrics","karaoke","forced","hearing_impaired","visual_impaired","clean_effects","attached_pic","timed_thumbnails","filepath") values ('0','0','0','0','0','0','0','0','0','0','0','0','/media/pi/ZUKE/MUSIC/CDs/CD 65/04 - Mentiras - Merengue.mp3');
insert into tags ("album","composer","genre","title","artist","disc","track","filepath") values ('ZIN CD 65','Zumba Fitness','Merengue','Mentiras','Zumba Fitness','1/1','04/14','/media/pi/ZUKE/MUSIC/CDs/CD 65/04 - Mentiras - Merengue.mp3');
insert into mp3s ("filepath") values ('/media/pi/ZUKE/MUSIC/CDs/CD 65/04 - Mentiras - Merengue.mp3');
insert into streams ("index","codec_name","codec_long_name","codec_type","codec_time_base","codec_tag_string","codec_tag","sample_fmt","sample_rate","channels","channel_layout","bits_per_sample","r_frame_rate","avg_frame_rate","time_base","start_pts","start_time","duration_ts","duration","bit_rate","filepath") values ('0','mp3','MP3 (MPEG audio layer 3)','audio','1/44100','[0][0][0][0]','0x0000','fltp','44100','2','stereo','0','0/0','0/0','1/14112000','0','0','3689349120','261.433469','165703','/media/pi/ZUKE/MUSIC/CDs/CD 65/05 - Pa La Discoteka A Bailar - Salsa.mp3');
insert into format ("filename","nb_streams","nb_programs","format_name","format_long_name","start_time","duration","size","bit_rate","probe_score","filepath") values ('/media/pi/ZUKE/MUSIC/CDs/CD 65/05 - Pa La Discoteka A Bailar - Salsa.mp3','1','0','mp3','MP2/3 (MPEG audio layer 2/3)','0','261.433469','5417088','165765','51','/media/pi/ZUKE/MUSIC/CDs/CD 65/05 - Pa La Discoteka A Bailar - Salsa.mp3');
insert into disposition ("default","dub","original","comment","lyrics","karaoke","forced","hearing_impaired","visual_impaired","clean_effects","attached_pic","timed_thumbnails","filepath") values ('0','0','0','0','0','0','0','0','0','0','0','0','/media/pi/ZUKE/MUSIC/CDs/CD 65/05 - Pa La Discoteka A Bailar - Salsa.mp3');
insert into tags ("album","composer","genre","title","artist","disc","track","filepath") values ('ZIN CD 65','Zumba Fitness','Salsa','Pa La Discoteka A Bailar','Zumba Fitness','1/1','05/14','/media/pi/ZUKE/MUSIC/CDs/CD 65/05 - Pa La Discoteka A Bailar - Salsa.mp3');
insert into mp3s ("filepath") values ('/media/pi/ZUKE/MUSIC/CDs/CD 65/05 - Pa La Discoteka A Bailar - Salsa.mp3');
insert into streams ("index","codec_name","codec_long_name","codec_type","codec_time_base","codec_tag_string","codec_tag","sample_fmt","sample_rate","channels","channel_layout","bits_per_sample","r_frame_rate","avg_frame_rate","time_base","start_pts","start_time","duration_ts","duration","bit_rate","filepath") values ('0','mp3','MP3 (MPEG audio layer 3)','audio','1/44100','[0][0][0][0]','0x0000','fltp','44100','2','stereo','0','0/0','0/0','1/14112000','0','0','3537838080','250.697143','165674','/media/pi/ZUKE/MUSIC/CDs/CD 65/06 - Caipirinha - Balcanic.mp3');
insert into format ("filename","nb_streams","nb_programs","format_name","format_long_name","start_time","duration","size","bit_rate","probe_score","filepath") values ('/media/pi/ZUKE/MUSIC/CDs/CD 65/06 - Caipirinha - Balcanic.mp3','1','0','mp3','MP2/3 (MPEG audio layer 2/3)','0','250.697143','5193856','165741','51','/media/pi/ZUKE/MUSIC/CDs/CD 65/06 - Caipirinha - Balcanic.mp3');
insert into disposition ("default","dub","original","comment","lyrics","karaoke","forced","hearing_impaired","visual_impaired","clean_effects","attached_pic","timed_thumbnails","filepath") values ('0','0','0','0','0','0','0','0','0','0','0','0','/media/pi/ZUKE/MUSIC/CDs/CD 65/06 - Caipirinha - Balcanic.mp3');
insert into tags ("album","composer","genre","title","artist","disc","track","filepath") values ('ZIN CD 65','Zumba Fitness','Balcanic','Caipirinha','Zumba Fitness','1/1','06/14','/media/pi/ZUKE/MUSIC/CDs/CD 65/06 - Caipirinha - Balcanic.mp3');
insert into mp3s ("filepath") values ('/media/pi/ZUKE/MUSIC/CDs/CD 65/06 - Caipirinha - Balcanic.mp3');
insert into streams ("index","codec_name","codec_long_name","codec_type","codec_time_base","codec_tag_string","codec_tag","sample_fmt","sample_rate","channels","channel_layout","bits_per_sample","r_frame_rate","avg_frame_rate","time_base","start_pts","start_time","duration_ts","duration","bit_rate","filepath") values ('0','mp3','MP3 (MPEG audio layer 3)','audio','1/44100','[0][0][0][0]','0x0000','fltp','44100','2','stereo','0','0/0','0/0','1/14112000','0','0','4095221760','290.194286','145544','/media/pi/ZUKE/MUSIC/CDs/CD 65/07 - Bamboleo Bambolee - Cumbiamba.mp3');
insert into format ("filename","nb_streams","nb_programs","format_name","format_long_name","start_time","duration","size","bit_rate","probe_score","filepath") values ('/media/pi/ZUKE/MUSIC/CDs/CD 65/07 - Bamboleo Bambolee - Cumbiamba.mp3','1','0','mp3','MP2/3 (MPEG audio layer 2/3)','0','290.194286','5279872','145554','51','/media/pi/ZUKE/MUSIC/CDs/CD 65/07 - Bamboleo Bambolee - Cumbiamba.mp3');
insert into disposition ("default","dub","original","comment","lyrics","karaoke","forced","hearing_impaired","visual_impaired","clean_effects","attached_pic","timed_thumbnails","filepath") values ('0','0','0','0','0','0','0','0','0','0','0','0','/media/pi/ZUKE/MUSIC/CDs/CD 65/07 - Bamboleo Bambolee - Cumbiamba.mp3');
insert into tags ("album","composer","genre","title","artist","disc","track","filepath") values ('ZIN CD 65','Zumba Fitness','Cumbiamba','Bamboleo Bambolee','Zumba Fitness','1/1','07/14','/media/pi/ZUKE/MUSIC/CDs/CD 65/07 - Bamboleo Bambolee - Cumbiamba.mp3');
insert into mp3s ("filepath") values ('/media/pi/ZUKE/MUSIC/CDs/CD 65/07 - Bamboleo Bambolee - Cumbiamba.mp3');
insert into streams ("index","codec_name","codec_long_name","codec_type","codec_time_base","codec_tag_string","codec_tag","sample_fmt","sample_rate","channels","channel_layout","bits_per_sample","r_frame_rate","avg_frame_rate","time_base","start_pts","start_time","duration_ts","duration","bit_rate","filepath") values ('0','mp3','MP3 (MPEG audio layer 3)','audio','1/44100','[0][0][0][0]','0x0000','fltp','44100','2','stereo','0','0/0','0/0','1/14112000','0','0','2914467840','206.524082','162691','/media/pi/ZUKE/MUSIC/CDs/CD 65/08 - Uno Sabe Bien - Moombathon.mp3');
insert into format ("filename","nb_streams","nb_programs","format_name","format_long_name","start_time","duration","size","bit_rate","probe_score","filepath") values ('/media/pi/ZUKE/MUSIC/CDs/CD 65/08 - Uno Sabe Bien - Moombathon.mp3','1','0','mp3','MP2/3 (MPEG audio layer 2/3)','0','206.524082','4200576','162715','51','/media/pi/ZUKE/MUSIC/CDs/CD 65/08 - Uno Sabe Bien - Moombathon.mp3');
insert into disposition ("default","dub","original","comment","lyrics","karaoke","forced","hearing_impaired","visual_impaired","clean_effects","attached_pic","timed_thumbnails","filepath") values ('0','0','0','0','0','0','0','0','0','0','0','0','/media/pi/ZUKE/MUSIC/CDs/CD 65/08 - Uno Sabe Bien - Moombathon.mp3');
insert into tags ("album","composer","genre","title","artist","disc","track","filepath") values ('ZIN CD 65','Zumba Fitness','Moombathon','Uno Sabe Bien','Zumba Fitness','1/1','08/14','/media/pi/ZUKE/MUSIC/CDs/CD 65/08 - Uno Sabe Bien - Moombathon.mp3');
insert into mp3s ("filepath") values ('/media/pi/ZUKE/MUSIC/CDs/CD 65/08 - Uno Sabe Bien - Moombathon.mp3');
insert into streams ("index","codec_name","codec_long_name","codec_type","codec_time_base","codec_tag_string","codec_tag","sample_fmt","sample_rate","channels","channel_layout","bits_per_sample","r_frame_rate","avg_frame_rate","time_base","start_pts","start_time","duration_ts","duration","bit_rate","filepath") values ('0','mp3','MP3 (MPEG audio layer 3)','audio','1/44100','[0][0][0][0]','0x0000','fltp','44100','2','stereo','0','0/0','0/0','1/14112000','0','0','3221176320','228.257959','154097','/media/pi/ZUKE/MUSIC/CDs/CD 65/09 - Dance Dance - Funk Brasilero.mp3');
insert into format ("filename","nb_streams","nb_programs","format_name","format_long_name","start_time","duration","size","bit_rate","probe_score","filepath") values ('/media/pi/ZUKE/MUSIC/CDs/CD 65/09 - Dance Dance - Funk Brasilero.mp3','1','0','mp3','MP2/3 (MPEG audio layer 2/3)','0','228.257959','4397184','154112','51','/media/pi/ZUKE/MUSIC/CDs/CD 65/09 - Dance Dance - Funk Brasilero.mp3');
insert into disposition ("default","dub","original","comment","lyrics","karaoke","forced","hearing_impaired","visual_impaired","clean_effects","attached_pic","timed_thumbnails","filepath") values ('0','0','0','0','0','0','0','0','0','0','0','0','/media/pi/ZUKE/MUSIC/CDs/CD 65/09 - Dance Dance - Funk Brasilero.mp3');
insert into tags ("album","composer","genre","title","artist","disc","track","filepath") values ('ZIN CD 65','Zumba Fitness','Funk Brasilero','Dance Dance','Zumba Fitness','1/1','09/14','/media/pi/ZUKE/MUSIC/CDs/CD 65/09 - Dance Dance - Funk Brasilero.mp3');
insert into mp3s ("filepath") values ('/media/pi/ZUKE/MUSIC/CDs/CD 65/09 - Dance Dance - Funk Brasilero.mp3');
insert into streams ("index","codec_name","codec_long_name","codec_type","codec_time_base","codec_tag_string","codec_tag","sample_fmt","sample_rate","channels","channel_layout","bits_per_sample","r_frame_rate","avg_frame_rate","time_base","start_pts","start_time","duration_ts","duration","bit_rate","filepath") values ('0','mp3','MP3 (MPEG audio layer 3)','audio','1/44100','[0][0][0][0]','0x0000','fltp','44100','2','stereo','0','0/0','0/0','1/14112000','0','0','3310755840','234.605714','167915','/media/pi/ZUKE/MUSIC/CDs/CD 65/10 - Besito e Caramelo - Bachata.mp3');
insert into format ("filename","nb_streams","nb_programs","format_name","format_long_name","start_time","duration","size","bit_rate","probe_score","filepath") values ('/media/pi/ZUKE/MUSIC/CDs/CD 65/10 - Besito e Caramelo - Bachata.mp3','1','0','mp3','MP2/3 (MPEG audio layer 2/3)','0','234.605714','4925568','167960','51','/media/pi/ZUKE/MUSIC/CDs/CD 65/10 - Besito e Caramelo - Bachata.mp3');
insert into disposition ("default","dub","original","comment","lyrics","karaoke","forced","hearing_impaired","visual_impaired","clean_effects","attached_pic","timed_thumbnails","filepath") values ('0','0','0','0','0','0','0','0','0','0','0','0','/media/pi/ZUKE/MUSIC/CDs/CD 65/10 - Besito e Caramelo - Bachata.mp3');
insert into tags ("album","composer","genre","title","artist","disc","track","filepath") values ('ZIN CD 65','Zumba Fitness','Bachata','Besito e Caramelo','Zumba Fitness','1/1','10/14','/media/pi/ZUKE/MUSIC/CDs/CD 65/10 - Besito e Caramelo - Bachata.mp3');
insert into mp3s ("filepath") values ('/media/pi/ZUKE/MUSIC/CDs/CD 65/10 - Besito e Caramelo - Bachata.mp3');
insert into streams ("index","codec_name","codec_long_name","codec_type","codec_time_base","codec_tag_string","codec_tag","sample_fmt","sample_rate","channels","channel_layout","bits_per_sample","r_frame_rate","avg_frame_rate","time_base","start_pts","start_time","duration_ts","duration","bit_rate","filepath") values ('0','mp3','MP3 (MPEG audio layer 3)','audio','1/44100','[0][0][0][0]','0x0000','fltp','44100','2','stereo','0','0/0','0/0','1/14112000','0','0','3395911680','240.640000','145165','/media/pi/ZUKE/MUSIC/CDs/CD 65/11 - That Love - Pop.mp3');
insert into format ("filename","nb_streams","nb_programs","format_name","format_long_name","start_time","duration","size","bit_rate","probe_score","filepath") values ('/media/pi/ZUKE/MUSIC/CDs/CD 65/11 - That Love - Pop.mp3','1','0','mp3','MP2/3 (MPEG audio layer 2/3)','0','240.640000','4368512','145229','51','/media/pi/ZUKE/MUSIC/CDs/CD 65/11 - That Love - Pop.mp3');
insert into disposition ("default","dub","original","comment","lyrics","karaoke","forced","hearing_impaired","visual_impaired","clean_effects","attached_pic","timed_thumbnails","filepath") values ('0','0','0','0','0','0','0','0','0','0','0','0','/media/pi/ZUKE/MUSIC/CDs/CD 65/11 - That Love - Pop.mp3');
insert into tags ("album","composer","genre","title","artist","disc","track","filepath") values ('ZIN CD 65','Zumba Fitness','Pop','That Love','Zumba Fitness','1/1','11/14','/media/pi/ZUKE/MUSIC/CDs/CD 65/11 - That Love - Pop.mp3');
insert into mp3s ("filepath") values ('/media/pi/ZUKE/MUSIC/CDs/CD 65/11 - That Love - Pop.mp3');
insert into streams ("index","codec_name","codec_long_name","codec_type","codec_time_base","codec_tag_string","codec_tag","sample_fmt","sample_rate","channels","channel_layout","bits_per_sample","r_frame_rate","avg_frame_rate","time_base","start_pts","start_time","duration_ts","duration","bit_rate","filepath") values ('0','mp3','MP3 (MPEG audio layer 3)','audio','1/44100','[0][0][0][0]','0x0000','fltp','44100','2','stereo','0','0/0','0/0','1/14112000','0','0','3022848000','214.204082','167323','/media/pi/ZUKE/MUSIC/CDs/CD 65/12 - Zumbando Por Un Sueno - Cumbia.mp3');
insert into format ("filename","nb_streams","nb_programs","format_name","format_long_name","start_time","duration","size","bit_rate","probe_score","filepath") values ('/media/pi/ZUKE/MUSIC/CDs/CD 65/12 - Zumbando Por Un Sueno - Cumbia.mp3','1','0','mp3','MP2/3 (MPEG audio layer 2/3)','0','214.204082','4481152','167360','51','/media/pi/ZUKE/MUSIC/CDs/CD 65/12 - Zumbando Por Un Sueno - Cumbia.mp3');
insert into disposition ("default","dub","original","comment","lyrics","karaoke","forced","hearing_impaired","visual_impaired","clean_effects","attached_pic","timed_thumbnails","filepath") values ('0','0','0','0','0','0','0','0','0','0','0','0','/media/pi/ZUKE/MUSIC/CDs/CD 65/12 - Zumbando Por Un Sueno - Cumbia.mp3');
insert into tags ("album","composer","genre","title","artist","disc","track","filepath") values ('ZIN CD 65','Zumba Fitness','Cumbia','Zumbando Por Un Sueno','Zumba Fitness','1/1','12/14','/media/pi/ZUKE/MUSIC/CDs/CD 65/12 - Zumbando Por Un Sueno - Cumbia.mp3');
insert into mp3s ("filepath") values ('/media/pi/ZUKE/MUSIC/CDs/CD 65/12 - Zumbando Por Un Sueno - Cumbia.mp3');
insert into streams ("index","codec_name","codec_long_name","codec_type","codec_time_base","codec_tag_string","codec_tag","sample_fmt","sample_rate","channels","channel_layout","bits_per_sample","r_frame_rate","avg_frame_rate","time_base","start_pts","start_time","duration_ts","duration","bit_rate","filepath") values ('0','mp3','MP3 (MPEG audio layer 3)','audio','1/44100','[0][0][0][0]','0x0000','fltp','44100','2','stereo','0','0/0','0/0','1/14112000','0','0','2637987840','186.932245','160518','/media/pi/ZUKE/MUSIC/CDs/CD 65/13 - Be As One - Cooldown.mp3');
insert into format ("filename","nb_streams","nb_programs","format_name","format_long_name","start_time","duration","size","bit_rate","probe_score","filepath") values ('/media/pi/ZUKE/MUSIC/CDs/CD 65/13 - Be As One - Cooldown.mp3','1','0','mp3','MP2/3 (MPEG audio layer 2/3)','0','186.932245','3752064','160574','51','/media/pi/ZUKE/MUSIC/CDs/CD 65/13 - Be As One - Cooldown.mp3');
insert into disposition ("default","dub","original","comment","lyrics","karaoke","forced","hearing_impaired","visual_impaired","clean_effects","attached_pic","timed_thumbnails","filepath") values ('0','0','0','0','0','0','0','0','0','0','0','0','/media/pi/ZUKE/MUSIC/CDs/CD 65/13 - Be As One - Cooldown.mp3');
insert into tags ("album","composer","genre","title","artist","disc","track","filepath") values ('ZIN CD 65','Zumba Fitness','Cooldown','Be As One','Zumba Fitness','1/1','13/14','/media/pi/ZUKE/MUSIC/CDs/CD 65/13 - Be As One - Cooldown.mp3');
insert into mp3s ("filepath") values ('/media/pi/ZUKE/MUSIC/CDs/CD 65/13 - Be As One - Cooldown.mp3');
insert into streams ("index","codec_name","codec_long_name","codec_type","codec_time_base","codec_tag_string","codec_tag","sample_fmt","sample_rate","channels","channel_layout","bits_per_sample","r_frame_rate","avg_frame_rate","time_base","start_pts","start_time","duration_ts","duration","bit_rate","filepath") values ('0','mp3','MP3 (MPEG audio layer 3)','audio','1/44100','[0][0][0][0]','0x0000','fltp','44100','2','stereo','0','0/0','0/0','1/14112000','0','0','7685406720','544.600816','165683','/media/pi/ZUKE/MUSIC/CDs/CD 65/14 - Baila Pa Emociona - Pa La Discoteka A Bailar - Uno Sabe Bien - DJ Mix.mp3');
insert into format ("filename","nb_streams","nb_programs","format_name","format_long_name","start_time","duration","size","bit_rate","probe_score","filepath") values ('/media/pi/ZUKE/MUSIC/CDs/CD 65/14 - Baila Pa Emociona - Pa La Discoteka A Bailar - Uno Sabe Bien - DJ Mix.mp3','1','0','mp3','MP2/3 (MPEG audio layer 2/3)','0','544.600816','11280512','165706','51','/media/pi/ZUKE/MUSIC/CDs/CD 65/14 - Baila Pa Emociona - Pa La Discoteka A Bailar - Uno Sabe Bien - DJ Mix.mp3');
insert into disposition ("default","dub","original","comment","lyrics","karaoke","forced","hearing_impaired","visual_impaired","clean_effects","attached_pic","timed_thumbnails","filepath") values ('0','0','0','0','0','0','0','0','0','0','0','0','/media/pi/ZUKE/MUSIC/CDs/CD 65/14 - Baila Pa Emociona - Pa La Discoteka A Bailar - Uno Sabe Bien - DJ Mix.mp3');
insert into tags ("album","composer","genre","title","artist","disc","track","filepath") values ('ZIN CD 65','Zumba Fitness','DJ Mix','Baila Pa Emociona - Pa La Discoteka A Bailar - Uno Sabe Bien','Zumba Fitness','1/1','14/14','/media/pi/ZUKE/MUSIC/CDs/CD 65/14 - Baila Pa Emociona - Pa La Discoteka A Bailar - Uno Sabe Bien - DJ Mix.mp3');
insert into mp3s ("filepath") values ('/media/pi/ZUKE/MUSIC/CDs/CD 65/14 - Baila Pa Emociona - Pa La Discoteka A Bailar - Uno Sabe Bien - DJ Mix.mp3');
insert into streams ("index","codec_name","codec_long_name","codec_type","codec_time_base","codec_tag_string","codec_tag","sample_fmt","sample_rate","channels","channel_layout","bits_per_sample","r_frame_rate","avg_frame_rate","time_base","start_pts","start_time","duration_ts","duration","bit_rate","filepath") values ('0','mp3','MP3 (MPEG audio layer 3)','audio','1/44100','[0][0][0][0]','0x0000','fltp','44100','2','stereo','0','0/0','0/0','1/14112000','0','0','2995200000','212.244898','159568','/media/pi/ZUKE/MUSIC/CDs/CD 66/01 - September - Warm-up.mp3');
insert into format ("filename","nb_streams","nb_programs","format_name","format_long_name","start_time","duration","size","bit_rate","probe_score","filepath") values ('/media/pi/ZUKE/MUSIC/CDs/CD 66/01 - September - Warm-up.mp3','1','0','mp3','MP2/3 (MPEG audio layer 2/3)','0','212.244898','4235392','159641','51','/media/pi/ZUKE/MUSIC/CDs/CD 66/01 - September - Warm-up.mp3');
insert into disposition ("default","dub","original","comment","lyrics","karaoke","forced","hearing_impaired","visual_impaired","clean_effects","attached_pic","timed_thumbnails","filepath") values ('0','0','0','0','0','0','0','0','0','0','0','0','/media/pi/ZUKE/MUSIC/CDs/CD 66/01 - September - Warm-up.mp3');
insert into tags ("album","composer","genre","title","artist","disc","track","filepath") values ('ZIN CD 66','Zumba Fitness','Warm-up','September','Zumba Fitness','1/1','01/14','/media/pi/ZUKE/MUSIC/CDs/CD 66/01 - September - Warm-up.mp3');
insert into mp3s ("filepath") values ('/media/pi/ZUKE/MUSIC/CDs/CD 66/01 - September - Warm-up.mp3');
insert into streams ("index","codec_name","codec_long_name","codec_type","codec_time_base","codec_tag_string","codec_tag","sample_fmt","sample_rate","channels","channel_layout","bits_per_sample","r_frame_rate","avg_frame_rate","time_base","start_pts","start_time","duration_ts","duration","bit_rate","filepath") values ('0','mp3','MP3 (MPEG audio layer 3)','audio','1/44100','[0][0][0][0]','0x0000','fltp','44100','2','stereo','0','0/0','0/0','1/14112000','0','0','2579374080','182.778776','159984','/media/pi/ZUKE/MUSIC/CDs/CD 66/02 - Zumbero - Warm-up.mp3');
insert into format ("filename","nb_streams","nb_programs","format_name","format_long_name","start_time","duration","size","bit_rate","probe_score","filepath") values ('/media/pi/ZUKE/MUSIC/CDs/CD 66/02 - Zumbero - Warm-up.mp3','1','0','mp3','MP2/3 (MPEG audio layer 2/3)','0','182.778776','3655808','160010','51','/media/pi/ZUKE/MUSIC/CDs/CD 66/02 - Zumbero - Warm-up.mp3');
insert into disposition ("default","dub","original","comment","lyrics","karaoke","forced","hearing_impaired","visual_impaired","clean_effects","attached_pic","timed_thumbnails","filepath") values ('0','0','0','0','0','0','0','0','0','0','0','0','/media/pi/ZUKE/MUSIC/CDs/CD 66/02 - Zumbero - Warm-up.mp3');
insert into tags ("album","composer","genre","title","artist","disc","track","filepath") values ('ZIN CD 66','Zumba Fitness','Warm-up','Zumbero','Zumba Fitness','1/1','02/14','/media/pi/ZUKE/MUSIC/CDs/CD 66/02 - Zumbero - Warm-up.mp3');
insert into mp3s ("filepath") values ('/media/pi/ZUKE/MUSIC/CDs/CD 66/02 - Zumbero - Warm-up.mp3');
insert into streams ("index","codec_name","codec_long_name","codec_type","codec_time_base","codec_tag_string","codec_tag","sample_fmt","sample_rate","channels","channel_layout","bits_per_sample","r_frame_rate","avg_frame_rate","time_base","start_pts","start_time","duration_ts","duration","bit_rate","filepath") values ('0','mp3','MP3 (MPEG audio layer 3)','audio','1/44100','[0][0][0][0]','0x0000','fltp','44100','2','stereo','0','0/0','0/0','1/14112000','0','0','3228917760','228.806531','164582','/media/pi/ZUKE/MUSIC/CDs/CD 66/03 - Asesina - Warm-up.mp3');
insert into format ("filename","nb_streams","nb_programs","format_name","format_long_name","start_time","duration","size","bit_rate","probe_score","filepath") values ('/media/pi/ZUKE/MUSIC/CDs/CD 66/03 - Asesina - Warm-up.mp3','1','0','mp3','MP2/3 (MPEG audio layer 2/3)','0','228.806531','4708480','164627','51','/media/pi/ZUKE/MUSIC/CDs/CD 66/03 - Asesina - Warm-up.mp3');
insert into disposition ("default","dub","original","comment","lyrics","karaoke","forced","hearing_impaired","visual_impaired","clean_effects","attached_pic","timed_thumbnails","filepath") values ('0','0','0','0','0','0','0','0','0','0','0','0','/media/pi/ZUKE/MUSIC/CDs/CD 66/03 - Asesina - Warm-up.mp3');
insert into tags ("album","composer","genre","title","artist","disc","track","filepath") values ('ZIN CD 66','Zumba Fitness','Warm-up','Asesina','Zumba Fitness','1/1','03/14','/media/pi/ZUKE/MUSIC/CDs/CD 66/03 - Asesina - Warm-up.mp3');
insert into mp3s ("filepath") values ('/media/pi/ZUKE/MUSIC/CDs/CD 66/03 - Asesina - Warm-up.mp3');
insert into streams ("index","codec_name","codec_long_name","codec_type","codec_time_base","codec_tag_string","codec_tag","sample_fmt","sample_rate","channels","channel_layout","bits_per_sample","r_frame_rate","avg_frame_rate","time_base","start_pts","start_time","duration_ts","duration","bit_rate","filepath") values ('0','mp3','MP3 (MPEG audio layer 3)','audio','1/44100','[0][0][0][0]','0x0000','fltp','44100','2','stereo','0','0/0','0/0','1/14112000','0','0','2900459520','205.531429','155539','/media/pi/ZUKE/MUSIC/CDs/CD 66/04 - Firehouse - Merengue.mp3');
insert into format ("filename","nb_streams","nb_programs","format_name","format_long_name","start_time","duration","size","bit_rate","probe_score","filepath") values ('/media/pi/ZUKE/MUSIC/CDs/CD 66/04 - Firehouse - Merengue.mp3','1','0','mp3','MP2/3 (MPEG audio layer 2/3)','0','205.531429','3997824','155609','51','/media/pi/ZUKE/MUSIC/CDs/CD 66/04 - Firehouse - Merengue.mp3');
insert into disposition ("default","dub","original","comment","lyrics","karaoke","forced","hearing_impaired","visual_impaired","clean_effects","attached_pic","timed_thumbnails","filepath") values ('0','0','0','0','0','0','0','0','0','0','0','0','/media/pi/ZUKE/MUSIC/CDs/CD 66/04 - Firehouse - Merengue.mp3');
insert into tags ("album","composer","genre","title","artist","disc","track","filepath") values ('ZIN CD 66','Zumba Fitness','Merengue','Firehouse','Zumba Fitness','1/1','04/14','/media/pi/ZUKE/MUSIC/CDs/CD 66/04 - Firehouse - Merengue.mp3');
insert into mp3s ("filepath") values ('/media/pi/ZUKE/MUSIC/CDs/CD 66/04 - Firehouse - Merengue.mp3');
insert into streams ("index","codec_name","codec_long_name","codec_type","codec_time_base","codec_tag_string","codec_tag","sample_fmt","sample_rate","channels","channel_layout","bits_per_sample","r_frame_rate","avg_frame_rate","time_base","start_pts","start_time","duration_ts","duration","bit_rate","filepath") values ('0','mp3','MP3 (MPEG audio layer 3)','audio','1/44100','[0][0][0][0]','0x0000','fltp','44100','2','stereo','0','0/0','0/0','1/14112000','0','0','2941009920','208.404898','174328','/media/pi/ZUKE/MUSIC/CDs/CD 66/05 - Yo Voy Pa Encima - Salsa.mp3');
insert into format ("filename","nb_streams","nb_programs","format_name","format_long_name","start_time","duration","size","bit_rate","probe_score","filepath") values ('/media/pi/ZUKE/MUSIC/CDs/CD 66/05 - Yo Voy Pa Encima - Salsa.mp3','1','0','mp3','MP2/3 (MPEG audio layer 2/3)','0','208.404898','4542592','174375','51','/media/pi/ZUKE/MUSIC/CDs/CD 66/05 - Yo Voy Pa Encima - Salsa.mp3');
insert into disposition ("default","dub","original","comment","lyrics","karaoke","forced","hearing_impaired","visual_impaired","clean_effects","attached_pic","timed_thumbnails","filepath") values ('0','0','0','0','0','0','0','0','0','0','0','0','/media/pi/ZUKE/MUSIC/CDs/CD 66/05 - Yo Voy Pa Encima - Salsa.mp3');
insert into tags ("album","composer","genre","title","artist","disc","track","filepath") values ('ZIN CD 66','Zumba Fitness','Salsa','Yo Voy Pa Encima','Zumba Fitness','1/1','05/14','/media/pi/ZUKE/MUSIC/CDs/CD 66/05 - Yo Voy Pa Encima - Salsa.mp3');
insert into mp3s ("filepath") values ('/media/pi/ZUKE/MUSIC/CDs/CD 66/05 - Yo Voy Pa Encima - Salsa.mp3');
insert into streams ("index","codec_name","codec_long_name","codec_type","codec_time_base","codec_tag_string","codec_tag","sample_fmt","sample_rate","channels","channel_layout","bits_per_sample","r_frame_rate","avg_frame_rate","time_base","start_pts","start_time","duration_ts","duration","bit_rate","filepath") values ('0','mp3','MP3 (MPEG audio layer 3)','audio','1/44100','[0][0][0][0]','0x0000','fltp','44100','2','stereo','0','0/0','0/0','1/14112000','0','0','2766643200','196.048980','168772','/media/pi/ZUKE/MUSIC/CDs/CD 66/06 - Lucete En La Disco - Moombahton.mp3');
insert into format ("filename","nb_streams","nb_programs","format_name","format_long_name","start_time","duration","size","bit_rate","probe_score","filepath") values ('/media/pi/ZUKE/MUSIC/CDs/CD 66/06 - Lucete En La Disco - Moombahton.mp3','1','0','mp3','MP2/3 (MPEG audio layer 2/3)','0','196.048980','4137088','168818','51','/media/pi/ZUKE/MUSIC/CDs/CD 66/06 - Lucete En La Disco - Moombahton.mp3');
insert into disposition ("default","dub","original","comment","lyrics","karaoke","forced","hearing_impaired","visual_impaired","clean_effects","attached_pic","timed_thumbnails","filepath") values ('0','0','0','0','0','0','0','0','0','0','0','0','/media/pi/ZUKE/MUSIC/CDs/CD 66/06 - Lucete En La Disco - Moombahton.mp3');
insert into tags ("album","composer","genre","title","artist","disc","track","filepath") values ('ZIN CD 66','Zumba Fitness','Moombahton','Lucete En La Disco','Zumba Fitness','1/1','06/14','/media/pi/ZUKE/MUSIC/CDs/CD 66/06 - Lucete En La Disco - Moombahton.mp3');
insert into mp3s ("filepath") values ('/media/pi/ZUKE/MUSIC/CDs/CD 66/06 - Lucete En La Disco - Moombahton.mp3');
insert into streams ("index","codec_name","codec_long_name","codec_type","codec_time_base","codec_tag_string","codec_tag","sample_fmt","sample_rate","channels","channel_layout","bits_per_sample","r_frame_rate","avg_frame_rate","time_base","start_pts","start_time","duration_ts","duration","bit_rate","filepath") values ('0','mp3','MP3 (MPEG audio layer 3)','audio','1/44100','[0][0][0][0]','0x0000','fltp','44100','2','stereo','0','0/0','0/0','1/14112000','0','0','3133808640','222.066939','153314','/media/pi/ZUKE/MUSIC/CDs/CD 66/07 - Waiting On The Stage - Soca.mp3');
insert into format ("filename","nb_streams","nb_programs","format_name","format_long_name","start_time","duration","size","bit_rate","probe_score","filepath") values ('/media/pi/ZUKE/MUSIC/CDs/CD 66/07 - Waiting On The Stage - Soca.mp3','1','0','mp3','MP2/3 (MPEG audio layer 2/3)','0','222.066939','4257920','153392','51','/media/pi/ZUKE/MUSIC/CDs/CD 66/07 - Waiting On The Stage - Soca.mp3');
insert into disposition ("default","dub","original","comment","lyrics","karaoke","forced","hearing_impaired","visual_impaired","clean_effects","attached_pic","timed_thumbnails","filepath") values ('0','0','0','0','0','0','0','0','0','0','0','0','/media/pi/ZUKE/MUSIC/CDs/CD 66/07 - Waiting On The Stage - Soca.mp3');
insert into tags ("album","composer","genre","title","artist","disc","track","filepath") values ('ZIN CD 66','Zumba Fitness','Soca','Waiting On The Stage','Zumba Fitness','1/1','07/14','/media/pi/ZUKE/MUSIC/CDs/CD 66/07 - Waiting On The Stage - Soca.mp3');
insert into mp3s ("filepath") values ('/media/pi/ZUKE/MUSIC/CDs/CD 66/07 - Waiting On The Stage - Soca.mp3');
insert into streams ("index","codec_name","codec_long_name","codec_type","codec_time_base","codec_tag_string","codec_tag","sample_fmt","sample_rate","channels","channel_layout","bits_per_sample","r_frame_rate","avg_frame_rate","time_base","start_pts","start_time","duration_ts","duration","bit_rate","filepath") values ('0','mp3','MP3 (MPEG audio layer 3)','audio','1/44100','[0][0][0][0]','0x0000','fltp','44100','2','stereo','0','0/0','0/0','1/14112000','0','0','3097681920','219.506939','156812','/media/pi/ZUKE/MUSIC/CDs/CD 66/08 - Otra Noche Contigo - Cumbia.mp3');
insert into format ("filename","nb_streams","nb_programs","format_name","format_long_name","start_time","duration","size","bit_rate","probe_score","filepath") values ('/media/pi/ZUKE/MUSIC/CDs/CD 66/08 - Otra Noche Contigo - Cumbia.mp3','1','0','mp3','MP2/3 (MPEG audio layer 2/3)','0','219.506939','4302976','156823','51','/media/pi/ZUKE/MUSIC/CDs/CD 66/08 - Otra Noche Contigo - Cumbia.mp3');
insert into disposition ("default","dub","original","comment","lyrics","karaoke","forced","hearing_impaired","visual_impaired","clean_effects","attached_pic","timed_thumbnails","filepath") values ('0','0','0','0','0','0','0','0','0','0','0','0','/media/pi/ZUKE/MUSIC/CDs/CD 66/08 - Otra Noche Contigo - Cumbia.mp3');
insert into tags ("album","composer","genre","title","artist","disc","track","filepath") values ('ZIN CD 66','Zumba Fitness','Cumbia','Otra Noche Contigo','Zumba Fitness','1/1','08/14','/media/pi/ZUKE/MUSIC/CDs/CD 66/08 - Otra Noche Contigo - Cumbia.mp3');
insert into mp3s ("filepath") values ('/media/pi/ZUKE/MUSIC/CDs/CD 66/08 - Otra Noche Contigo - Cumbia.mp3');
insert into streams ("index","codec_name","codec_long_name","codec_type","codec_time_base","codec_tag_string","codec_tag","sample_fmt","sample_rate","channels","channel_layout","bits_per_sample","r_frame_rate","avg_frame_rate","time_base","start_pts","start_time","duration_ts","duration","bit_rate","filepath") values ('0','mp3','MP3 (MPEG audio layer 3)','audio','1/44100','[0][0][0][0]','0x0000','fltp','44100','2','stereo','0','0/0','0/0','1/14112000','0','0','3198689280','226.664490','168824','/media/pi/ZUKE/MUSIC/CDs/CD 66/09 - Safari - Urban Remix.mp3');
insert into format ("filename","nb_streams","nb_programs","format_name","format_long_name","start_time","duration","size","bit_rate","probe_score","filepath") values ('/media/pi/ZUKE/MUSIC/CDs/CD 66/09 - Safari - Urban Remix.mp3','1','0','mp3','MP2/3 (MPEG audio layer 2/3)','0','226.664490','4784256','168857','51','/media/pi/ZUKE/MUSIC/CDs/CD 66/09 - Safari - Urban Remix.mp3');
insert into disposition ("default","dub","original","comment","lyrics","karaoke","forced","hearing_impaired","visual_impaired","clean_effects","attached_pic","timed_thumbnails","filepath") values ('0','0','0','0','0','0','0','0','0','0','0','0','/media/pi/ZUKE/MUSIC/CDs/CD 66/09 - Safari - Urban Remix.mp3');
insert into tags ("album","composer","genre","title","artist","disc","track","filepath") values ('ZIN CD 66','Zumba Fitness','Urban Remix','Safari','Zumba Fitness','1/1','09/14','/media/pi/ZUKE/MUSIC/CDs/CD 66/09 - Safari - Urban Remix.mp3');
insert into mp3s ("filepath") values ('/media/pi/ZUKE/MUSIC/CDs/CD 66/09 - Safari - Urban Remix.mp3');
insert into streams ("index","codec_name","codec_long_name","codec_type","codec_time_base","codec_tag_string","codec_tag","sample_fmt","sample_rate","channels","channel_layout","bits_per_sample","r_frame_rate","avg_frame_rate","time_base","start_pts","start_time","duration_ts","duration","bit_rate","filepath") values ('0','mp3','MP3 (MPEG audio layer 3)','audio','1/44100','[0][0][0][0]','0x0000','fltp','44100','2','stereo','0','0/0','0/0','1/14112000','0','0','3040542720','215.457959','164928','/media/pi/ZUKE/MUSIC/CDs/CD 66/10 - La Tribadita Loca - Tribal - Quebradita.mp3');
insert into format ("filename","nb_streams","nb_programs","format_name","format_long_name","start_time","duration","size","bit_rate","probe_score","filepath") values ('/media/pi/ZUKE/MUSIC/CDs/CD 66/10 - La Tribadita Loca - Tribal - Quebradita.mp3','1','0','mp3','MP2/3 (MPEG audio layer 2/3)','0','215.457959','4442240','164941','51','/media/pi/ZUKE/MUSIC/CDs/CD 66/10 - La Tribadita Loca - Tribal - Quebradita.mp3');
insert into disposition ("default","dub","original","comment","lyrics","karaoke","forced","hearing_impaired","visual_impaired","clean_effects","attached_pic","timed_thumbnails","filepath") values ('0','0','0','0','0','0','0','0','0','0','0','0','/media/pi/ZUKE/MUSIC/CDs/CD 66/10 - La Tribadita Loca - Tribal - Quebradita.mp3');
insert into tags ("album","composer","genre","title","artist","disc","track","filepath") values ('ZIN CD 66','Zumba Fitness','Tribal,Quebradita','La Tribadita Loca','Zumba Fitness','1/1','10/14','/media/pi/ZUKE/MUSIC/CDs/CD 66/10 - La Tribadita Loca - Tribal - Quebradita.mp3');
insert into mp3s ("filepath") values ('/media/pi/ZUKE/MUSIC/CDs/CD 66/10 - La Tribadita Loca - Tribal - Quebradita.mp3');
insert into streams ("index","codec_name","codec_long_name","codec_type","codec_time_base","codec_tag_string","codec_tag","sample_fmt","sample_rate","channels","channel_layout","bits_per_sample","r_frame_rate","avg_frame_rate","time_base","start_pts","start_time","duration_ts","duration","bit_rate","filepath") values ('0','mp3','MP3 (MPEG audio layer 3)','audio','1/44100','[0][0][0][0]','0x0000','fltp','44100','2','stereo','0','0/0','0/0','1/14112000','0','0','2578268160','182.700408','162307','/media/pi/ZUKE/MUSIC/CDs/CD 66/11 - The Bombay - Bhangra.mp3');
insert into format ("filename","nb_streams","nb_programs","format_name","format_long_name","start_time","duration","size","bit_rate","probe_score","filepath") values ('/media/pi/ZUKE/MUSIC/CDs/CD 66/11 - The Bombay - Bhangra.mp3','1','0','mp3','MP2/3 (MPEG audio layer 2/3)','0','182.700408','3707008','162320','51','/media/pi/ZUKE/MUSIC/CDs/CD 66/11 - The Bombay - Bhangra.mp3');
insert into disposition ("default","dub","original","comment","lyrics","karaoke","forced","hearing_impaired","visual_impaired","clean_effects","attached_pic","timed_thumbnails","filepath") values ('0','0','0','0','0','0','0','0','0','0','0','0','/media/pi/ZUKE/MUSIC/CDs/CD 66/11 - The Bombay - Bhangra.mp3');
insert into tags ("album","composer","genre","title","artist","disc","track","filepath") values ('ZIN CD 66','Zumba Fitness','Bhangra','The Bombay','Zumba Fitness','1/1','11/14','/media/pi/ZUKE/MUSIC/CDs/CD 66/11 - The Bombay - Bhangra.mp3');
insert into mp3s ("filepath") values ('/media/pi/ZUKE/MUSIC/CDs/CD 66/11 - The Bombay - Bhangra.mp3');
insert into streams ("index","codec_name","codec_long_name","codec_type","codec_time_base","codec_tag_string","codec_tag","sample_fmt","sample_rate","channels","channel_layout","bits_per_sample","r_frame_rate","avg_frame_rate","time_base","start_pts","start_time","duration_ts","duration","bit_rate","filepath") values ('0','mp3','MP3 (MPEG audio layer 3)','audio','1/44100','[0][0][0][0]','0x0000','fltp','44100','2','stereo','0','0/0','0/0','1/14112000','0','0','3123855360','221.361633','156416','/media/pi/ZUKE/MUSIC/CDs/CD 66/12 - Bompea (Zumba Remix) - Reggaeton.mp3');
insert into format ("filename","nb_streams","nb_programs","format_name","format_long_name","start_time","duration","size","bit_rate","probe_score","filepath") values ('/media/pi/ZUKE/MUSIC/CDs/CD 66/12 - Bompea (Zumba Remix) - Reggaeton.mp3','1','0','mp3','MP2/3 (MPEG audio layer 2/3)','0','221.361633','4329600','156471','51','/media/pi/ZUKE/MUSIC/CDs/CD 66/12 - Bompea (Zumba Remix) - Reggaeton.mp3');
insert into disposition ("default","dub","original","comment","lyrics","karaoke","forced","hearing_impaired","visual_impaired","clean_effects","attached_pic","timed_thumbnails","filepath") values ('0','0','0','0','0','0','0','0','0','0','0','0','/media/pi/ZUKE/MUSIC/CDs/CD 66/12 - Bompea (Zumba Remix) - Reggaeton.mp3');
insert into tags ("album","composer","genre","title","artist","disc","track","filepath") values ('ZIN CD 66','Zumba Fitness','Reggaeton','Bompea (Zumba Remix)','Zumba Fitness','1/1','12/14','/media/pi/ZUKE/MUSIC/CDs/CD 66/12 - Bompea (Zumba Remix) - Reggaeton.mp3');
insert into mp3s ("filepath") values ('/media/pi/ZUKE/MUSIC/CDs/CD 66/12 - Bompea (Zumba Remix) - Reggaeton.mp3');
insert into streams ("index","codec_name","codec_long_name","codec_type","codec_time_base","codec_tag_string","codec_tag","sample_fmt","sample_rate","channels","channel_layout","bits_per_sample","r_frame_rate","avg_frame_rate","time_base","start_pts","start_time","duration_ts","duration","bit_rate","filepath") values ('0','mp3','MP3 (MPEG audio layer 3)','audio','1/44100','[0][0][0][0]','0x0000','fltp','44100','2','stereo','0','0/0','0/0','1/14112000','0','0','2598543360','184.137143','162607','/media/pi/ZUKE/MUSIC/CDs/CD 66/13 - Culukuku - Cooldown.mp3');
insert into format ("filename","nb_streams","nb_programs","format_name","format_long_name","start_time","duration","size","bit_rate","probe_score","filepath") values ('/media/pi/ZUKE/MUSIC/CDs/CD 66/13 - Culukuku - Cooldown.mp3','1','0','mp3','MP2/3 (MPEG audio layer 2/3)','0','184.137143','3743872','162655','51','/media/pi/ZUKE/MUSIC/CDs/CD 66/13 - Culukuku - Cooldown.mp3');
insert into disposition ("default","dub","original","comment","lyrics","karaoke","forced","hearing_impaired","visual_impaired","clean_effects","attached_pic","timed_thumbnails","filepath") values ('0','0','0','0','0','0','0','0','0','0','0','0','/media/pi/ZUKE/MUSIC/CDs/CD 66/13 - Culukuku - Cooldown.mp3');
insert into tags ("album","composer","genre","title","artist","disc","track","filepath") values ('ZIN CD 66','Zumba Fitness','Cooldown','Culukuku','Zumba Fitness','1/1','13/14','/media/pi/ZUKE/MUSIC/CDs/CD 66/13 - Culukuku - Cooldown.mp3');
insert into mp3s ("filepath") values ('/media/pi/ZUKE/MUSIC/CDs/CD 66/13 - Culukuku - Cooldown.mp3');
insert into streams ("index","codec_name","codec_long_name","codec_type","codec_time_base","codec_tag_string","codec_tag","sample_fmt","sample_rate","channels","channel_layout","bits_per_sample","r_frame_rate","avg_frame_rate","time_base","start_pts","start_time","duration_ts","duration","bit_rate","filepath") values ('0','mp3','MP3 (MPEG audio layer 3)','audio','1/44100','[0][0][0][0]','0x0000','fltp','44100','2','stereo','0','0/0','0/0','1/14112000','0','0','7958200320','563.931429','162255','/media/pi/ZUKE/MUSIC/CDs/CD 66/14 - Lucete En La Disco - Otra Noche Contigo - Bompea (Zumba Remix) - DJ Mix.mp3');
insert into format ("filename","nb_streams","nb_programs","format_name","format_long_name","start_time","duration","size","bit_rate","probe_score","filepath") values ('/media/pi/ZUKE/MUSIC/CDs/CD 66/14 - Lucete En La Disco - Otra Noche Contigo - Bompea (Zumba Remix) - DJ Mix.mp3','1','0','mp3','MP2/3 (MPEG audio layer 2/3)','0','563.931429','11438208','162263','51','/media/pi/ZUKE/MUSIC/CDs/CD 66/14 - Lucete En La Disco - Otra Noche Contigo - Bompea (Zumba Remix) - DJ Mix.mp3');
insert into disposition ("default","dub","original","comment","lyrics","karaoke","forced","hearing_impaired","visual_impaired","clean_effects","attached_pic","timed_thumbnails","filepath") values ('0','0','0','0','0','0','0','0','0','0','0','0','/media/pi/ZUKE/MUSIC/CDs/CD 66/14 - Lucete En La Disco - Otra Noche Contigo - Bompea (Zumba Remix) - DJ Mix.mp3');
insert into tags ("album","composer","genre","title","artist","disc","track","filepath") values ('ZIN CD 66','Zumba Fitness','DJ Mix','Lucete En La Disco - Otra Noche Contigo - Bompea (Zumba Remix)','Zumba Fitness','1/1','14/14','/media/pi/ZUKE/MUSIC/CDs/CD 66/14 - Lucete En La Disco - Otra Noche Contigo - Bompea (Zumba Remix) - DJ Mix.mp3');
insert into mp3s ("filepath") values ('/media/pi/ZUKE/MUSIC/CDs/CD 66/14 - Lucete En La Disco - Otra Noche Contigo - Bompea (Zumba Remix) - DJ Mix.mp3');
insert into streams ("index","codec_name","codec_long_name","codec_type","codec_time_base","codec_tag_string","codec_tag","sample_fmt","sample_rate","channels","channel_layout","bits_per_sample","r_frame_rate","avg_frame_rate","time_base","start_pts","start_time","duration_ts","duration","bit_rate","filepath") values ('0','mp3','MP3 (MPEG audio layer 3)','audio','1/44100','[0][0][0][0]','0x0000','fltp','44100','2','stereo','0','0/0','0/0','1/14112000','0','0','3343196160','236.904490','163489','/media/pi/ZUKE/MUSIC/CDs/CD 67/01 - Pa'' Darte Un Beso - Warm-up.mp3');
insert into format ("filename","nb_streams","nb_programs","format_name","format_long_name","start_time","duration","size","bit_rate","probe_score","filepath") values ('/media/pi/ZUKE/MUSIC/CDs/CD 67/01 - Pa'' Darte Un Beso - Warm-up.mp3','1','0','mp3','MP2/3 (MPEG audio layer 2/3)','0','236.904490','4843648','163564','51','/media/pi/ZUKE/MUSIC/CDs/CD 67/01 - Pa'' Darte Un Beso - Warm-up.mp3');
insert into disposition ("default","dub","original","comment","lyrics","karaoke","forced","hearing_impaired","visual_impaired","clean_effects","attached_pic","timed_thumbnails","filepath") values ('0','0','0','0','0','0','0','0','0','0','0','0','/media/pi/ZUKE/MUSIC/CDs/CD 67/01 - Pa'' Darte Un Beso - Warm-up.mp3');
insert into tags ("album","composer","genre","title","artist","disc","track","filepath") values ('ZIN CD 67','Zumba Fitness','Warm-up','Pa'' Darte Un Beso','Zumba Fitness','1/1','01/14','/media/pi/ZUKE/MUSIC/CDs/CD 67/01 - Pa'' Darte Un Beso - Warm-up.mp3');
insert into mp3s ("filepath") values ('/media/pi/ZUKE/MUSIC/CDs/CD 67/01 - Pa'' Darte Un Beso - Warm-up.mp3');
insert into streams ("index","codec_name","codec_long_name","codec_type","codec_time_base","codec_tag_string","codec_tag","sample_fmt","sample_rate","channels","channel_layout","bits_per_sample","r_frame_rate","avg_frame_rate","time_base","start_pts","start_time","duration_ts","duration","bit_rate","filepath") values ('0','mp3','MP3 (MPEG audio layer 3)','audio','1/44100','[0][0][0][0]','0x0000','fltp','44100','2','stereo','0','0/0','0/0','1/14112000','0','0','3097681920','219.506939','162373','/media/pi/ZUKE/MUSIC/CDs/CD 67/02 - Garba Garba - Warm-up.mp3');
insert into format ("filename","nb_streams","nb_programs","format_name","format_long_name","start_time","duration","size","bit_rate","probe_score","filepath") values ('/media/pi/ZUKE/MUSIC/CDs/CD 67/02 - Garba Garba - Warm-up.mp3','1','0','mp3','MP2/3 (MPEG audio layer 2/3)','0','219.506939','4456576','162421','51','/media/pi/ZUKE/MUSIC/CDs/CD 67/02 - Garba Garba - Warm-up.mp3');
insert into disposition ("default","dub","original","comment","lyrics","karaoke","forced","hearing_impaired","visual_impaired","clean_effects","attached_pic","timed_thumbnails","filepath") values ('0','0','0','0','0','0','0','0','0','0','0','0','/media/pi/ZUKE/MUSIC/CDs/CD 67/02 - Garba Garba - Warm-up.mp3');
insert into tags ("album","composer","genre","title","artist","disc","track","filepath") values ('ZIN CD 67','Zumba Fitness','Warm-up','Garba Garba','Zumba Fitness','1/1','02/14','/media/pi/ZUKE/MUSIC/CDs/CD 67/02 - Garba Garba - Warm-up.mp3');
insert into mp3s ("filepath") values ('/media/pi/ZUKE/MUSIC/CDs/CD 67/02 - Garba Garba - Warm-up.mp3');
insert into streams ("index","codec_name","codec_long_name","codec_type","codec_time_base","codec_tag_string","codec_tag","sample_fmt","sample_rate","channels","channel_layout","bits_per_sample","r_frame_rate","avg_frame_rate","time_base","start_pts","start_time","duration_ts","duration","bit_rate","filepath") values ('0','mp3','MP3 (MPEG audio layer 3)','audio','1/44100','[0][0][0][0]','0x0000','fltp','44100','2','stereo','0','0/0','0/0','1/14112000','0','0','2569420800','182.073469','160153','/media/pi/ZUKE/MUSIC/CDs/CD 67/03 - We''re Not Going To Take It - Warm-up.mp3');
insert into format ("filename","nb_streams","nb_programs","format_name","format_long_name","start_time","duration","size","bit_rate","probe_score","filepath") values ('/media/pi/ZUKE/MUSIC/CDs/CD 67/03 - We''re Not Going To Take It - Warm-up.mp3','1','0','mp3','MP2/3 (MPEG audio layer 2/3)','0','182.073469','3645568','160180','51','/media/pi/ZUKE/MUSIC/CDs/CD 67/03 - We''re Not Going To Take It - Warm-up.mp3');
insert into disposition ("default","dub","original","comment","lyrics","karaoke","forced","hearing_impaired","visual_impaired","clean_effects","attached_pic","timed_thumbnails","filepath") values ('0','0','0','0','0','0','0','0','0','0','0','0','/media/pi/ZUKE/MUSIC/CDs/CD 67/03 - We''re Not Going To Take It - Warm-up.mp3');
insert into tags ("album","composer","genre","title","artist","disc","track","filepath") values ('ZIN CD 67','Zumba Fitness','Warm-up','We''re Not Going To Take It','Zumba Fitness','1/1','03/14','/media/pi/ZUKE/MUSIC/CDs/CD 67/03 - We''re Not Going To Take It - Warm-up.mp3');
insert into mp3s ("filepath") values ('/media/pi/ZUKE/MUSIC/CDs/CD 67/03 - We''re Not Going To Take It - Warm-up.mp3');
insert into streams ("index","codec_name","codec_long_name","codec_type","codec_time_base","codec_tag_string","codec_tag","sample_fmt","sample_rate","channels","channel_layout","bits_per_sample","r_frame_rate","avg_frame_rate","time_base","start_pts","start_time","duration_ts","duration","bit_rate","filepath") values ('0','mp3','MP3 (MPEG audio layer 3)','audio','1/44100','[0][0][0][0]','0x0000','fltp','44100','2','stereo','0','0/0','0/0','1/14112000','0','0','3413975040','241.920000','168948','/media/pi/ZUKE/MUSIC/CDs/CD 67/04 - La Cosita - Merengue.mp3');
insert into format ("filename","nb_streams","nb_programs","format_name","format_long_name","start_time","duration","size","bit_rate","probe_score","filepath") values ('/media/pi/ZUKE/MUSIC/CDs/CD 67/04 - La Cosita - Merengue.mp3','1','0','mp3','MP2/3 (MPEG audio layer 2/3)','0','241.920000','5109888','168977','51','/media/pi/ZUKE/MUSIC/CDs/CD 67/04 - La Cosita - Merengue.mp3');
insert into disposition ("default","dub","original","comment","lyrics","karaoke","forced","hearing_impaired","visual_impaired","clean_effects","attached_pic","timed_thumbnails","filepath") values ('0','0','0','0','0','0','0','0','0','0','0','0','/media/pi/ZUKE/MUSIC/CDs/CD 67/04 - La Cosita - Merengue.mp3');
insert into tags ("album","composer","genre","title","artist","disc","track","filepath") values ('ZIN CD 67','Zumba Fitness','Merengue','La Cosita','Zumba Fitness','1/1','04/14','/media/pi/ZUKE/MUSIC/CDs/CD 67/04 - La Cosita - Merengue.mp3');
insert into mp3s ("filepath") values ('/media/pi/ZUKE/MUSIC/CDs/CD 67/04 - La Cosita - Merengue.mp3');
insert into streams ("index","codec_name","codec_long_name","codec_type","codec_time_base","codec_tag_string","codec_tag","sample_fmt","sample_rate","channels","channel_layout","bits_per_sample","r_frame_rate","avg_frame_rate","time_base","start_pts","start_time","duration_ts","duration","bit_rate","filepath") values ('0','mp3','MP3 (MPEG audio layer 3)','audio','1/44100','[0][0][0][0]','0x0000','fltp','44100','2','stereo','0','0/0','0/0','1/14112000','0','0','3351674880','237.505306','160419','/media/pi/ZUKE/MUSIC/CDs/CD 67/05 - Sayonara - Salsa.mp3');
insert into format ("filename","nb_streams","nb_programs","format_name","format_long_name","start_time","duration","size","bit_rate","probe_score","filepath") values ('/media/pi/ZUKE/MUSIC/CDs/CD 67/05 - Sayonara - Salsa.mp3','1','0','mp3','MP2/3 (MPEG audio layer 2/3)','0','237.505306','4763776','160460','51','/media/pi/ZUKE/MUSIC/CDs/CD 67/05 - Sayonara - Salsa.mp3');
insert into disposition ("default","dub","original","comment","lyrics","karaoke","forced","hearing_impaired","visual_impaired","clean_effects","attached_pic","timed_thumbnails","filepath") values ('0','0','0','0','0','0','0','0','0','0','0','0','/media/pi/ZUKE/MUSIC/CDs/CD 67/05 - Sayonara - Salsa.mp3');
insert into tags ("album","composer","genre","title","artist","disc","track","filepath") values ('ZIN CD 67','Zumba Fitness','Salsa','Sayonara','Zumba Fitness','1/1','05/14','/media/pi/ZUKE/MUSIC/CDs/CD 67/05 - Sayonara - Salsa.mp3');
insert into mp3s ("filepath") values ('/media/pi/ZUKE/MUSIC/CDs/CD 67/05 - Sayonara - Salsa.mp3');
insert into streams ("index","codec_name","codec_long_name","codec_type","codec_time_base","codec_tag_string","codec_tag","sample_fmt","sample_rate","channels","channel_layout","bits_per_sample","r_frame_rate","avg_frame_rate","time_base","start_pts","start_time","duration_ts","duration","bit_rate","filepath") values ('0','mp3','MP3 (MPEG audio layer 3)','audio','1/44100','[0][0][0][0]','0x0000','fltp','44100','2','stereo','0','0/0','0/0','1/14112000','0','0','2557992960','181.263673','160242','/media/pi/ZUKE/MUSIC/CDs/CD 67/06 - Sin Contrato - Reggaeton.mp3');
insert into format ("filename","nb_streams","nb_programs","format_name","format_long_name","start_time","duration","size","bit_rate","probe_score","filepath") values ('/media/pi/ZUKE/MUSIC/CDs/CD 67/06 - Sin Contrato - Reggaeton.mp3','1','0','mp3','MP2/3 (MPEG audio layer 2/3)','0','181.263673','3631232','160262','51','/media/pi/ZUKE/MUSIC/CDs/CD 67/06 - Sin Contrato - Reggaeton.mp3');
insert into disposition ("default","dub","original","comment","lyrics","karaoke","forced","hearing_impaired","visual_impaired","clean_effects","attached_pic","timed_thumbnails","filepath") values ('0','0','0','0','0','0','0','0','0','0','0','0','/media/pi/ZUKE/MUSIC/CDs/CD 67/06 - Sin Contrato - Reggaeton.mp3');
insert into tags ("album","composer","genre","title","artist","disc","track","filepath") values ('ZIN CD 67','Zumba Fitness','Reggaeton','Sin Contrato','Zumba Fitness','1/1','06/14','/media/pi/ZUKE/MUSIC/CDs/CD 67/06 - Sin Contrato - Reggaeton.mp3');
insert into mp3s ("filepath") values ('/media/pi/ZUKE/MUSIC/CDs/CD 67/06 - Sin Contrato - Reggaeton.mp3');
insert into streams ("index","codec_name","codec_long_name","codec_type","codec_time_base","codec_tag_string","codec_tag","sample_fmt","sample_rate","channels","channel_layout","bits_per_sample","r_frame_rate","avg_frame_rate","time_base","start_pts","start_time","duration_ts","duration","bit_rate","filepath") values ('0','mp3','MP3 (MPEG audio layer 3)','audio','1/44100','[0][0][0][0]','0x0000','fltp','44100','2','stereo','0','0/0','0/0','1/14112000','0','0','3041648640','215.536327','161841','/media/pi/ZUKE/MUSIC/CDs/CD 67/07 - Like So - Soca.mp3');
insert into format ("filename","nb_streams","nb_programs","format_name","format_long_name","start_time","duration","size","bit_rate","probe_score","filepath") values ('/media/pi/ZUKE/MUSIC/CDs/CD 67/07 - Like So - Soca.mp3','1','0','mp3','MP2/3 (MPEG audio layer 2/3)','0','215.536327','4362368','161916','51','/media/pi/ZUKE/MUSIC/CDs/CD 67/07 - Like So - Soca.mp3');
insert into disposition ("default","dub","original","comment","lyrics","karaoke","forced","hearing_impaired","visual_impaired","clean_effects","attached_pic","timed_thumbnails","filepath") values ('0','0','0','0','0','0','0','0','0','0','0','0','/media/pi/ZUKE/MUSIC/CDs/CD 67/07 - Like So - Soca.mp3');
insert into tags ("album","composer","genre","title","artist","disc","track","filepath") values ('ZIN CD 67','Zumba Fitness','Soca','Like So','Zumba Fitness','1/1','07/14','/media/pi/ZUKE/MUSIC/CDs/CD 67/07 - Like So - Soca.mp3');
insert into mp3s ("filepath") values ('/media/pi/ZUKE/MUSIC/CDs/CD 67/07 - Like So - Soca.mp3');
insert into streams ("index","codec_name","codec_long_name","codec_type","codec_time_base","codec_tag_string","codec_tag","sample_fmt","sample_rate","channels","channel_layout","bits_per_sample","r_frame_rate","avg_frame_rate","time_base","start_pts","start_time","duration_ts","duration","bit_rate","filepath") values ('0','mp3','MP3 (MPEG audio layer 3)','audio','1/44100','[0][0][0][0]','0x0000','fltp','44100','2','stereo','0','0/0','0/0','1/14112000','0','0','2916679680','206.680816','161523','/media/pi/ZUKE/MUSIC/CDs/CD 67/08 - Emergency - Urban Pop.mp3');
insert into format ("filename","nb_streams","nb_programs","format_name","format_long_name","start_time","duration","size","bit_rate","probe_score","filepath") values ('/media/pi/ZUKE/MUSIC/CDs/CD 67/08 - Emergency - Urban Pop.mp3','1','0','mp3','MP2/3 (MPEG audio layer 2/3)','0','206.680816','4173952','161561','51','/media/pi/ZUKE/MUSIC/CDs/CD 67/08 - Emergency - Urban Pop.mp3');
insert into disposition ("default","dub","original","comment","lyrics","karaoke","forced","hearing_impaired","visual_impaired","clean_effects","attached_pic","timed_thumbnails","filepath") values ('0','0','0','0','0','0','0','0','0','0','0','0','/media/pi/ZUKE/MUSIC/CDs/CD 67/08 - Emergency - Urban Pop.mp3');
insert into tags ("album","composer","genre","title","artist","disc","track","filepath") values ('ZIN CD 67','Zumba Fitness','Urban Pop','Emergency','Zumba Fitness','1/1','08/14','/media/pi/ZUKE/MUSIC/CDs/CD 67/08 - Emergency - Urban Pop.mp3');
insert into mp3s ("filepath") values ('/media/pi/ZUKE/MUSIC/CDs/CD 67/08 - Emergency - Urban Pop.mp3');
insert into streams ("index","codec_name","codec_long_name","codec_type","codec_time_base","codec_tag_string","codec_tag","sample_fmt","sample_rate","channels","channel_layout","bits_per_sample","r_frame_rate","avg_frame_rate","time_base","start_pts","start_time","duration_ts","duration","bit_rate","filepath") values ('0','mp3','MP3 (MPEG audio layer 3)','audio','1/44100','[0][0][0][0]','0x0000','fltp','44100','2','stereo','0','0/0','0/0','1/14112000','0','0','3074088960','217.835102','167221','/media/pi/ZUKE/MUSIC/CDs/CD 67/09 - Oye Como Suena - Rumba Flamenca.mp3');
insert into format ("filename","nb_streams","nb_programs","format_name","format_long_name","start_time","duration","size","bit_rate","probe_score","filepath") values ('/media/pi/ZUKE/MUSIC/CDs/CD 67/09 - Oye Como Suena - Rumba Flamenca.mp3','1','0','mp3','MP2/3 (MPEG audio layer 2/3)','0','217.835102','4554880','167278','51','/media/pi/ZUKE/MUSIC/CDs/CD 67/09 - Oye Como Suena - Rumba Flamenca.mp3');
insert into disposition ("default","dub","original","comment","lyrics","karaoke","forced","hearing_impaired","visual_impaired","clean_effects","attached_pic","timed_thumbnails","filepath") values ('0','0','0','0','0','0','0','0','0','0','0','0','/media/pi/ZUKE/MUSIC/CDs/CD 67/09 - Oye Como Suena - Rumba Flamenca.mp3');
insert into tags ("album","composer","genre","title","artist","disc","track","filepath") values ('ZIN CD 67','Zumba Fitness','Rumba Flamenca','Oye Como Suena','Zumba Fitness','1/1','09/14','/media/pi/ZUKE/MUSIC/CDs/CD 67/09 - Oye Como Suena - Rumba Flamenca.mp3');
insert into mp3s ("filepath") values ('/media/pi/ZUKE/MUSIC/CDs/CD 67/09 - Oye Como Suena - Rumba Flamenca.mp3');
insert into streams ("index","codec_name","codec_long_name","codec_type","codec_time_base","codec_tag_string","codec_tag","sample_fmt","sample_rate","channels","channel_layout","bits_per_sample","r_frame_rate","avg_frame_rate","time_base","start_pts","start_time","duration_ts","duration","bit_rate","filepath") values ('0','mp3','MP3 (MPEG audio layer 3)','audio','1/44100','[0][0][0][0]','0x0000','fltp','44100','2','stereo','0','0/0','0/0','1/14112000','0','0','2278195200','161.436735','154344','/media/pi/ZUKE/MUSIC/CDs/CD 67/10 - La Potra - Reggaeton.mp3');
insert into format ("filename","nb_streams","nb_programs","format_name","format_long_name","start_time","duration","size","bit_rate","probe_score","filepath") values ('/media/pi/ZUKE/MUSIC/CDs/CD 67/10 - La Potra - Reggaeton.mp3','1','0','mp3','MP2/3 (MPEG audio layer 2/3)','0','161.436735','3115136','154370','51','/media/pi/ZUKE/MUSIC/CDs/CD 67/10 - La Potra - Reggaeton.mp3');
insert into disposition ("default","dub","original","comment","lyrics","karaoke","forced","hearing_impaired","visual_impaired","clean_effects","attached_pic","timed_thumbnails","filepath") values ('0','0','0','0','0','0','0','0','0','0','0','0','/media/pi/ZUKE/MUSIC/CDs/CD 67/10 - La Potra - Reggaeton.mp3');
insert into tags ("album","composer","genre","title","artist","disc","track","filepath") values ('ZIN CD 67','Zumba Fitness','Reggaeton','La Potra','Zumba Fitness','1/1','10/14','/media/pi/ZUKE/MUSIC/CDs/CD 67/10 - La Potra - Reggaeton.mp3');
insert into mp3s ("filepath") values ('/media/pi/ZUKE/MUSIC/CDs/CD 67/10 - La Potra - Reggaeton.mp3');
insert into streams ("index","codec_name","codec_long_name","codec_type","codec_time_base","codec_tag_string","codec_tag","sample_fmt","sample_rate","channels","channel_layout","bits_per_sample","r_frame_rate","avg_frame_rate","time_base","start_pts","start_time","duration_ts","duration","bit_rate","filepath") values ('0','mp3','MP3 (MPEG audio layer 3)','audio','1/44100','[0][0][0][0]','0x0000','fltp','44100','2','stereo','0','0/0','0/0','1/14112000','0','0','3262095360','231.157551','153918','/media/pi/ZUKE/MUSIC/CDs/CD 67/11 - Esta Noche - Cumbia.mp3');
insert into format ("filename","nb_streams","nb_programs","format_name","format_long_name","start_time","duration","size","bit_rate","probe_score","filepath") values ('/media/pi/ZUKE/MUSIC/CDs/CD 67/11 - Esta Noche - Cumbia.mp3','1','0','mp3','MP2/3 (MPEG audio layer 2/3)','0','231.157551','4448384','153951','51','/media/pi/ZUKE/MUSIC/CDs/CD 67/11 - Esta Noche - Cumbia.mp3');
insert into disposition ("default","dub","original","comment","lyrics","karaoke","forced","hearing_impaired","visual_impaired","clean_effects","attached_pic","timed_thumbnails","filepath") values ('0','0','0','0','0','0','0','0','0','0','0','0','/media/pi/ZUKE/MUSIC/CDs/CD 67/11 - Esta Noche - Cumbia.mp3');
insert into tags ("album","composer","genre","title","artist","disc","track","filepath") values ('ZIN CD 67','Zumba Fitness','Cumbia','Esta Noche','Zumba Fitness','1/1','11/14','/media/pi/ZUKE/MUSIC/CDs/CD 67/11 - Esta Noche - Cumbia.mp3');
insert into mp3s ("filepath") values ('/media/pi/ZUKE/MUSIC/CDs/CD 67/11 - Esta Noche - Cumbia.mp3');
insert into streams ("index","codec_name","codec_long_name","codec_type","codec_time_base","codec_tag_string","codec_tag","sample_fmt","sample_rate","channels","channel_layout","bits_per_sample","r_frame_rate","avg_frame_rate","time_base","start_pts","start_time","duration_ts","duration","bit_rate","filepath") values ('0','mp3','MP3 (MPEG audio layer 3)','audio','1/44100','[0][0][0][0]','0x0000','fltp','44100','2','stereo','0','0/0','0/0','1/14112000','0','0','2876129280','203.807347','163294','/media/pi/ZUKE/MUSIC/CDs/CD 67/12 - Dale Pa''lante - Moombahton.mp3');
insert into format ("filename","nb_streams","nb_programs","format_name","format_long_name","start_time","duration","size","bit_rate","probe_score","filepath") values ('/media/pi/ZUKE/MUSIC/CDs/CD 67/12 - Dale Pa''lante - Moombahton.mp3','1','0','mp3','MP2/3 (MPEG audio layer 2/3)','0','203.807347','4161664','163356','51','/media/pi/ZUKE/MUSIC/CDs/CD 67/12 - Dale Pa''lante - Moombahton.mp3');
insert into disposition ("default","dub","original","comment","lyrics","karaoke","forced","hearing_impaired","visual_impaired","clean_effects","attached_pic","timed_thumbnails","filepath") values ('0','0','0','0','0','0','0','0','0','0','0','0','/media/pi/ZUKE/MUSIC/CDs/CD 67/12 - Dale Pa''lante - Moombahton.mp3');
insert into tags ("album","composer","genre","title","artist","disc","track","filepath") values ('ZIN CD 67','Zumba Fitness','Moombahton','Dale Pa''lante','Zumba Fitness','1/1','12/14','/media/pi/ZUKE/MUSIC/CDs/CD 67/12 - Dale Pa''lante - Moombahton.mp3');
insert into mp3s ("filepath") values ('/media/pi/ZUKE/MUSIC/CDs/CD 67/12 - Dale Pa''lante - Moombahton.mp3');
insert into streams ("index","codec_name","codec_long_name","codec_type","codec_time_base","codec_tag_string","codec_tag","sample_fmt","sample_rate","channels","channel_layout","bits_per_sample","r_frame_rate","avg_frame_rate","time_base","start_pts","start_time","duration_ts","duration","bit_rate","filepath") values ('0','mp3','MP3 (MPEG audio layer 3)','audio','1/44100','[0][0][0][0]','0x0000','fltp','44100','2','stereo','0','0/0','0/0','1/14112000','0','0','3019530240','213.968980','157615','/media/pi/ZUKE/MUSIC/CDs/CD 67/13 - Let''s Cool This Down - Cooldown.mp3');
insert into format ("filename","nb_streams","nb_programs","format_name","format_long_name","start_time","duration","size","bit_rate","probe_score","filepath") values ('/media/pi/ZUKE/MUSIC/CDs/CD 67/13 - Let''s Cool This Down - Cooldown.mp3','1','0','mp3','MP2/3 (MPEG audio layer 2/3)','0','213.968980','4216960','157666','51','/media/pi/ZUKE/MUSIC/CDs/CD 67/13 - Let''s Cool This Down - Cooldown.mp3');
insert into disposition ("default","dub","original","comment","lyrics","karaoke","forced","hearing_impaired","visual_impaired","clean_effects","attached_pic","timed_thumbnails","filepath") values ('0','0','0','0','0','0','0','0','0','0','0','0','/media/pi/ZUKE/MUSIC/CDs/CD 67/13 - Let''s Cool This Down - Cooldown.mp3');
insert into tags ("album","composer","genre","title","artist","disc","track","filepath") values ('ZIN CD 67','Zumba Fitness','Cooldown','Let''s Cool This Down','Zumba Fitness','1/1','13/14','/media/pi/ZUKE/MUSIC/CDs/CD 67/13 - Let''s Cool This Down - Cooldown.mp3');
insert into mp3s ("filepath") values ('/media/pi/ZUKE/MUSIC/CDs/CD 67/13 - Let''s Cool This Down - Cooldown.mp3');
insert into streams ("index","codec_name","codec_long_name","codec_type","codec_time_base","codec_tag_string","codec_tag","sample_fmt","sample_rate","channels","channel_layout","bits_per_sample","r_frame_rate","avg_frame_rate","time_base","start_pts","start_time","duration_ts","duration","bit_rate","filepath") values ('0','mp3','MP3 (MPEG audio layer 3)','audio','1/44100','[0][0][0][0]','0x0000','fltp','44100','2','stereo','0','0/0','0/0','1/14112000','0','0','8082800640','572.760816','163210','/media/pi/ZUKE/MUSIC/CDs/CD 67/14 - Esta Noche - Emergency - Sayonara - DJ Mix.mp3');
insert into format ("filename","nb_streams","nb_programs","format_name","format_long_name","start_time","duration","size","bit_rate","probe_score","filepath") values ('/media/pi/ZUKE/MUSIC/CDs/CD 67/14 - Esta Noche - Emergency - Sayonara - DJ Mix.mp3','1','0','mp3','MP2/3 (MPEG audio layer 2/3)','0','572.760816','11686016','163223','51','/media/pi/ZUKE/MUSIC/CDs/CD 67/14 - Esta Noche - Emergency - Sayonara - DJ Mix.mp3');
insert into disposition ("default","dub","original","comment","lyrics","karaoke","forced","hearing_impaired","visual_impaired","clean_effects","attached_pic","timed_thumbnails","filepath") values ('0','0','0','0','0','0','0','0','0','0','0','0','/media/pi/ZUKE/MUSIC/CDs/CD 67/14 - Esta Noche - Emergency - Sayonara - DJ Mix.mp3');
insert into tags ("album","composer","genre","title","artist","disc","track","filepath") values ('ZIN CD 67','Zumba Fitness','DJ Mix','Esta Noche - Emergency - Sayonara','Zumba Fitness','1/1','14/14','/media/pi/ZUKE/MUSIC/CDs/CD 67/14 - Esta Noche - Emergency - Sayonara - DJ Mix.mp3');
insert into mp3s ("filepath") values ('/media/pi/ZUKE/MUSIC/CDs/CD 67/14 - Esta Noche - Emergency - Sayonara - DJ Mix.mp3');
insert into streams ("index","codec_name","codec_long_name","codec_type","codec_time_base","codec_tag_string","codec_tag","sample_fmt","sample_rate","channels","channel_layout","bits_per_sample","r_frame_rate","avg_frame_rate","time_base","start_pts","start_time","duration_ts","duration","bit_rate","filepath") values ('0','mp3','MP3 (MPEG audio layer 3)','audio','1/44100','[0][0][0][0]','0x0000','fltp','44100','2','stereo','0','0/0','0/0','1/14112000','0','0','3012157440','213.446531','168157','/media/pi/ZUKE/MUSIC/CDs/CD 68/01 - De Musica Ligera - Warm-up.mp3');
insert into format ("filename","nb_streams","nb_programs","format_name","format_long_name","start_time","duration","size","bit_rate","probe_score","filepath") values ('/media/pi/ZUKE/MUSIC/CDs/CD 68/01 - De Musica Ligera - Warm-up.mp3','1','0','mp3','MP2/3 (MPEG audio layer 2/3)','0','213.446531','4487296','168184','51','/media/pi/ZUKE/MUSIC/CDs/CD 68/01 - De Musica Ligera - Warm-up.mp3');
insert into disposition ("default","dub","original","comment","lyrics","karaoke","forced","hearing_impaired","visual_impaired","clean_effects","attached_pic","timed_thumbnails","filepath") values ('0','0','0','0','0','0','0','0','0','0','0','0','/media/pi/ZUKE/MUSIC/CDs/CD 68/01 - De Musica Ligera - Warm-up.mp3');
insert into tags ("album","composer","genre","title","artist","disc","track","filepath") values ('ZIN CD 68','Zumba Fitness','Warm-up','De Musica Ligera','Zumba Fitness','1/1','01/15','/media/pi/ZUKE/MUSIC/CDs/CD 68/01 - De Musica Ligera - Warm-up.mp3');
insert into mp3s ("filepath") values ('/media/pi/ZUKE/MUSIC/CDs/CD 68/01 - De Musica Ligera - Warm-up.mp3');
insert into streams ("index","codec_name","codec_long_name","codec_type","codec_time_base","codec_tag_string","codec_tag","sample_fmt","sample_rate","channels","channel_layout","bits_per_sample","r_frame_rate","avg_frame_rate","time_base","start_pts","start_time","duration_ts","duration","bit_rate","filepath") values ('0','mp3','MP3 (MPEG audio layer 3)','audio','1/44100','[0][0][0][0]','0x0000','fltp','44100','2','stereo','0','0/0','0/0','1/14112000','0','0','3187630080','225.880816','158931','/media/pi/ZUKE/MUSIC/CDs/CD 68/02 - El Gururu - Warm-up.mp3');
insert into format ("filename","nb_streams","nb_programs","format_name","format_long_name","start_time","duration","size","bit_rate","probe_score","filepath") values ('/media/pi/ZUKE/MUSIC/CDs/CD 68/02 - El Gururu - Warm-up.mp3','1','0','mp3','MP2/3 (MPEG audio layer 2/3)','0','225.880816','4489344','158998','51','/media/pi/ZUKE/MUSIC/CDs/CD 68/02 - El Gururu - Warm-up.mp3');
insert into disposition ("default","dub","original","comment","lyrics","karaoke","forced","hearing_impaired","visual_impaired","clean_effects","attached_pic","timed_thumbnails","filepath") values ('0','0','0','0','0','0','0','0','0','0','0','0','/media/pi/ZUKE/MUSIC/CDs/CD 68/02 - El Gururu - Warm-up.mp3');
insert into tags ("album","composer","genre","title","artist","disc","track","filepath") values ('ZIN CD 68','Zumba Fitness','Warm-up','El Gururu','Zumba Fitness','1/1','02/15','/media/pi/ZUKE/MUSIC/CDs/CD 68/02 - El Gururu - Warm-up.mp3');
insert into mp3s ("filepath") values ('/media/pi/ZUKE/MUSIC/CDs/CD 68/02 - El Gururu - Warm-up.mp3');
insert into streams ("index","codec_name","codec_long_name","codec_type","codec_time_base","codec_tag_string","codec_tag","sample_fmt","sample_rate","channels","channel_layout","bits_per_sample","r_frame_rate","avg_frame_rate","time_base","start_pts","start_time","duration_ts","duration","bit_rate","filepath") values ('0','mp3','MP3 (MPEG audio layer 3)','audio','1/44100','[0][0][0][0]','0x0000','fltp','44100','2','stereo','0','0/0','0/0','1/14112000','0','0','2878341120','203.964082','169933','/media/pi/ZUKE/MUSIC/CDs/CD 68/03 - Bollyland - Warm-up.mp3');
insert into format ("filename","nb_streams","nb_programs","format_name","format_long_name","start_time","duration","size","bit_rate","probe_score","filepath") values ('/media/pi/ZUKE/MUSIC/CDs/CD 68/03 - Bollyland - Warm-up.mp3','1','0','mp3','MP2/3 (MPEG audio layer 2/3)','0','203.964082','4333696','169978','51','/media/pi/ZUKE/MUSIC/CDs/CD 68/03 - Bollyland - Warm-up.mp3');
insert into disposition ("default","dub","original","comment","lyrics","karaoke","forced","hearing_impaired","visual_impaired","clean_effects","attached_pic","timed_thumbnails","filepath") values ('0','0','0','0','0','0','0','0','0','0','0','0','/media/pi/ZUKE/MUSIC/CDs/CD 68/03 - Bollyland - Warm-up.mp3');
insert into tags ("album","composer","genre","title","artist","disc","track","filepath") values ('ZIN CD 68','Zumba Fitness','Warm-up','Bollyland','Zumba Fitness','1/1','03/15','/media/pi/ZUKE/MUSIC/CDs/CD 68/03 - Bollyland - Warm-up.mp3');
insert into mp3s ("filepath") values ('/media/pi/ZUKE/MUSIC/CDs/CD 68/03 - Bollyland - Warm-up.mp3');
insert into streams ("index","codec_name","codec_long_name","codec_type","codec_time_base","codec_tag_string","codec_tag","sample_fmt","sample_rate","channels","channel_layout","bits_per_sample","r_frame_rate","avg_frame_rate","time_base","start_pts","start_time","duration_ts","duration","bit_rate","filepath") values ('0','mp3','MP3 (MPEG audio layer 3)','audio','1/44100','[0][0][0][0]','0x0000','fltp','44100','2','stereo','0','0/0','0/0','1/14112000','0','0','3327713280','235.807347','159903','/media/pi/ZUKE/MUSIC/CDs/CD 68/04 - Hula Hoop - Reggaeton.mp3');
insert into format ("filename","nb_streams","nb_programs","format_name","format_long_name","start_time","duration","size","bit_rate","probe_score","filepath") values ('/media/pi/ZUKE/MUSIC/CDs/CD 68/04 - Hula Hoop - Reggaeton.mp3','1','0','mp3','MP2/3 (MPEG audio layer 2/3)','0','235.807347','4714624','159948','51','/media/pi/ZUKE/MUSIC/CDs/CD 68/04 - Hula Hoop - Reggaeton.mp3');
insert into disposition ("default","dub","original","comment","lyrics","karaoke","forced","hearing_impaired","visual_impaired","clean_effects","attached_pic","timed_thumbnails","filepath") values ('0','0','0','0','0','0','0','0','0','0','0','0','/media/pi/ZUKE/MUSIC/CDs/CD 68/04 - Hula Hoop - Reggaeton.mp3');
insert into tags ("album","composer","genre","title","artist","disc","track","filepath") values ('ZIN CD 68','Zumba Fitness','Reggaeton','Hula Hoop','Zumba Fitness','1/1','04/15','/media/pi/ZUKE/MUSIC/CDs/CD 68/04 - Hula Hoop - Reggaeton.mp3');
insert into mp3s ("filepath") values ('/media/pi/ZUKE/MUSIC/CDs/CD 68/04 - Hula Hoop - Reggaeton.mp3');
insert into streams ("index","codec_name","codec_long_name","codec_type","codec_time_base","codec_tag_string","codec_tag","sample_fmt","sample_rate","channels","channel_layout","bits_per_sample","r_frame_rate","avg_frame_rate","time_base","start_pts","start_time","duration_ts","duration","bit_rate","filepath") values ('0','mp3','MP3 (MPEG audio layer 3)','audio','1/44100','[0][0][0][0]','0x0000','fltp','44100','2','stereo','0','0/0','0/0','1/14112000','0','0','5453291520','386.429388','174621','/media/pi/ZUKE/MUSIC/CDs/CD 68/05 - Pura Salsa - Salsa.mp3');
insert into format ("filename","nb_streams","nb_programs","format_name","format_long_name","start_time","duration","size","bit_rate","probe_score","filepath") values ('/media/pi/ZUKE/MUSIC/CDs/CD 68/05 - Pura Salsa - Salsa.mp3','1','0','mp3','MP2/3 (MPEG audio layer 2/3)','0','386.429388','8435840','174641','51','/media/pi/ZUKE/MUSIC/CDs/CD 68/05 - Pura Salsa - Salsa.mp3');
insert into disposition ("default","dub","original","comment","lyrics","karaoke","forced","hearing_impaired","visual_impaired","clean_effects","attached_pic","timed_thumbnails","filepath") values ('0','0','0','0','0','0','0','0','0','0','0','0','/media/pi/ZUKE/MUSIC/CDs/CD 68/05 - Pura Salsa - Salsa.mp3');
insert into tags ("album","composer","genre","title","artist","disc","track","filepath") values ('ZIN CD 68','Zumba Fitness','Salsa','Pura Salsa','Zumba Fitness','1/1','05/15','/media/pi/ZUKE/MUSIC/CDs/CD 68/05 - Pura Salsa - Salsa.mp3');
insert into mp3s ("filepath") values ('/media/pi/ZUKE/MUSIC/CDs/CD 68/05 - Pura Salsa - Salsa.mp3');
insert into streams ("index","codec_name","codec_long_name","codec_type","codec_time_base","codec_tag_string","codec_tag","sample_fmt","sample_rate","channels","channel_layout","bits_per_sample","r_frame_rate","avg_frame_rate","time_base","start_pts","start_time","duration_ts","duration","bit_rate","filepath") values ('0','mp3','MP3 (MPEG audio layer 3)','audio','1/44100','[0][0][0][0]','0x0000','fltp','44100','2','stereo','0','0/0','0/0','1/14112000','0','0','3400335360','240.953469','155017','/media/pi/ZUKE/MUSIC/CDs/CD 68/06 - La Visabuela - Merengue.mp3');
insert into format ("filename","nb_streams","nb_programs","format_name","format_long_name","start_time","duration","size","bit_rate","probe_score","filepath") values ('/media/pi/ZUKE/MUSIC/CDs/CD 68/06 - La Visabuela - Merengue.mp3','1','0','mp3','MP2/3 (MPEG audio layer 2/3)','0','240.953469','4669568','155036','51','/media/pi/ZUKE/MUSIC/CDs/CD 68/06 - La Visabuela - Merengue.mp3');
insert into disposition ("default","dub","original","comment","lyrics","karaoke","forced","hearing_impaired","visual_impaired","clean_effects","attached_pic","timed_thumbnails","filepath") values ('0','0','0','0','0','0','0','0','0','0','0','0','/media/pi/ZUKE/MUSIC/CDs/CD 68/06 - La Visabuela - Merengue.mp3');
insert into tags ("album","composer","genre","title","artist","disc","track","filepath") values ('ZIN CD 68','Zumba Fitness','Merengue','La Visabuela','Zumba Fitness','1/1','06/15','/media/pi/ZUKE/MUSIC/CDs/CD 68/06 - La Visabuela - Merengue.mp3');
insert into mp3s ("filepath") values ('/media/pi/ZUKE/MUSIC/CDs/CD 68/06 - La Visabuela - Merengue.mp3');
insert into streams ("index","codec_name","codec_long_name","codec_type","codec_time_base","codec_tag_string","codec_tag","sample_fmt","sample_rate","channels","channel_layout","bits_per_sample","r_frame_rate","avg_frame_rate","time_base","start_pts","start_time","duration_ts","duration","bit_rate","filepath") values ('0','mp3','MP3 (MPEG audio layer 3)','audio','1/44100','[0][0][0][0]','0x0000','fltp','44100','2','stereo','0','0/0','0/0','1/14112000','0','0','3337297920','236.486531','157968','/media/pi/ZUKE/MUSIC/CDs/CD 68/07 - Forever Chuguether - Salsa Choke - Reggaeton.mp3');
insert into format ("filename","nb_streams","nb_programs","format_name","format_long_name","start_time","duration","size","bit_rate","probe_score","filepath") values ('/media/pi/ZUKE/MUSIC/CDs/CD 68/07 - Forever Chuguether - Salsa Choke - Reggaeton.mp3','1','0','mp3','MP2/3 (MPEG audio layer 2/3)','0','236.486531','4671616','158034','51','/media/pi/ZUKE/MUSIC/CDs/CD 68/07 - Forever Chuguether - Salsa Choke - Reggaeton.mp3');
insert into disposition ("default","dub","original","comment","lyrics","karaoke","forced","hearing_impaired","visual_impaired","clean_effects","attached_pic","timed_thumbnails","filepath") values ('0','0','0','0','0','0','0','0','0','0','0','0','/media/pi/ZUKE/MUSIC/CDs/CD 68/07 - Forever Chuguether - Salsa Choke - Reggaeton.mp3');
insert into tags ("album","composer","genre","title","artist","disc","track","filepath") values ('ZIN CD 68','Zumba Fitness','Salsa Choke,Reggaeton','Forever Chuguether','Zumba Fitness','1/1','07/15','/media/pi/ZUKE/MUSIC/CDs/CD 68/07 - Forever Chuguether - Salsa Choke - Reggaeton.mp3');
insert into mp3s ("filepath") values ('/media/pi/ZUKE/MUSIC/CDs/CD 68/07 - Forever Chuguether - Salsa Choke - Reggaeton.mp3');
insert into streams ("index","codec_name","codec_long_name","codec_type","codec_time_base","codec_tag_string","codec_tag","sample_fmt","sample_rate","channels","channel_layout","bits_per_sample","r_frame_rate","avg_frame_rate","time_base","start_pts","start_time","duration_ts","duration","bit_rate","filepath") values ('0','mp3','MP3 (MPEG audio layer 3)','audio','1/44100','[0][0][0][0]','0x0000','fltp','44100','2','stereo','0','0/0','0/0','1/14112000','0','0','4222771200','299.232653','162919','/media/pi/ZUKE/MUSIC/CDs/CD 68/08 - Pa'' Venezuela - Percusion.mp3');
insert into format ("filename","nb_streams","nb_programs","format_name","format_long_name","start_time","duration","size","bit_rate","probe_score","filepath") values ('/media/pi/ZUKE/MUSIC/CDs/CD 68/08 - Pa'' Venezuela - Percusion.mp3','1','0','mp3','MP2/3 (MPEG audio layer 2/3)','0','299.232653','6094976','162949','51','/media/pi/ZUKE/MUSIC/CDs/CD 68/08 - Pa'' Venezuela - Percusion.mp3');
insert into disposition ("default","dub","original","comment","lyrics","karaoke","forced","hearing_impaired","visual_impaired","clean_effects","attached_pic","timed_thumbnails","filepath") values ('0','0','0','0','0','0','0','0','0','0','0','0','/media/pi/ZUKE/MUSIC/CDs/CD 68/08 - Pa'' Venezuela - Percusion.mp3');
insert into tags ("album","composer","genre","title","artist","disc","track","filepath") values ('ZIN CD 68','Zumba Fitness','Percusion','Pa'' Venezuela','Zumba Fitness','1/1','08/15','/media/pi/ZUKE/MUSIC/CDs/CD 68/08 - Pa'' Venezuela - Percusion.mp3');
insert into mp3s ("filepath") values ('/media/pi/ZUKE/MUSIC/CDs/CD 68/08 - Pa'' Venezuela - Percusion.mp3');
insert into streams ("index","codec_name","codec_long_name","codec_type","codec_time_base","codec_tag_string","codec_tag","sample_fmt","sample_rate","channels","channel_layout","bits_per_sample","r_frame_rate","avg_frame_rate","time_base","start_pts","start_time","duration_ts","duration","bit_rate","filepath") values ('0','mp3','MP3 (MPEG audio layer 3)','audio','1/44100','[0][0][0][0]','0x0000','fltp','44100','2','stereo','0','0/0','0/0','1/14112000','0','0','2920734720','206.968163','158781','/media/pi/ZUKE/MUSIC/CDs/CD 68/09 - Projimita feat Shaggy (Remix) - Raspa.mp3');
insert into format ("filename","nb_streams","nb_programs","format_name","format_long_name","start_time","duration","size","bit_rate","probe_score","filepath") values ('/media/pi/ZUKE/MUSIC/CDs/CD 68/09 - Projimita feat Shaggy (Remix) - Raspa.mp3','1','0','mp3','MP2/3 (MPEG audio layer 2/3)','0','206.968163','4108416','158803','51','/media/pi/ZUKE/MUSIC/CDs/CD 68/09 - Projimita feat Shaggy (Remix) - Raspa.mp3');
insert into disposition ("default","dub","original","comment","lyrics","karaoke","forced","hearing_impaired","visual_impaired","clean_effects","attached_pic","timed_thumbnails","filepath") values ('0','0','0','0','0','0','0','0','0','0','0','0','/media/pi/ZUKE/MUSIC/CDs/CD 68/09 - Projimita feat Shaggy (Remix) - Raspa.mp3');
insert into tags ("album","composer","genre","title","artist","disc","track","filepath") values ('ZIN CD 68','Zumba Fitness','Raspa','Projimita feat Shaggy (Remix)','Zumba Fitness','1/1','09/15','/media/pi/ZUKE/MUSIC/CDs/CD 68/09 - Projimita feat Shaggy (Remix) - Raspa.mp3');
insert into mp3s ("filepath") values ('/media/pi/ZUKE/MUSIC/CDs/CD 68/09 - Projimita feat Shaggy (Remix) - Raspa.mp3');
insert into streams ("index","codec_name","codec_long_name","codec_type","codec_time_base","codec_tag_string","codec_tag","sample_fmt","sample_rate","channels","channel_layout","bits_per_sample","r_frame_rate","avg_frame_rate","time_base","start_pts","start_time","duration_ts","duration","bit_rate","filepath") values ('0','mp3','MP3 (MPEG audio layer 3)','audio','1/44100','[0][0][0][0]','0x0000','fltp','44100','2','stereo','0','0/0','0/0','1/14112000','0','0','3442360320','243.931429','165486','/media/pi/ZUKE/MUSIC/CDs/CD 68/10 - Scooby Doo - Electro-Latin.mp3');
insert into format ("filename","nb_streams","nb_programs","format_name","format_long_name","start_time","duration","size","bit_rate","probe_score","filepath") values ('/media/pi/ZUKE/MUSIC/CDs/CD 68/10 - Scooby Doo - Electro-Latin.mp3','1','0','mp3','MP2/3 (MPEG audio layer 2/3)','0','243.931429','5046400','165502','51','/media/pi/ZUKE/MUSIC/CDs/CD 68/10 - Scooby Doo - Electro-Latin.mp3');
insert into disposition ("default","dub","original","comment","lyrics","karaoke","forced","hearing_impaired","visual_impaired","clean_effects","attached_pic","timed_thumbnails","filepath") values ('0','0','0','0','0','0','0','0','0','0','0','0','/media/pi/ZUKE/MUSIC/CDs/CD 68/10 - Scooby Doo - Electro-Latin.mp3');
insert into tags ("album","composer","genre","title","artist","disc","track","filepath") values ('ZIN CD 68','Zumba Fitness','Electro-Latin','Scooby Doo','Zumba Fitness','1/1','10/15','/media/pi/ZUKE/MUSIC/CDs/CD 68/10 - Scooby Doo - Electro-Latin.mp3');
insert into mp3s ("filepath") values ('/media/pi/ZUKE/MUSIC/CDs/CD 68/10 - Scooby Doo - Electro-Latin.mp3');
insert into streams ("index","codec_name","codec_long_name","codec_type","codec_time_base","codec_tag_string","codec_tag","sample_fmt","sample_rate","channels","channel_layout","bits_per_sample","r_frame_rate","avg_frame_rate","time_base","start_pts","start_time","duration_ts","duration","bit_rate","filepath") values ('0','mp3','MP3 (MPEG audio layer 3)','audio','1/44100','[0][0][0][0]','0x0000','fltp','44100','2','stereo','0','0/0','0/0','1/14112000','0','0','2158387200','152.946939','165827','/media/pi/ZUKE/MUSIC/CDs/CD 68/11 - Staying Alive - Cumbia.mp3');
insert into format ("filename","nb_streams","nb_programs","format_name","format_long_name","start_time","duration","size","bit_rate","probe_score","filepath") values ('/media/pi/ZUKE/MUSIC/CDs/CD 68/11 - Staying Alive - Cumbia.mp3','1','0','mp3','MP2/3 (MPEG audio layer 2/3)','0','152.946939','3172480','165938','51','/media/pi/ZUKE/MUSIC/CDs/CD 68/11 - Staying Alive - Cumbia.mp3');
insert into disposition ("default","dub","original","comment","lyrics","karaoke","forced","hearing_impaired","visual_impaired","clean_effects","attached_pic","timed_thumbnails","filepath") values ('0','0','0','0','0','0','0','0','0','0','0','0','/media/pi/ZUKE/MUSIC/CDs/CD 68/11 - Staying Alive - Cumbia.mp3');
insert into tags ("album","composer","genre","title","artist","disc","track","filepath") values ('ZIN CD 68','Zumba Fitness','Cumbia','Staying Alive','Zumba Fitness','1/1','11/15','/media/pi/ZUKE/MUSIC/CDs/CD 68/11 - Staying Alive - Cumbia.mp3');
insert into mp3s ("filepath") values ('/media/pi/ZUKE/MUSIC/CDs/CD 68/11 - Staying Alive - Cumbia.mp3');
insert into streams ("index","codec_name","codec_long_name","codec_type","codec_time_base","codec_tag_string","codec_tag","sample_fmt","sample_rate","channels","channel_layout","bits_per_sample","r_frame_rate","avg_frame_rate","time_base","start_pts","start_time","duration_ts","duration","bit_rate","filepath") values ('0','mp3','MP3 (MPEG audio layer 3)','audio','1/44100','[0][0][0][0]','0x0000','fltp','44100','2','stereo','0','0/0','0/0','1/14112000','0','0','2853642240','202.213878','157064','/media/pi/ZUKE/MUSIC/CDs/CD 68/12 - Bailalo - Dembow.mp3');
insert into format ("filename","nb_streams","nb_programs","format_name","format_long_name","start_time","duration","size","bit_rate","probe_score","filepath") values ('/media/pi/ZUKE/MUSIC/CDs/CD 68/12 - Bailalo - Dembow.mp3','1','0','mp3','MP2/3 (MPEG audio layer 2/3)','0','202.213878','3971200','157108','51','/media/pi/ZUKE/MUSIC/CDs/CD 68/12 - Bailalo - Dembow.mp3');
insert into disposition ("default","dub","original","comment","lyrics","karaoke","forced","hearing_impaired","visual_impaired","clean_effects","attached_pic","timed_thumbnails","filepath") values ('0','0','0','0','0','0','0','0','0','0','0','0','/media/pi/ZUKE/MUSIC/CDs/CD 68/12 - Bailalo - Dembow.mp3');
insert into tags ("album","composer","genre","title","artist","disc","track","filepath") values ('ZIN CD 68','Zumba Fitness','Dembow','Bailalo','Zumba Fitness','1/1','12/15','/media/pi/ZUKE/MUSIC/CDs/CD 68/12 - Bailalo - Dembow.mp3');
insert into mp3s ("filepath") values ('/media/pi/ZUKE/MUSIC/CDs/CD 68/12 - Bailalo - Dembow.mp3');
insert into streams ("index","codec_name","codec_long_name","codec_type","codec_time_base","codec_tag_string","codec_tag","sample_fmt","sample_rate","channels","channel_layout","bits_per_sample","r_frame_rate","avg_frame_rate","time_base","start_pts","start_time","duration_ts","duration","bit_rate","filepath") values ('0','mp3','MP3 (MPEG audio layer 3)','audio','1/44100','[0][0][0][0]','0x0000','fltp','44100','2','stereo','0','0/0','0/0','1/14112000','0','0','3795148800','268.930612','162713','/media/pi/ZUKE/MUSIC/CDs/CD 68/13 - Don''t Worry Be Happy - Cooldown.mp3');
insert into format ("filename","nb_streams","nb_programs","format_name","format_long_name","start_time","duration","size","bit_rate","probe_score","filepath") values ('/media/pi/ZUKE/MUSIC/CDs/CD 68/13 - Don''t Worry Be Happy - Cooldown.mp3','1','0','mp3','MP2/3 (MPEG audio layer 2/3)','0','268.930612','5470336','162728','51','/media/pi/ZUKE/MUSIC/CDs/CD 68/13 - Don''t Worry Be Happy - Cooldown.mp3');
insert into disposition ("default","dub","original","comment","lyrics","karaoke","forced","hearing_impaired","visual_impaired","clean_effects","attached_pic","timed_thumbnails","filepath") values ('0','0','0','0','0','0','0','0','0','0','0','0','/media/pi/ZUKE/MUSIC/CDs/CD 68/13 - Don''t Worry Be Happy - Cooldown.mp3');
insert into tags ("album","composer","genre","title","artist","disc","track","filepath") values ('ZIN CD 68','Zumba Fitness','Cooldown','Don''t Worry Be Happy','Zumba Fitness','1/1','13/15','/media/pi/ZUKE/MUSIC/CDs/CD 68/13 - Don''t Worry Be Happy - Cooldown.mp3');
insert into mp3s ("filepath") values ('/media/pi/ZUKE/MUSIC/CDs/CD 68/13 - Don''t Worry Be Happy - Cooldown.mp3');
insert into streams ("index","codec_name","codec_long_name","codec_type","codec_time_base","codec_tag_string","codec_tag","sample_fmt","sample_rate","channels","channel_layout","bits_per_sample","r_frame_rate","avg_frame_rate","time_base","start_pts","start_time","duration_ts","duration","bit_rate","filepath") values ('0','mp3','MP3 (MPEG audio layer 3)','audio','1/44100','[0][0][0][0]','0x0000','fltp','44100','2','stereo','0','0/0','0/0','1/14112000','0','0','8438906880','597.995102','182438','/media/pi/ZUKE/MUSIC/CDs/CD 68/14 - Forever Chuguether - Pura Salsa - Pa Venezuela - DJ Mix.mp3');
insert into format ("filename","nb_streams","nb_programs","format_name","format_long_name","start_time","duration","size","bit_rate","probe_score","filepath") values ('/media/pi/ZUKE/MUSIC/CDs/CD 68/14 - Forever Chuguether - Pura Salsa - Pa Venezuela - DJ Mix.mp3','1','0','mp3','MP2/3 (MPEG audio layer 2/3)','0','597.995102','13637760','182446','51','/media/pi/ZUKE/MUSIC/CDs/CD 68/14 - Forever Chuguether - Pura Salsa - Pa Venezuela - DJ Mix.mp3');
insert into disposition ("default","dub","original","comment","lyrics","karaoke","forced","hearing_impaired","visual_impaired","clean_effects","attached_pic","timed_thumbnails","filepath") values ('0','0','0','0','0','0','0','0','0','0','0','0','/media/pi/ZUKE/MUSIC/CDs/CD 68/14 - Forever Chuguether - Pura Salsa - Pa Venezuela - DJ Mix.mp3');
insert into tags ("album","composer","genre","title","artist","disc","track","filepath") values ('ZIN CD 68','Zumba Fitness','DJ Mix','Forever Chuguether - Pura Salsa - Pa Venezuela','Zumba Fitness','1/1','14/15','/media/pi/ZUKE/MUSIC/CDs/CD 68/14 - Forever Chuguether - Pura Salsa - Pa Venezuela - DJ Mix.mp3');
insert into mp3s ("filepath") values ('/media/pi/ZUKE/MUSIC/CDs/CD 68/14 - Forever Chuguether - Pura Salsa - Pa Venezuela - DJ Mix.mp3');
insert into streams ("index","codec_name","codec_long_name","codec_type","codec_time_base","codec_tag_string","codec_tag","sample_fmt","sample_rate","channels","channel_layout","bits_per_sample","r_frame_rate","avg_frame_rate","time_base","start_pts","start_time","duration_ts","duration","bit_rate","filepath") values ('0','mp3','MP3 (MPEG audio layer 3)','audio','1/44100','[0][0][0][0]','0x0000','fltp','44100','2','stereo','0','0/0','0/0','1/14112000','0','0','5045944320','357.564082','166555','/media/pi/ZUKE/MUSIC/CDs/CD 68/15 - Lianaconda - Moombahton.mp3');
insert into format ("filename","nb_streams","nb_programs","format_name","format_long_name","start_time","duration","size","bit_rate","probe_score","filepath") values ('/media/pi/ZUKE/MUSIC/CDs/CD 68/15 - Lianaconda - Moombahton.mp3','1','0','mp3','MP2/3 (MPEG audio layer 2/3)','0','357.564082','7444608','166562','51','/media/pi/ZUKE/MUSIC/CDs/CD 68/15 - Lianaconda - Moombahton.mp3');
insert into disposition ("default","dub","original","comment","lyrics","karaoke","forced","hearing_impaired","visual_impaired","clean_effects","attached_pic","timed_thumbnails","filepath") values ('0','0','0','0','0','0','0','0','0','0','0','0','/media/pi/ZUKE/MUSIC/CDs/CD 68/15 - Lianaconda - Moombahton.mp3');
insert into tags ("album","composer","genre","title","artist","disc","track","filepath") values ('ZIN CD 68','Zumba Fitness','Moombahton','Lianaconda','Zumba Fitness','1/1','15/15','/media/pi/ZUKE/MUSIC/CDs/CD 68/15 - Lianaconda - Moombahton.mp3');
insert into mp3s ("filepath") values ('/media/pi/ZUKE/MUSIC/CDs/CD 68/15 - Lianaconda - Moombahton.mp3');
insert into streams ("index","codec_name","codec_long_name","codec_type","codec_time_base","codec_tag_string","codec_tag","sample_fmt","sample_rate","channels","channel_layout","bits_per_sample","r_frame_rate","avg_frame_rate","time_base","start_pts","start_time","duration_ts","duration","bit_rate","filepath") values ('0','mp3','MP3 (MPEG audio layer 3)','audio','1/44100','[0][0][0][0]','0x0000','fltp','44100','2','stereo','0','0/0','0/0','1/14112000','0','0','3697827840','262.034286','129111','/media/pi/ZUKE/MUSIC/CDs/CD 69/01 - Options (James Hype Remix) - Warm-up.mp3');
insert into format ("filename","nb_streams","nb_programs","format_name","format_long_name","start_time","duration","size","bit_rate","probe_score","filepath") values ('/media/pi/ZUKE/MUSIC/CDs/CD 69/01 - Options (James Hype Remix) - Warm-up.mp3','1','0','mp3','MP2/3 (MPEG audio layer 2/3)','0','262.034286','4229248','129120','51','/media/pi/ZUKE/MUSIC/CDs/CD 69/01 - Options (James Hype Remix) - Warm-up.mp3');
insert into disposition ("default","dub","original","comment","lyrics","karaoke","forced","hearing_impaired","visual_impaired","clean_effects","attached_pic","timed_thumbnails","filepath") values ('0','0','0','0','0','0','0','0','0','0','0','0','/media/pi/ZUKE/MUSIC/CDs/CD 69/01 - Options (James Hype Remix) - Warm-up.mp3');
insert into tags ("album","composer","genre","title","artist","disc","track","filepath") values ('ZIN CD 69','Zumba Fitness','Warm-up','Options (James Hype Remix)','Zumba Fitness','1/1','01/14','/media/pi/ZUKE/MUSIC/CDs/CD 69/01 - Options (James Hype Remix) - Warm-up.mp3');
insert into mp3s ("filepath") values ('/media/pi/ZUKE/MUSIC/CDs/CD 69/01 - Options (James Hype Remix) - Warm-up.mp3');
insert into streams ("index","codec_name","codec_long_name","codec_type","codec_time_base","codec_tag_string","codec_tag","sample_fmt","sample_rate","channels","channel_layout","bits_per_sample","r_frame_rate","avg_frame_rate","time_base","start_pts","start_time","duration_ts","duration","bit_rate","filepath") values ('0','mp3','MP3 (MPEG audio layer 3)','audio','1/44100','[0][0][0][0]','0x0000','fltp','44100','2','stereo','0','0/0','0/0','1/14112000','0','0','2683699200','190.171429','136110','/media/pi/ZUKE/MUSIC/CDs/CD 69/02 - Chichiliano - Warm-up.mp3');
insert into format ("filename","nb_streams","nb_programs","format_name","format_long_name","start_time","duration","size","bit_rate","probe_score","filepath") values ('/media/pi/ZUKE/MUSIC/CDs/CD 69/02 - Chichiliano - Warm-up.mp3','1','0','mp3','MP2/3 (MPEG audio layer 2/3)','0','190.171429','3235968','136128','51','/media/pi/ZUKE/MUSIC/CDs/CD 69/02 - Chichiliano - Warm-up.mp3');
insert into disposition ("default","dub","original","comment","lyrics","karaoke","forced","hearing_impaired","visual_impaired","clean_effects","attached_pic","timed_thumbnails","filepath") values ('0','0','0','0','0','0','0','0','0','0','0','0','/media/pi/ZUKE/MUSIC/CDs/CD 69/02 - Chichiliano - Warm-up.mp3');
insert into tags ("album","composer","genre","title","artist","disc","track","filepath") values ('ZIN CD 69','Zumba Fitness','Warm-up','Chichiliano','Zumba Fitness','1/1','02/14','/media/pi/ZUKE/MUSIC/CDs/CD 69/02 - Chichiliano - Warm-up.mp3');
insert into mp3s ("filepath") values ('/media/pi/ZUKE/MUSIC/CDs/CD 69/02 - Chichiliano - Warm-up.mp3');
insert into streams ("index","codec_name","codec_long_name","codec_type","codec_time_base","codec_tag_string","codec_tag","sample_fmt","sample_rate","channels","channel_layout","bits_per_sample","r_frame_rate","avg_frame_rate","time_base","start_pts","start_time","duration_ts","duration","bit_rate","filepath") values ('0','mp3','MP3 (MPEG audio layer 3)','audio','1/44100','[0][0][0][0]','0x0000','fltp','44100','2','stereo','0','0/0','0/0','1/14112000','0','0','3378954240','239.438367','136095','/media/pi/ZUKE/MUSIC/CDs/CD 69/03 - Algo Contigo - Warm-up.mp3');
insert into format ("filename","nb_streams","nb_programs","format_name","format_long_name","start_time","duration","size","bit_rate","probe_score","filepath") values ('/media/pi/ZUKE/MUSIC/CDs/CD 69/03 - Algo Contigo - Warm-up.mp3','1','0','mp3','MP2/3 (MPEG audio layer 2/3)','0','239.438367','4073600','136105','51','/media/pi/ZUKE/MUSIC/CDs/CD 69/03 - Algo Contigo - Warm-up.mp3');
insert into disposition ("default","dub","original","comment","lyrics","karaoke","forced","hearing_impaired","visual_impaired","clean_effects","attached_pic","timed_thumbnails","filepath") values ('0','0','0','0','0','0','0','0','0','0','0','0','/media/pi/ZUKE/MUSIC/CDs/CD 69/03 - Algo Contigo - Warm-up.mp3');
insert into tags ("album","composer","genre","title","artist","disc","track","filepath") values ('ZIN CD 69','Zumba Fitness','Warm-up','Algo Contigo','Zumba Fitness','1/1','03/14','/media/pi/ZUKE/MUSIC/CDs/CD 69/03 - Algo Contigo - Warm-up.mp3');
insert into mp3s ("filepath") values ('/media/pi/ZUKE/MUSIC/CDs/CD 69/03 - Algo Contigo - Warm-up.mp3');
insert into streams ("index","codec_name","codec_long_name","codec_type","codec_time_base","codec_tag_string","codec_tag","sample_fmt","sample_rate","channels","channel_layout","bits_per_sample","r_frame_rate","avg_frame_rate","time_base","start_pts","start_time","duration_ts","duration","bit_rate","filepath") values ('0','mp3','MP3 (MPEG audio layer 3)','audio','1/44100','[0][0][0][0]','0x0000','fltp','44100','2','stereo','0','0/0','0/0','1/14112000','0','0','3141550080','222.615510','136712','/media/pi/ZUKE/MUSIC/CDs/CD 69/04 - Que sera - Merengue.mp3');
insert into format ("filename","nb_streams","nb_programs","format_name","format_long_name","start_time","duration","size","bit_rate","probe_score","filepath") values ('/media/pi/ZUKE/MUSIC/CDs/CD 69/04 - Que sera - Merengue.mp3','1','0','mp3','MP2/3 (MPEG audio layer 2/3)','0','222.615510','3805312','136749','51','/media/pi/ZUKE/MUSIC/CDs/CD 69/04 - Que sera - Merengue.mp3');
insert into disposition ("default","dub","original","comment","lyrics","karaoke","forced","hearing_impaired","visual_impaired","clean_effects","attached_pic","timed_thumbnails","filepath") values ('0','0','0','0','0','0','0','0','0','0','0','0','/media/pi/ZUKE/MUSIC/CDs/CD 69/04 - Que sera - Merengue.mp3');
insert into tags ("album","composer","genre","title","artist","disc","track","filepath") values ('ZIN CD 69','Zumba Fitness','Merengue','Que sera','Zumba Fitness','1/1','04/14','/media/pi/ZUKE/MUSIC/CDs/CD 69/04 - Que sera - Merengue.mp3');
insert into mp3s ("filepath") values ('/media/pi/ZUKE/MUSIC/CDs/CD 69/04 - Que sera - Merengue.mp3');
insert into streams ("index","codec_name","codec_long_name","codec_type","codec_time_base","codec_tag_string","codec_tag","sample_fmt","sample_rate","channels","channel_layout","bits_per_sample","r_frame_rate","avg_frame_rate","time_base","start_pts","start_time","duration_ts","duration","bit_rate","filepath") values ('0','mp3','MP3 (MPEG audio layer 3)','audio','1/44100','[0][0][0][0]','0x0000','fltp','44100','2','stereo','0','0/0','0/0','1/14112000','0','0','3519406080','249.391020','154588','/media/pi/ZUKE/MUSIC/CDs/CD 69/05 - Mi Vecina - Salsa.mp3');
insert into format ("filename","nb_streams","nb_programs","format_name","format_long_name","start_time","duration","size","bit_rate","probe_score","filepath") values ('/media/pi/ZUKE/MUSIC/CDs/CD 69/05 - Mi Vecina - Salsa.mp3','1','0','mp3','MP2/3 (MPEG audio layer 2/3)','0','249.391020','4821120','154652','51','/media/pi/ZUKE/MUSIC/CDs/CD 69/05 - Mi Vecina - Salsa.mp3');
insert into disposition ("default","dub","original","comment","lyrics","karaoke","forced","hearing_impaired","visual_impaired","clean_effects","attached_pic","timed_thumbnails","filepath") values ('0','0','0','0','0','0','0','0','0','0','0','0','/media/pi/ZUKE/MUSIC/CDs/CD 69/05 - Mi Vecina - Salsa.mp3');
insert into tags ("album","composer","genre","title","artist","disc","track","filepath") values ('ZIN CD 69','Zumba Fitness','Salsa','Mi Vecina','Zumba Fitness','1/1','05/14','/media/pi/ZUKE/MUSIC/CDs/CD 69/05 - Mi Vecina - Salsa.mp3');
insert into mp3s ("filepath") values ('/media/pi/ZUKE/MUSIC/CDs/CD 69/05 - Mi Vecina - Salsa.mp3');
insert into streams ("index","codec_name","codec_long_name","codec_type","codec_time_base","codec_tag_string","codec_tag","sample_fmt","sample_rate","channels","channel_layout","bits_per_sample","r_frame_rate","avg_frame_rate","time_base","start_pts","start_time","duration_ts","duration","bit_rate","filepath") values ('0','mp3','MP3 (MPEG audio layer 3)','audio','1/44100','[0][0][0][0]','0x0000','fltp','44100','2','stereo','0','0/0','0/0','1/14112000','0','0','2161704960','153.182041','148500','/media/pi/ZUKE/MUSIC/CDs/CD 69/06 - Manual de Trucos - Merengue Urbano.mp3');
insert into format ("filename","nb_streams","nb_programs","format_name","format_long_name","start_time","duration","size","bit_rate","probe_score","filepath") values ('/media/pi/ZUKE/MUSIC/CDs/CD 69/06 - Manual de Trucos - Merengue Urbano.mp3','1','0','mp3','MP2/3 (MPEG audio layer 2/3)','0','153.182041','2844800','148570','51','/media/pi/ZUKE/MUSIC/CDs/CD 69/06 - Manual de Trucos - Merengue Urbano.mp3');
insert into disposition ("default","dub","original","comment","lyrics","karaoke","forced","hearing_impaired","visual_impaired","clean_effects","attached_pic","timed_thumbnails","filepath") values ('0','0','0','0','0','0','0','0','0','0','0','0','/media/pi/ZUKE/MUSIC/CDs/CD 69/06 - Manual de Trucos - Merengue Urbano.mp3');
insert into tags ("album","composer","genre","title","artist","disc","track","filepath") values ('ZIN CD 69','Zumba Fitness','Merengue Urbano','Manual de Trucos','Zumba Fitness','1/1','06/14','/media/pi/ZUKE/MUSIC/CDs/CD 69/06 - Manual de Trucos - Merengue Urbano.mp3');
insert into mp3s ("filepath") values ('/media/pi/ZUKE/MUSIC/CDs/CD 69/06 - Manual de Trucos - Merengue Urbano.mp3');
insert into streams ("index","codec_name","codec_long_name","codec_type","codec_time_base","codec_tag_string","codec_tag","sample_fmt","sample_rate","channels","channel_layout","bits_per_sample","r_frame_rate","avg_frame_rate","time_base","start_pts","start_time","duration_ts","duration","bit_rate","filepath") values ('0','mp3','MP3 (MPEG audio layer 3)','audio','1/44100','[0][0][0][0]','0x0000','fltp','44100','2','stereo','0','0/0','0/0','1/14112000','0','0','2058117120','145.841633','131040','/media/pi/ZUKE/MUSIC/CDs/CD 69/07 - Green Light - Dancehall.mp3');
insert into format ("filename","nb_streams","nb_programs","format_name","format_long_name","start_time","duration","size","bit_rate","probe_score","filepath") values ('/media/pi/ZUKE/MUSIC/CDs/CD 69/07 - Green Light - Dancehall.mp3','1','0','mp3','MP2/3 (MPEG audio layer 2/3)','0','145.841633','2390144','131109','51','/media/pi/ZUKE/MUSIC/CDs/CD 69/07 - Green Light - Dancehall.mp3');
insert into disposition ("default","dub","original","comment","lyrics","karaoke","forced","hearing_impaired","visual_impaired","clean_effects","attached_pic","timed_thumbnails","filepath") values ('0','0','0','0','0','0','0','0','0','0','0','0','/media/pi/ZUKE/MUSIC/CDs/CD 69/07 - Green Light - Dancehall.mp3');
insert into tags ("album","composer","genre","title","artist","disc","track","filepath") values ('ZIN CD 69','Zumba Fitness','Dancehall','Green Light','Zumba Fitness','1/1','07/14','/media/pi/ZUKE/MUSIC/CDs/CD 69/07 - Green Light - Dancehall.mp3');
insert into mp3s ("filepath") values ('/media/pi/ZUKE/MUSIC/CDs/CD 69/07 - Green Light - Dancehall.mp3');
insert into streams ("index","codec_name","codec_long_name","codec_type","codec_time_base","codec_tag_string","codec_tag","sample_fmt","sample_rate","channels","channel_layout","bits_per_sample","r_frame_rate","avg_frame_rate","time_base","start_pts","start_time","duration_ts","duration","bit_rate","filepath") values ('0','mp3','MP3 (MPEG audio layer 3)','audio','1/44100','[0][0][0][0]','0x0000','fltp','44100','2','stereo','0','0/0','0/0','1/14112000','0','0','3336192000','236.408163','142323','/media/pi/ZUKE/MUSIC/CDs/CD 69/08 - Lo Que Tienes Tu - Cumbia Villera - Tango.mp3');
insert into format ("filename","nb_streams","nb_programs","format_name","format_long_name","start_time","duration","size","bit_rate","probe_score","filepath") values ('/media/pi/ZUKE/MUSIC/CDs/CD 69/08 - Lo Que Tienes Tu - Cumbia Villera - Tango.mp3','1','0','mp3','MP2/3 (MPEG audio layer 2/3)','0','236.408163','4206720','142354','51','/media/pi/ZUKE/MUSIC/CDs/CD 69/08 - Lo Que Tienes Tu - Cumbia Villera - Tango.mp3');
insert into disposition ("default","dub","original","comment","lyrics","karaoke","forced","hearing_impaired","visual_impaired","clean_effects","attached_pic","timed_thumbnails","filepath") values ('0','0','0','0','0','0','0','0','0','0','0','0','/media/pi/ZUKE/MUSIC/CDs/CD 69/08 - Lo Que Tienes Tu - Cumbia Villera - Tango.mp3');
insert into tags ("album","composer","genre","title","artist","disc","track","filepath") values ('ZIN CD 69','Zumba Fitness','Cumbia Villera,Tango','Lo Que Tienes Tu','Zumba Fitness','1/1','08/14','/media/pi/ZUKE/MUSIC/CDs/CD 69/08 - Lo Que Tienes Tu - Cumbia Villera - Tango.mp3');
insert into mp3s ("filepath") values ('/media/pi/ZUKE/MUSIC/CDs/CD 69/08 - Lo Que Tienes Tu - Cumbia Villera - Tango.mp3');
insert into streams ("index","codec_name","codec_long_name","codec_type","codec_time_base","codec_tag_string","codec_tag","sample_fmt","sample_rate","channels","channel_layout","bits_per_sample","r_frame_rate","avg_frame_rate","time_base","start_pts","start_time","duration_ts","duration","bit_rate","filepath") values ('0','mp3','MP3 (MPEG audio layer 3)','audio','1/44100','[0][0][0][0]','0x0000','fltp','44100','2','stereo','0','0/0','0/0','1/14112000','0','0','3074457600','217.861224','134449','/media/pi/ZUKE/MUSIC/CDs/CD 69/09 - Baila Conmigo - Moomba Trap.mp3');
insert into format ("filename","nb_streams","nb_programs","format_name","format_long_name","start_time","duration","size","bit_rate","probe_score","filepath") values ('/media/pi/ZUKE/MUSIC/CDs/CD 69/09 - Baila Conmigo - Moomba Trap.mp3','1','0','mp3','MP2/3 (MPEG audio layer 2/3)','0','217.861224','3661952','134469','51','/media/pi/ZUKE/MUSIC/CDs/CD 69/09 - Baila Conmigo - Moomba Trap.mp3');
insert into disposition ("default","dub","original","comment","lyrics","karaoke","forced","hearing_impaired","visual_impaired","clean_effects","attached_pic","timed_thumbnails","filepath") values ('0','0','0','0','0','0','0','0','0','0','0','0','/media/pi/ZUKE/MUSIC/CDs/CD 69/09 - Baila Conmigo - Moomba Trap.mp3');
insert into tags ("album","composer","genre","title","artist","disc","track","filepath") values ('ZIN CD 69','Zumba Fitness','Moomba Trap','Baila Conmigo','Zumba Fitness','1/1','09/14','/media/pi/ZUKE/MUSIC/CDs/CD 69/09 - Baila Conmigo - Moomba Trap.mp3');
insert into mp3s ("filepath") values ('/media/pi/ZUKE/MUSIC/CDs/CD 69/09 - Baila Conmigo - Moomba Trap.mp3');
insert into streams ("index","codec_name","codec_long_name","codec_type","codec_time_base","codec_tag_string","codec_tag","sample_fmt","sample_rate","channels","channel_layout","bits_per_sample","r_frame_rate","avg_frame_rate","time_base","start_pts","start_time","duration_ts","duration","bit_rate","filepath") values ('0','mp3','MP3 (MPEG audio layer 3)','audio','1/44100','[0][0][0][0]','0x0000','fltp','44100','2','stereo','0','0/0','0/0','1/14112000','0','0','3119800320','221.074286','137595','/media/pi/ZUKE/MUSIC/CDs/CD 69/10 - Can U Keep Up - Soca.mp3');
insert into format ("filename","nb_streams","nb_programs","format_name","format_long_name","start_time","duration","size","bit_rate","probe_score","filepath") values ('/media/pi/ZUKE/MUSIC/CDs/CD 69/10 - Can U Keep Up - Soca.mp3','1','0','mp3','MP2/3 (MPEG audio layer 2/3)','0','221.074286','3803264','137628','51','/media/pi/ZUKE/MUSIC/CDs/CD 69/10 - Can U Keep Up - Soca.mp3');
insert into disposition ("default","dub","original","comment","lyrics","karaoke","forced","hearing_impaired","visual_impaired","clean_effects","attached_pic","timed_thumbnails","filepath") values ('0','0','0','0','0','0','0','0','0','0','0','0','/media/pi/ZUKE/MUSIC/CDs/CD 69/10 - Can U Keep Up - Soca.mp3');
insert into tags ("album","composer","genre","title","artist","disc","track","filepath") values ('ZIN CD 69','Zumba Fitness','Soca','Can U Keep Up','Zumba Fitness','1/1','10/14','/media/pi/ZUKE/MUSIC/CDs/CD 69/10 - Can U Keep Up - Soca.mp3');
insert into mp3s ("filepath") values ('/media/pi/ZUKE/MUSIC/CDs/CD 69/10 - Can U Keep Up - Soca.mp3');
insert into streams ("index","codec_name","codec_long_name","codec_type","codec_time_base","codec_tag_string","codec_tag","sample_fmt","sample_rate","channels","channel_layout","bits_per_sample","r_frame_rate","avg_frame_rate","time_base","start_pts","start_time","duration_ts","duration","bit_rate","filepath") values ('0','mp3','MP3 (MPEG audio layer 3)','audio','1/44100','[0][0][0][0]','0x0000','fltp','44100','2','stereo','0','0/0','0/0','1/14112000','0','0','2865807360','203.075918','141345','/media/pi/ZUKE/MUSIC/CDs/CD 69/11 - Subelo - Reggaeton.mp3');
insert into format ("filename","nb_streams","nb_programs","format_name","format_long_name","start_time","duration","size","bit_rate","probe_score","filepath") values ('/media/pi/ZUKE/MUSIC/CDs/CD 69/11 - Subelo - Reggaeton.mp3','1','0','mp3','MP2/3 (MPEG audio layer 2/3)','0','203.075918','3590272','141435','51','/media/pi/ZUKE/MUSIC/CDs/CD 69/11 - Subelo - Reggaeton.mp3');
insert into disposition ("default","dub","original","comment","lyrics","karaoke","forced","hearing_impaired","visual_impaired","clean_effects","attached_pic","timed_thumbnails","filepath") values ('0','0','0','0','0','0','0','0','0','0','0','0','/media/pi/ZUKE/MUSIC/CDs/CD 69/11 - Subelo - Reggaeton.mp3');
insert into tags ("album","composer","genre","title","artist","disc","track","filepath") values ('ZIN CD 69','Zumba Fitness','Reggaeton','Subelo','Zumba Fitness','1/1','11/14','/media/pi/ZUKE/MUSIC/CDs/CD 69/11 - Subelo - Reggaeton.mp3');
insert into mp3s ("filepath") values ('/media/pi/ZUKE/MUSIC/CDs/CD 69/11 - Subelo - Reggaeton.mp3');
insert into streams ("index","codec_name","codec_long_name","codec_type","codec_time_base","codec_tag_string","codec_tag","sample_fmt","sample_rate","channels","channel_layout","bits_per_sample","r_frame_rate","avg_frame_rate","time_base","start_pts","start_time","duration_ts","duration","bit_rate","filepath") values ('0','mp3','MP3 (MPEG audio layer 3)','audio','1/44100','[0][0][0][0]','0x0000','fltp','44100','2','stereo','0','0/0','0/0','1/14112000','0','0','3461529600','245.289796','141565','/media/pi/ZUKE/MUSIC/CDs/CD 69/12 - My Love - Urban Pop.mp3');
insert into format ("filename","nb_streams","nb_programs","format_name","format_long_name","start_time","duration","size","bit_rate","probe_score","filepath") values ('/media/pi/ZUKE/MUSIC/CDs/CD 69/12 - My Love - Urban Pop.mp3','1','0','mp3','MP2/3 (MPEG audio layer 2/3)','0','245.289796','4341888','141608','51','/media/pi/ZUKE/MUSIC/CDs/CD 69/12 - My Love - Urban Pop.mp3');
insert into disposition ("default","dub","original","comment","lyrics","karaoke","forced","hearing_impaired","visual_impaired","clean_effects","attached_pic","timed_thumbnails","filepath") values ('0','0','0','0','0','0','0','0','0','0','0','0','/media/pi/ZUKE/MUSIC/CDs/CD 69/12 - My Love - Urban Pop.mp3');
insert into tags ("album","composer","genre","title","artist","disc","track","filepath") values ('ZIN CD 69','Zumba Fitness','Urban Pop','My Love','Zumba Fitness','1/1','12/14','/media/pi/ZUKE/MUSIC/CDs/CD 69/12 - My Love - Urban Pop.mp3');
insert into mp3s ("filepath") values ('/media/pi/ZUKE/MUSIC/CDs/CD 69/12 - My Love - Urban Pop.mp3');
insert into streams ("index","codec_name","codec_long_name","codec_type","codec_time_base","codec_tag_string","codec_tag","sample_fmt","sample_rate","channels","channel_layout","bits_per_sample","r_frame_rate","avg_frame_rate","time_base","start_pts","start_time","duration_ts","duration","bit_rate","filepath") values ('0','mp3','MP3 (MPEG audio layer 3)','audio','1/44100','[0][0][0][0]','0x0000','fltp','44100','2','stereo','0','0/0','0/0','1/14112000','0','0','3140444160','222.537143','132187','/media/pi/ZUKE/MUSIC/CDs/CD 69/13 - El Regalo - Cooldown.mp3');
insert into format ("filename","nb_streams","nb_programs","format_name","format_long_name","start_time","duration","size","bit_rate","probe_score","filepath") values ('/media/pi/ZUKE/MUSIC/CDs/CD 69/13 - El Regalo - Cooldown.mp3','1','0','mp3','MP2/3 (MPEG audio layer 2/3)','0','222.537143','3678336','132232','51','/media/pi/ZUKE/MUSIC/CDs/CD 69/13 - El Regalo - Cooldown.mp3');
insert into disposition ("default","dub","original","comment","lyrics","karaoke","forced","hearing_impaired","visual_impaired","clean_effects","attached_pic","timed_thumbnails","filepath") values ('0','0','0','0','0','0','0','0','0','0','0','0','/media/pi/ZUKE/MUSIC/CDs/CD 69/13 - El Regalo - Cooldown.mp3');
insert into tags ("album","composer","genre","title","artist","disc","track","filepath") values ('ZIN CD 69','Zumba Fitness','Cooldown','El Regalo','Zumba Fitness','1/1','13/14','/media/pi/ZUKE/MUSIC/CDs/CD 69/13 - El Regalo - Cooldown.mp3');
insert into mp3s ("filepath") values ('/media/pi/ZUKE/MUSIC/CDs/CD 69/13 - El Regalo - Cooldown.mp3');
insert into streams ("index","codec_name","codec_long_name","codec_type","codec_time_base","codec_tag_string","codec_tag","sample_fmt","sample_rate","channels","channel_layout","bits_per_sample","r_frame_rate","avg_frame_rate","time_base","start_pts","start_time","duration_ts","duration","bit_rate","filepath") values ('0','mp3','MP3 (MPEG audio layer 3)','audio','1/44100','[0][0][0][0]','0x0000','fltp','44100','2','stereo','0','0/0','0/0','1/14112000','0','0','8056995840','570.932245','143805','/media/pi/ZUKE/MUSIC/CDs/CD 69/14 - Lo Que Tienes Tu - Green Light - Que Sera - DJ Mix.mp3');
insert into format ("filename","nb_streams","nb_programs","format_name","format_long_name","start_time","duration","size","bit_rate","probe_score","filepath") values ('/media/pi/ZUKE/MUSIC/CDs/CD 69/14 - Lo Que Tienes Tu - Green Light - Que Sera - DJ Mix.mp3','1','0','mp3','MP2/3 (MPEG audio layer 2/3)','0','570.932245','10264704','143830','51','/media/pi/ZUKE/MUSIC/CDs/CD 69/14 - Lo Que Tienes Tu - Green Light - Que Sera - DJ Mix.mp3');
insert into disposition ("default","dub","original","comment","lyrics","karaoke","forced","hearing_impaired","visual_impaired","clean_effects","attached_pic","timed_thumbnails","filepath") values ('0','0','0','0','0','0','0','0','0','0','0','0','/media/pi/ZUKE/MUSIC/CDs/CD 69/14 - Lo Que Tienes Tu - Green Light - Que Sera - DJ Mix.mp3');
insert into tags ("album","composer","genre","title","artist","disc","track","filepath") values ('ZIN CD 69','Zumba Fitness','DJ Mix','Lo Que Tienes Tu - Green Light - Que Sera','Zumba Fitness','1/1','14/14','/media/pi/ZUKE/MUSIC/CDs/CD 69/14 - Lo Que Tienes Tu - Green Light - Que Sera - DJ Mix.mp3');
insert into mp3s ("filepath") values ('/media/pi/ZUKE/MUSIC/CDs/CD 69/14 - Lo Que Tienes Tu - Green Light - Que Sera - DJ Mix.mp3');
insert into streams ("index","codec_name","codec_long_name","codec_type","codec_time_base","codec_tag_string","codec_tag","sample_fmt","sample_rate","channels","channel_layout","bits_per_sample","r_frame_rate","avg_frame_rate","time_base","start_pts","start_time","duration_ts","duration","bit_rate","filepath") values ('0','mp3','MP3 (MPEG audio layer 3)','audio','1/44100','[0][0][0][0]','0x0000','fltp','44100','2','stereo','0','0/0','0/0','1/14112000','0','0','2967183360','210.259592','144945','/media/pi/ZUKE/MUSIC/CDs/CD 70/01 - Puro Vacilon - Warm-up.mp3');
insert into format ("filename","nb_streams","nb_programs","format_name","format_long_name","start_time","duration","size","bit_rate","probe_score","filepath") values ('/media/pi/ZUKE/MUSIC/CDs/CD 70/01 - Puro Vacilon - Warm-up.mp3','1','0','mp3','MP2/3 (MPEG audio layer 2/3)','0','210.259592','3811456','145019','51','/media/pi/ZUKE/MUSIC/CDs/CD 70/01 - Puro Vacilon - Warm-up.mp3');
insert into disposition ("default","dub","original","comment","lyrics","karaoke","forced","hearing_impaired","visual_impaired","clean_effects","attached_pic","timed_thumbnails","filepath") values ('0','0','0','0','0','0','0','0','0','0','0','0','/media/pi/ZUKE/MUSIC/CDs/CD 70/01 - Puro Vacilon - Warm-up.mp3');
insert into tags ("album","composer","genre","title","artist","disc","track","filepath") values ('ZIN CD 70','Zumba Fitness','Warm-up','Puro Vacilon','Zumba Fitness','1/1','01/14','/media/pi/ZUKE/MUSIC/CDs/CD 70/01 - Puro Vacilon - Warm-up.mp3');
insert into mp3s ("filepath") values ('/media/pi/ZUKE/MUSIC/CDs/CD 70/01 - Puro Vacilon - Warm-up.mp3');
insert into streams ("index","codec_name","codec_long_name","codec_type","codec_time_base","codec_tag_string","codec_tag","sample_fmt","sample_rate","channels","channel_layout","bits_per_sample","r_frame_rate","avg_frame_rate","time_base","start_pts","start_time","duration_ts","duration","bit_rate","filepath") values ('0','mp3','MP3 (MPEG audio layer 3)','audio','1/44100','[0][0][0][0]','0x0000','fltp','44100','2','stereo','0','0/0','0/0','1/14112000','0','0','3358310400','237.975510','133539','/media/pi/ZUKE/MUSIC/CDs/CD 70/02 - Let''s Go - Warm-up.mp3');
insert into format ("filename","nb_streams","nb_programs","format_name","format_long_name","start_time","duration","size","bit_rate","probe_score","filepath") values ('/media/pi/ZUKE/MUSIC/CDs/CD 70/02 - Let''s Go - Warm-up.mp3','1','0','mp3','MP2/3 (MPEG audio layer 2/3)','0','237.975510','3973248','133568','51','/media/pi/ZUKE/MUSIC/CDs/CD 70/02 - Let''s Go - Warm-up.mp3');
insert into disposition ("default","dub","original","comment","lyrics","karaoke","forced","hearing_impaired","visual_impaired","clean_effects","attached_pic","timed_thumbnails","filepath") values ('0','0','0','0','0','0','0','0','0','0','0','0','/media/pi/ZUKE/MUSIC/CDs/CD 70/02 - Let''s Go - Warm-up.mp3');
insert into tags ("album","composer","genre","title","artist","disc","track","filepath") values ('ZIN CD 70','Zumba Fitness','Warm-up','Let''s Go','Zumba Fitness','1/1','02/14','/media/pi/ZUKE/MUSIC/CDs/CD 70/02 - Let''s Go - Warm-up.mp3');
insert into mp3s ("filepath") values ('/media/pi/ZUKE/MUSIC/CDs/CD 70/02 - Let''s Go - Warm-up.mp3');
insert into streams ("index","codec_name","codec_long_name","codec_type","codec_time_base","codec_tag_string","codec_tag","sample_fmt","sample_rate","channels","channel_layout","bits_per_sample","r_frame_rate","avg_frame_rate","time_base","start_pts","start_time","duration_ts","duration","bit_rate","filepath") values ('0','mp3','MP3 (MPEG audio layer 3)','audio','1/44100','[0][0][0][0]','0x0000','fltp','44100','2','stereo','0','0/0','0/0','1/14112000','0','0','2894561280','205.113469','136545','/media/pi/ZUKE/MUSIC/CDs/CD 70/03 - Higher Ground - Warm-up.mp3');
insert into format ("filename","nb_streams","nb_programs","format_name","format_long_name","start_time","duration","size","bit_rate","probe_score","filepath") values ('/media/pi/ZUKE/MUSIC/CDs/CD 70/03 - Higher Ground - Warm-up.mp3','1','0','mp3','MP2/3 (MPEG audio layer 2/3)','0','205.113469','3502208','136595','51','/media/pi/ZUKE/MUSIC/CDs/CD 70/03 - Higher Ground - Warm-up.mp3');
insert into disposition ("default","dub","original","comment","lyrics","karaoke","forced","hearing_impaired","visual_impaired","clean_effects","attached_pic","timed_thumbnails","filepath") values ('0','0','0','0','0','0','0','0','0','0','0','0','/media/pi/ZUKE/MUSIC/CDs/CD 70/03 - Higher Ground - Warm-up.mp3');
insert into tags ("album","composer","genre","title","artist","disc","track","filepath") values ('ZIN CD 70','Zumba Fitness','Warm-up','Higher Ground','Zumba Fitness','1/1','03/14','/media/pi/ZUKE/MUSIC/CDs/CD 70/03 - Higher Ground - Warm-up.mp3');
insert into mp3s ("filepath") values ('/media/pi/ZUKE/MUSIC/CDs/CD 70/03 - Higher Ground - Warm-up.mp3');
insert into streams ("index","codec_name","codec_long_name","codec_type","codec_time_base","codec_tag_string","codec_tag","sample_fmt","sample_rate","channels","channel_layout","bits_per_sample","r_frame_rate","avg_frame_rate","time_base","start_pts","start_time","duration_ts","duration","bit_rate","filepath") values ('0','mp3','MP3 (MPEG audio layer 3)','audio','1/44100','[0][0][0][0]','0x0000','fltp','44100','2','stereo','0','0/0','0/0','1/14112000','0','0','3464110080','245.472653','145357','/media/pi/ZUKE/MUSIC/CDs/CD 70/04 - One Love (Na Na Na) - Salsa.mp3');
insert into format ("filename","nb_streams","nb_programs","format_name","format_long_name","start_time","duration","size","bit_rate","probe_score","filepath") values ('/media/pi/ZUKE/MUSIC/CDs/CD 70/04 - One Love (Na Na Na) - Salsa.mp3','1','0','mp3','MP2/3 (MPEG audio layer 2/3)','0','245.472653','4460672','145374','51','/media/pi/ZUKE/MUSIC/CDs/CD 70/04 - One Love (Na Na Na) - Salsa.mp3');
insert into disposition ("default","dub","original","comment","lyrics","karaoke","forced","hearing_impaired","visual_impaired","clean_effects","attached_pic","timed_thumbnails","filepath") values ('0','0','0','0','0','0','0','0','0','0','0','0','/media/pi/ZUKE/MUSIC/CDs/CD 70/04 - One Love (Na Na Na) - Salsa.mp3');
insert into tags ("album","composer","genre","title","artist","disc","track","filepath") values ('ZIN CD 70','Zumba Fitness','Salsa','One Love (Na Na Na)','Zumba Fitness','1/1','04/14','/media/pi/ZUKE/MUSIC/CDs/CD 70/04 - One Love (Na Na Na) - Salsa.mp3');
insert into mp3s ("filepath") values ('/media/pi/ZUKE/MUSIC/CDs/CD 70/04 - One Love (Na Na Na) - Salsa.mp3');
insert into streams ("index","codec_name","codec_long_name","codec_type","codec_time_base","codec_tag_string","codec_tag","sample_fmt","sample_rate","channels","channel_layout","bits_per_sample","r_frame_rate","avg_frame_rate","time_base","start_pts","start_time","duration_ts","duration","bit_rate","filepath") values ('0','mp3','MP3 (MPEG audio layer 3)','audio','1/44100','[0][0][0][0]','0x0000','fltp','44100','2','stereo','0','0/0','0/0','1/14112000','0','0','2686648320','190.380408','132210','/media/pi/ZUKE/MUSIC/CDs/CD 70/05 - We Run The Place - Merengue.mp3');
insert into format ("filename","nb_streams","nb_programs","format_name","format_long_name","start_time","duration","size","bit_rate","probe_score","filepath") values ('/media/pi/ZUKE/MUSIC/CDs/CD 70/05 - We Run The Place - Merengue.mp3','1','0','mp3','MP2/3 (MPEG audio layer 2/3)','0','190.380408','3147904','132278','51','/media/pi/ZUKE/MUSIC/CDs/CD 70/05 - We Run The Place - Merengue.mp3');
insert into disposition ("default","dub","original","comment","lyrics","karaoke","forced","hearing_impaired","visual_impaired","clean_effects","attached_pic","timed_thumbnails","filepath") values ('0','0','0','0','0','0','0','0','0','0','0','0','/media/pi/ZUKE/MUSIC/CDs/CD 70/05 - We Run The Place - Merengue.mp3');
insert into tags ("album","composer","genre","title","artist","disc","track","filepath") values ('ZIN CD 70','Zumba Fitness','Merengue','We Run The Place','Zumba Fitness','1/1','05/14','/media/pi/ZUKE/MUSIC/CDs/CD 70/05 - We Run The Place - Merengue.mp3');
insert into mp3s ("filepath") values ('/media/pi/ZUKE/MUSIC/CDs/CD 70/05 - We Run The Place - Merengue.mp3');
insert into streams ("index","codec_name","codec_long_name","codec_type","codec_time_base","codec_tag_string","codec_tag","sample_fmt","sample_rate","channels","channel_layout","bits_per_sample","r_frame_rate","avg_frame_rate","time_base","start_pts","start_time","duration_ts","duration","bit_rate","filepath") values ('0','mp3','MP3 (MPEG audio layer 3)','audio','1/44100','[0][0][0][0]','0x0000','fltp','44100','2','stereo','0','0/0','0/0','1/14112000','0','0','3319971840','235.258776','136763','/media/pi/ZUKE/MUSIC/CDs/CD 70/06 - Cumbia De La Gaita - Cumbia.mp3');
insert into format ("filename","nb_streams","nb_programs","format_name","format_long_name","start_time","duration","size","bit_rate","probe_score","filepath") values ('/media/pi/ZUKE/MUSIC/CDs/CD 70/06 - Cumbia De La Gaita - Cumbia.mp3','1','0','mp3','MP2/3 (MPEG audio layer 2/3)','0','235.258776','4022400','136782','51','/media/pi/ZUKE/MUSIC/CDs/CD 70/06 - Cumbia De La Gaita - Cumbia.mp3');
insert into disposition ("default","dub","original","comment","lyrics","karaoke","forced","hearing_impaired","visual_impaired","clean_effects","attached_pic","timed_thumbnails","filepath") values ('0','0','0','0','0','0','0','0','0','0','0','0','/media/pi/ZUKE/MUSIC/CDs/CD 70/06 - Cumbia De La Gaita - Cumbia.mp3');
insert into tags ("album","composer","genre","title","artist","disc","track","filepath") values ('ZIN CD 70','Zumba Fitness','Cumbia','Cumbia De La Gaita','Zumba Fitness','1/1','06/14','/media/pi/ZUKE/MUSIC/CDs/CD 70/06 - Cumbia De La Gaita - Cumbia.mp3');
insert into mp3s ("filepath") values ('/media/pi/ZUKE/MUSIC/CDs/CD 70/06 - Cumbia De La Gaita - Cumbia.mp3');
insert into streams ("index","codec_name","codec_long_name","codec_type","codec_time_base","codec_tag_string","codec_tag","sample_fmt","sample_rate","channels","channel_layout","bits_per_sample","r_frame_rate","avg_frame_rate","time_base","start_pts","start_time","duration_ts","duration","bit_rate","filepath") values ('0','mp3','MP3 (MPEG audio layer 3)','audio','1/44100','[0][0][0][0]','0x0000','fltp','44100','2','stereo','0','0/0','0/0','1/14112000','0','0','2458828800','174.236735','141477','/media/pi/ZUKE/MUSIC/CDs/CD 70/07 - Roxanne - Bachata.mp3');
insert into format ("filename","nb_streams","nb_programs","format_name","format_long_name","start_time","duration","size","bit_rate","probe_score","filepath") values ('/media/pi/ZUKE/MUSIC/CDs/CD 70/07 - Roxanne - Bachata.mp3','1','0','mp3','MP2/3 (MPEG audio layer 2/3)','0','174.236735','3082368','141525','51','/media/pi/ZUKE/MUSIC/CDs/CD 70/07 - Roxanne - Bachata.mp3');
insert into disposition ("default","dub","original","comment","lyrics","karaoke","forced","hearing_impaired","visual_impaired","clean_effects","attached_pic","timed_thumbnails","filepath") values ('0','0','0','0','0','0','0','0','0','0','0','0','/media/pi/ZUKE/MUSIC/CDs/CD 70/07 - Roxanne - Bachata.mp3');
insert into tags ("album","composer","genre","title","artist","disc","track","filepath") values ('ZIN CD 70','Zumba Fitness','Bachata','Roxanne','Zumba Fitness','1/1','07/14','/media/pi/ZUKE/MUSIC/CDs/CD 70/07 - Roxanne - Bachata.mp3');
insert into mp3s ("filepath") values ('/media/pi/ZUKE/MUSIC/CDs/CD 70/07 - Roxanne - Bachata.mp3');
insert into streams ("index","codec_name","codec_long_name","codec_type","codec_time_base","codec_tag_string","codec_tag","sample_fmt","sample_rate","channels","channel_layout","bits_per_sample","r_frame_rate","avg_frame_rate","time_base","start_pts","start_time","duration_ts","duration","bit_rate","filepath") values ('0','mp3','MP3 (MPEG audio layer 3)','audio','1/44100','[0][0][0][0]','0x0000','fltp','44100','2','stereo','0','0/0','0/0','1/14112000','0','0','2896035840','205.217959','141302','/media/pi/ZUKE/MUSIC/CDs/CD 70/08 - Mete Danca - Brazilian Funk.mp3');
insert into format ("filename","nb_streams","nb_programs","format_name","format_long_name","start_time","duration","size","bit_rate","probe_score","filepath") values ('/media/pi/ZUKE/MUSIC/CDs/CD 70/08 - Mete Danca - Brazilian Funk.mp3','1','0','mp3','MP2/3 (MPEG audio layer 2/3)','0','205.217959','3625088','141316','51','/media/pi/ZUKE/MUSIC/CDs/CD 70/08 - Mete Danca - Brazilian Funk.mp3');
insert into disposition ("default","dub","original","comment","lyrics","karaoke","forced","hearing_impaired","visual_impaired","clean_effects","attached_pic","timed_thumbnails","filepath") values ('0','0','0','0','0','0','0','0','0','0','0','0','/media/pi/ZUKE/MUSIC/CDs/CD 70/08 - Mete Danca - Brazilian Funk.mp3');
insert into tags ("album","composer","genre","title","artist","disc","track","filepath") values ('ZIN CD 70','Zumba Fitness','Brazilian Funk','Mete Danca','Zumba Fitness','1/1','08/14','/media/pi/ZUKE/MUSIC/CDs/CD 70/08 - Mete Danca - Brazilian Funk.mp3');
insert into mp3s ("filepath") values ('/media/pi/ZUKE/MUSIC/CDs/CD 70/08 - Mete Danca - Brazilian Funk.mp3');
insert into streams ("index","codec_name","codec_long_name","codec_type","codec_time_base","codec_tag_string","codec_tag","sample_fmt","sample_rate","channels","channel_layout","bits_per_sample","r_frame_rate","avg_frame_rate","time_base","start_pts","start_time","duration_ts","duration","bit_rate","filepath") values ('0','mp3','MP3 (MPEG audio layer 3)','audio','1/44100','[0][0][0][0]','0x0000','fltp','44100','2','stereo','0','0/0','0/0','1/14112000','0','0','2146959360','152.137143','118684','/media/pi/ZUKE/MUSIC/CDs/CD 70/09 - Ponteme - Dembow.mp3');
insert into format ("filename","nb_streams","nb_programs","format_name","format_long_name","start_time","duration","size","bit_rate","probe_score","filepath") values ('/media/pi/ZUKE/MUSIC/CDs/CD 70/09 - Ponteme - Dembow.mp3','1','0','mp3','MP2/3 (MPEG audio layer 2/3)','0','152.137143','2259072','118791','51','/media/pi/ZUKE/MUSIC/CDs/CD 70/09 - Ponteme - Dembow.mp3');
insert into disposition ("default","dub","original","comment","lyrics","karaoke","forced","hearing_impaired","visual_impaired","clean_effects","attached_pic","timed_thumbnails","filepath") values ('0','0','0','0','0','0','0','0','0','0','0','0','/media/pi/ZUKE/MUSIC/CDs/CD 70/09 - Ponteme - Dembow.mp3');
insert into tags ("album","composer","genre","title","artist","disc","track","filepath") values ('ZIN CD 70','Zumba Fitness','Dembow','Ponteme','Zumba Fitness','1/1','09/14','/media/pi/ZUKE/MUSIC/CDs/CD 70/09 - Ponteme - Dembow.mp3');
insert into mp3s ("filepath") values ('/media/pi/ZUKE/MUSIC/CDs/CD 70/09 - Ponteme - Dembow.mp3');
insert into streams ("index","codec_name","codec_long_name","codec_type","codec_time_base","codec_tag_string","codec_tag","sample_fmt","sample_rate","channels","channel_layout","bits_per_sample","r_frame_rate","avg_frame_rate","time_base","start_pts","start_time","duration_ts","duration","bit_rate","filepath") values ('0','mp3','MP3 (MPEG audio layer 3)','audio','1/44100','[0][0][0][0]','0x0000','fltp','44100','2','stereo','0','0/0','0/0','1/14112000','0','0','3592028160','254.537143','138010','/media/pi/ZUKE/MUSIC/CDs/CD 70/10 - That''s What I Like - Reggaeton - Trap.mp3');
insert into format ("filename","nb_streams","nb_programs","format_name","format_long_name","start_time","duration","size","bit_rate","probe_score","filepath") values ('/media/pi/ZUKE/MUSIC/CDs/CD 70/10 - That''s What I Like - Reggaeton - Trap.mp3','1','0','mp3','MP2/3 (MPEG audio layer 2/3)','0','254.537143','4393088','138072','51','/media/pi/ZUKE/MUSIC/CDs/CD 70/10 - That''s What I Like - Reggaeton - Trap.mp3');
insert into disposition ("default","dub","original","comment","lyrics","karaoke","forced","hearing_impaired","visual_impaired","clean_effects","attached_pic","timed_thumbnails","filepath") values ('0','0','0','0','0','0','0','0','0','0','0','0','/media/pi/ZUKE/MUSIC/CDs/CD 70/10 - That''s What I Like - Reggaeton - Trap.mp3');
insert into tags ("album","composer","genre","title","artist","disc","track","filepath") values ('ZIN CD 70','Zumba Fitness','Reggaeton,Trap','That''s What I Like','Zumba Fitness','1/1','10/14','/media/pi/ZUKE/MUSIC/CDs/CD 70/10 - That''s What I Like - Reggaeton - Trap.mp3');
insert into mp3s ("filepath") values ('/media/pi/ZUKE/MUSIC/CDs/CD 70/10 - That''s What I Like - Reggaeton - Trap.mp3');
insert into streams ("index","codec_name","codec_long_name","codec_type","codec_time_base","codec_tag_string","codec_tag","sample_fmt","sample_rate","channels","channel_layout","bits_per_sample","r_frame_rate","avg_frame_rate","time_base","start_pts","start_time","duration_ts","duration","bit_rate","filepath") values ('0','mp3','MP3 (MPEG audio layer 3)','audio','1/44100','[0][0][0][0]','0x0000','fltp','44100','2','stereo','0','0/0','0/0','1/14112000','0','0','2870968320','203.441633','139046','/media/pi/ZUKE/MUSIC/CDs/CD 70/11 - Bunda - Tropic Electric.mp3');
insert into format ("filename","nb_streams","nb_programs","format_name","format_long_name","start_time","duration","size","bit_rate","probe_score","filepath") values ('/media/pi/ZUKE/MUSIC/CDs/CD 70/11 - Bunda - Tropic Electric.mp3','1','0','mp3','MP2/3 (MPEG audio layer 2/3)','0','203.441633','3537024','139087','51','/media/pi/ZUKE/MUSIC/CDs/CD 70/11 - Bunda - Tropic Electric.mp3');
insert into disposition ("default","dub","original","comment","lyrics","karaoke","forced","hearing_impaired","visual_impaired","clean_effects","attached_pic","timed_thumbnails","filepath") values ('0','0','0','0','0','0','0','0','0','0','0','0','/media/pi/ZUKE/MUSIC/CDs/CD 70/11 - Bunda - Tropic Electric.mp3');
insert into tags ("album","composer","genre","title","artist","disc","track","filepath") values ('ZIN CD 70','Zumba Fitness','Tropic Electric','Bunda','Zumba Fitness','1/1','11/14','/media/pi/ZUKE/MUSIC/CDs/CD 70/11 - Bunda - Tropic Electric.mp3');
insert into mp3s ("filepath") values ('/media/pi/ZUKE/MUSIC/CDs/CD 70/11 - Bunda - Tropic Electric.mp3');
insert into streams ("index","codec_name","codec_long_name","codec_type","codec_time_base","codec_tag_string","codec_tag","sample_fmt","sample_rate","channels","channel_layout","bits_per_sample","r_frame_rate","avg_frame_rate","time_base","start_pts","start_time","duration_ts","duration","bit_rate","filepath") values ('0','mp3','MP3 (MPEG audio layer 3)','audio','1/44100','[0][0][0][0]','0x0000','fltp','44100','2','stereo','0','0/0','0/0','1/14112000','0','0','3031695360','214.831020','136274','/media/pi/ZUKE/MUSIC/CDs/CD 70/12 - Solo Tu - Merengue Urbano.mp3');
insert into format ("filename","nb_streams","nb_programs","format_name","format_long_name","start_time","duration","size","bit_rate","probe_score","filepath") values ('/media/pi/ZUKE/MUSIC/CDs/CD 70/12 - Solo Tu - Merengue Urbano.mp3','1','0','mp3','MP2/3 (MPEG audio layer 2/3)','0','214.831020','3659904','136289','51','/media/pi/ZUKE/MUSIC/CDs/CD 70/12 - Solo Tu - Merengue Urbano.mp3');
insert into disposition ("default","dub","original","comment","lyrics","karaoke","forced","hearing_impaired","visual_impaired","clean_effects","attached_pic","timed_thumbnails","filepath") values ('0','0','0','0','0','0','0','0','0','0','0','0','/media/pi/ZUKE/MUSIC/CDs/CD 70/12 - Solo Tu - Merengue Urbano.mp3');
insert into tags ("album","composer","genre","title","artist","disc","track","filepath") values ('ZIN CD 70','Zumba Fitness','Merengue Urbano','Solo Tu','Zumba Fitness','1/1','12/14','/media/pi/ZUKE/MUSIC/CDs/CD 70/12 - Solo Tu - Merengue Urbano.mp3');
insert into mp3s ("filepath") values ('/media/pi/ZUKE/MUSIC/CDs/CD 70/12 - Solo Tu - Merengue Urbano.mp3');
insert into streams ("index","codec_name","codec_long_name","codec_type","codec_time_base","codec_tag_string","codec_tag","sample_fmt","sample_rate","channels","channel_layout","bits_per_sample","r_frame_rate","avg_frame_rate","time_base","start_pts","start_time","duration_ts","duration","bit_rate","filepath") values ('0','mp3','MP3 (MPEG audio layer 3)','audio','1/44100','[0][0][0][0]','0x0000','fltp','44100','2','stereo','0','0/0','0/0','1/14112000','0','0','3045703680','215.823673','131913','/media/pi/ZUKE/MUSIC/CDs/CD 70/13 - Vete Tu - Cooldown.mp3');
insert into format ("filename","nb_streams","nb_programs","format_name","format_long_name","start_time","duration","size","bit_rate","probe_score","filepath") values ('/media/pi/ZUKE/MUSIC/CDs/CD 70/13 - Vete Tu - Cooldown.mp3','1','0','mp3','MP2/3 (MPEG audio layer 2/3)','0','215.823673','3559552','131942','51','/media/pi/ZUKE/MUSIC/CDs/CD 70/13 - Vete Tu - Cooldown.mp3');
insert into disposition ("default","dub","original","comment","lyrics","karaoke","forced","hearing_impaired","visual_impaired","clean_effects","attached_pic","timed_thumbnails","filepath") values ('0','0','0','0','0','0','0','0','0','0','0','0','/media/pi/ZUKE/MUSIC/CDs/CD 70/13 - Vete Tu - Cooldown.mp3');
insert into tags ("album","composer","genre","title","artist","disc","track","filepath") values ('ZIN CD 70','Zumba Fitness','Cooldown','Vete Tu','Zumba Fitness','1/1','13/14','/media/pi/ZUKE/MUSIC/CDs/CD 70/13 - Vete Tu - Cooldown.mp3');
insert into mp3s ("filepath") values ('/media/pi/ZUKE/MUSIC/CDs/CD 70/13 - Vete Tu - Cooldown.mp3');
insert into streams ("index","codec_name","codec_long_name","codec_type","codec_time_base","codec_tag_string","codec_tag","sample_fmt","sample_rate","channels","channel_layout","bits_per_sample","r_frame_rate","avg_frame_rate","time_base","start_pts","start_time","duration_ts","duration","bit_rate","filepath") values ('0','mp3','MP3 (MPEG audio layer 3)','audio','1/44100','[0][0][0][0]','0x0000','fltp','44100','2','stereo','0','0/0','0/0','1/14112000','0','0','8923668480','632.346122','143045','/media/pi/ZUKE/MUSIC/CDs/CD 70/14 - Cumbia De La Gaita - Ponteme - Bunda - DJ Mix.mp3');
insert into format ("filename","nb_streams","nb_programs","format_name","format_long_name","start_time","duration","size","bit_rate","probe_score","filepath") values ('/media/pi/ZUKE/MUSIC/CDs/CD 70/14 - Cumbia De La Gaita - Ponteme - Bunda - DJ Mix.mp3','1','0','mp3','MP2/3 (MPEG audio layer 2/3)','0','632.346122','11307136','143049','51','/media/pi/ZUKE/MUSIC/CDs/CD 70/14 - Cumbia De La Gaita - Ponteme - Bunda - DJ Mix.mp3');
insert into disposition ("default","dub","original","comment","lyrics","karaoke","forced","hearing_impaired","visual_impaired","clean_effects","attached_pic","timed_thumbnails","filepath") values ('0','0','0','0','0','0','0','0','0','0','0','0','/media/pi/ZUKE/MUSIC/CDs/CD 70/14 - Cumbia De La Gaita - Ponteme - Bunda - DJ Mix.mp3');
insert into tags ("album","composer","genre","title","artist","disc","track","filepath") values ('ZIN CD 70','Zumba Fitness','DJ Mix','Cumbia De La Gaita - Ponteme - Bunda','Zumba Fitness','1/1','14/14','/media/pi/ZUKE/MUSIC/CDs/CD 70/14 - Cumbia De La Gaita - Ponteme - Bunda - DJ Mix.mp3');
insert into mp3s ("filepath") values ('/media/pi/ZUKE/MUSIC/CDs/CD 70/14 - Cumbia De La Gaita - Ponteme - Bunda - DJ Mix.mp3');
insert into streams ("index","codec_name","codec_long_name","codec_type","codec_time_base","codec_tag_string","codec_tag","sample_fmt","sample_rate","channels","channel_layout","bits_per_sample","r_frame_rate","avg_frame_rate","time_base","start_pts","start_time","duration_ts","duration","bit_rate","filepath") values ('0','mp3','MP3 (MPEG audio layer 3)','audio','1/44100','[0][0][0][0]','0x0000','fltp','44100','2','stereo','0','0/0','0/0','1/14112000','0','0','3204587520','227.082449','142137','/media/pi/ZUKE/MUSIC/CDs/CD 71/01 - Quiero Bailar (All Through The Night) - Warm-up.mp3');
insert into format ("filename","nb_streams","nb_programs","format_name","format_long_name","start_time","duration","size","bit_rate","probe_score","filepath") values ('/media/pi/ZUKE/MUSIC/CDs/CD 71/01 - Quiero Bailar (All Through The Night) - Warm-up.mp3','1','0','mp3','MP2/3 (MPEG audio layer 2/3)','0','227.082449','4036736','142212','51','/media/pi/ZUKE/MUSIC/CDs/CD 71/01 - Quiero Bailar (All Through The Night) - Warm-up.mp3');
insert into disposition ("default","dub","original","comment","lyrics","karaoke","forced","hearing_impaired","visual_impaired","clean_effects","attached_pic","timed_thumbnails","filepath") values ('0','0','0','0','0','0','0','0','0','0','0','0','/media/pi/ZUKE/MUSIC/CDs/CD 71/01 - Quiero Bailar (All Through The Night) - Warm-up.mp3');
insert into tags ("album","composer","genre","title","artist","disc","track","filepath") values ('ZIN CD 71','Zumba Fitness','Warm-up','Quiero Bailar (All Through The Night)','Zumba Fitness','1/1','01/14','/media/pi/ZUKE/MUSIC/CDs/CD 71/01 - Quiero Bailar (All Through The Night) - Warm-up.mp3');
insert into mp3s ("filepath") values ('/media/pi/ZUKE/MUSIC/CDs/CD 71/01 - Quiero Bailar (All Through The Night) - Warm-up.mp3');
insert into streams ("index","codec_name","codec_long_name","codec_type","codec_time_base","codec_tag_string","codec_tag","sample_fmt","sample_rate","channels","channel_layout","bits_per_sample","r_frame_rate","avg_frame_rate","time_base","start_pts","start_time","duration_ts","duration","bit_rate","filepath") values ('0','mp3','MP3 (MPEG audio layer 3)','audio','1/44100','[0][0][0][0]','0x0000','fltp','44100','2','stereo','0','0/0','0/0','1/14112000','0','0','2582323200','182.987755','145618','/media/pi/ZUKE/MUSIC/CDs/CD 71/02 - Babaye - Warm-up.mp3');
insert into format ("filename","nb_streams","nb_programs","format_name","format_long_name","start_time","duration","size","bit_rate","probe_score","filepath") values ('/media/pi/ZUKE/MUSIC/CDs/CD 71/02 - Babaye - Warm-up.mp3','1','0','mp3','MP2/3 (MPEG audio layer 2/3)','0','182.987755','3332224','145680','51','/media/pi/ZUKE/MUSIC/CDs/CD 71/02 - Babaye - Warm-up.mp3');
insert into disposition ("default","dub","original","comment","lyrics","karaoke","forced","hearing_impaired","visual_impaired","clean_effects","attached_pic","timed_thumbnails","filepath") values ('0','0','0','0','0','0','0','0','0','0','0','0','/media/pi/ZUKE/MUSIC/CDs/CD 71/02 - Babaye - Warm-up.mp3');
insert into tags ("album","composer","genre","title","artist","disc","track","filepath") values ('ZIN CD 71','Zumba Fitness','Warm-up','Babaye','Zumba Fitness','1/1','02/14','/media/pi/ZUKE/MUSIC/CDs/CD 71/02 - Babaye - Warm-up.mp3');
insert into mp3s ("filepath") values ('/media/pi/ZUKE/MUSIC/CDs/CD 71/02 - Babaye - Warm-up.mp3');
insert into streams ("index","codec_name","codec_long_name","codec_type","codec_time_base","codec_tag_string","codec_tag","sample_fmt","sample_rate","channels","channel_layout","bits_per_sample","r_frame_rate","avg_frame_rate","time_base","start_pts","start_time","duration_ts","duration","bit_rate","filepath") values ('0','mp3','MP3 (MPEG audio layer 3)','audio','1/44100','[0][0][0][0]','0x0000','fltp','44100','2','stereo','0','0/0','0/0','1/14112000','0','0','2889768960','204.773878','135583','/media/pi/ZUKE/MUSIC/CDs/CD 71/03 - Carnaval - Warm-up.mp3');
insert into format ("filename","nb_streams","nb_programs","format_name","format_long_name","start_time","duration","size","bit_rate","probe_score","filepath") values ('/media/pi/ZUKE/MUSIC/CDs/CD 71/03 - Carnaval - Warm-up.mp3','1','0','mp3','MP2/3 (MPEG audio layer 2/3)','0','204.773878','3471488','135622','51','/media/pi/ZUKE/MUSIC/CDs/CD 71/03 - Carnaval - Warm-up.mp3');
insert into disposition ("default","dub","original","comment","lyrics","karaoke","forced","hearing_impaired","visual_impaired","clean_effects","attached_pic","timed_thumbnails","filepath") values ('0','0','0','0','0','0','0','0','0','0','0','0','/media/pi/ZUKE/MUSIC/CDs/CD 71/03 - Carnaval - Warm-up.mp3');
insert into tags ("album","composer","genre","title","artist","disc","track","filepath") values ('ZIN CD 71','Zumba Fitness','Warm-up','Carnaval','Zumba Fitness','1/1','03/14','/media/pi/ZUKE/MUSIC/CDs/CD 71/03 - Carnaval - Warm-up.mp3');
insert into mp3s ("filepath") values ('/media/pi/ZUKE/MUSIC/CDs/CD 71/03 - Carnaval - Warm-up.mp3');
insert into streams ("index","codec_name","codec_long_name","codec_type","codec_time_base","codec_tag_string","codec_tag","sample_fmt","sample_rate","channels","channel_layout","bits_per_sample","r_frame_rate","avg_frame_rate","time_base","start_pts","start_time","duration_ts","duration","bit_rate","filepath") values ('0','mp3','MP3 (MPEG audio layer 3)','audio','1/44100','[0][0][0][0]','0x0000','fltp','44100','2','stereo','0','0/0','0/0','1/14112000','0','0','2854010880','202.240000','137427','/media/pi/ZUKE/MUSIC/CDs/CD 71/04 - Caliente - Merengue.mp3');
insert into format ("filename","nb_streams","nb_programs","format_name","format_long_name","start_time","duration","size","bit_rate","probe_score","filepath") values ('/media/pi/ZUKE/MUSIC/CDs/CD 71/04 - Caliente - Merengue.mp3','1','0','mp3','MP2/3 (MPEG audio layer 2/3)','0','202.240000','3475584','137483','51','/media/pi/ZUKE/MUSIC/CDs/CD 71/04 - Caliente - Merengue.mp3');
insert into disposition ("default","dub","original","comment","lyrics","karaoke","forced","hearing_impaired","visual_impaired","clean_effects","attached_pic","timed_thumbnails","filepath") values ('0','0','0','0','0','0','0','0','0','0','0','0','/media/pi/ZUKE/MUSIC/CDs/CD 71/04 - Caliente - Merengue.mp3');
insert into tags ("album","composer","genre","title","artist","disc","track","filepath") values ('ZIN CD 71','Zumba Fitness','Merengue','Caliente','Zumba Fitness','1/1','04/14','/media/pi/ZUKE/MUSIC/CDs/CD 71/04 - Caliente - Merengue.mp3');
insert into mp3s ("filepath") values ('/media/pi/ZUKE/MUSIC/CDs/CD 71/04 - Caliente - Merengue.mp3');
insert into streams ("index","codec_name","codec_long_name","codec_type","codec_time_base","codec_tag_string","codec_tag","sample_fmt","sample_rate","channels","channel_layout","bits_per_sample","r_frame_rate","avg_frame_rate","time_base","start_pts","start_time","duration_ts","duration","bit_rate","filepath") values ('0','mp3','MP3 (MPEG audio layer 3)','audio','1/44100','[0][0][0][0]','0x0000','fltp','44100','2','stereo','0','0/0','0/0','1/14112000','0','0','3754967040','266.083265','138765','/media/pi/ZUKE/MUSIC/CDs/CD 71/05 - Kun Kin - Salsa.mp3');
insert into format ("filename","nb_streams","nb_programs","format_name","format_long_name","start_time","duration","size","bit_rate","probe_score","filepath") values ('/media/pi/ZUKE/MUSIC/CDs/CD 71/05 - Kun Kin - Salsa.mp3','1','0','mp3','MP2/3 (MPEG audio layer 2/3)','0','266.083265','4616320','138793','51','/media/pi/ZUKE/MUSIC/CDs/CD 71/05 - Kun Kin - Salsa.mp3');
insert into disposition ("default","dub","original","comment","lyrics","karaoke","forced","hearing_impaired","visual_impaired","clean_effects","attached_pic","timed_thumbnails","filepath") values ('0','0','0','0','0','0','0','0','0','0','0','0','/media/pi/ZUKE/MUSIC/CDs/CD 71/05 - Kun Kin - Salsa.mp3');
insert into tags ("album","composer","genre","title","artist","disc","track","filepath") values ('ZIN CD 71','Zumba Fitness','Salsa','Kun Kin','Zumba Fitness','1/1','05/14','/media/pi/ZUKE/MUSIC/CDs/CD 71/05 - Kun Kin - Salsa.mp3');
insert into mp3s ("filepath") values ('/media/pi/ZUKE/MUSIC/CDs/CD 71/05 - Kun Kin - Salsa.mp3');
insert into streams ("index","codec_name","codec_long_name","codec_type","codec_time_base","codec_tag_string","codec_tag","sample_fmt","sample_rate","channels","channel_layout","bits_per_sample","r_frame_rate","avg_frame_rate","time_base","start_pts","start_time","duration_ts","duration","bit_rate","filepath") values ('0','mp3','MP3 (MPEG audio layer 3)','audio','1/44100','[0][0][0][0]','0x0000','fltp','44100','2','stereo','0','0/0','0/0','1/14112000','0','0','3331399680','236.068571','146946','/media/pi/ZUKE/MUSIC/CDs/CD 71/06 - La Maraca - Bhangra - Merengue.mp3');
insert into format ("filename","nb_streams","nb_programs","format_name","format_long_name","start_time","duration","size","bit_rate","probe_score","filepath") values ('/media/pi/ZUKE/MUSIC/CDs/CD 71/06 - La Maraca - Bhangra - Merengue.mp3','1','0','mp3','MP2/3 (MPEG audio layer 2/3)','0','236.068571','4337792','147001','51','/media/pi/ZUKE/MUSIC/CDs/CD 71/06 - La Maraca - Bhangra - Merengue.mp3');
insert into disposition ("default","dub","original","comment","lyrics","karaoke","forced","hearing_impaired","visual_impaired","clean_effects","attached_pic","timed_thumbnails","filepath") values ('0','0','0','0','0','0','0','0','0','0','0','0','/media/pi/ZUKE/MUSIC/CDs/CD 71/06 - La Maraca - Bhangra - Merengue.mp3');
insert into tags ("album","composer","genre","title","artist","disc","track","filepath") values ('ZIN CD 71','Zumba Fitness','Bhangra,Merengue','La Maraca','Zumba Fitness','1/1','06/14','/media/pi/ZUKE/MUSIC/CDs/CD 71/06 - La Maraca - Bhangra - Merengue.mp3');
insert into mp3s ("filepath") values ('/media/pi/ZUKE/MUSIC/CDs/CD 71/06 - La Maraca - Bhangra - Merengue.mp3');
insert into streams ("index","codec_name","codec_long_name","codec_type","codec_time_base","codec_tag_string","codec_tag","sample_fmt","sample_rate","channels","channel_layout","bits_per_sample","r_frame_rate","avg_frame_rate","time_base","start_pts","start_time","duration_ts","duration","bit_rate","filepath") values ('0','mp3','MP3 (MPEG audio layer 3)','audio','1/44100','[0][0][0][0]','0x0000','fltp','44100','2','stereo','0','0/0','0/0','1/14112000','0','0','3378216960','239.386122','129198','/media/pi/ZUKE/MUSIC/CDs/CD 71/07 - Si Una Vez (If I Once).mp3');
insert into format ("filename","nb_streams","nb_programs","format_name","format_long_name","start_time","duration","size","bit_rate","probe_score","filepath") values ('/media/pi/ZUKE/MUSIC/CDs/CD 71/07 - Si Una Vez (If I Once).mp3','1','0','mp3','MP2/3 (MPEG audio layer 2/3)','0','239.386122','3866752','129222','51','/media/pi/ZUKE/MUSIC/CDs/CD 71/07 - Si Una Vez (If I Once).mp3');
insert into disposition ("default","dub","original","comment","lyrics","karaoke","forced","hearing_impaired","visual_impaired","clean_effects","attached_pic","timed_thumbnails","filepath") values ('0','0','0','0','0','0','0','0','0','0','0','0','/media/pi/ZUKE/MUSIC/CDs/CD 71/07 - Si Una Vez (If I Once).mp3');
insert into tags ("album","composer","genre","title","artist","disc","track","filepath") values ('ZIN CD 71','Zumba Fitness','Latin','Si Una Vez (If I Once)','Zumba Fitness','1/1','07/14','/media/pi/ZUKE/MUSIC/CDs/CD 71/07 - Si Una Vez (If I Once).mp3');
insert into mp3s ("filepath") values ('/media/pi/ZUKE/MUSIC/CDs/CD 71/07 - Si Una Vez (If I Once).mp3');
insert into streams ("index","codec_name","codec_long_name","codec_type","codec_time_base","codec_tag_string","codec_tag","sample_fmt","sample_rate","channels","channel_layout","bits_per_sample","r_frame_rate","avg_frame_rate","time_base","start_pts","start_time","duration_ts","duration","bit_rate","filepath") values ('0','mp3','MP3 (MPEG audio layer 3)','audio','1/44100','[0][0][0][0]','0x0000','fltp','44100','2','stereo','0','0/0','0/0','1/14112000','0','0','2676695040','189.675102','140637','/media/pi/ZUKE/MUSIC/CDs/CD 71/08 - Contento - Tropical.mp3');
insert into format ("filename","nb_streams","nb_programs","format_name","format_long_name","start_time","duration","size","bit_rate","probe_score","filepath") values ('/media/pi/ZUKE/MUSIC/CDs/CD 71/08 - Contento - Tropical.mp3','1','0','mp3','MP2/3 (MPEG audio layer 2/3)','0','189.675102','3336320','140717','51','/media/pi/ZUKE/MUSIC/CDs/CD 71/08 - Contento - Tropical.mp3');
insert into disposition ("default","dub","original","comment","lyrics","karaoke","forced","hearing_impaired","visual_impaired","clean_effects","attached_pic","timed_thumbnails","filepath") values ('0','0','0','0','0','0','0','0','0','0','0','0','/media/pi/ZUKE/MUSIC/CDs/CD 71/08 - Contento - Tropical.mp3');
insert into tags ("album","composer","genre","title","artist","disc","track","filepath") values ('ZIN CD 71','Zumba Fitness','Tropical','Contento','Zumba Fitness','1/1','08/14','/media/pi/ZUKE/MUSIC/CDs/CD 71/08 - Contento - Tropical.mp3');
insert into mp3s ("filepath") values ('/media/pi/ZUKE/MUSIC/CDs/CD 71/08 - Contento - Tropical.mp3');
insert into streams ("index","codec_name","codec_long_name","codec_type","codec_time_base","codec_tag_string","codec_tag","sample_fmt","sample_rate","channels","channel_layout","bits_per_sample","r_frame_rate","avg_frame_rate","time_base","start_pts","start_time","duration_ts","duration","bit_rate","filepath") values ('0','mp3','MP3 (MPEG audio layer 3)','audio','1/44100','[0][0][0][0]','0x0000','fltp','44100','2','stereo','0','0/0','0/0','1/14112000','0','0','2101248000','148.897959','135484','/media/pi/ZUKE/MUSIC/CDs/CD 71/09 - Latin Trap - Trap - Bachata.mp3');
insert into format ("filename","nb_streams","nb_programs","format_name","format_long_name","start_time","duration","size","bit_rate","probe_score","filepath") values ('/media/pi/ZUKE/MUSIC/CDs/CD 71/09 - Latin Trap - Trap - Bachata.mp3','1','0','mp3','MP2/3 (MPEG audio layer 2/3)','0','148.897959','2523264','135570','51','/media/pi/ZUKE/MUSIC/CDs/CD 71/09 - Latin Trap - Trap - Bachata.mp3');
insert into disposition ("default","dub","original","comment","lyrics","karaoke","forced","hearing_impaired","visual_impaired","clean_effects","attached_pic","timed_thumbnails","filepath") values ('0','0','0','0','0','0','0','0','0','0','0','0','/media/pi/ZUKE/MUSIC/CDs/CD 71/09 - Latin Trap - Trap - Bachata.mp3');
insert into tags ("album","composer","genre","title","artist","disc","track","filepath") values ('ZIN CD 71','Zumba Fitness','Trap,Bachata','Latin Trap','Zumba Fitness','1/1','09/14','/media/pi/ZUKE/MUSIC/CDs/CD 71/09 - Latin Trap - Trap - Bachata.mp3');
insert into mp3s ("filepath") values ('/media/pi/ZUKE/MUSIC/CDs/CD 71/09 - Latin Trap - Trap - Bachata.mp3');
insert into streams ("index","codec_name","codec_long_name","codec_type","codec_time_base","codec_tag_string","codec_tag","sample_fmt","sample_rate","channels","channel_layout","bits_per_sample","r_frame_rate","avg_frame_rate","time_base","start_pts","start_time","duration_ts","duration","bit_rate","filepath") values ('0','mp3','MP3 (MPEG audio layer 3)','audio','1/44100','[0][0][0][0]','0x0000','fltp','44100','2','stereo','0','0/0','0/0','1/14112000','0','0','2891612160','204.904490','139702','/media/pi/ZUKE/MUSIC/CDs/CD 71/10 - La Aventura - Cumba.mp3');
insert into format ("filename","nb_streams","nb_programs","format_name","format_long_name","start_time","duration","size","bit_rate","probe_score","filepath") values ('/media/pi/ZUKE/MUSIC/CDs/CD 71/10 - La Aventura - Cumba.mp3','1','0','mp3','MP2/3 (MPEG audio layer 2/3)','0','204.904490','3580032','139773','51','/media/pi/ZUKE/MUSIC/CDs/CD 71/10 - La Aventura - Cumba.mp3');
insert into disposition ("default","dub","original","comment","lyrics","karaoke","forced","hearing_impaired","visual_impaired","clean_effects","attached_pic","timed_thumbnails","filepath") values ('0','0','0','0','0','0','0','0','0','0','0','0','/media/pi/ZUKE/MUSIC/CDs/CD 71/10 - La Aventura - Cumba.mp3');
insert into tags ("album","composer","genre","title","artist","disc","track","filepath") values ('ZIN CD 71','Zumba Fitness','Cumba','La Aventura','Zumba Fitness','1/1','10/14','/media/pi/ZUKE/MUSIC/CDs/CD 71/10 - La Aventura - Cumba.mp3');
insert into mp3s ("filepath") values ('/media/pi/ZUKE/MUSIC/CDs/CD 71/10 - La Aventura - Cumba.mp3');
insert into streams ("index","codec_name","codec_long_name","codec_type","codec_time_base","codec_tag_string","codec_tag","sample_fmt","sample_rate","channels","channel_layout","bits_per_sample","r_frame_rate","avg_frame_rate","time_base","start_pts","start_time","duration_ts","duration","bit_rate","filepath") values ('0','mp3','MP3 (MPEG audio layer 3)','audio','1/44100','[0][0][0][0]','0x0000','fltp','44100','2','stereo','0','0/0','0/0','1/14112000','0','0','2700288000','191.346939','134384','/media/pi/ZUKE/MUSIC/CDs/CD 71/11 - Rajesh - Moombahton.mp3');
insert into format ("filename","nb_streams","nb_programs","format_name","format_long_name","start_time","duration","size","bit_rate","probe_score","filepath") values ('/media/pi/ZUKE/MUSIC/CDs/CD 71/11 - Rajesh - Moombahton.mp3','1','0','mp3','MP2/3 (MPEG audio layer 2/3)','0','191.346939','3215488','134435','51','/media/pi/ZUKE/MUSIC/CDs/CD 71/11 - Rajesh - Moombahton.mp3');
insert into disposition ("default","dub","original","comment","lyrics","karaoke","forced","hearing_impaired","visual_impaired","clean_effects","attached_pic","timed_thumbnails","filepath") values ('0','0','0','0','0','0','0','0','0','0','0','0','/media/pi/ZUKE/MUSIC/CDs/CD 71/11 - Rajesh - Moombahton.mp3');
insert into tags ("album","composer","genre","title","artist","disc","track","filepath") values ('ZIN CD 71','Zumba Fitness','Moombahton','Rajesh','Zumba Fitness','1/1','11/14','/media/pi/ZUKE/MUSIC/CDs/CD 71/11 - Rajesh - Moombahton.mp3');
insert into mp3s ("filepath") values ('/media/pi/ZUKE/MUSIC/CDs/CD 71/11 - Rajesh - Moombahton.mp3');
insert into streams ("index","codec_name","codec_long_name","codec_type","codec_time_base","codec_tag_string","codec_tag","sample_fmt","sample_rate","channels","channel_layout","bits_per_sample","r_frame_rate","avg_frame_rate","time_base","start_pts","start_time","duration_ts","duration","bit_rate","filepath") values ('0','mp3','MP3 (MPEG audio layer 3)','audio','1/44100','[0][0][0][0]','0x0000','fltp','44100','2','stereo','0','0/0','0/0','1/14112000','0','0','3032064000','214.857143','151169','/media/pi/ZUKE/MUSIC/CDs/CD 71/12 - Oye Chiquitita - Tribal.mp3');
insert into format ("filename","nb_streams","nb_programs","format_name","format_long_name","start_time","duration","size","bit_rate","probe_score","filepath") values ('/media/pi/ZUKE/MUSIC/CDs/CD 71/12 - Oye Chiquitita - Tribal.mp3','1','0','mp3','MP2/3 (MPEG audio layer 2/3)','0','214.857143','4061312','151219','51','/media/pi/ZUKE/MUSIC/CDs/CD 71/12 - Oye Chiquitita - Tribal.mp3');
insert into disposition ("default","dub","original","comment","lyrics","karaoke","forced","hearing_impaired","visual_impaired","clean_effects","attached_pic","timed_thumbnails","filepath") values ('0','0','0','0','0','0','0','0','0','0','0','0','/media/pi/ZUKE/MUSIC/CDs/CD 71/12 - Oye Chiquitita - Tribal.mp3');
insert into tags ("album","composer","genre","title","artist","disc","track","filepath") values ('ZIN CD 71','Zumba Fitness','Tribal','Oye Chiquitita','Zumba Fitness','1/1','12/14','/media/pi/ZUKE/MUSIC/CDs/CD 71/12 - Oye Chiquitita - Tribal.mp3');
insert into mp3s ("filepath") values ('/media/pi/ZUKE/MUSIC/CDs/CD 71/12 - Oye Chiquitita - Tribal.mp3');
insert into streams ("index","codec_name","codec_long_name","codec_type","codec_time_base","codec_tag_string","codec_tag","sample_fmt","sample_rate","channels","channel_layout","bits_per_sample","r_frame_rate","avg_frame_rate","time_base","start_pts","start_time","duration_ts","duration","bit_rate","filepath") values ('0','mp3','MP3 (MPEG audio layer 3)','audio','1/44100','[0][0][0][0]','0x0000','fltp','44100','2','stereo','0','0/0','0/0','1/14112000','0','0','3110215680','220.395102','138491','/media/pi/ZUKE/MUSIC/CDs/CD 71/13 - Tumbao - Cooldown.mp3');
insert into format ("filename","nb_streams","nb_programs","format_name","format_long_name","start_time","duration","size","bit_rate","probe_score","filepath") values ('/media/pi/ZUKE/MUSIC/CDs/CD 71/13 - Tumbao - Cooldown.mp3','1','0','mp3','MP2/3 (MPEG audio layer 2/3)','0','220.395102','3817600','138572','51','/media/pi/ZUKE/MUSIC/CDs/CD 71/13 - Tumbao - Cooldown.mp3');
insert into disposition ("default","dub","original","comment","lyrics","karaoke","forced","hearing_impaired","visual_impaired","clean_effects","attached_pic","timed_thumbnails","filepath") values ('0','0','0','0','0','0','0','0','0','0','0','0','/media/pi/ZUKE/MUSIC/CDs/CD 71/13 - Tumbao - Cooldown.mp3');
insert into tags ("album","composer","genre","title","artist","disc","track","filepath") values ('ZIN CD 71','Zumba Fitness','Cooldown','Tumbao','Zumba Fitness','1/1','13/14','/media/pi/ZUKE/MUSIC/CDs/CD 71/13 - Tumbao - Cooldown.mp3');
insert into mp3s ("filepath") values ('/media/pi/ZUKE/MUSIC/CDs/CD 71/13 - Tumbao - Cooldown.mp3');
insert into streams ("index","codec_name","codec_long_name","codec_type","codec_time_base","codec_tag_string","codec_tag","sample_fmt","sample_rate","channels","channel_layout","bits_per_sample","r_frame_rate","avg_frame_rate","time_base","start_pts","start_time","duration_ts","duration","bit_rate","filepath") values ('0','mp3','MP3 (MPEG audio layer 3)','audio','1/44100','[0][0][0][0]','0x0000','fltp','44100','2','stereo','0','0/0','0/0','1/14112000','0','0','8351539200','591.804082','142443','/media/pi/ZUKE/MUSIC/CDs/CD 71/14 - Si Una Vez (If I Once) - La Maraca - Kun Kin - DJ Mix.mp3');
insert into format ("filename","nb_streams","nb_programs","format_name","format_long_name","start_time","duration","size","bit_rate","probe_score","filepath") values ('/media/pi/ZUKE/MUSIC/CDs/CD 71/14 - Si Una Vez (If I Once) - La Maraca - Kun Kin - DJ Mix.mp3','1','0','mp3','MP2/3 (MPEG audio layer 2/3)','0','591.804082','10539136','142467','51','/media/pi/ZUKE/MUSIC/CDs/CD 71/14 - Si Una Vez (If I Once) - La Maraca - Kun Kin - DJ Mix.mp3');
insert into disposition ("default","dub","original","comment","lyrics","karaoke","forced","hearing_impaired","visual_impaired","clean_effects","attached_pic","timed_thumbnails","filepath") values ('0','0','0','0','0','0','0','0','0','0','0','0','/media/pi/ZUKE/MUSIC/CDs/CD 71/14 - Si Una Vez (If I Once) - La Maraca - Kun Kin - DJ Mix.mp3');
insert into tags ("album","composer","genre","title","artist","disc","track","filepath") values ('ZIN CD 71','Zumba Fitness','DJ Mix','Si Una Vez (If I Once) - La Maraca - Kun Kin','Zumba Fitness','1/1','14/14','/media/pi/ZUKE/MUSIC/CDs/CD 71/14 - Si Una Vez (If I Once) - La Maraca - Kun Kin - DJ Mix.mp3');
insert into mp3s ("filepath") values ('/media/pi/ZUKE/MUSIC/CDs/CD 71/14 - Si Una Vez (If I Once) - La Maraca - Kun Kin - DJ Mix.mp3');
insert into streams ("index","codec_name","codec_long_name","codec_type","codec_time_base","codec_tag_string","codec_tag","sample_fmt","sample_rate","channels","channel_layout","bits_per_sample","r_frame_rate","avg_frame_rate","time_base","start_pts","start_time","duration_ts","duration","bit_rate","filepath") values ('0','mp3','MP3 (MPEG audio layer 3)','audio','1/44100','[0][0][0][0]','0x0000','fltp','44100','2','stereo','0','0/0','0/0','1/14112000','0','0','2629509120','186.331429','148351','/media/pi/ZUKE/MUSIC/CDs/CD 72/01 - Marimba - Warm-up.mp3');
insert into format ("filename","nb_streams","nb_programs","format_name","format_long_name","start_time","duration","size","bit_rate","probe_score","filepath") values ('/media/pi/ZUKE/MUSIC/CDs/CD 72/01 - Marimba - Warm-up.mp3','1','0','mp3','MP2/3 (MPEG audio layer 2/3)','0','186.331429','3457152','148430','51','/media/pi/ZUKE/MUSIC/CDs/CD 72/01 - Marimba - Warm-up.mp3');
insert into disposition ("default","dub","original","comment","lyrics","karaoke","forced","hearing_impaired","visual_impaired","clean_effects","attached_pic","timed_thumbnails","filepath") values ('0','0','0','0','0','0','0','0','0','0','0','0','/media/pi/ZUKE/MUSIC/CDs/CD 72/01 - Marimba - Warm-up.mp3');
insert into tags ("album","composer","genre","title","artist","disc","track","filepath") values ('ZIN CD 72','Zumba Fitness','Warm-up','Marimba','Zumba Fitness','1/1','01/14','/media/pi/ZUKE/MUSIC/CDs/CD 72/01 - Marimba - Warm-up.mp3');
insert into mp3s ("filepath") values ('/media/pi/ZUKE/MUSIC/CDs/CD 72/01 - Marimba - Warm-up.mp3');
insert into streams ("index","codec_name","codec_long_name","codec_type","codec_time_base","codec_tag_string","codec_tag","sample_fmt","sample_rate","channels","channel_layout","bits_per_sample","r_frame_rate","avg_frame_rate","time_base","start_pts","start_time","duration_ts","duration","bit_rate","filepath") values ('0','mp3','MP3 (MPEG audio layer 3)','audio','1/44100','[0][0][0][0]','0x0000','fltp','44100','2','stereo','0','0/0','0/0','1/14112000','0','0','2235432960','158.406531','134959','/media/pi/ZUKE/MUSIC/CDs/CD 72/02 - Tropic Land - Warm-up.mp3');
insert into format ("filename","nb_streams","nb_programs","format_name","format_long_name","start_time","duration","size","bit_rate","probe_score","filepath") values ('/media/pi/ZUKE/MUSIC/CDs/CD 72/02 - Tropic Land - Warm-up.mp3','1','0','mp3','MP2/3 (MPEG audio layer 2/3)','0','158.406531','2672768','134982','51','/media/pi/ZUKE/MUSIC/CDs/CD 72/02 - Tropic Land - Warm-up.mp3');
insert into disposition ("default","dub","original","comment","lyrics","karaoke","forced","hearing_impaired","visual_impaired","clean_effects","attached_pic","timed_thumbnails","filepath") values ('0','0','0','0','0','0','0','0','0','0','0','0','/media/pi/ZUKE/MUSIC/CDs/CD 72/02 - Tropic Land - Warm-up.mp3');
insert into tags ("album","composer","genre","title","artist","disc","track","filepath") values ('ZIN CD 72','Zumba Fitness','Warm-up','Tropic Land','Zumba Fitness','1/1','02/14','/media/pi/ZUKE/MUSIC/CDs/CD 72/02 - Tropic Land - Warm-up.mp3');
insert into mp3s ("filepath") values ('/media/pi/ZUKE/MUSIC/CDs/CD 72/02 - Tropic Land - Warm-up.mp3');
insert into streams ("index","codec_name","codec_long_name","codec_type","codec_time_base","codec_tag_string","codec_tag","sample_fmt","sample_rate","channels","channel_layout","bits_per_sample","r_frame_rate","avg_frame_rate","time_base","start_pts","start_time","duration_ts","duration","bit_rate","filepath") values ('0','mp3','MP3 (MPEG audio layer 3)','audio','1/44100','[0][0][0][0]','0x0000','fltp','44100','2','stereo','0','0/0','0/0','1/14112000','0','0','3068559360','217.443265','143338','/media/pi/ZUKE/MUSIC/CDs/CD 72/03 - Run To This - Warm-up.mp3');
insert into format ("filename","nb_streams","nb_programs","format_name","format_long_name","start_time","duration","size","bit_rate","probe_score","filepath") values ('/media/pi/ZUKE/MUSIC/CDs/CD 72/03 - Run To This - Warm-up.mp3','1','0','mp3','MP2/3 (MPEG audio layer 2/3)','0','217.443265','3897472','143392','51','/media/pi/ZUKE/MUSIC/CDs/CD 72/03 - Run To This - Warm-up.mp3');
insert into disposition ("default","dub","original","comment","lyrics","karaoke","forced","hearing_impaired","visual_impaired","clean_effects","attached_pic","timed_thumbnails","filepath") values ('0','0','0','0','0','0','0','0','0','0','0','0','/media/pi/ZUKE/MUSIC/CDs/CD 72/03 - Run To This - Warm-up.mp3');
insert into tags ("album","composer","genre","title","artist","disc","track","filepath") values ('ZIN CD 72','Zumba Fitness','Warm-up','Run To This','Zumba Fitness','1/1','03/14','/media/pi/ZUKE/MUSIC/CDs/CD 72/03 - Run To This - Warm-up.mp3');
insert into mp3s ("filepath") values ('/media/pi/ZUKE/MUSIC/CDs/CD 72/03 - Run To This - Warm-up.mp3');
insert into streams ("index","codec_name","codec_long_name","codec_type","codec_time_base","codec_tag_string","codec_tag","sample_fmt","sample_rate","channels","channel_layout","bits_per_sample","r_frame_rate","avg_frame_rate","time_base","start_pts","start_time","duration_ts","duration","bit_rate","filepath") values ('0','mp3','MP3 (MPEG audio layer 3)','audio','1/44100','[0][0][0][0]','0x0000','fltp','44100','2','stereo','0','0/0','0/0','1/14112000','0','0','3460423680','245.211429','140167','/media/pi/ZUKE/MUSIC/CDs/CD 72/04 - El Juguete - Merengue.mp3');
insert into format ("filename","nb_streams","nb_programs","format_name","format_long_name","start_time","duration","size","bit_rate","probe_score","filepath") values ('/media/pi/ZUKE/MUSIC/CDs/CD 72/04 - El Juguete - Merengue.mp3','1','0','mp3','MP2/3 (MPEG audio layer 2/3)','0','245.211429','4296832','140183','51','/media/pi/ZUKE/MUSIC/CDs/CD 72/04 - El Juguete - Merengue.mp3');
insert into disposition ("default","dub","original","comment","lyrics","karaoke","forced","hearing_impaired","visual_impaired","clean_effects","attached_pic","timed_thumbnails","filepath") values ('0','0','0','0','0','0','0','0','0','0','0','0','/media/pi/ZUKE/MUSIC/CDs/CD 72/04 - El Juguete - Merengue.mp3');
insert into tags ("album","composer","genre","title","artist","disc","track","filepath") values ('ZIN CD 72','Zumba Fitness','Merengue','El Juguete','Zumba Fitness','1/1','04/14','/media/pi/ZUKE/MUSIC/CDs/CD 72/04 - El Juguete - Merengue.mp3');
insert into mp3s ("filepath") values ('/media/pi/ZUKE/MUSIC/CDs/CD 72/04 - El Juguete - Merengue.mp3');
insert into streams ("index","codec_name","codec_long_name","codec_type","codec_time_base","codec_tag_string","codec_tag","sample_fmt","sample_rate","channels","channel_layout","bits_per_sample","r_frame_rate","avg_frame_rate","time_base","start_pts","start_time","duration_ts","duration","bit_rate","filepath") values ('0','mp3','MP3 (MPEG audio layer 3)','audio','1/44100','[0][0][0][0]','0x0000','fltp','44100','2','stereo','0','0/0','0/0','1/14112000','0','0','3184312320','225.645714','131375','/media/pi/ZUKE/MUSIC/CDs/CD 72/05 - La Nina - Salsa.mp3');
insert into format ("filename","nb_streams","nb_programs","format_name","format_long_name","start_time","duration","size","bit_rate","probe_score","filepath") values ('/media/pi/ZUKE/MUSIC/CDs/CD 72/05 - La Nina - Salsa.mp3','1','0','mp3','MP2/3 (MPEG audio layer 2/3)','0','225.645714','3707008','131427','51','/media/pi/ZUKE/MUSIC/CDs/CD 72/05 - La Nina - Salsa.mp3');
insert into disposition ("default","dub","original","comment","lyrics","karaoke","forced","hearing_impaired","visual_impaired","clean_effects","attached_pic","timed_thumbnails","filepath") values ('0','0','0','0','0','0','0','0','0','0','0','0','/media/pi/ZUKE/MUSIC/CDs/CD 72/05 - La Nina - Salsa.mp3');
insert into tags ("album","composer","genre","title","artist","disc","track","filepath") values ('ZIN CD 72','Zumba Fitness','Salsa','La Nina','Zumba Fitness','1/1','05/14','/media/pi/ZUKE/MUSIC/CDs/CD 72/05 - La Nina - Salsa.mp3');
insert into mp3s ("filepath") values ('/media/pi/ZUKE/MUSIC/CDs/CD 72/05 - La Nina - Salsa.mp3');
insert into streams ("index","codec_name","codec_long_name","codec_type","codec_time_base","codec_tag_string","codec_tag","sample_fmt","sample_rate","channels","channel_layout","bits_per_sample","r_frame_rate","avg_frame_rate","time_base","start_pts","start_time","duration_ts","duration","bit_rate","filepath") values ('0','mp3','MP3 (MPEG audio layer 3)','audio','1/44100','[0][0][0][0]','0x0000','fltp','44100','2','stereo','0','0/0','0/0','1/14112000','0','0','2827468800','200.359184','133521','/media/pi/ZUKE/MUSIC/CDs/CD 72/06 - Makosa (feat. Kathy S and Nico) - Euro-Cumbia.mp3');
insert into format ("filename","nb_streams","nb_programs","format_name","format_long_name","start_time","duration","size","bit_rate","probe_score","filepath") values ('/media/pi/ZUKE/MUSIC/CDs/CD 72/06 - Makosa (feat. Kathy S and Nico) - Euro-Cumbia.mp3','1','0','mp3','MP2/3 (MPEG audio layer 2/3)','0','200.359184','3344512','133540','51','/media/pi/ZUKE/MUSIC/CDs/CD 72/06 - Makosa (feat. Kathy S and Nico) - Euro-Cumbia.mp3');
insert into disposition ("default","dub","original","comment","lyrics","karaoke","forced","hearing_impaired","visual_impaired","clean_effects","attached_pic","timed_thumbnails","filepath") values ('0','0','0','0','0','0','0','0','0','0','0','0','/media/pi/ZUKE/MUSIC/CDs/CD 72/06 - Makosa (feat. Kathy S and Nico) - Euro-Cumbia.mp3');
insert into tags ("album","composer","genre","title","artist","disc","track","filepath") values ('ZIN CD 72','Zumba Fitness','Euro-Cumbia','Makosa (feat Kathy S and Nico)','Zumba Fitness','1/1','06/14','/media/pi/ZUKE/MUSIC/CDs/CD 72/06 - Makosa (feat. Kathy S and Nico) - Euro-Cumbia.mp3');
insert into mp3s ("filepath") values ('/media/pi/ZUKE/MUSIC/CDs/CD 72/06 - Makosa (feat. Kathy S and Nico) - Euro-Cumbia.mp3');
insert into streams ("index","codec_name","codec_long_name","codec_type","codec_time_base","codec_tag_string","codec_tag","sample_fmt","sample_rate","channels","channel_layout","bits_per_sample","r_frame_rate","avg_frame_rate","time_base","start_pts","start_time","duration_ts","duration","bit_rate","filepath") values ('0','mp3','MP3 (MPEG audio layer 3)','audio','1/44100','[0][0][0][0]','0x0000','fltp','44100','2','stereo','0','0/0','0/0','1/14112000','0','0','2644254720','187.376327','132776','/media/pi/ZUKE/MUSIC/CDs/CD 72/07 - Internacionales - Urban.mp3');
insert into format ("filename","nb_streams","nb_programs","format_name","format_long_name","start_time","duration","size","bit_rate","probe_score","filepath") values ('/media/pi/ZUKE/MUSIC/CDs/CD 72/07 - Internacionales - Urban.mp3','1','0','mp3','MP2/3 (MPEG audio layer 2/3)','0','187.376327','3111040','132825','51','/media/pi/ZUKE/MUSIC/CDs/CD 72/07 - Internacionales - Urban.mp3');
insert into disposition ("default","dub","original","comment","lyrics","karaoke","forced","hearing_impaired","visual_impaired","clean_effects","attached_pic","timed_thumbnails","filepath") values ('0','0','0','0','0','0','0','0','0','0','0','0','/media/pi/ZUKE/MUSIC/CDs/CD 72/07 - Internacionales - Urban.mp3');
insert into tags ("album","composer","genre","title","artist","disc","track","filepath") values ('ZIN CD 72','Zumba Fitness','Urban','Internacionales','Zumba Fitness','1/1','07/14','/media/pi/ZUKE/MUSIC/CDs/CD 72/07 - Internacionales - Urban.mp3');
insert into mp3s ("filepath") values ('/media/pi/ZUKE/MUSIC/CDs/CD 72/07 - Internacionales - Urban.mp3');
insert into streams ("index","codec_name","codec_long_name","codec_type","codec_time_base","codec_tag_string","codec_tag","sample_fmt","sample_rate","channels","channel_layout","bits_per_sample","r_frame_rate","avg_frame_rate","time_base","start_pts","start_time","duration_ts","duration","bit_rate","filepath") values ('0','mp3','MP3 (MPEG audio layer 3)','audio','1/44100','[0][0][0][0]','0x0000','fltp','44100','2','stereo','0','0/0','0/0','1/14112000','0','0','3461160960','245.263673','139315','/media/pi/ZUKE/MUSIC/CDs/CD 72/08 - Hipnotizame - Reggaeton.mp3');
insert into format ("filename","nb_streams","nb_programs","format_name","format_long_name","start_time","duration","size","bit_rate","probe_score","filepath") values ('/media/pi/ZUKE/MUSIC/CDs/CD 72/08 - Hipnotizame - Reggaeton.mp3','1','0','mp3','MP2/3 (MPEG audio layer 2/3)','0','245.263673','4272256','139352','51','/media/pi/ZUKE/MUSIC/CDs/CD 72/08 - Hipnotizame - Reggaeton.mp3');
insert into disposition ("default","dub","original","comment","lyrics","karaoke","forced","hearing_impaired","visual_impaired","clean_effects","attached_pic","timed_thumbnails","filepath") values ('0','0','0','0','0','0','0','0','0','0','0','0','/media/pi/ZUKE/MUSIC/CDs/CD 72/08 - Hipnotizame - Reggaeton.mp3');
insert into tags ("album","composer","genre","title","artist","disc","track","filepath") values ('ZIN CD 72','Zumba Fitness','Reggaeton','Hipnotizame','Zumba Fitness','1/1','08/14','/media/pi/ZUKE/MUSIC/CDs/CD 72/08 - Hipnotizame - Reggaeton.mp3');
insert into mp3s ("filepath") values ('/media/pi/ZUKE/MUSIC/CDs/CD 72/08 - Hipnotizame - Reggaeton.mp3');
insert into streams ("index","codec_name","codec_long_name","codec_type","codec_time_base","codec_tag_string","codec_tag","sample_fmt","sample_rate","channels","channel_layout","bits_per_sample","r_frame_rate","avg_frame_rate","time_base","start_pts","start_time","duration_ts","duration","bit_rate","filepath") values ('0','mp3','MP3 (MPEG audio layer 3)','audio','1/44100','[0][0][0][0]','0x0000','fltp','44100','2','stereo','0','0/0','0/0','1/14112000','0','0','2906726400','205.975510','143253','/media/pi/ZUKE/MUSIC/CDs/CD 72/09 - La Alegria (feat. Dj Paul) - Cumbia.mp3');
insert into format ("filename","nb_streams","nb_programs","format_name","format_long_name","start_time","duration","size","bit_rate","probe_score","filepath") values ('/media/pi/ZUKE/MUSIC/CDs/CD 72/09 - La Alegria (feat. Dj Paul) - Cumbia.mp3','1','0','mp3','MP2/3 (MPEG audio layer 2/3)','0','205.975510','3690624','143342','51','/media/pi/ZUKE/MUSIC/CDs/CD 72/09 - La Alegria (feat. Dj Paul) - Cumbia.mp3');
insert into disposition ("default","dub","original","comment","lyrics","karaoke","forced","hearing_impaired","visual_impaired","clean_effects","attached_pic","timed_thumbnails","filepath") values ('0','0','0','0','0','0','0','0','0','0','0','0','/media/pi/ZUKE/MUSIC/CDs/CD 72/09 - La Alegria (feat. Dj Paul) - Cumbia.mp3');
insert into tags ("album","composer","genre","title","artist","disc","track","filepath") values ('ZIN CD 72','Zumba Fitness','Cumbia','La Alegria (feat DJ Paul)','Zumba Fitness','1/1','09/14','/media/pi/ZUKE/MUSIC/CDs/CD 72/09 - La Alegria (feat. Dj Paul) - Cumbia.mp3');
insert into mp3s ("filepath") values ('/media/pi/ZUKE/MUSIC/CDs/CD 72/09 - La Alegria (feat. Dj Paul) - Cumbia.mp3');
insert into streams ("index","codec_name","codec_long_name","codec_type","codec_time_base","codec_tag_string","codec_tag","sample_fmt","sample_rate","channels","channel_layout","bits_per_sample","r_frame_rate","avg_frame_rate","time_base","start_pts","start_time","duration_ts","duration","bit_rate","filepath") values ('0','mp3','MP3 (MPEG audio layer 3)','audio','1/44100','[0][0][0][0]','0x0000','fltp','44100','2','stereo','0','0/0','0/0','1/14112000','0','0','2766274560','196.022857','144570','/media/pi/ZUKE/MUSIC/CDs/CD 72/10 - Muevelo Loca (Boom Boom) Zumba Remix - Reggaeton.mp3');
insert into format ("filename","nb_streams","nb_programs","format_name","format_long_name","start_time","duration","size","bit_rate","probe_score","filepath") values ('/media/pi/ZUKE/MUSIC/CDs/CD 72/10 - Muevelo Loca (Boom Boom) Zumba Remix - Reggaeton.mp3','1','0','mp3','MP2/3 (MPEG audio layer 2/3)','0','196.022857','3543168','144602','51','/media/pi/ZUKE/MUSIC/CDs/CD 72/10 - Muevelo Loca (Boom Boom) Zumba Remix - Reggaeton.mp3');
insert into disposition ("default","dub","original","comment","lyrics","karaoke","forced","hearing_impaired","visual_impaired","clean_effects","attached_pic","timed_thumbnails","filepath") values ('0','0','0','0','0','0','0','0','0','0','0','0','/media/pi/ZUKE/MUSIC/CDs/CD 72/10 - Muevelo Loca (Boom Boom) Zumba Remix - Reggaeton.mp3');
insert into tags ("album","composer","genre","title","artist","disc","track","filepath") values ('ZIN CD 72','Zumba Fitness','Reggaeton','Muevelo Loca (Boom Boom) Zumba Remix','Zumba Fitness','1/1','10/14','/media/pi/ZUKE/MUSIC/CDs/CD 72/10 - Muevelo Loca (Boom Boom) Zumba Remix - Reggaeton.mp3');
insert into mp3s ("filepath") values ('/media/pi/ZUKE/MUSIC/CDs/CD 72/10 - Muevelo Loca (Boom Boom) Zumba Remix - Reggaeton.mp3');
insert into streams ("index","codec_name","codec_long_name","codec_type","codec_time_base","codec_tag_string","codec_tag","sample_fmt","sample_rate","channels","channel_layout","bits_per_sample","r_frame_rate","avg_frame_rate","time_base","start_pts","start_time","duration_ts","duration","bit_rate","filepath") values ('0','mp3','MP3 (MPEG audio layer 3)','audio','1/44100','[0][0][0][0]','0x0000','fltp','44100','2','stereo','0','0/0','0/0','1/14112000','0','0','3326976000','235.755102','138818','/media/pi/ZUKE/MUSIC/CDs/CD 72/11 - Pegale Con To'' - Dembow.mp3');
insert into format ("filename","nb_streams","nb_programs","format_name","format_long_name","start_time","duration","size","bit_rate","probe_score","filepath") values ('/media/pi/ZUKE/MUSIC/CDs/CD 72/11 - Pegale Con To'' - Dembow.mp3','1','0','mp3','MP2/3 (MPEG audio layer 2/3)','0','235.755102','4092032','138857','51','/media/pi/ZUKE/MUSIC/CDs/CD 72/11 - Pegale Con To'' - Dembow.mp3');
insert into disposition ("default","dub","original","comment","lyrics","karaoke","forced","hearing_impaired","visual_impaired","clean_effects","attached_pic","timed_thumbnails","filepath") values ('0','0','0','0','0','0','0','0','0','0','0','0','/media/pi/ZUKE/MUSIC/CDs/CD 72/11 - Pegale Con To'' - Dembow.mp3');
insert into tags ("album","composer","genre","title","artist","disc","track","filepath") values ('ZIN CD 72','Zumba Fitness','Dembow','Pegale Con To''','Zumba Fitness','1/1','11/14','/media/pi/ZUKE/MUSIC/CDs/CD 72/11 - Pegale Con To'' - Dembow.mp3');
insert into mp3s ("filepath") values ('/media/pi/ZUKE/MUSIC/CDs/CD 72/11 - Pegale Con To'' - Dembow.mp3');
insert into streams ("index","codec_name","codec_long_name","codec_type","codec_time_base","codec_tag_string","codec_tag","sample_fmt","sample_rate","channels","channel_layout","bits_per_sample","r_frame_rate","avg_frame_rate","time_base","start_pts","start_time","duration_ts","duration","bit_rate","filepath") values ('0','mp3','MP3 (MPEG audio layer 3)','audio','1/44100','[0][0][0][0]','0x0000','fltp','44100','2','stereo','0','0/0','0/0','1/14112000','0','0','2094981120','148.453878','134573','/media/pi/ZUKE/MUSIC/CDs/CD 72/12 - Fogo (feat. Julimar Santos) - Electronic.mp3');
insert into format ("filename","nb_streams","nb_programs","format_name","format_long_name","start_time","duration","size","bit_rate","probe_score","filepath") values ('/media/pi/ZUKE/MUSIC/CDs/CD 72/12 - Fogo (feat. Julimar Santos) - Electronic.mp3','1','0','mp3','MP2/3 (MPEG audio layer 2/3)','0','148.453878','2498688','134651','51','/media/pi/ZUKE/MUSIC/CDs/CD 72/12 - Fogo (feat. Julimar Santos) - Electronic.mp3');
insert into disposition ("default","dub","original","comment","lyrics","karaoke","forced","hearing_impaired","visual_impaired","clean_effects","attached_pic","timed_thumbnails","filepath") values ('0','0','0','0','0','0','0','0','0','0','0','0','/media/pi/ZUKE/MUSIC/CDs/CD 72/12 - Fogo (feat. Julimar Santos) - Electronic.mp3');
insert into tags ("album","composer","genre","title","artist","disc","track","filepath") values ('ZIN CD 72','Zumba Fitness','Electronic','Fogo (feat Julimar Santos)','Zumba Fitness','1/1','12/14','/media/pi/ZUKE/MUSIC/CDs/CD 72/12 - Fogo (feat. Julimar Santos) - Electronic.mp3');
insert into mp3s ("filepath") values ('/media/pi/ZUKE/MUSIC/CDs/CD 72/12 - Fogo (feat. Julimar Santos) - Electronic.mp3');
insert into streams ("index","codec_name","codec_long_name","codec_type","codec_time_base","codec_tag_string","codec_tag","sample_fmt","sample_rate","channels","channel_layout","bits_per_sample","r_frame_rate","avg_frame_rate","time_base","start_pts","start_time","duration_ts","duration","bit_rate","filepath") values ('0','mp3','MP3 (MPEG audio layer 3)','audio','1/44100','[0][0][0][0]','0x0000','fltp','44100','2','stereo','0','0/0','0/0','1/14112000','0','0','3879936000','274.938776','124303','/media/pi/ZUKE/MUSIC/CDs/CD 72/13 - Hold On - Cooldown.mp3');
insert into format ("filename","nb_streams","nb_programs","format_name","format_long_name","start_time","duration","size","bit_rate","probe_score","filepath") values ('/media/pi/ZUKE/MUSIC/CDs/CD 72/13 - Hold On - Cooldown.mp3','1','0','mp3','MP2/3 (MPEG audio layer 2/3)','0','274.938776','4272256','124311','51','/media/pi/ZUKE/MUSIC/CDs/CD 72/13 - Hold On - Cooldown.mp3');
insert into disposition ("default","dub","original","comment","lyrics","karaoke","forced","hearing_impaired","visual_impaired","clean_effects","attached_pic","timed_thumbnails","filepath") values ('0','0','0','0','0','0','0','0','0','0','0','0','/media/pi/ZUKE/MUSIC/CDs/CD 72/13 - Hold On - Cooldown.mp3');
insert into tags ("album","composer","genre","title","artist","disc","track","filepath") values ('ZIN CD 72','Zumba Fitness','Cooldown','Hold On','Zumba Fitness','1/1','13/14','/media/pi/ZUKE/MUSIC/CDs/CD 72/13 - Hold On - Cooldown.mp3');
insert into mp3s ("filepath") values ('/media/pi/ZUKE/MUSIC/CDs/CD 72/13 - Hold On - Cooldown.mp3');
insert into streams ("index","codec_name","codec_long_name","codec_type","codec_time_base","codec_tag_string","codec_tag","sample_fmt","sample_rate","channels","channel_layout","bits_per_sample","r_frame_rate","avg_frame_rate","time_base","start_pts","start_time","duration_ts","duration","bit_rate","filepath") values ('0','mp3','MP3 (MPEG audio layer 3)','audio','1/44100','[0][0][0][0]','0x0000','fltp','44100','2','stereo','0','0/0','0/0','1/14112000','0','0','8255692800','585.012245','143485','/media/pi/ZUKE/MUSIC/CDs/CD 72/14 - Hipnotizame - Muevelo Loca (Boom Boom) - Makosa - DJ Mix.mp3');
insert into format ("filename","nb_streams","nb_programs","format_name","format_long_name","start_time","duration","size","bit_rate","probe_score","filepath") values ('/media/pi/ZUKE/MUSIC/CDs/CD 72/14 - Hipnotizame - Muevelo Loca (Boom Boom) - Makosa - DJ Mix.mp3','1','0','mp3','MP2/3 (MPEG audio layer 2/3)','0','585.012245','10494080','143505','51','/media/pi/ZUKE/MUSIC/CDs/CD 72/14 - Hipnotizame - Muevelo Loca (Boom Boom) - Makosa - DJ Mix.mp3');
insert into disposition ("default","dub","original","comment","lyrics","karaoke","forced","hearing_impaired","visual_impaired","clean_effects","attached_pic","timed_thumbnails","filepath") values ('0','0','0','0','0','0','0','0','0','0','0','0','/media/pi/ZUKE/MUSIC/CDs/CD 72/14 - Hipnotizame - Muevelo Loca (Boom Boom) - Makosa - DJ Mix.mp3');
insert into tags ("album","composer","genre","title","artist","disc","track","filepath") values ('ZIN CD 72','Zumba Fitness','DJ Mix','Hipnotizame - Muevelo Loca (Boom Boom) - Makosa','Zumba Fitness','1/1','14/14','/media/pi/ZUKE/MUSIC/CDs/CD 72/14 - Hipnotizame - Muevelo Loca (Boom Boom) - Makosa - DJ Mix.mp3');
insert into mp3s ("filepath") values ('/media/pi/ZUKE/MUSIC/CDs/CD 72/14 - Hipnotizame - Muevelo Loca (Boom Boom) - Makosa - DJ Mix.mp3');
insert into streams ("index","codec_name","codec_long_name","codec_type","codec_time_base","codec_tag_string","codec_tag","sample_fmt","sample_rate","channels","channel_layout","bits_per_sample","r_frame_rate","avg_frame_rate","time_base","start_pts","start_time","duration_ts","duration","bit_rate","filepath") values ('0','mp3','MP3 (MPEG audio layer 3)','audio','1/44100','[0][0][0][0]','0x0000','fltp','44100','2','stereo','0','0/0','0/0','1/14112000','0','0','2771435520','196.388571','175893','/media/pi/ZUKE/MUSIC/CDs/CD 73/01 - Arriba Abajo - Warm-up.mp3');
insert into format ("filename","nb_streams","nb_programs","format_name","format_long_name","start_time","duration","size","bit_rate","probe_score","filepath") values ('/media/pi/ZUKE/MUSIC/CDs/CD 73/01 - Arriba Abajo - Warm-up.mp3','1','0','mp3','MP2/3 (MPEG audio layer 2/3)','0','196.388571','4319360','175951','51','/media/pi/ZUKE/MUSIC/CDs/CD 73/01 - Arriba Abajo - Warm-up.mp3');
insert into disposition ("default","dub","original","comment","lyrics","karaoke","forced","hearing_impaired","visual_impaired","clean_effects","attached_pic","timed_thumbnails","filepath") values ('0','0','0','0','0','0','0','0','0','0','0','0','/media/pi/ZUKE/MUSIC/CDs/CD 73/01 - Arriba Abajo - Warm-up.mp3');
insert into tags ("album","composer","genre","title","artist","disc","track","filepath") values ('ZIN CD 73','Zumba Fitness','Warm-up','Arriba Abajo','Amscat & Mauro Catalini feat William & Lenin','1/1','1/14','/media/pi/ZUKE/MUSIC/CDs/CD 73/01 - Arriba Abajo - Warm-up.mp3');
insert into mp3s ("filepath") values ('/media/pi/ZUKE/MUSIC/CDs/CD 73/01 - Arriba Abajo - Warm-up.mp3');
insert into streams ("index","codec_name","codec_long_name","codec_type","codec_time_base","codec_tag_string","codec_tag","sample_fmt","sample_rate","channels","channel_layout","bits_per_sample","r_frame_rate","avg_frame_rate","time_base","start_pts","start_time","duration_ts","duration","bit_rate","filepath") values ('0','mp3','MP3 (MPEG audio layer 3)','audio','1/44100','[0][0][0][0]','0x0000','fltp','44100','2','stereo','0','0/0','0/0','1/14112000','0','0','2875392000','203.755102','176331','/media/pi/ZUKE/MUSIC/CDs/CD 73/02 - Let''s Dance - Warm-up.mp3');
insert into format ("filename","nb_streams","nb_programs","format_name","format_long_name","start_time","duration","size","bit_rate","probe_score","filepath") values ('/media/pi/ZUKE/MUSIC/CDs/CD 73/02 - Let''s Dance - Warm-up.mp3','1','0','mp3','MP2/3 (MPEG audio layer 2/3)','0','203.755102','4491392','176344','51','/media/pi/ZUKE/MUSIC/CDs/CD 73/02 - Let''s Dance - Warm-up.mp3');
insert into disposition ("default","dub","original","comment","lyrics","karaoke","forced","hearing_impaired","visual_impaired","clean_effects","attached_pic","timed_thumbnails","filepath") values ('0','0','0','0','0','0','0','0','0','0','0','0','/media/pi/ZUKE/MUSIC/CDs/CD 73/02 - Let''s Dance - Warm-up.mp3');
insert into tags ("album","composer","genre","title","artist","disc","track","filepath") values ('ZIN CD 73','Zumba Fitness','Warm-up','Let''s Dance','Ibibio Sound Machine','1/1','2/14','/media/pi/ZUKE/MUSIC/CDs/CD 73/02 - Let''s Dance - Warm-up.mp3');
insert into mp3s ("filepath") values ('/media/pi/ZUKE/MUSIC/CDs/CD 73/02 - Let''s Dance - Warm-up.mp3');
insert into streams ("index","codec_name","codec_long_name","codec_type","codec_time_base","codec_tag_string","codec_tag","sample_fmt","sample_rate","channels","channel_layout","bits_per_sample","r_frame_rate","avg_frame_rate","time_base","start_pts","start_time","duration_ts","duration","bit_rate","filepath") values ('0','mp3','MP3 (MPEG audio layer 3)','audio','1/44100','[0][0][0][0]','0x0000','fltp','44100','2','stereo','0','0/0','0/0','1/14112000','0','0','3086254080','218.697143','187247','/media/pi/ZUKE/MUSIC/CDs/CD 73/03 - Te Desacata feat Light GM - Warm-up.mp3');
insert into format ("filename","nb_streams","nb_programs","format_name","format_long_name","start_time","duration","size","bit_rate","probe_score","filepath") values ('/media/pi/ZUKE/MUSIC/CDs/CD 73/03 - Te Desacata feat Light GM - Warm-up.mp3','1','0','mp3','MP2/3 (MPEG audio layer 2/3)','0','218.697143','5120128','187295','51','/media/pi/ZUKE/MUSIC/CDs/CD 73/03 - Te Desacata feat Light GM - Warm-up.mp3');
insert into disposition ("default","dub","original","comment","lyrics","karaoke","forced","hearing_impaired","visual_impaired","clean_effects","attached_pic","timed_thumbnails","filepath") values ('0','0','0','0','0','0','0','0','0','0','0','0','/media/pi/ZUKE/MUSIC/CDs/CD 73/03 - Te Desacata feat Light GM - Warm-up.mp3');
insert into tags ("album","composer","genre","title","artist","disc","track","filepath") values ('ZIN CD 73','Zumba Fitness','Warm-up','Te Desacata feat Light GM','Pedro Camacho feat Light GM','1/1','3/14','/media/pi/ZUKE/MUSIC/CDs/CD 73/03 - Te Desacata feat Light GM - Warm-up.mp3');
insert into mp3s ("filepath") values ('/media/pi/ZUKE/MUSIC/CDs/CD 73/03 - Te Desacata feat Light GM - Warm-up.mp3');
insert into streams ("index","codec_name","codec_long_name","codec_type","codec_time_base","codec_tag_string","codec_tag","sample_fmt","sample_rate","channels","channel_layout","bits_per_sample","r_frame_rate","avg_frame_rate","time_base","start_pts","start_time","duration_ts","duration","bit_rate","filepath") values ('0','mp3','MP3 (MPEG audio layer 3)','audio','1/44100','[0][0][0][0]','0x0000','fltp','44100','2','stereo','0','0/0','0/0','1/14112000','0','0','3140812800','222.563265','187763','/media/pi/ZUKE/MUSIC/CDs/CD 73/04 - Pegaito Al Piso - Plena - Merengue.mp3');
insert into format ("filename","nb_streams","nb_programs","format_name","format_long_name","start_time","duration","size","bit_rate","probe_score","filepath") values ('/media/pi/ZUKE/MUSIC/CDs/CD 73/04 - Pegaito Al Piso - Plena - Merengue.mp3','1','0','mp3','MP2/3 (MPEG audio layer 2/3)','0','222.563265','5224576','187796','51','/media/pi/ZUKE/MUSIC/CDs/CD 73/04 - Pegaito Al Piso - Plena - Merengue.mp3');
insert into disposition ("default","dub","original","comment","lyrics","karaoke","forced","hearing_impaired","visual_impaired","clean_effects","attached_pic","timed_thumbnails","filepath") values ('0','0','0','0','0','0','0','0','0','0','0','0','/media/pi/ZUKE/MUSIC/CDs/CD 73/04 - Pegaito Al Piso - Plena - Merengue.mp3');
insert into tags ("album","composer","genre","title","artist","disc","track","filepath") values ('ZIN CD 73','Zumba Fitness','Plena,Merengue','Pegaito Al Piso','La Tribu de Abrante','1/1','4/14','/media/pi/ZUKE/MUSIC/CDs/CD 73/04 - Pegaito Al Piso - Plena - Merengue.mp3');
insert into mp3s ("filepath") values ('/media/pi/ZUKE/MUSIC/CDs/CD 73/04 - Pegaito Al Piso - Plena - Merengue.mp3');
insert into streams ("index","codec_name","codec_long_name","codec_type","codec_time_base","codec_tag_string","codec_tag","sample_fmt","sample_rate","channels","channel_layout","bits_per_sample","r_frame_rate","avg_frame_rate","time_base","start_pts","start_time","duration_ts","duration","bit_rate","filepath") values ('0','mp3','MP3 (MPEG audio layer 3)','audio','1/44100','[0][0][0][0]','0x0000','fltp','44100','2','stereo','0','0/0','0/0','1/14112000','0','0','3180625920','225.384490','192565','/media/pi/ZUKE/MUSIC/CDs/CD 73/05 - Salsa Casino - Salsa.mp3');
insert into format ("filename","nb_streams","nb_programs","format_name","format_long_name","start_time","duration","size","bit_rate","probe_score","filepath") values ('/media/pi/ZUKE/MUSIC/CDs/CD 73/05 - Salsa Casino - Salsa.mp3','1','0','mp3','MP2/3 (MPEG audio layer 2/3)','0','225.384490','5427328','192642','51','/media/pi/ZUKE/MUSIC/CDs/CD 73/05 - Salsa Casino - Salsa.mp3');
insert into disposition ("default","dub","original","comment","lyrics","karaoke","forced","hearing_impaired","visual_impaired","clean_effects","attached_pic","timed_thumbnails","filepath") values ('0','0','0','0','0','0','0','0','0','0','0','0','/media/pi/ZUKE/MUSIC/CDs/CD 73/05 - Salsa Casino - Salsa.mp3');
insert into tags ("album","composer","genre","title","artist","disc","track","filepath") values ('ZIN CD 73','Zumba Fitness','Salsa','Salsa Casino','Jeison "El Brother"','1/1','5/14','/media/pi/ZUKE/MUSIC/CDs/CD 73/05 - Salsa Casino - Salsa.mp3');
insert into mp3s ("filepath") values ('/media/pi/ZUKE/MUSIC/CDs/CD 73/05 - Salsa Casino - Salsa.mp3');
insert into streams ("index","codec_name","codec_long_name","codec_type","codec_time_base","codec_tag_string","codec_tag","sample_fmt","sample_rate","channels","channel_layout","bits_per_sample","r_frame_rate","avg_frame_rate","time_base","start_pts","start_time","duration_ts","duration","bit_rate","filepath") values ('0','mp3','MP3 (MPEG audio layer 3)','audio','1/44100','[0][0][0][0]','0x0000','fltp','44100','2','stereo','0','0/0','0/0','1/14112000','0','0','2903408640','205.740408','178421','/media/pi/ZUKE/MUSIC/CDs/CD 73/06 - Duro y Suave - Reggaeton.mp3');
insert into format ("filename","nb_streams","nb_programs","format_name","format_long_name","start_time","duration","size","bit_rate","probe_score","filepath") values ('/media/pi/ZUKE/MUSIC/CDs/CD 73/06 - Duro y Suave - Reggaeton.mp3','1','0','mp3','MP2/3 (MPEG audio layer 2/3)','0','205.740408','4589696','178465','51','/media/pi/ZUKE/MUSIC/CDs/CD 73/06 - Duro y Suave - Reggaeton.mp3');
insert into disposition ("default","dub","original","comment","lyrics","karaoke","forced","hearing_impaired","visual_impaired","clean_effects","attached_pic","timed_thumbnails","filepath") values ('0','0','0','0','0','0','0','0','0','0','0','0','/media/pi/ZUKE/MUSIC/CDs/CD 73/06 - Duro y Suave - Reggaeton.mp3');
insert into tags ("album","composer","genre","title","artist","disc","track","filepath") values ('ZIN CD 73','Zumba Fitness','Reggaeton','Duro y Suave','Leslie Grace and Noriel','1/1','6/14','/media/pi/ZUKE/MUSIC/CDs/CD 73/06 - Duro y Suave - Reggaeton.mp3');
insert into mp3s ("filepath") values ('/media/pi/ZUKE/MUSIC/CDs/CD 73/06 - Duro y Suave - Reggaeton.mp3');
insert into streams ("index","codec_name","codec_long_name","codec_type","codec_time_base","codec_tag_string","codec_tag","sample_fmt","sample_rate","channels","channel_layout","bits_per_sample","r_frame_rate","avg_frame_rate","time_base","start_pts","start_time","duration_ts","duration","bit_rate","filepath") values ('0','mp3','MP3 (MPEG audio layer 3)','audio','1/44100','[0][0][0][0]','0x0000','fltp','44100','2','stereo','0','0/0','0/0','1/14112000','0','0','2648309760','187.663673','185377','/media/pi/ZUKE/MUSIC/CDs/CD 73/07 - De Izquierda A Derecha - Urbano.mp3');
insert into format ("filename","nb_streams","nb_programs","format_name","format_long_name","start_time","duration","size","bit_rate","probe_score","filepath") values ('/media/pi/ZUKE/MUSIC/CDs/CD 73/07 - De Izquierda A Derecha - Urbano.mp3','1','0','mp3','MP2/3 (MPEG audio layer 2/3)','0','187.663673','4350080','185441','51','/media/pi/ZUKE/MUSIC/CDs/CD 73/07 - De Izquierda A Derecha - Urbano.mp3');
insert into disposition ("default","dub","original","comment","lyrics","karaoke","forced","hearing_impaired","visual_impaired","clean_effects","attached_pic","timed_thumbnails","filepath") values ('0','0','0','0','0','0','0','0','0','0','0','0','/media/pi/ZUKE/MUSIC/CDs/CD 73/07 - De Izquierda A Derecha - Urbano.mp3');
insert into tags ("album","composer","genre","title","artist","disc","track","filepath") values ('ZIN CD 73','Zumba Fitness','Urbano','De Izquierda A Derecha','Veneno','1/1','7/14','/media/pi/ZUKE/MUSIC/CDs/CD 73/07 - De Izquierda A Derecha - Urbano.mp3');
insert into mp3s ("filepath") values ('/media/pi/ZUKE/MUSIC/CDs/CD 73/07 - De Izquierda A Derecha - Urbano.mp3');
insert into streams ("index","codec_name","codec_long_name","codec_type","codec_time_base","codec_tag_string","codec_tag","sample_fmt","sample_rate","channels","channel_layout","bits_per_sample","r_frame_rate","avg_frame_rate","time_base","start_pts","start_time","duration_ts","duration","bit_rate","filepath") values ('0','mp3','MP3 (MPEG audio layer 3)','audio','1/44100','[0][0][0][0]','0x0000','fltp','44100','2','stereo','0','0/0','0/0','1/14112000','0','0','3172884480','224.835918','180669','/media/pi/ZUKE/MUSIC/CDs/CD 73/08 - Azukita feat Elvis Crespo - Merengue EDM.mp3');
insert into format ("filename","nb_streams","nb_programs","format_name","format_long_name","start_time","duration","size","bit_rate","probe_score","filepath") values ('/media/pi/ZUKE/MUSIC/CDs/CD 73/08 - Azukita feat Elvis Crespo - Merengue EDM.mp3','1','0','mp3','MP2/3 (MPEG audio layer 2/3)','0','224.835918','5079168','180724','51','/media/pi/ZUKE/MUSIC/CDs/CD 73/08 - Azukita feat Elvis Crespo - Merengue EDM.mp3');
insert into disposition ("default","dub","original","comment","lyrics","karaoke","forced","hearing_impaired","visual_impaired","clean_effects","attached_pic","timed_thumbnails","filepath") values ('0','0','0','0','0','0','0','0','0','0','0','0','/media/pi/ZUKE/MUSIC/CDs/CD 73/08 - Azukita feat Elvis Crespo - Merengue EDM.mp3');
insert into tags ("album","composer","genre","title","artist","disc","track","filepath") values ('ZIN CD 73','Zumba Fitness','Merengue EDM','Azukita feat Elvis Crespo','Steve Aokim, Daddy Yankee, Play-N-Skillz','1/1','8/14','/media/pi/ZUKE/MUSIC/CDs/CD 73/08 - Azukita feat Elvis Crespo - Merengue EDM.mp3');
insert into mp3s ("filepath") values ('/media/pi/ZUKE/MUSIC/CDs/CD 73/08 - Azukita feat Elvis Crespo - Merengue EDM.mp3');
insert into streams ("index","codec_name","codec_long_name","codec_type","codec_time_base","codec_tag_string","codec_tag","sample_fmt","sample_rate","channels","channel_layout","bits_per_sample","r_frame_rate","avg_frame_rate","time_base","start_pts","start_time","duration_ts","duration","bit_rate","filepath") values ('0','mp3','MP3 (MPEG audio layer 3)','audio','1/44100','[0][0][0][0]','0x0000','fltp','44100','2','stereo','0','0/0','0/0','1/14112000','0','0','2228060160','157.884082','174689','/media/pi/ZUKE/MUSIC/CDs/CD 73/09 - Peligrosa - Dembow.mp3');
insert into format ("filename","nb_streams","nb_programs","format_name","format_long_name","start_time","duration","size","bit_rate","probe_score","filepath") values ('/media/pi/ZUKE/MUSIC/CDs/CD 73/09 - Peligrosa - Dembow.mp3','1','0','mp3','MP2/3 (MPEG audio layer 2/3)','0','157.884082','3448960','174759','51','/media/pi/ZUKE/MUSIC/CDs/CD 73/09 - Peligrosa - Dembow.mp3');
insert into disposition ("default","dub","original","comment","lyrics","karaoke","forced","hearing_impaired","visual_impaired","clean_effects","attached_pic","timed_thumbnails","filepath") values ('0','0','0','0','0','0','0','0','0','0','0','0','/media/pi/ZUKE/MUSIC/CDs/CD 73/09 - Peligrosa - Dembow.mp3');
insert into tags ("album","composer","genre","title","artist","disc","track","filepath") values ('ZIN CD 73','Zumba Fitness','Dembow','Peligrosa','Kronic, Jenn Morel & Martina La Peligrosa feat Krunk & Damaged Goods','1/1','9/14','/media/pi/ZUKE/MUSIC/CDs/CD 73/09 - Peligrosa - Dembow.mp3');
insert into mp3s ("filepath") values ('/media/pi/ZUKE/MUSIC/CDs/CD 73/09 - Peligrosa - Dembow.mp3');
insert into streams ("index","codec_name","codec_long_name","codec_type","codec_time_base","codec_tag_string","codec_tag","sample_fmt","sample_rate","channels","channel_layout","bits_per_sample","r_frame_rate","avg_frame_rate","time_base","start_pts","start_time","duration_ts","duration","bit_rate","filepath") values ('0','mp3','MP3 (MPEG audio layer 3)','audio','1/44100','[0][0][0][0]','0x0000','fltp','44100','2','stereo','0','0/0','0/0','1/14112000','0','0','3371212800','238.889796','171522','/media/pi/ZUKE/MUSIC/CDs/CD 73/10 - No War (Remix) (feat Fresh Life) - Soca.mp3');
insert into format ("filename","nb_streams","nb_programs","format_name","format_long_name","start_time","duration","size","bit_rate","probe_score","filepath") values ('/media/pi/ZUKE/MUSIC/CDs/CD 73/10 - No War (Remix) (feat Fresh Life) - Soca.mp3','1','0','mp3','MP2/3 (MPEG audio layer 2/3)','0','238.889796','5122176','171532','51','/media/pi/ZUKE/MUSIC/CDs/CD 73/10 - No War (Remix) (feat Fresh Life) - Soca.mp3');
insert into disposition ("default","dub","original","comment","lyrics","karaoke","forced","hearing_impaired","visual_impaired","clean_effects","attached_pic","timed_thumbnails","filepath") values ('0','0','0','0','0','0','0','0','0','0','0','0','/media/pi/ZUKE/MUSIC/CDs/CD 73/10 - No War (Remix) (feat Fresh Life) - Soca.mp3');
insert into tags ("album","composer","genre","title","artist","disc","track","filepath") values ('ZIN CD 73','Zumba Fitness','Soca','No War (Remix) (feat Fresh Life)','Machel Montano','1/1','10/14','/media/pi/ZUKE/MUSIC/CDs/CD 73/10 - No War (Remix) (feat Fresh Life) - Soca.mp3');
insert into mp3s ("filepath") values ('/media/pi/ZUKE/MUSIC/CDs/CD 73/10 - No War (Remix) (feat Fresh Life) - Soca.mp3');
insert into streams ("index","codec_name","codec_long_name","codec_type","codec_time_base","codec_tag_string","codec_tag","sample_fmt","sample_rate","channels","channel_layout","bits_per_sample","r_frame_rate","avg_frame_rate","time_base","start_pts","start_time","duration_ts","duration","bit_rate","filepath") values ('0','mp3','MP3 (MPEG audio layer 3)','audio','1/44100','[0][0][0][0]','0x0000','fltp','44100','2','stereo','0','0/0','0/0','1/14112000','0','0','2821201920','199.915102','177642','/media/pi/ZUKE/MUSIC/CDs/CD 73/11 - El Cartero - Cumbiaton.mp3');
insert into format ("filename","nb_streams","nb_programs","format_name","format_long_name","start_time","duration","size","bit_rate","probe_score","filepath") values ('/media/pi/ZUKE/MUSIC/CDs/CD 73/11 - El Cartero - Cumbiaton.mp3','1','0','mp3','MP2/3 (MPEG audio layer 2/3)','0','199.915102','4440192','177683','51','/media/pi/ZUKE/MUSIC/CDs/CD 73/11 - El Cartero - Cumbiaton.mp3');
insert into disposition ("default","dub","original","comment","lyrics","karaoke","forced","hearing_impaired","visual_impaired","clean_effects","attached_pic","timed_thumbnails","filepath") values ('0','0','0','0','0','0','0','0','0','0','0','0','/media/pi/ZUKE/MUSIC/CDs/CD 73/11 - El Cartero - Cumbiaton.mp3');
insert into tags ("album","composer","genre","title","artist","disc","track","filepath") values ('ZIN CD 73','Zumba Fitness','Cumbiaton','El Cartero','La Ricura y DKB','1/1','11/14','/media/pi/ZUKE/MUSIC/CDs/CD 73/11 - El Cartero - Cumbiaton.mp3');
insert into mp3s ("filepath") values ('/media/pi/ZUKE/MUSIC/CDs/CD 73/11 - El Cartero - Cumbiaton.mp3');
insert into streams ("index","codec_name","codec_long_name","codec_type","codec_time_base","codec_tag_string","codec_tag","sample_fmt","sample_rate","channels","channel_layout","bits_per_sample","r_frame_rate","avg_frame_rate","time_base","start_pts","start_time","duration_ts","duration","bit_rate","filepath") values ('0','mp3','MP3 (MPEG audio layer 3)','audio','1/44100','[0][0][0][0]','0x0000','fltp','44100','2','stereo','0','0/0','0/0','1/14112000','0','0','3316654080','235.023673','184234','/media/pi/ZUKE/MUSIC/CDs/CD 73/12 - Cumbia Pa Gozal! - Vallenato - Electronic.mp3');
insert into format ("filename","nb_streams","nb_programs","format_name","format_long_name","start_time","duration","size","bit_rate","probe_score","filepath") values ('/media/pi/ZUKE/MUSIC/CDs/CD 73/12 - Cumbia Pa Gozal! - Vallenato - Electronic.mp3','1','0','mp3','MP2/3 (MPEG audio layer 2/3)','0','235.023673','5412992','184253','51','/media/pi/ZUKE/MUSIC/CDs/CD 73/12 - Cumbia Pa Gozal! - Vallenato - Electronic.mp3');
insert into disposition ("default","dub","original","comment","lyrics","karaoke","forced","hearing_impaired","visual_impaired","clean_effects","attached_pic","timed_thumbnails","filepath") values ('0','0','0','0','0','0','0','0','0','0','0','0','/media/pi/ZUKE/MUSIC/CDs/CD 73/12 - Cumbia Pa Gozal! - Vallenato - Electronic.mp3');
insert into tags ("album","composer","genre","title","artist","disc","track","filepath") values ('ZIN CD 73','Zumba Fitness','Vallenato,Electronic','Cumbia Pa Gozal!','B.I.P','1/1','12/14','/media/pi/ZUKE/MUSIC/CDs/CD 73/12 - Cumbia Pa Gozal! - Vallenato - Electronic.mp3');
insert into mp3s ("filepath") values ('/media/pi/ZUKE/MUSIC/CDs/CD 73/12 - Cumbia Pa Gozal! - Vallenato - Electronic.mp3');
insert into streams ("index","codec_name","codec_long_name","codec_type","codec_time_base","codec_tag_string","codec_tag","sample_fmt","sample_rate","channels","channel_layout","bits_per_sample","r_frame_rate","avg_frame_rate","time_base","start_pts","start_time","duration_ts","duration","bit_rate","filepath") values ('0','mp3','MP3 (MPEG audio layer 3)','audio','1/44100','[0][0][0][0]','0x0000','fltp','44100','2','stereo','0','0/0','0/0','1/14112000','0','0','3679027200','260.702041','175180','/media/pi/ZUKE/MUSIC/CDs/CD 73/13 - True Colors - Cooldown.mp3');
insert into format ("filename","nb_streams","nb_programs","format_name","format_long_name","start_time","duration","size","bit_rate","probe_score","filepath") values ('/media/pi/ZUKE/MUSIC/CDs/CD 73/13 - True Colors - Cooldown.mp3','1','0','mp3','MP2/3 (MPEG audio layer 2/3)','0','260.702041','5709952','175217','51','/media/pi/ZUKE/MUSIC/CDs/CD 73/13 - True Colors - Cooldown.mp3');
insert into disposition ("default","dub","original","comment","lyrics","karaoke","forced","hearing_impaired","visual_impaired","clean_effects","attached_pic","timed_thumbnails","filepath") values ('0','0','0','0','0','0','0','0','0','0','0','0','/media/pi/ZUKE/MUSIC/CDs/CD 73/13 - True Colors - Cooldown.mp3');
insert into tags ("album","composer","genre","title","artist","disc","track","filepath") values ('ZIN CD 73','Zumba Fitness','Cooldown','True Colors','Zumba Fitness','1/1','13/14','/media/pi/ZUKE/MUSIC/CDs/CD 73/13 - True Colors - Cooldown.mp3');
insert into mp3s ("filepath") values ('/media/pi/ZUKE/MUSIC/CDs/CD 73/13 - True Colors - Cooldown.mp3');
insert into streams ("index","codec_name","codec_long_name","codec_type","codec_time_base","codec_tag_string","codec_tag","sample_fmt","sample_rate","channels","channel_layout","bits_per_sample","r_frame_rate","avg_frame_rate","time_base","start_pts","start_time","duration_ts","duration","bit_rate","filepath") values ('0','mp3','MP3 (MPEG audio layer 3)','audio','1/44100','[0][0][0][0]','0x0000','fltp','44100','2','stereo','0','0/0','0/0','1/14112000','0','0','8068792320','571.768163','193334','/media/pi/ZUKE/MUSIC/CDs/CD 73/14 - Pegaito Al Piso - No War - Salsa Casino - DJ Mix.mp3');
insert into format ("filename","nb_streams","nb_programs","format_name","format_long_name","start_time","duration","size","bit_rate","probe_score","filepath") values ('/media/pi/ZUKE/MUSIC/CDs/CD 73/14 - Pegaito Al Piso - No War - Salsa Casino - DJ Mix.mp3','1','0','mp3','MP2/3 (MPEG audio layer 2/3)','0','571.768163','13820032','193365','51','/media/pi/ZUKE/MUSIC/CDs/CD 73/14 - Pegaito Al Piso - No War - Salsa Casino - DJ Mix.mp3');
insert into disposition ("default","dub","original","comment","lyrics","karaoke","forced","hearing_impaired","visual_impaired","clean_effects","attached_pic","timed_thumbnails","filepath") values ('0','0','0','0','0','0','0','0','0','0','0','0','/media/pi/ZUKE/MUSIC/CDs/CD 73/14 - Pegaito Al Piso - No War - Salsa Casino - DJ Mix.mp3');
insert into tags ("album","composer","genre","title","artist","disc","track","filepath") values ('ZIN CD 73','Zumba Fitness','DJ Mix','Pegaito Al Piso - No War - Salsa Casino','Zumba Fitness','1/1','14/14','/media/pi/ZUKE/MUSIC/CDs/CD 73/14 - Pegaito Al Piso - No War - Salsa Casino - DJ Mix.mp3');
insert into mp3s ("filepath") values ('/media/pi/ZUKE/MUSIC/CDs/CD 73/14 - Pegaito Al Piso - No War - Salsa Casino - DJ Mix.mp3');
insert into streams ("index","codec_name","codec_long_name","codec_type","codec_time_base","codec_tag_string","codec_tag","sample_fmt","sample_rate","channels","channel_layout","bits_per_sample","r_frame_rate","avg_frame_rate","time_base","start_pts","start_time","duration_ts","duration","bit_rate","filepath") values ('0','mp3','MP3 (MPEG audio layer 3)','audio','1/44100','[0][0][0][0]','0x0000','fltp','44100','2','stereo','0','0/0','0/0','1/14112000','0','0','3034275840','215.013878','184310','/media/pi/ZUKE/MUSIC/CDs/CD 74/01 - Gallote (Call Me) - Warm-up.mp3');
insert into format ("filename","nb_streams","nb_programs","format_name","format_long_name","start_time","duration","size","bit_rate","probe_score","filepath") values ('/media/pi/ZUKE/MUSIC/CDs/CD 74/01 - Gallote (Call Me) - Warm-up.mp3','1','0','mp3','MP2/3 (MPEG audio layer 2/3)','0','215.013878','4954240','184331','51','/media/pi/ZUKE/MUSIC/CDs/CD 74/01 - Gallote (Call Me) - Warm-up.mp3');
insert into disposition ("default","dub","original","comment","lyrics","karaoke","forced","hearing_impaired","visual_impaired","clean_effects","attached_pic","timed_thumbnails","filepath") values ('0','0','0','0','0','0','0','0','0','0','0','0','/media/pi/ZUKE/MUSIC/CDs/CD 74/01 - Gallote (Call Me) - Warm-up.mp3');
insert into tags ("album","composer","genre","title","artist","disc","track","filepath") values ('ZIN CD 74','Zumba Fitness','Warm-up','Gallote (Call Me)','Maxx Gallo','1/1','1/14','/media/pi/ZUKE/MUSIC/CDs/CD 74/01 - Gallote (Call Me) - Warm-up.mp3');
insert into mp3s ("filepath") values ('/media/pi/ZUKE/MUSIC/CDs/CD 74/01 - Gallote (Call Me) - Warm-up.mp3');
insert into streams ("index","codec_name","codec_long_name","codec_type","codec_time_base","codec_tag_string","codec_tag","sample_fmt","sample_rate","channels","channel_layout","bits_per_sample","r_frame_rate","avg_frame_rate","time_base","start_pts","start_time","duration_ts","duration","bit_rate","filepath") values ('0','mp3','MP3 (MPEG audio layer 3)','audio','1/44100','[0][0][0][0]','0x0000','fltp','44100','2','stereo','0','0/0','0/0','1/14112000','0','0','3835330560','271.777959','194917','/media/pi/ZUKE/MUSIC/CDs/CD 74/02 - ODWAM (One Day With A Mexican) - Warm-up.mp3');
insert into format ("filename","nb_streams","nb_programs","format_name","format_long_name","start_time","duration","size","bit_rate","probe_score","filepath") values ('/media/pi/ZUKE/MUSIC/CDs/CD 74/02 - ODWAM (One Day With A Mexican) - Warm-up.mp3','1','0','mp3','MP2/3 (MPEG audio layer 2/3)','0','271.777959','6623360','194963','51','/media/pi/ZUKE/MUSIC/CDs/CD 74/02 - ODWAM (One Day With A Mexican) - Warm-up.mp3');
insert into disposition ("default","dub","original","comment","lyrics","karaoke","forced","hearing_impaired","visual_impaired","clean_effects","attached_pic","timed_thumbnails","filepath") values ('0','0','0','0','0','0','0','0','0','0','0','0','/media/pi/ZUKE/MUSIC/CDs/CD 74/02 - ODWAM (One Day With A Mexican) - Warm-up.mp3');
insert into tags ("album","composer","genre","title","artist","disc","track","filepath") values ('ZIN CD 74','Zumba Fitness','Warm-up','ODWAM (One Day With A Mexican)','Broz Rodriguez feat Lujavo & Toy Selectah','1/1','2/14','/media/pi/ZUKE/MUSIC/CDs/CD 74/02 - ODWAM (One Day With A Mexican) - Warm-up.mp3');
insert into mp3s ("filepath") values ('/media/pi/ZUKE/MUSIC/CDs/CD 74/02 - ODWAM (One Day With A Mexican) - Warm-up.mp3');
insert into streams ("index","codec_name","codec_long_name","codec_type","codec_time_base","codec_tag_string","codec_tag","sample_fmt","sample_rate","channels","channel_layout","bits_per_sample","r_frame_rate","avg_frame_rate","time_base","start_pts","start_time","duration_ts","duration","bit_rate","filepath") values ('0','mp3','MP3 (MPEG audio layer 3)','audio','1/44100','[0][0][0][0]','0x0000','fltp','44100','2','stereo','0','0/0','0/0','1/14112000','0','0','3094732800','219.297959','181192','/media/pi/ZUKE/MUSIC/CDs/CD 74/03 - Tempo - Warm-up.mp3');
insert into format ("filename","nb_streams","nb_programs","format_name","format_long_name","start_time","duration","size","bit_rate","probe_score","filepath") values ('/media/pi/ZUKE/MUSIC/CDs/CD 74/03 - Tempo - Warm-up.mp3','1','0','mp3','MP2/3 (MPEG audio layer 2/3)','0','219.297959','4968576','181253','51','/media/pi/ZUKE/MUSIC/CDs/CD 74/03 - Tempo - Warm-up.mp3');
insert into disposition ("default","dub","original","comment","lyrics","karaoke","forced","hearing_impaired","visual_impaired","clean_effects","attached_pic","timed_thumbnails","filepath") values ('0','0','0','0','0','0','0','0','0','0','0','0','/media/pi/ZUKE/MUSIC/CDs/CD 74/03 - Tempo - Warm-up.mp3');
insert into tags ("album","composer","genre","title","artist","disc","track","filepath") values ('ZIN CD 74','Zumba Fitness','Warm-up','Tempo','Beauty Brain','1/1','3/14','/media/pi/ZUKE/MUSIC/CDs/CD 74/03 - Tempo - Warm-up.mp3');
insert into mp3s ("filepath") values ('/media/pi/ZUKE/MUSIC/CDs/CD 74/03 - Tempo - Warm-up.mp3');
insert into streams ("index","codec_name","codec_long_name","codec_type","codec_time_base","codec_tag_string","codec_tag","sample_fmt","sample_rate","channels","channel_layout","bits_per_sample","r_frame_rate","avg_frame_rate","time_base","start_pts","start_time","duration_ts","duration","bit_rate","filepath") values ('0','mp3','MP3 (MPEG audio layer 3)','audio','1/44100','[0][0][0][0]','0x0000','fltp','44100','2','stereo','0','0/0','0/0','1/14112000','0','0','3206430720','227.213061','193891','/media/pi/ZUKE/MUSIC/CDs/CD 74/04 - Abreme La Puerta - Cha Cha Cha,Pop.mp3');
insert into format ("filename","nb_streams","nb_programs","format_name","format_long_name","start_time","duration","size","bit_rate","probe_score","filepath") values ('/media/pi/ZUKE/MUSIC/CDs/CD 74/04 - Abreme La Puerta - Cha Cha Cha,Pop.mp3','1','0','mp3','MP2/3 (MPEG audio layer 2/3)','0','227.213061','5507200','193904','51','/media/pi/ZUKE/MUSIC/CDs/CD 74/04 - Abreme La Puerta - Cha Cha Cha,Pop.mp3');
insert into disposition ("default","dub","original","comment","lyrics","karaoke","forced","hearing_impaired","visual_impaired","clean_effects","attached_pic","timed_thumbnails","filepath") values ('0','0','0','0','0','0','0','0','0','0','0','0','/media/pi/ZUKE/MUSIC/CDs/CD 74/04 - Abreme La Puerta - Cha Cha Cha,Pop.mp3');
insert into tags ("album","composer","genre","title","artist","disc","track","filepath") values ('ZIN CD 74','Zumba Fitness','Cha-Cha-Cha,Pop','Abreme La Puerta','Zumba Fitness','1/1','4/14','/media/pi/ZUKE/MUSIC/CDs/CD 74/04 - Abreme La Puerta - Cha Cha Cha,Pop.mp3');
insert into mp3s ("filepath") values ('/media/pi/ZUKE/MUSIC/CDs/CD 74/04 - Abreme La Puerta - Cha Cha Cha,Pop.mp3');
insert into streams ("index","codec_name","codec_long_name","codec_type","codec_time_base","codec_tag_string","codec_tag","sample_fmt","sample_rate","channels","channel_layout","bits_per_sample","r_frame_rate","avg_frame_rate","time_base","start_pts","start_time","duration_ts","duration","bit_rate","filepath") values ('0','mp3','MP3 (MPEG audio layer 3)','audio','1/44100','[0][0][0][0]','0x0000','fltp','44100','2','stereo','0','0/0','0/0','1/14112000','0','0','3033907200','214.987755','180373','/media/pi/ZUKE/MUSIC/CDs/CD 74/05 - El Piso Es Lava - Merengue Trap.mp3');
insert into format ("filename","nb_streams","nb_programs","format_name","format_long_name","start_time","duration","size","bit_rate","probe_score","filepath") values ('/media/pi/ZUKE/MUSIC/CDs/CD 74/05 - El Piso Es Lava - Merengue Trap.mp3','1','0','mp3','MP2/3 (MPEG audio layer 2/3)','0','214.987755','4847744','180391','51','/media/pi/ZUKE/MUSIC/CDs/CD 74/05 - El Piso Es Lava - Merengue Trap.mp3');
insert into disposition ("default","dub","original","comment","lyrics","karaoke","forced","hearing_impaired","visual_impaired","clean_effects","attached_pic","timed_thumbnails","filepath") values ('0','0','0','0','0','0','0','0','0','0','0','0','/media/pi/ZUKE/MUSIC/CDs/CD 74/05 - El Piso Es Lava - Merengue Trap.mp3');
insert into tags ("album","composer","genre","title","artist","disc","track","filepath") values ('ZIN CD 74','Zumba Fitness','Merengue Trap','El Piso Es Lava','B.I.P','1/1','5/14','/media/pi/ZUKE/MUSIC/CDs/CD 74/05 - El Piso Es Lava - Merengue Trap.mp3');
insert into mp3s ("filepath") values ('/media/pi/ZUKE/MUSIC/CDs/CD 74/05 - El Piso Es Lava - Merengue Trap.mp3');
insert into streams ("index","codec_name","codec_long_name","codec_type","codec_time_base","codec_tag_string","codec_tag","sample_fmt","sample_rate","channels","channel_layout","bits_per_sample","r_frame_rate","avg_frame_rate","time_base","start_pts","start_time","duration_ts","duration","bit_rate","filepath") values ('0','mp3','MP3 (MPEG audio layer 3)','audio','1/44100','[0][0][0][0]','0x0000','fltp','44100','2','stereo','0','0/0','0/0','1/14112000','0','0','2910412800','206.236735','188682','/media/pi/ZUKE/MUSIC/CDs/CD 74/06 - Atrevete - Te - Te - Rumba Espanola.mp3');
insert into format ("filename","nb_streams","nb_programs","format_name","format_long_name","start_time","duration","size","bit_rate","probe_score","filepath") values ('/media/pi/ZUKE/MUSIC/CDs/CD 74/06 - Atrevete - Te - Te - Rumba Espanola.mp3','1','0','mp3','MP2/3 (MPEG audio layer 2/3)','0','206.236735','4866176','188760','51','/media/pi/ZUKE/MUSIC/CDs/CD 74/06 - Atrevete - Te - Te - Rumba Espanola.mp3');
insert into disposition ("default","dub","original","comment","lyrics","karaoke","forced","hearing_impaired","visual_impaired","clean_effects","attached_pic","timed_thumbnails","filepath") values ('0','0','0','0','0','0','0','0','0','0','0','0','/media/pi/ZUKE/MUSIC/CDs/CD 74/06 - Atrevete - Te - Te - Rumba Espanola.mp3');
insert into tags ("album","composer","genre","title","artist","disc","track","filepath") values ('ZIN CD 74','Zumba Fitness','Rumba Espanola','Atrevete - Te - Te','Zumba Fitness','1/1','6/14','/media/pi/ZUKE/MUSIC/CDs/CD 74/06 - Atrevete - Te - Te - Rumba Espanola.mp3');
insert into mp3s ("filepath") values ('/media/pi/ZUKE/MUSIC/CDs/CD 74/06 - Atrevete - Te - Te - Rumba Espanola.mp3');
insert into streams ("index","codec_name","codec_long_name","codec_type","codec_time_base","codec_tag_string","codec_tag","sample_fmt","sample_rate","channels","channel_layout","bits_per_sample","r_frame_rate","avg_frame_rate","time_base","start_pts","start_time","duration_ts","duration","bit_rate","filepath") values ('0','mp3','MP3 (MPEG audio layer 3)','audio','1/44100','[0][0][0][0]','0x0000','fltp','44100','2','stereo','0','0/0','0/0','1/14112000','0','0','4102225920','290.690612','181268','/media/pi/ZUKE/MUSIC/CDs/CD 74/07 - Te Quiero Ver - Cumbia Calypso Techno.mp3');
insert into format ("filename","nb_streams","nb_programs","format_name","format_long_name","start_time","duration","size","bit_rate","probe_score","filepath") values ('/media/pi/ZUKE/MUSIC/CDs/CD 74/07 - Te Quiero Ver - Cumbia Calypso Techno.mp3','1','0','mp3','MP2/3 (MPEG audio layer 2/3)','0','290.690612','6588544','181321','51','/media/pi/ZUKE/MUSIC/CDs/CD 74/07 - Te Quiero Ver - Cumbia Calypso Techno.mp3');
insert into disposition ("default","dub","original","comment","lyrics","karaoke","forced","hearing_impaired","visual_impaired","clean_effects","attached_pic","timed_thumbnails","filepath") values ('0','0','0','0','0','0','0','0','0','0','0','0','/media/pi/ZUKE/MUSIC/CDs/CD 74/07 - Te Quiero Ver - Cumbia Calypso Techno.mp3');
insert into tags ("album","composer","genre","title","artist","disc","track","filepath") values ('ZIN CD 74','Zumba Fitness','Cumbia Calypso Techno','Te Quiero Ver','Locos Por Juana feat Beto Perez','1/1','7/14','/media/pi/ZUKE/MUSIC/CDs/CD 74/07 - Te Quiero Ver - Cumbia Calypso Techno.mp3');
insert into mp3s ("filepath") values ('/media/pi/ZUKE/MUSIC/CDs/CD 74/07 - Te Quiero Ver - Cumbia Calypso Techno.mp3');
insert into streams ("index","codec_name","codec_long_name","codec_type","codec_time_base","codec_tag_string","codec_tag","sample_fmt","sample_rate","channels","channel_layout","bits_per_sample","r_frame_rate","avg_frame_rate","time_base","start_pts","start_time","duration_ts","duration","bit_rate","filepath") values ('0','mp3','MP3 (MPEG audio layer 3)','audio','1/44100','[0][0][0][0]','0x0000','fltp','44100','2','stereo','0','0/0','0/0','1/14112000','0','0','3461529600','245.289796','182398','/media/pi/ZUKE/MUSIC/CDs/CD 74/08 - Fresco - Tropi Choke.mp3');
insert into format ("filename","nb_streams","nb_programs","format_name","format_long_name","start_time","duration","size","bit_rate","probe_score","filepath") values ('/media/pi/ZUKE/MUSIC/CDs/CD 74/08 - Fresco - Tropi Choke.mp3','1','0','mp3','MP2/3 (MPEG audio layer 2/3)','0','245.289796','5593216','182419','51','/media/pi/ZUKE/MUSIC/CDs/CD 74/08 - Fresco - Tropi Choke.mp3');
insert into disposition ("default","dub","original","comment","lyrics","karaoke","forced","hearing_impaired","visual_impaired","clean_effects","attached_pic","timed_thumbnails","filepath") values ('0','0','0','0','0','0','0','0','0','0','0','0','/media/pi/ZUKE/MUSIC/CDs/CD 74/08 - Fresco - Tropi Choke.mp3');
insert into tags ("album","composer","genre","title","artist","disc","track","filepath") values ('ZIN CD 74','Zumba Fitness','Tropi Choke','Fresco','Zumba feat Beto Perez','1/1','8/14','/media/pi/ZUKE/MUSIC/CDs/CD 74/08 - Fresco - Tropi Choke.mp3');
insert into mp3s ("filepath") values ('/media/pi/ZUKE/MUSIC/CDs/CD 74/08 - Fresco - Tropi Choke.mp3');
insert into streams ("index","codec_name","codec_long_name","codec_type","codec_time_base","codec_tag_string","codec_tag","sample_fmt","sample_rate","channels","channel_layout","bits_per_sample","r_frame_rate","avg_frame_rate","time_base","start_pts","start_time","duration_ts","duration","bit_rate","filepath") values ('0','mp3','MP3 (MPEG audio layer 3)','audio','1/44100','[0][0][0][0]','0x0000','fltp','44100','2','stereo','0','0/0','0/0','1/14112000','0','0','2927738880','207.464490','184764','/media/pi/ZUKE/MUSIC/CDs/CD 74/09 - Uh La La Bien Loco - Bhangra Samba.mp3');
insert into format ("filename","nb_streams","nb_programs","format_name","format_long_name","start_time","duration","size","bit_rate","probe_score","filepath") values ('/media/pi/ZUKE/MUSIC/CDs/CD 74/09 - Uh La La Bien Loco - Bhangra Samba.mp3','1','0','mp3','MP2/3 (MPEG audio layer 2/3)','0','207.464490','4792448','184800','51','/media/pi/ZUKE/MUSIC/CDs/CD 74/09 - Uh La La Bien Loco - Bhangra Samba.mp3');
insert into disposition ("default","dub","original","comment","lyrics","karaoke","forced","hearing_impaired","visual_impaired","clean_effects","attached_pic","timed_thumbnails","filepath") values ('0','0','0','0','0','0','0','0','0','0','0','0','/media/pi/ZUKE/MUSIC/CDs/CD 74/09 - Uh La La Bien Loco - Bhangra Samba.mp3');
insert into tags ("album","composer","genre","title","artist","disc","track","filepath") values ('ZIN CD 74','Zumba Fitness','Bhangra Samba','Uh La La Bien Loco','Zumba Fitness','1/1','9/14','/media/pi/ZUKE/MUSIC/CDs/CD 74/09 - Uh La La Bien Loco - Bhangra Samba.mp3');
insert into mp3s ("filepath") values ('/media/pi/ZUKE/MUSIC/CDs/CD 74/09 - Uh La La Bien Loco - Bhangra Samba.mp3');
insert into streams ("index","codec_name","codec_long_name","codec_type","codec_time_base","codec_tag_string","codec_tag","sample_fmt","sample_rate","channels","channel_layout","bits_per_sample","r_frame_rate","avg_frame_rate","time_base","start_pts","start_time","duration_ts","duration","bit_rate","filepath") values ('0','mp3','MP3 (MPEG audio layer 3)','audio','1/44100','[0][0][0][0]','0x0000','fltp','44100','2','stereo','0','0/0','0/0','1/14112000','0','0','3444203520','244.062041','187416','/media/pi/ZUKE/MUSIC/CDs/CD 74/10 - Suave Lento - Cumbia - Moombahton.mp3');
insert into format ("filename","nb_streams","nb_programs","format_name","format_long_name","start_time","duration","size","bit_rate","probe_score","filepath") values ('/media/pi/ZUKE/MUSIC/CDs/CD 74/10 - Suave Lento - Cumbia - Moombahton.mp3','1','0','mp3','MP2/3 (MPEG audio layer 2/3)','0','244.062041','5718144','187432','51','/media/pi/ZUKE/MUSIC/CDs/CD 74/10 - Suave Lento - Cumbia - Moombahton.mp3');
insert into disposition ("default","dub","original","comment","lyrics","karaoke","forced","hearing_impaired","visual_impaired","clean_effects","attached_pic","timed_thumbnails","filepath") values ('0','0','0','0','0','0','0','0','0','0','0','0','/media/pi/ZUKE/MUSIC/CDs/CD 74/10 - Suave Lento - Cumbia - Moombahton.mp3');
insert into tags ("album","composer","genre","title","artist","disc","track","filepath") values ('ZIN CD 74','Zumba Fitness','Cumbia,Moombahton','Suave Lento','DJ Moy & Alex Tatoo feat Beto Perez','1/1','10/14','/media/pi/ZUKE/MUSIC/CDs/CD 74/10 - Suave Lento - Cumbia - Moombahton.mp3');
insert into mp3s ("filepath") values ('/media/pi/ZUKE/MUSIC/CDs/CD 74/10 - Suave Lento - Cumbia - Moombahton.mp3');
insert into streams ("index","codec_name","codec_long_name","codec_type","codec_time_base","codec_tag_string","codec_tag","sample_fmt","sample_rate","channels","channel_layout","bits_per_sample","r_frame_rate","avg_frame_rate","time_base","start_pts","start_time","duration_ts","duration","bit_rate","filepath") values ('0','mp3','MP3 (MPEG audio layer 3)','audio','1/44100','[0][0][0][0]','0x0000','fltp','44100','2','stereo','0','0/0','0/0','1/14112000','0','0','3844546560','272.431020','194580','/media/pi/ZUKE/MUSIC/CDs/CD 74/11 - Cao, Cao, Mani Picao - Salsa.mp3');
insert into format ("filename","nb_streams","nb_programs","format_name","format_long_name","start_time","duration","size","bit_rate","probe_score","filepath") values ('/media/pi/ZUKE/MUSIC/CDs/CD 74/11 - Cao, Cao, Mani Picao - Salsa.mp3','1','0','mp3','MP2/3 (MPEG audio layer 2/3)','0','272.431020','6627456','194616','51','/media/pi/ZUKE/MUSIC/CDs/CD 74/11 - Cao, Cao, Mani Picao - Salsa.mp3');
insert into disposition ("default","dub","original","comment","lyrics","karaoke","forced","hearing_impaired","visual_impaired","clean_effects","attached_pic","timed_thumbnails","filepath") values ('0','0','0','0','0','0','0','0','0','0','0','0','/media/pi/ZUKE/MUSIC/CDs/CD 74/11 - Cao, Cao, Mani Picao - Salsa.mp3');
insert into tags ("album","composer","genre","title","artist","disc","track","filepath") values ('ZIN CD 74','Zumba Fitness','Salsa','Cao, Cao, Mani Picao','Zumba Fitness','1/1','11/14','/media/pi/ZUKE/MUSIC/CDs/CD 74/11 - Cao, Cao, Mani Picao - Salsa.mp3');
insert into mp3s ("filepath") values ('/media/pi/ZUKE/MUSIC/CDs/CD 74/11 - Cao, Cao, Mani Picao - Salsa.mp3');
insert into streams ("index","codec_name","codec_long_name","codec_type","codec_time_base","codec_tag_string","codec_tag","sample_fmt","sample_rate","channels","channel_layout","bits_per_sample","r_frame_rate","avg_frame_rate","time_base","start_pts","start_time","duration_ts","duration","bit_rate","filepath") values ('0','mp3','MP3 (MPEG audio layer 3)','audio','1/44100','[0][0][0][0]','0x0000','fltp','44100','2','stereo','0','0/0','0/0','1/14112000','0','0','2442240000','173.061224','169349','/media/pi/ZUKE/MUSIC/CDs/CD 74/12 - El Clavo - Reggaeton.mp3');
insert into format ("filename","nb_streams","nb_programs","format_name","format_long_name","start_time","duration","size","bit_rate","probe_score","filepath") values ('/media/pi/ZUKE/MUSIC/CDs/CD 74/12 - El Clavo - Reggaeton.mp3','1','0','mp3','MP2/3 (MPEG audio layer 2/3)','0','173.061224','3664000','169373','51','/media/pi/ZUKE/MUSIC/CDs/CD 74/12 - El Clavo - Reggaeton.mp3');
insert into disposition ("default","dub","original","comment","lyrics","karaoke","forced","hearing_impaired","visual_impaired","clean_effects","attached_pic","timed_thumbnails","filepath") values ('0','0','0','0','0','0','0','0','0','0','0','0','/media/pi/ZUKE/MUSIC/CDs/CD 74/12 - El Clavo - Reggaeton.mp3');
insert into tags ("album","composer","genre","title","artist","disc","track","filepath") values ('ZIN CD 74','Zumba Fitness','Reggaeton','El Clavo','Prince Royce','1/1','12/14','/media/pi/ZUKE/MUSIC/CDs/CD 74/12 - El Clavo - Reggaeton.mp3');
insert into mp3s ("filepath") values ('/media/pi/ZUKE/MUSIC/CDs/CD 74/12 - El Clavo - Reggaeton.mp3');
insert into streams ("index","codec_name","codec_long_name","codec_type","codec_time_base","codec_tag_string","codec_tag","sample_fmt","sample_rate","channels","channel_layout","bits_per_sample","r_frame_rate","avg_frame_rate","time_base","start_pts","start_time","duration_ts","duration","bit_rate","filepath") values ('0','mp3','MP3 (MPEG audio layer 3)','audio','1/44100','[0][0][0][0]','0x0000','fltp','44100','2','stereo','0','0/0','0/0','1/14112000','0','0','3103580160','219.924898','178113','/media/pi/ZUKE/MUSIC/CDs/CD 74/13 - Never Give Up - Cooldown.mp3');
insert into format ("filename","nb_streams","nb_programs","format_name","format_long_name","start_time","duration","size","bit_rate","probe_score","filepath") values ('/media/pi/ZUKE/MUSIC/CDs/CD 74/13 - Never Give Up - Cooldown.mp3','1','0','mp3','MP2/3 (MPEG audio layer 2/3)','0','219.924898','4896896','178129','51','/media/pi/ZUKE/MUSIC/CDs/CD 74/13 - Never Give Up - Cooldown.mp3');
insert into disposition ("default","dub","original","comment","lyrics","karaoke","forced","hearing_impaired","visual_impaired","clean_effects","attached_pic","timed_thumbnails","filepath") values ('0','0','0','0','0','0','0','0','0','0','0','0','/media/pi/ZUKE/MUSIC/CDs/CD 74/13 - Never Give Up - Cooldown.mp3');
insert into tags ("album","composer","genre","title","artist","disc","track","filepath") values ('ZIN CD 74','Zumba Fitness','Cooldown','Never Give Up','Zumba Fitness','1/1','13/14','/media/pi/ZUKE/MUSIC/CDs/CD 74/13 - Never Give Up - Cooldown.mp3');
insert into mp3s ("filepath") values ('/media/pi/ZUKE/MUSIC/CDs/CD 74/13 - Never Give Up - Cooldown.mp3');
insert into streams ("index","codec_name","codec_long_name","codec_type","codec_time_base","codec_tag_string","codec_tag","sample_fmt","sample_rate","channels","channel_layout","bits_per_sample","r_frame_rate","avg_frame_rate","time_base","start_pts","start_time","duration_ts","duration","bit_rate","filepath") values ('0','mp3','MP3 (MPEG audio layer 3)','audio','1/44100','[0][0][0][0]','0x0000','fltp','44100','2','stereo','0','0/0','0/0','1/14112000','0','0','8447754240','598.622041','190781','/media/pi/ZUKE/MUSIC/CDs/CD 74/14 - Suave Lento - Abreme La Puerta - Fesco - DJ Mix.mp3');
insert into format ("filename","nb_streams","nb_programs","format_name","format_long_name","start_time","duration","size","bit_rate","probe_score","filepath") values ('/media/pi/ZUKE/MUSIC/CDs/CD 74/14 - Suave Lento - Abreme La Puerta - Fesco - DJ Mix.mp3','1','0','mp3','MP2/3 (MPEG audio layer 2/3)','0','598.622041','14276736','190794','51','/media/pi/ZUKE/MUSIC/CDs/CD 74/14 - Suave Lento - Abreme La Puerta - Fesco - DJ Mix.mp3');
insert into disposition ("default","dub","original","comment","lyrics","karaoke","forced","hearing_impaired","visual_impaired","clean_effects","attached_pic","timed_thumbnails","filepath") values ('0','0','0','0','0','0','0','0','0','0','0','0','/media/pi/ZUKE/MUSIC/CDs/CD 74/14 - Suave Lento - Abreme La Puerta - Fesco - DJ Mix.mp3');
insert into tags ("album","composer","genre","title","artist","disc","track","filepath") values ('ZIN CD 74','Zumba Fitness','DJ Mix','Suave Lento - Abreme La Puerta - Fesco','Zumba Fitness','1/1','14/14','/media/pi/ZUKE/MUSIC/CDs/CD 74/14 - Suave Lento - Abreme La Puerta - Fesco - DJ Mix.mp3');
insert into mp3s ("filepath") values ('/media/pi/ZUKE/MUSIC/CDs/CD 74/14 - Suave Lento - Abreme La Puerta - Fesco - DJ Mix.mp3');
insert into streams ("index","codec_name","codec_long_name","codec_type","codec_time_base","codec_tag_string","codec_tag","sample_fmt","sample_rate","channels","channel_layout","bits_per_sample","r_frame_rate","avg_frame_rate","time_base","start_pts","start_time","duration_ts","duration","bit_rate","filepath") values ('0','mp3','MP3 (MPEG audio layer 3)','audio','1/44100','[0][0][0][0]','0x0000','fltp','44100','2','stereo','0','0/0','0/0','1/14112000','0','0','3072983040','217.756735','186086','/media/pi/ZUKE/MUSIC/CDs/CD 75/01 - Dust Dance - Warm-up.mp3');
insert into format ("filename","nb_streams","nb_programs","format_name","format_long_name","start_time","duration","size","bit_rate","probe_score","filepath") values ('/media/pi/ZUKE/MUSIC/CDs/CD 75/01 - Dust Dance - Warm-up.mp3','1','0','mp3','MP2/3 (MPEG audio layer 2/3)','0','217.756735','5066880','186148','51','/media/pi/ZUKE/MUSIC/CDs/CD 75/01 - Dust Dance - Warm-up.mp3');
insert into disposition ("default","dub","original","comment","lyrics","karaoke","forced","hearing_impaired","visual_impaired","clean_effects","attached_pic","timed_thumbnails","filepath") values ('0','0','0','0','0','0','0','0','0','0','0','0','/media/pi/ZUKE/MUSIC/CDs/CD 75/01 - Dust Dance - Warm-up.mp3');
insert into tags ("album","composer","genre","title","artist","disc","track","filepath") values ('ZIN CD 75','Zumba Fitness','Warm-up','Dust Dance','Zumba Fitness','1/1','1/14','/media/pi/ZUKE/MUSIC/CDs/CD 75/01 - Dust Dance - Warm-up.mp3');
insert into mp3s ("filepath") values ('/media/pi/ZUKE/MUSIC/CDs/CD 75/01 - Dust Dance - Warm-up.mp3');
insert into streams ("index","codec_name","codec_long_name","codec_type","codec_time_base","codec_tag_string","codec_tag","sample_fmt","sample_rate","channels","channel_layout","bits_per_sample","r_frame_rate","avg_frame_rate","time_base","start_pts","start_time","duration_ts","duration","bit_rate","filepath") values ('0','mp3','MP3 (MPEG audio layer 3)','audio','1/44100','[0][0][0][0]','0x0000','fltp','44100','2','stereo','0','0/0','0/0','1/14112000','0','0','2190458880','155.219592','195946','/media/pi/ZUKE/MUSIC/CDs/CD 75/02 - Trump-It - Warm-up.mp3');
insert into format ("filename","nb_streams","nb_programs","format_name","format_long_name","start_time","duration","size","bit_rate","probe_score","filepath") values ('/media/pi/ZUKE/MUSIC/CDs/CD 75/02 - Trump-It - Warm-up.mp3','1','0','mp3','MP2/3 (MPEG audio layer 2/3)','0','155.219592','3803264','196019','51','/media/pi/ZUKE/MUSIC/CDs/CD 75/02 - Trump-It - Warm-up.mp3');
insert into disposition ("default","dub","original","comment","lyrics","karaoke","forced","hearing_impaired","visual_impaired","clean_effects","attached_pic","timed_thumbnails","filepath") values ('0','0','0','0','0','0','0','0','0','0','0','0','/media/pi/ZUKE/MUSIC/CDs/CD 75/02 - Trump-It - Warm-up.mp3');
insert into tags ("album","composer","genre","title","artist","disc","track","filepath") values ('ZIN CD 75','Zumba Fitness','Warm-up','Trump-It','Gianluca Vacchi','1/1','2/14','/media/pi/ZUKE/MUSIC/CDs/CD 75/02 - Trump-It - Warm-up.mp3');
insert into mp3s ("filepath") values ('/media/pi/ZUKE/MUSIC/CDs/CD 75/02 - Trump-It - Warm-up.mp3');
insert into streams ("index","codec_name","codec_long_name","codec_type","codec_time_base","codec_tag_string","codec_tag","sample_fmt","sample_rate","channels","channel_layout","bits_per_sample","r_frame_rate","avg_frame_rate","time_base","start_pts","start_time","duration_ts","duration","bit_rate","filepath") values ('0','mp3','MP3 (MPEG audio layer 3)','audio','1/44100','[0][0][0][0]','0x0000','fltp','44100','2','stereo','0','0/0','0/0','1/14112000','0','0','2998517760','212.480000','173225','/media/pi/ZUKE/MUSIC/CDs/CD 75/03 - Blame It On the Boogie - Warm-up.mp3');
insert into format ("filename","nb_streams","nb_programs","format_name","format_long_name","start_time","duration","size","bit_rate","probe_score","filepath") values ('/media/pi/ZUKE/MUSIC/CDs/CD 75/03 - Blame It On the Boogie - Warm-up.mp3','1','0','mp3','MP2/3 (MPEG audio layer 2/3)','0','212.480000','4601984','173267','51','/media/pi/ZUKE/MUSIC/CDs/CD 75/03 - Blame It On the Boogie - Warm-up.mp3');
insert into disposition ("default","dub","original","comment","lyrics","karaoke","forced","hearing_impaired","visual_impaired","clean_effects","attached_pic","timed_thumbnails","filepath") values ('0','0','0','0','0','0','0','0','0','0','0','0','/media/pi/ZUKE/MUSIC/CDs/CD 75/03 - Blame It On the Boogie - Warm-up.mp3');
insert into tags ("album","composer","genre","title","artist","disc","track","filepath") values ('ZIN CD 75','Zumba Fitness','Warm-up','Blame It On the Boogie','Zumba Fitness','1/1','3/14','/media/pi/ZUKE/MUSIC/CDs/CD 75/03 - Blame It On the Boogie - Warm-up.mp3');
insert into mp3s ("filepath") values ('/media/pi/ZUKE/MUSIC/CDs/CD 75/03 - Blame It On the Boogie - Warm-up.mp3');
insert into streams ("index","codec_name","codec_long_name","codec_type","codec_time_base","codec_tag_string","codec_tag","sample_fmt","sample_rate","channels","channel_layout","bits_per_sample","r_frame_rate","avg_frame_rate","time_base","start_pts","start_time","duration_ts","duration","bit_rate","filepath") values ('0','mp3','MP3 (MPEG audio layer 3)','audio','1/44100','[0][0][0][0]','0x0000','fltp','44100','2','stereo','0','0/0','0/0','1/14112000','0','0','3654328320','258.951837','180043','/media/pi/ZUKE/MUSIC/CDs/CD 75/04 - No Me Dejes Asi - Merengue.mp3');
insert into format ("filename","nb_streams","nb_programs","format_name","format_long_name","start_time","duration","size","bit_rate","probe_score","filepath") values ('/media/pi/ZUKE/MUSIC/CDs/CD 75/04 - No Me Dejes Asi - Merengue.mp3','1','0','mp3','MP2/3 (MPEG audio layer 2/3)','0','258.951837','5828736','180071','51','/media/pi/ZUKE/MUSIC/CDs/CD 75/04 - No Me Dejes Asi - Merengue.mp3');
insert into disposition ("default","dub","original","comment","lyrics","karaoke","forced","hearing_impaired","visual_impaired","clean_effects","attached_pic","timed_thumbnails","filepath") values ('0','0','0','0','0','0','0','0','0','0','0','0','/media/pi/ZUKE/MUSIC/CDs/CD 75/04 - No Me Dejes Asi - Merengue.mp3');
insert into tags ("album","composer","genre","title","artist","disc","track","filepath") values ('ZIN CD 75','Zumba Fitness','Merengue','No Me Dejes Asi','Max Pizzolante','1/1','4/14','/media/pi/ZUKE/MUSIC/CDs/CD 75/04 - No Me Dejes Asi - Merengue.mp3');
insert into mp3s ("filepath") values ('/media/pi/ZUKE/MUSIC/CDs/CD 75/04 - No Me Dejes Asi - Merengue.mp3');
insert into streams ("index","codec_name","codec_long_name","codec_type","codec_time_base","codec_tag_string","codec_tag","sample_fmt","sample_rate","channels","channel_layout","bits_per_sample","r_frame_rate","avg_frame_rate","time_base","start_pts","start_time","duration_ts","duration","bit_rate","filepath") values ('0','mp3','MP3 (MPEG audio layer 3)','audio','1/44100','[0][0][0][0]','0x0000','fltp','44100','2','stereo','0','0/0','0/0','1/14112000','0','0','3224494080','228.493061','194940','/media/pi/ZUKE/MUSIC/CDs/CD 75/05 - Tus Besitos - Salsa.mp3');
insert into format ("filename","nb_streams","nb_programs","format_name","format_long_name","start_time","duration","size","bit_rate","probe_score","filepath") values ('/media/pi/ZUKE/MUSIC/CDs/CD 75/05 - Tus Besitos - Salsa.mp3','1','0','mp3','MP2/3 (MPEG audio layer 2/3)','0','228.493061','5568640','194969','51','/media/pi/ZUKE/MUSIC/CDs/CD 75/05 - Tus Besitos - Salsa.mp3');
insert into disposition ("default","dub","original","comment","lyrics","karaoke","forced","hearing_impaired","visual_impaired","clean_effects","attached_pic","timed_thumbnails","filepath") values ('0','0','0','0','0','0','0','0','0','0','0','0','/media/pi/ZUKE/MUSIC/CDs/CD 75/05 - Tus Besitos - Salsa.mp3');
insert into tags ("album","composer","genre","title","artist","disc","track","filepath") values ('ZIN CD 75','Zumba Fitness','Salsa','Tus Besitos','Zumba Fitness','1/1','5/14','/media/pi/ZUKE/MUSIC/CDs/CD 75/05 - Tus Besitos - Salsa.mp3');
insert into mp3s ("filepath") values ('/media/pi/ZUKE/MUSIC/CDs/CD 75/05 - Tus Besitos - Salsa.mp3');
insert into streams ("index","codec_name","codec_long_name","codec_type","codec_time_base","codec_tag_string","codec_tag","sample_fmt","sample_rate","channels","channel_layout","bits_per_sample","r_frame_rate","avg_frame_rate","time_base","start_pts","start_time","duration_ts","duration","bit_rate","filepath") values ('0','mp3','MP3 (MPEG audio layer 3)','audio','1/44100','[0][0][0][0]','0x0000','fltp','44100','2','stereo','0','0/0','0/0','1/14112000','0','0','2621399040','185.756735','174741','/media/pi/ZUKE/MUSIC/CDs/CD 75/06 - Todo El Mundo - Moombahton.mp3');
insert into format ("filename","nb_streams","nb_programs","format_name","format_long_name","start_time","duration","size","bit_rate","probe_score","filepath") values ('/media/pi/ZUKE/MUSIC/CDs/CD 75/06 - Todo El Mundo - Moombahton.mp3','1','0','mp3','MP2/3 (MPEG audio layer 2/3)','0','185.756735','4059264','174820','51','/media/pi/ZUKE/MUSIC/CDs/CD 75/06 - Todo El Mundo - Moombahton.mp3');
insert into disposition ("default","dub","original","comment","lyrics","karaoke","forced","hearing_impaired","visual_impaired","clean_effects","attached_pic","timed_thumbnails","filepath") values ('0','0','0','0','0','0','0','0','0','0','0','0','/media/pi/ZUKE/MUSIC/CDs/CD 75/06 - Todo El Mundo - Moombahton.mp3');
insert into tags ("album","composer","genre","title","artist","disc","track","filepath") values ('ZIN CD 75','Zumba Fitness','Moombahton','Todo El Mundo','DJ Ricky Luna feat Nando Boom & Hisatomi','1/1','6/14','/media/pi/ZUKE/MUSIC/CDs/CD 75/06 - Todo El Mundo - Moombahton.mp3');
insert into mp3s ("filepath") values ('/media/pi/ZUKE/MUSIC/CDs/CD 75/06 - Todo El Mundo - Moombahton.mp3');
insert into streams ("index","codec_name","codec_long_name","codec_type","codec_time_base","codec_tag_string","codec_tag","sample_fmt","sample_rate","channels","channel_layout","bits_per_sample","r_frame_rate","avg_frame_rate","time_base","start_pts","start_time","duration_ts","duration","bit_rate","filepath") values ('0','mp3','MP3 (MPEG audio layer 3)','audio','1/44100','[0][0][0][0]','0x0000','fltp','44100','2','stereo','0','0/0','0/0','1/14112000','0','0','2716139520','192.470204','173293','/media/pi/ZUKE/MUSIC/CDs/CD 75/07 - No Me Fio (Solita Pa Ti) - Cumbia.mp3');
insert into format ("filename","nb_streams","nb_programs","format_name","format_long_name","start_time","duration","size","bit_rate","probe_score","filepath") values ('/media/pi/ZUKE/MUSIC/CDs/CD 75/07 - No Me Fio (Solita Pa Ti) - Cumbia.mp3','1','0','mp3','MP2/3 (MPEG audio layer 2/3)','0','192.470204','4169856','173319','51','/media/pi/ZUKE/MUSIC/CDs/CD 75/07 - No Me Fio (Solita Pa Ti) - Cumbia.mp3');
insert into disposition ("default","dub","original","comment","lyrics","karaoke","forced","hearing_impaired","visual_impaired","clean_effects","attached_pic","timed_thumbnails","filepath") values ('0','0','0','0','0','0','0','0','0','0','0','0','/media/pi/ZUKE/MUSIC/CDs/CD 75/07 - No Me Fio (Solita Pa Ti) - Cumbia.mp3');
insert into tags ("album","composer","genre","title","artist","disc","track","filepath") values ('ZIN CD 75','Zumba Fitness','Cumbia','No Me Fio (Solita Pa Ti)','Zumba feat Fanny Lu','1/1','7/14','/media/pi/ZUKE/MUSIC/CDs/CD 75/07 - No Me Fio (Solita Pa Ti) - Cumbia.mp3');
insert into mp3s ("filepath") values ('/media/pi/ZUKE/MUSIC/CDs/CD 75/07 - No Me Fio (Solita Pa Ti) - Cumbia.mp3');
insert into streams ("index","codec_name","codec_long_name","codec_type","codec_time_base","codec_tag_string","codec_tag","sample_fmt","sample_rate","channels","channel_layout","bits_per_sample","r_frame_rate","avg_frame_rate","time_base","start_pts","start_time","duration_ts","duration","bit_rate","filepath") values ('0','mp3','MP3 (MPEG audio layer 3)','audio','1/44100','[0][0][0][0]','0x0000','fltp','44100','2','stereo','0','0/0','0/0','1/14112000','0','0','2787287040','197.511837','180255','/media/pi/ZUKE/MUSIC/CDs/CD 75/08 - Familiar - Pop.mp3');
insert into format ("filename","nb_streams","nb_programs","format_name","format_long_name","start_time","duration","size","bit_rate","probe_score","filepath") values ('/media/pi/ZUKE/MUSIC/CDs/CD 75/08 - Familiar - Pop.mp3','1','0','mp3','MP2/3 (MPEG audio layer 2/3)','0','197.511837','4452480','180342','51','/media/pi/ZUKE/MUSIC/CDs/CD 75/08 - Familiar - Pop.mp3');
insert into disposition ("default","dub","original","comment","lyrics","karaoke","forced","hearing_impaired","visual_impaired","clean_effects","attached_pic","timed_thumbnails","filepath") values ('0','0','0','0','0','0','0','0','0','0','0','0','/media/pi/ZUKE/MUSIC/CDs/CD 75/08 - Familiar - Pop.mp3');
insert into tags ("album","composer","genre","title","artist","disc","track","filepath") values ('ZIN CD 75','Zumba Fitness','Pop','Familiar','Liam Payne & J Balvin','1/1','8/14','/media/pi/ZUKE/MUSIC/CDs/CD 75/08 - Familiar - Pop.mp3');
insert into mp3s ("filepath") values ('/media/pi/ZUKE/MUSIC/CDs/CD 75/08 - Familiar - Pop.mp3');
insert into streams ("index","codec_name","codec_long_name","codec_type","codec_time_base","codec_tag_string","codec_tag","sample_fmt","sample_rate","channels","channel_layout","bits_per_sample","r_frame_rate","avg_frame_rate","time_base","start_pts","start_time","duration_ts","duration","bit_rate","filepath") values ('0','mp3','MP3 (MPEG audio layer 3)','audio','1/44100','[0][0][0][0]','0x0000','fltp','44100','2','stereo','0','0/0','0/0','1/14112000','0','0','3106529280','220.133878','167404','/media/pi/ZUKE/MUSIC/CDs/CD 75/09 - Telephon Zoghayar - Belly Dance.mp3');
insert into format ("filename","nb_streams","nb_programs","format_name","format_long_name","start_time","duration","size","bit_rate","probe_score","filepath") values ('/media/pi/ZUKE/MUSIC/CDs/CD 75/09 - Telephon Zoghayar - Belly Dance.mp3','1','0','mp3','MP2/3 (MPEG audio layer 2/3)','0','220.133878','4608128','167466','51','/media/pi/ZUKE/MUSIC/CDs/CD 75/09 - Telephon Zoghayar - Belly Dance.mp3');
insert into disposition ("default","dub","original","comment","lyrics","karaoke","forced","hearing_impaired","visual_impaired","clean_effects","attached_pic","timed_thumbnails","filepath") values ('0','0','0','0','0','0','0','0','0','0','0','0','/media/pi/ZUKE/MUSIC/CDs/CD 75/09 - Telephon Zoghayar - Belly Dance.mp3');
insert into tags ("album","composer","genre","title","artist","disc","track","filepath") values ('ZIN CD 75','Zumba Fitness','Belly Dance','Telephon Zoghayar','Hakim','1/1','9/14','/media/pi/ZUKE/MUSIC/CDs/CD 75/09 - Telephon Zoghayar - Belly Dance.mp3');
insert into mp3s ("filepath") values ('/media/pi/ZUKE/MUSIC/CDs/CD 75/09 - Telephon Zoghayar - Belly Dance.mp3');
insert into streams ("index","codec_name","codec_long_name","codec_type","codec_time_base","codec_tag_string","codec_tag","sample_fmt","sample_rate","channels","channel_layout","bits_per_sample","r_frame_rate","avg_frame_rate","time_base","start_pts","start_time","duration_ts","duration","bit_rate","filepath") values ('0','mp3','MP3 (MPEG audio layer 3)','audio','1/44100','[0][0][0][0]','0x0000','fltp','44100','2','stereo','0','0/0','0/0','1/14112000','0','0','2642042880','187.219592','185586','/media/pi/ZUKE/MUSIC/CDs/CD 75/10 - Doh Play Dat - Soca.mp3');
insert into format ("filename","nb_streams","nb_programs","format_name","format_long_name","start_time","duration","size","bit_rate","probe_score","filepath") values ('/media/pi/ZUKE/MUSIC/CDs/CD 75/10 - Doh Play Dat - Soca.mp3','1','0','mp3','MP2/3 (MPEG audio layer 2/3)','0','187.219592','4343936','185618','51','/media/pi/ZUKE/MUSIC/CDs/CD 75/10 - Doh Play Dat - Soca.mp3');
insert into disposition ("default","dub","original","comment","lyrics","karaoke","forced","hearing_impaired","visual_impaired","clean_effects","attached_pic","timed_thumbnails","filepath") values ('0','0','0','0','0','0','0','0','0','0','0','0','/media/pi/ZUKE/MUSIC/CDs/CD 75/10 - Doh Play Dat - Soca.mp3');
insert into tags ("album","composer","genre","title","artist","disc","track","filepath") values ('ZIN CD 75','Zumba Fitness','Soca','Doh Play Dat','Machel Montano','1/1','10/14','/media/pi/ZUKE/MUSIC/CDs/CD 75/10 - Doh Play Dat - Soca.mp3');
insert into mp3s ("filepath") values ('/media/pi/ZUKE/MUSIC/CDs/CD 75/10 - Doh Play Dat - Soca.mp3');
insert into streams ("index","codec_name","codec_long_name","codec_type","codec_time_base","codec_tag_string","codec_tag","sample_fmt","sample_rate","channels","channel_layout","bits_per_sample","r_frame_rate","avg_frame_rate","time_base","start_pts","start_time","duration_ts","duration","bit_rate","filepath") values ('0','mp3','MP3 (MPEG audio layer 3)','audio','1/44100','[0][0][0][0]','0x0000','fltp','44100','2','stereo','0','0/0','0/0','1/14112000','0','0','2499379200','177.110204','190132','/media/pi/ZUKE/MUSIC/CDs/CD 75/11 - Me Patina El Coco - Dembow.mp3');
insert into format ("filename","nb_streams","nb_programs","format_name","format_long_name","start_time","duration","size","bit_rate","probe_score","filepath") values ('/media/pi/ZUKE/MUSIC/CDs/CD 75/11 - Me Patina El Coco - Dembow.mp3','1','0','mp3','MP2/3 (MPEG audio layer 2/3)','0','177.110204','4210816','190200','51','/media/pi/ZUKE/MUSIC/CDs/CD 75/11 - Me Patina El Coco - Dembow.mp3');
insert into disposition ("default","dub","original","comment","lyrics","karaoke","forced","hearing_impaired","visual_impaired","clean_effects","attached_pic","timed_thumbnails","filepath") values ('0','0','0','0','0','0','0','0','0','0','0','0','/media/pi/ZUKE/MUSIC/CDs/CD 75/11 - Me Patina El Coco - Dembow.mp3');
insert into tags ("album","composer","genre","title","artist","disc","track","filepath") values ('ZIN CD 75','Zumba Fitness','Dembow','Me Patina El Coco','El Chevo','1/1','11/14','/media/pi/ZUKE/MUSIC/CDs/CD 75/11 - Me Patina El Coco - Dembow.mp3');
insert into mp3s ("filepath") values ('/media/pi/ZUKE/MUSIC/CDs/CD 75/11 - Me Patina El Coco - Dembow.mp3');
insert into streams ("index","codec_name","codec_long_name","codec_type","codec_time_base","codec_tag_string","codec_tag","sample_fmt","sample_rate","channels","channel_layout","bits_per_sample","r_frame_rate","avg_frame_rate","time_base","start_pts","start_time","duration_ts","duration","bit_rate","filepath") values ('0','mp3','MP3 (MPEG audio layer 3)','audio','1/44100','[0][0][0][0]','0x0000','fltp','44100','2','stereo','0','0/0','0/0','1/14112000','0','0','2687016960','190.406531','175038','/media/pi/ZUKE/MUSIC/CDs/CD 75/12 - Love - Pop Latino.mp3');
insert into format ("filename","nb_streams","nb_programs","format_name","format_long_name","start_time","duration","size","bit_rate","probe_score","filepath") values ('/media/pi/ZUKE/MUSIC/CDs/CD 75/12 - Love - Pop Latino.mp3','1','0','mp3','MP2/3 (MPEG audio layer 2/3)','0','190.406531','4167808','175111','51','/media/pi/ZUKE/MUSIC/CDs/CD 75/12 - Love - Pop Latino.mp3');
insert into disposition ("default","dub","original","comment","lyrics","karaoke","forced","hearing_impaired","visual_impaired","clean_effects","attached_pic","timed_thumbnails","filepath") values ('0','0','0','0','0','0','0','0','0','0','0','0','/media/pi/ZUKE/MUSIC/CDs/CD 75/12 - Love - Pop Latino.mp3');
insert into tags ("album","composer","genre","title","artist","disc","track","filepath") values ('ZIN CD 75','Zumba Fitness','Pop Latino','Love','Gianluca Vacchi & Sebastian Yatra','1/1','12/14','/media/pi/ZUKE/MUSIC/CDs/CD 75/12 - Love - Pop Latino.mp3');
insert into mp3s ("filepath") values ('/media/pi/ZUKE/MUSIC/CDs/CD 75/12 - Love - Pop Latino.mp3');
insert into streams ("index","codec_name","codec_long_name","codec_type","codec_time_base","codec_tag_string","codec_tag","sample_fmt","sample_rate","channels","channel_layout","bits_per_sample","r_frame_rate","avg_frame_rate","time_base","start_pts","start_time","duration_ts","duration","bit_rate","filepath") values ('0','mp3','MP3 (MPEG audio layer 3)','audio','1/44100','[0][0][0][0]','0x0000','fltp','44100','2','stereo','0','0/0','0/0','1/14112000','0','0','3496919040','247.797551','189431','/media/pi/ZUKE/MUSIC/CDs/CD 75/13 - I Believe - Cooldown.mp3');
insert into format ("filename","nb_streams","nb_programs","format_name","format_long_name","start_time","duration","size","bit_rate","probe_score","filepath") values ('/media/pi/ZUKE/MUSIC/CDs/CD 75/13 - I Believe - Cooldown.mp3','1','0','mp3','MP2/3 (MPEG audio layer 2/3)','0','247.797551','5869696','189499','51','/media/pi/ZUKE/MUSIC/CDs/CD 75/13 - I Believe - Cooldown.mp3');
insert into disposition ("default","dub","original","comment","lyrics","karaoke","forced","hearing_impaired","visual_impaired","clean_effects","attached_pic","timed_thumbnails","filepath") values ('0','0','0','0','0','0','0','0','0','0','0','0','/media/pi/ZUKE/MUSIC/CDs/CD 75/13 - I Believe - Cooldown.mp3');
insert into tags ("album","composer","genre","title","artist","disc","track","filepath") values ('ZIN CD 75','Zumba Fitness','Cooldown','I Believe','Zumba Fitness','1/1','13/14','/media/pi/ZUKE/MUSIC/CDs/CD 75/13 - I Believe - Cooldown.mp3');
insert into mp3s ("filepath") values ('/media/pi/ZUKE/MUSIC/CDs/CD 75/13 - I Believe - Cooldown.mp3');
insert into streams ("index","codec_name","codec_long_name","codec_type","codec_time_base","codec_tag_string","codec_tag","sample_fmt","sample_rate","channels","channel_layout","bits_per_sample","r_frame_rate","avg_frame_rate","time_base","start_pts","start_time","duration_ts","duration","bit_rate","filepath") values ('0','mp3','MP3 (MPEG audio layer 3)','audio','1/44100','[0][0][0][0]','0x0000','fltp','44100','2','stereo','0','0/0','0/0','1/14112000','0','0','7548272640','534.883265','185538','/media/pi/ZUKE/MUSIC/CDs/CD 75/14 - No Me Fio (Solita Pa Ti) - I Believe - Telephon Zoghayar - DJ Mix.mp3');
insert into format ("filename","nb_streams","nb_programs","format_name","format_long_name","start_time","duration","size","bit_rate","probe_score","filepath") values ('/media/pi/ZUKE/MUSIC/CDs/CD 75/14 - No Me Fio (Solita Pa Ti) - I Believe - Telephon Zoghayar - DJ Mix.mp3','1','0','mp3','MP2/3 (MPEG audio layer 2/3)','0','534.883265','12406912','185564','51','/media/pi/ZUKE/MUSIC/CDs/CD 75/14 - No Me Fio (Solita Pa Ti) - I Believe - Telephon Zoghayar - DJ Mix.mp3');
insert into disposition ("default","dub","original","comment","lyrics","karaoke","forced","hearing_impaired","visual_impaired","clean_effects","attached_pic","timed_thumbnails","filepath") values ('0','0','0','0','0','0','0','0','0','0','0','0','/media/pi/ZUKE/MUSIC/CDs/CD 75/14 - No Me Fio (Solita Pa Ti) - I Believe - Telephon Zoghayar - DJ Mix.mp3');
insert into tags ("album","composer","genre","title","artist","disc","track","filepath") values ('ZIN CD 75','Zumba Fitness','DJ Mix','No Me Fio (Solita Pa Ti) - I Believe - Telephon Zoghayar','Zumba Fitness','1/1','14/14','/media/pi/ZUKE/MUSIC/CDs/CD 75/14 - No Me Fio (Solita Pa Ti) - I Believe - Telephon Zoghayar - DJ Mix.mp3');
insert into mp3s ("filepath") values ('/media/pi/ZUKE/MUSIC/CDs/CD 75/14 - No Me Fio (Solita Pa Ti) - I Believe - Telephon Zoghayar - DJ Mix.mp3');
insert into streams ("index","codec_name","codec_long_name","codec_type","codec_time_base","codec_tag_string","codec_tag","sample_fmt","sample_rate","channels","channel_layout","bits_per_sample","r_frame_rate","avg_frame_rate","time_base","start_pts","start_time","duration_ts","duration","bit_rate","filepath") values ('0','mp3','MP3 (MPEG audio layer 3)','audio','1/44100','[0][0][0][0]','0x0000','fltp','44100','2','stereo','0','0/0','0/0','1/14112000','0','0','2914836480','206.550204','180112','/media/pi/ZUKE/MUSIC/CDs/CD 76/01 - Dance With Me - Warm-up.mp3');
insert into format ("filename","nb_streams","nb_programs","format_name","format_long_name","start_time","duration","size","bit_rate","probe_score","filepath") values ('/media/pi/ZUKE/MUSIC/CDs/CD 76/01 - Dance With Me - Warm-up.mp3','1','0','mp3','MP2/3 (MPEG audio layer 2/3)','0','206.550204','4651136','180145','51','/media/pi/ZUKE/MUSIC/CDs/CD 76/01 - Dance With Me - Warm-up.mp3');
insert into disposition ("default","dub","original","comment","lyrics","karaoke","forced","hearing_impaired","visual_impaired","clean_effects","attached_pic","timed_thumbnails","filepath") values ('0','0','0','0','0','0','0','0','0','0','0','0','/media/pi/ZUKE/MUSIC/CDs/CD 76/01 - Dance With Me - Warm-up.mp3');
insert into tags ("album","composer","genre","title","artist","disc","track","filepath") values ('ZIN CD 76','Zumba Fitness','Warm-up','Dance With Me','Tatiana Kotova','1/1','1/14','/media/pi/ZUKE/MUSIC/CDs/CD 76/01 - Dance With Me - Warm-up.mp3');
insert into mp3s ("filepath") values ('/media/pi/ZUKE/MUSIC/CDs/CD 76/01 - Dance With Me - Warm-up.mp3');
insert into streams ("index","codec_name","codec_long_name","codec_type","codec_time_base","codec_tag_string","codec_tag","sample_fmt","sample_rate","channels","channel_layout","bits_per_sample","r_frame_rate","avg_frame_rate","time_base","start_pts","start_time","duration_ts","duration","bit_rate","filepath") values ('0','mp3','MP3 (MPEG audio layer 3)','audio','1/44100','[0][0][0][0]','0x0000','fltp','44100','2','stereo','0','0/0','0/0','1/14112000','0','0','3214540800','227.787755','188034','/media/pi/ZUKE/MUSIC/CDs/CD 76/02 - Get Loose - Warm-up.mp3');
insert into format ("filename","nb_streams","nb_programs","format_name","format_long_name","start_time","duration","size","bit_rate","probe_score","filepath") values ('/media/pi/ZUKE/MUSIC/CDs/CD 76/02 - Get Loose - Warm-up.mp3','1','0','mp3','MP2/3 (MPEG audio layer 2/3)','0','227.787755','5355648','188092','51','/media/pi/ZUKE/MUSIC/CDs/CD 76/02 - Get Loose - Warm-up.mp3');
insert into disposition ("default","dub","original","comment","lyrics","karaoke","forced","hearing_impaired","visual_impaired","clean_effects","attached_pic","timed_thumbnails","filepath") values ('0','0','0','0','0','0','0','0','0','0','0','0','/media/pi/ZUKE/MUSIC/CDs/CD 76/02 - Get Loose - Warm-up.mp3');
insert into tags ("album","composer","genre","title","artist","disc","track","filepath") values ('ZIN CD 76','Zumba Fitness','Warm-up','Get Loose','Dahrio Wonder feat DJ Francis','1/1','2/14','/media/pi/ZUKE/MUSIC/CDs/CD 76/02 - Get Loose - Warm-up.mp3');
insert into mp3s ("filepath") values ('/media/pi/ZUKE/MUSIC/CDs/CD 76/02 - Get Loose - Warm-up.mp3');
insert into streams ("index","codec_name","codec_long_name","codec_type","codec_time_base","codec_tag_string","codec_tag","sample_fmt","sample_rate","channels","channel_layout","bits_per_sample","r_frame_rate","avg_frame_rate","time_base","start_pts","start_time","duration_ts","duration","bit_rate","filepath") values ('0','mp3','MP3 (MPEG audio layer 3)','audio','1/44100','[0][0][0][0]','0x0000','fltp','44100','2','stereo','0','0/0','0/0','1/14112000','0','0','2359664640','167.209796','169521','/media/pi/ZUKE/MUSIC/CDs/CD 76/03 - Ain''t Your Mama - Warm-up.mp3');
insert into format ("filename","nb_streams","nb_programs","format_name","format_long_name","start_time","duration","size","bit_rate","probe_score","filepath") values ('/media/pi/ZUKE/MUSIC/CDs/CD 76/03 - Ain''t Your Mama - Warm-up.mp3','1','0','mp3','MP2/3 (MPEG audio layer 2/3)','0','167.209796','3545216','169617','51','/media/pi/ZUKE/MUSIC/CDs/CD 76/03 - Ain''t Your Mama - Warm-up.mp3');
insert into disposition ("default","dub","original","comment","lyrics","karaoke","forced","hearing_impaired","visual_impaired","clean_effects","attached_pic","timed_thumbnails","filepath") values ('0','0','0','0','0','0','0','0','0','0','0','0','/media/pi/ZUKE/MUSIC/CDs/CD 76/03 - Ain''t Your Mama - Warm-up.mp3');
insert into tags ("album","composer","genre","title","artist","disc","track","filepath") values ('ZIN CD 76','Zumba Fitness','Warm-up','Ain''t Your Mama','Zumba Fitness','1/1','3/14','/media/pi/ZUKE/MUSIC/CDs/CD 76/03 - Ain''t Your Mama - Warm-up.mp3');
insert into mp3s ("filepath") values ('/media/pi/ZUKE/MUSIC/CDs/CD 76/03 - Ain''t Your Mama - Warm-up.mp3');
insert into streams ("index","codec_name","codec_long_name","codec_type","codec_time_base","codec_tag_string","codec_tag","sample_fmt","sample_rate","channels","channel_layout","bits_per_sample","r_frame_rate","avg_frame_rate","time_base","start_pts","start_time","duration_ts","duration","bit_rate","filepath") values ('0','mp3','MP3 (MPEG audio layer 3)','audio','1/44100','[0][0][0][0]','0x0000','fltp','44100','2','stereo','0','0/0','0/0','1/14112000','0','0','3374899200','239.151020','171788','/media/pi/ZUKE/MUSIC/CDs/CD 76/04 - Don''t Stop The Party - Merengue.mp3');
insert into format ("filename","nb_streams","nb_programs","format_name","format_long_name","start_time","duration","size","bit_rate","probe_score","filepath") values ('/media/pi/ZUKE/MUSIC/CDs/CD 76/04 - Don''t Stop The Party - Merengue.mp3','1','0','mp3','MP2/3 (MPEG audio layer 2/3)','0','239.151020','5136512','171824','51','/media/pi/ZUKE/MUSIC/CDs/CD 76/04 - Don''t Stop The Party - Merengue.mp3');
insert into disposition ("default","dub","original","comment","lyrics","karaoke","forced","hearing_impaired","visual_impaired","clean_effects","attached_pic","timed_thumbnails","filepath") values ('0','0','0','0','0','0','0','0','0','0','0','0','/media/pi/ZUKE/MUSIC/CDs/CD 76/04 - Don''t Stop The Party - Merengue.mp3');
insert into tags ("album","composer","genre","title","artist","disc","track","filepath") values ('ZIN CD 76','Zumba Fitness','Merengue','Don''t Stop The Party','B.I.P','1/1','4/14','/media/pi/ZUKE/MUSIC/CDs/CD 76/04 - Don''t Stop The Party - Merengue.mp3');
insert into mp3s ("filepath") values ('/media/pi/ZUKE/MUSIC/CDs/CD 76/04 - Don''t Stop The Party - Merengue.mp3');
insert into streams ("index","codec_name","codec_long_name","codec_type","codec_time_base","codec_tag_string","codec_tag","sample_fmt","sample_rate","channels","channel_layout","bits_per_sample","r_frame_rate","avg_frame_rate","time_base","start_pts","start_time","duration_ts","duration","bit_rate","filepath") values ('0','mp3','MP3 (MPEG audio layer 3)','audio','1/44100','[0][0][0][0]','0x0000','fltp','44100','2','stereo','0','0/0','0/0','1/14112000','0','0','4232355840','299.911837','188221','/media/pi/ZUKE/MUSIC/CDs/CD 76/05 - Salsa Pa'' Olvidar las Penas - Salsa.mp3');
insert into format ("filename","nb_streams","nb_programs","format_name","format_long_name","start_time","duration","size","bit_rate","probe_score","filepath") values ('/media/pi/ZUKE/MUSIC/CDs/CD 76/05 - Salsa Pa'' Olvidar las Penas - Salsa.mp3','1','0','mp3','MP2/3 (MPEG audio layer 2/3)','0','299.911837','7057536','188256','51','/media/pi/ZUKE/MUSIC/CDs/CD 76/05 - Salsa Pa'' Olvidar las Penas - Salsa.mp3');
insert into disposition ("default","dub","original","comment","lyrics","karaoke","forced","hearing_impaired","visual_impaired","clean_effects","attached_pic","timed_thumbnails","filepath") values ('0','0','0','0','0','0','0','0','0','0','0','0','/media/pi/ZUKE/MUSIC/CDs/CD 76/05 - Salsa Pa'' Olvidar las Penas - Salsa.mp3');
insert into tags ("album","composer","genre","title","artist","disc","track","filepath") values ('ZIN CD 76','Zumba Fitness','Salsa','Salsa Pa'' Olvidar las Penas','Zumba Fitness','1/1','5/14','/media/pi/ZUKE/MUSIC/CDs/CD 76/05 - Salsa Pa'' Olvidar las Penas - Salsa.mp3');
insert into mp3s ("filepath") values ('/media/pi/ZUKE/MUSIC/CDs/CD 76/05 - Salsa Pa'' Olvidar las Penas - Salsa.mp3');
insert into streams ("index","codec_name","codec_long_name","codec_type","codec_time_base","codec_tag_string","codec_tag","sample_fmt","sample_rate","channels","channel_layout","bits_per_sample","r_frame_rate","avg_frame_rate","time_base","start_pts","start_time","duration_ts","duration","bit_rate","filepath") values ('0','mp3','MP3 (MPEG audio layer 3)','audio','1/44100','[0][0][0][0]','0x0000','fltp','44100','2','stereo','0','0/0','0/0','1/14112000','0','0','2839265280','201.195102','177589','/media/pi/ZUKE/MUSIC/CDs/CD 76/06 - Te Duele - Reggaeton.mp3');
insert into format ("filename","nb_streams","nb_programs","format_name","format_long_name","start_time","duration","size","bit_rate","probe_score","filepath") values ('/media/pi/ZUKE/MUSIC/CDs/CD 76/06 - Te Duele - Reggaeton.mp3','1','0','mp3','MP2/3 (MPEG audio layer 2/3)','0','201.195102','4466816','177611','51','/media/pi/ZUKE/MUSIC/CDs/CD 76/06 - Te Duele - Reggaeton.mp3');
insert into disposition ("default","dub","original","comment","lyrics","karaoke","forced","hearing_impaired","visual_impaired","clean_effects","attached_pic","timed_thumbnails","filepath") values ('0','0','0','0','0','0','0','0','0','0','0','0','/media/pi/ZUKE/MUSIC/CDs/CD 76/06 - Te Duele - Reggaeton.mp3');
insert into tags ("album","composer","genre","title","artist","disc","track","filepath") values ('ZIN CD 76','Zumba Fitness','Reggaeton','Te Duele','Gente De Zona','1/1','6/14','/media/pi/ZUKE/MUSIC/CDs/CD 76/06 - Te Duele - Reggaeton.mp3');
insert into mp3s ("filepath") values ('/media/pi/ZUKE/MUSIC/CDs/CD 76/06 - Te Duele - Reggaeton.mp3');
insert into streams ("index","codec_name","codec_long_name","codec_type","codec_time_base","codec_tag_string","codec_tag","sample_fmt","sample_rate","channels","channel_layout","bits_per_sample","r_frame_rate","avg_frame_rate","time_base","start_pts","start_time","duration_ts","duration","bit_rate","filepath") values ('0','mp3','MP3 (MPEG audio layer 3)','audio','1/44100','[0][0][0][0]','0x0000','fltp','44100','2','stereo','0','0/0','0/0','1/14112000','0','0','3585392640','254.066939','187848','/media/pi/ZUKE/MUSIC/CDs/CD 76/07 - Polola - Cumbia.mp3');
insert into format ("filename","nb_streams","nb_programs","format_name","format_long_name","start_time","duration","size","bit_rate","probe_score","filepath") values ('/media/pi/ZUKE/MUSIC/CDs/CD 76/07 - Polola - Cumbia.mp3','1','0','mp3','MP2/3 (MPEG audio layer 2/3)','0','254.066939','5968000','187918','51','/media/pi/ZUKE/MUSIC/CDs/CD 76/07 - Polola - Cumbia.mp3');
insert into disposition ("default","dub","original","comment","lyrics","karaoke","forced","hearing_impaired","visual_impaired","clean_effects","attached_pic","timed_thumbnails","filepath") values ('0','0','0','0','0','0','0','0','0','0','0','0','/media/pi/ZUKE/MUSIC/CDs/CD 76/07 - Polola - Cumbia.mp3');
insert into tags ("album","composer","genre","title","artist","disc","track","filepath") values ('ZIN CD 76','Zumba Fitness','Cumbia','Polola','Oscarcito','1/1','7/14','/media/pi/ZUKE/MUSIC/CDs/CD 76/07 - Polola - Cumbia.mp3');
insert into mp3s ("filepath") values ('/media/pi/ZUKE/MUSIC/CDs/CD 76/07 - Polola - Cumbia.mp3');
insert into streams ("index","codec_name","codec_long_name","codec_type","codec_time_base","codec_tag_string","codec_tag","sample_fmt","sample_rate","channels","channel_layout","bits_per_sample","r_frame_rate","avg_frame_rate","time_base","start_pts","start_time","duration_ts","duration","bit_rate","filepath") values ('0','mp3','MP3 (MPEG audio layer 3)','audio','1/44100','[0][0][0][0]','0x0000','fltp','44100','2','stereo','0','0/0','0/0','1/14112000','0','0','2977136640','210.964898','180672','/media/pi/ZUKE/MUSIC/CDs/CD 76/08 - Mayhem - Dancehall - Tropic Electric.mp3');
insert into format ("filename","nb_streams","nb_programs","format_name","format_long_name","start_time","duration","size","bit_rate","probe_score","filepath") values ('/media/pi/ZUKE/MUSIC/CDs/CD 76/08 - Mayhem - Dancehall - Tropic Electric.mp3','1','0','mp3','MP2/3 (MPEG audio layer 2/3)','0','210.964898','4765824','180724','51','/media/pi/ZUKE/MUSIC/CDs/CD 76/08 - Mayhem - Dancehall - Tropic Electric.mp3');
insert into disposition ("default","dub","original","comment","lyrics","karaoke","forced","hearing_impaired","visual_impaired","clean_effects","attached_pic","timed_thumbnails","filepath") values ('0','0','0','0','0','0','0','0','0','0','0','0','/media/pi/ZUKE/MUSIC/CDs/CD 76/08 - Mayhem - Dancehall - Tropic Electric.mp3');
insert into tags ("album","composer","genre","title","artist","disc","track","filepath") values ('ZIN CD 76','Zumba Fitness','Dancehall,Tropic Electric','Mayhem','The Kemist & DJ BrainDeaD feat Nyanda','1/1','8/14','/media/pi/ZUKE/MUSIC/CDs/CD 76/08 - Mayhem - Dancehall - Tropic Electric.mp3');
insert into mp3s ("filepath") values ('/media/pi/ZUKE/MUSIC/CDs/CD 76/08 - Mayhem - Dancehall - Tropic Electric.mp3');
insert into streams ("index","codec_name","codec_long_name","codec_type","codec_time_base","codec_tag_string","codec_tag","sample_fmt","sample_rate","channels","channel_layout","bits_per_sample","r_frame_rate","avg_frame_rate","time_base","start_pts","start_time","duration_ts","duration","bit_rate","filepath") values ('0','mp3','MP3 (MPEG audio layer 3)','audio','1/44100','[0][0][0][0]','0x0000','fltp','44100','2','stereo','0','0/0','0/0','1/14112000','0','0','2461040640','174.393469','180754','/media/pi/ZUKE/MUSIC/CDs/CD 76/09 - Mueve Tu PumPum - Dembow.mp3');
insert into format ("filename","nb_streams","nb_programs","format_name","format_long_name","start_time","duration","size","bit_rate","probe_score","filepath") values ('/media/pi/ZUKE/MUSIC/CDs/CD 76/09 - Mueve Tu PumPum - Dembow.mp3','1','0','mp3','MP2/3 (MPEG audio layer 2/3)','0','174.393469','3942528','180856','51','/media/pi/ZUKE/MUSIC/CDs/CD 76/09 - Mueve Tu PumPum - Dembow.mp3');
insert into disposition ("default","dub","original","comment","lyrics","karaoke","forced","hearing_impaired","visual_impaired","clean_effects","attached_pic","timed_thumbnails","filepath") values ('0','0','0','0','0','0','0','0','0','0','0','0','/media/pi/ZUKE/MUSIC/CDs/CD 76/09 - Mueve Tu PumPum - Dembow.mp3');
insert into tags ("album","composer","genre","title","artist","disc","track","filepath") values ('ZIN CD 76','Zumba Fitness','Dembow','Mueve Tu PumPum','Alexander Nino Agamez','1/1','9/14','/media/pi/ZUKE/MUSIC/CDs/CD 76/09 - Mueve Tu PumPum - Dembow.mp3');
insert into mp3s ("filepath") values ('/media/pi/ZUKE/MUSIC/CDs/CD 76/09 - Mueve Tu PumPum - Dembow.mp3');
insert into streams ("index","codec_name","codec_long_name","codec_type","codec_time_base","codec_tag_string","codec_tag","sample_fmt","sample_rate","channels","channel_layout","bits_per_sample","r_frame_rate","avg_frame_rate","time_base","start_pts","start_time","duration_ts","duration","bit_rate","filepath") values ('0','mp3','MP3 (MPEG audio layer 3)','audio','1/44100','[0][0][0][0]','0x0000','fltp','44100','2','stereo','0','0/0','0/0','1/14112000','0','0','3105792000','220.081633','181926','/media/pi/ZUKE/MUSIC/CDs/CD 76/10 - Yoh Yoh - Bhangra.mp3');
insert into format ("filename","nb_streams","nb_programs","format_name","format_long_name","start_time","duration","size","bit_rate","probe_score","filepath") values ('/media/pi/ZUKE/MUSIC/CDs/CD 76/10 - Yoh Yoh - Bhangra.mp3','1','0','mp3','MP2/3 (MPEG audio layer 2/3)','0','220.081633','5005440','181948','51','/media/pi/ZUKE/MUSIC/CDs/CD 76/10 - Yoh Yoh - Bhangra.mp3');
insert into disposition ("default","dub","original","comment","lyrics","karaoke","forced","hearing_impaired","visual_impaired","clean_effects","attached_pic","timed_thumbnails","filepath") values ('0','0','0','0','0','0','0','0','0','0','0','0','/media/pi/ZUKE/MUSIC/CDs/CD 76/10 - Yoh Yoh - Bhangra.mp3');
insert into tags ("album","composer","genre","title","artist","disc","track","filepath") values ('ZIN CD 76','Zumba Fitness','Bhangra','Yoh Yoh','Zumba Fitness','1/1','10/14','/media/pi/ZUKE/MUSIC/CDs/CD 76/10 - Yoh Yoh - Bhangra.mp3');
insert into mp3s ("filepath") values ('/media/pi/ZUKE/MUSIC/CDs/CD 76/10 - Yoh Yoh - Bhangra.mp3');
insert into streams ("index","codec_name","codec_long_name","codec_type","codec_time_base","codec_tag_string","codec_tag","sample_fmt","sample_rate","channels","channel_layout","bits_per_sample","r_frame_rate","avg_frame_rate","time_base","start_pts","start_time","duration_ts","duration","bit_rate","filepath") values ('0','mp3','MP3 (MPEG audio layer 3)','audio','1/44100','[0][0][0][0]','0x0000','fltp','44100','2','stereo','0','0/0','0/0','1/14112000','0','0','3151134720','223.294694','180348','/media/pi/ZUKE/MUSIC/CDs/CD 76/11 - Si Yo Te Guste - Cumbia - Salsa - Reggaeton.mp3');
insert into format ("filename","nb_streams","nb_programs","format_name","format_long_name","start_time","duration","size","bit_rate","probe_score","filepath") values ('/media/pi/ZUKE/MUSIC/CDs/CD 76/11 - Si Yo Te Guste - Cumbia - Salsa - Reggaeton.mp3','1','0','mp3','MP2/3 (MPEG audio layer 2/3)','0','223.294694','5036160','180430','51','/media/pi/ZUKE/MUSIC/CDs/CD 76/11 - Si Yo Te Guste - Cumbia - Salsa - Reggaeton.mp3');
insert into disposition ("default","dub","original","comment","lyrics","karaoke","forced","hearing_impaired","visual_impaired","clean_effects","attached_pic","timed_thumbnails","filepath") values ('0','0','0','0','0','0','0','0','0','0','0','0','/media/pi/ZUKE/MUSIC/CDs/CD 76/11 - Si Yo Te Guste - Cumbia - Salsa - Reggaeton.mp3');
insert into tags ("album","composer","genre","title","artist","disc","track","filepath") values ('ZIN CD 76','Zumba Fitness','Cumbia,Salsa,Reggaeton','Si Yo Te Guste','Max Pizzolante','1/1','11/14','/media/pi/ZUKE/MUSIC/CDs/CD 76/11 - Si Yo Te Guste - Cumbia - Salsa - Reggaeton.mp3');
insert into mp3s ("filepath") values ('/media/pi/ZUKE/MUSIC/CDs/CD 76/11 - Si Yo Te Guste - Cumbia - Salsa - Reggaeton.mp3');
insert into streams ("index","codec_name","codec_long_name","codec_type","codec_time_base","codec_tag_string","codec_tag","sample_fmt","sample_rate","channels","channel_layout","bits_per_sample","r_frame_rate","avg_frame_rate","time_base","start_pts","start_time","duration_ts","duration","bit_rate","filepath") values ('0','mp3','MP3 (MPEG audio layer 3)','audio','1/44100','[0][0][0][0]','0x0000','fltp','44100','2','stereo','0','0/0','0/0','1/14112000','0','0','2682593280','190.093061','182993','/media/pi/ZUKE/MUSIC/CDs/CD 76/12 - Bailando - Pop.mp3');
insert into format ("filename","nb_streams","nb_programs","format_name","format_long_name","start_time","duration","size","bit_rate","probe_score","filepath") values ('/media/pi/ZUKE/MUSIC/CDs/CD 76/12 - Bailando - Pop.mp3','1','0','mp3','MP2/3 (MPEG audio layer 2/3)','0','190.093061','4350080','183071','51','/media/pi/ZUKE/MUSIC/CDs/CD 76/12 - Bailando - Pop.mp3');
insert into disposition ("default","dub","original","comment","lyrics","karaoke","forced","hearing_impaired","visual_impaired","clean_effects","attached_pic","timed_thumbnails","filepath") values ('0','0','0','0','0','0','0','0','0','0','0','0','/media/pi/ZUKE/MUSIC/CDs/CD 76/12 - Bailando - Pop.mp3');
insert into tags ("album","composer","genre","title","artist","disc","track","filepath") values ('ZIN CD 76','Zumba Fitness','Pop','Bailando','Gianluca Vacchi & Luis Fonsi feat Yandel','1/1','12/14','/media/pi/ZUKE/MUSIC/CDs/CD 76/12 - Bailando - Pop.mp3');
insert into mp3s ("filepath") values ('/media/pi/ZUKE/MUSIC/CDs/CD 76/12 - Bailando - Pop.mp3');
insert into streams ("index","codec_name","codec_long_name","codec_type","codec_time_base","codec_tag_string","codec_tag","sample_fmt","sample_rate","channels","channel_layout","bits_per_sample","r_frame_rate","avg_frame_rate","time_base","start_pts","start_time","duration_ts","duration","bit_rate","filepath") values ('0','mp3','MP3 (MPEG audio layer 3)','audio','1/44100','[0][0][0][0]','0x0000','fltp','44100','2','stereo','0','0/0','0/0','1/14112000','0','0','3058237440','216.711837','185633','/media/pi/ZUKE/MUSIC/CDs/CD 76/13 - Fresco (Acoustic Version) - Cooldown.mp3');
insert into format ("filename","nb_streams","nb_programs","format_name","format_long_name","start_time","duration","size","bit_rate","probe_score","filepath") values ('/media/pi/ZUKE/MUSIC/CDs/CD 76/13 - Fresco (Acoustic Version) - Cooldown.mp3','1','0','mp3','MP2/3 (MPEG audio layer 2/3)','0','216.711837','5030016','185684','51','/media/pi/ZUKE/MUSIC/CDs/CD 76/13 - Fresco (Acoustic Version) - Cooldown.mp3');
insert into disposition ("default","dub","original","comment","lyrics","karaoke","forced","hearing_impaired","visual_impaired","clean_effects","attached_pic","timed_thumbnails","filepath") values ('0','0','0','0','0','0','0','0','0','0','0','0','/media/pi/ZUKE/MUSIC/CDs/CD 76/13 - Fresco (Acoustic Version) - Cooldown.mp3');
insert into tags ("album","composer","genre","title","artist","disc","track","filepath") values ('ZIN CD 76','Zumba Fitness','Cooldown','Fresco (Acoustic Version)','Zumba feat Beto Perez','1/1','13/14','/media/pi/ZUKE/MUSIC/CDs/CD 76/13 - Fresco (Acoustic Version) - Cooldown.mp3');
insert into mp3s ("filepath") values ('/media/pi/ZUKE/MUSIC/CDs/CD 76/13 - Fresco (Acoustic Version) - Cooldown.mp3');
insert into streams ("index","codec_name","codec_long_name","codec_type","codec_time_base","codec_tag_string","codec_tag","sample_fmt","sample_rate","channels","channel_layout","bits_per_sample","r_frame_rate","avg_frame_rate","time_base","start_pts","start_time","duration_ts","duration","bit_rate","filepath") values ('0','mp3','MP3 (MPEG audio layer 3)','audio','1/44100','[0][0][0][0]','0x0000','fltp','44100','2','stereo','0','0/0','0/0','1/14112000','0','0','7155671040','507.062857','181100','/media/pi/ZUKE/MUSIC/CDs/CD 76/14 - Don''t Stop The Party - Si Yo Te Guste - Mueve Tu PumPum - DJ Mix.mp3');
insert into format ("filename","nb_streams","nb_programs","format_name","format_long_name","start_time","duration","size","bit_rate","probe_score","filepath") values ('/media/pi/ZUKE/MUSIC/CDs/CD 76/14 - Don''t Stop The Party - Si Yo Te Guste - Mueve Tu PumPum - DJ Mix.mp3','1','0','mp3','MP2/3 (MPEG audio layer 2/3)','0','507.062857','11479168','181108','51','/media/pi/ZUKE/MUSIC/CDs/CD 76/14 - Don''t Stop The Party - Si Yo Te Guste - Mueve Tu PumPum - DJ Mix.mp3');
insert into disposition ("default","dub","original","comment","lyrics","karaoke","forced","hearing_impaired","visual_impaired","clean_effects","attached_pic","timed_thumbnails","filepath") values ('0','0','0','0','0','0','0','0','0','0','0','0','/media/pi/ZUKE/MUSIC/CDs/CD 76/14 - Don''t Stop The Party - Si Yo Te Guste - Mueve Tu PumPum - DJ Mix.mp3');
insert into tags ("album","composer","genre","title","artist","disc","track","filepath") values ('ZIN CD 76','Zumba Fitness','DJ Mix','Don''t Stop The Party - Si Yo Te Guste - Mueve Tu PumPum','Zumba Fitness','1/1','14/14','/media/pi/ZUKE/MUSIC/CDs/CD 76/14 - Don''t Stop The Party - Si Yo Te Guste - Mueve Tu PumPum - DJ Mix.mp3');
insert into mp3s ("filepath") values ('/media/pi/ZUKE/MUSIC/CDs/CD 76/14 - Don''t Stop The Party - Si Yo Te Guste - Mueve Tu PumPum - DJ Mix.mp3');
insert into streams ("index","codec_name","codec_long_name","codec_type","codec_time_base","codec_tag_string","codec_tag","sample_fmt","sample_rate","channels","channel_layout","bits_per_sample","r_frame_rate","avg_frame_rate","time_base","start_pts","start_time","duration_ts","duration","bit_rate","filepath") values ('0','mp3','MP3 (MPEG audio layer 3)','audio','1/44100','[0][0][0][0]','0x0000','fltp','44100','2','stereo','0','0/0','0/0','1/14112000','0','0','2987827200','211.722449','174163','/media/pi/ZUKE/MUSIC/CDs/CD 77/01 - Let''s Groove - Warm-up.mp3');
insert into format ("filename","nb_streams","nb_programs","format_name","format_long_name","start_time","duration","size","bit_rate","probe_score","filepath") values ('/media/pi/ZUKE/MUSIC/CDs/CD 77/01 - Let''s Groove - Warm-up.mp3','1','0','mp3','MP2/3 (MPEG audio layer 2/3)','0','211.722449','4610176','174196','51','/media/pi/ZUKE/MUSIC/CDs/CD 77/01 - Let''s Groove - Warm-up.mp3');
insert into disposition ("default","dub","original","comment","lyrics","karaoke","forced","hearing_impaired","visual_impaired","clean_effects","attached_pic","timed_thumbnails","filepath") values ('0','0','0','0','0','0','0','0','0','0','0','0','/media/pi/ZUKE/MUSIC/CDs/CD 77/01 - Let''s Groove - Warm-up.mp3');
insert into tags ("album","composer","genre","title","artist","disc","track","filepath") values ('ZIN CD 77','Zumba Fitness','Warm-up','Let''s Groove','Zumba Fitness','1/1','1/14','/media/pi/ZUKE/MUSIC/CDs/CD 77/01 - Let''s Groove - Warm-up.mp3');
insert into mp3s ("filepath") values ('/media/pi/ZUKE/MUSIC/CDs/CD 77/01 - Let''s Groove - Warm-up.mp3');
insert into streams ("index","codec_name","codec_long_name","codec_type","codec_time_base","codec_tag_string","codec_tag","sample_fmt","sample_rate","channels","channel_layout","bits_per_sample","r_frame_rate","avg_frame_rate","time_base","start_pts","start_time","duration_ts","duration","bit_rate","filepath") values ('0','mp3','MP3 (MPEG audio layer 3)','audio','1/44100','[0][0][0][0]','0x0000','fltp','44100','2','stereo','0','0/0','0/0','1/14112000','0','0','2027888640','143.699592','175213','/media/pi/ZUKE/MUSIC/CDs/CD 77/02 - Mayhem - Warm-up.mp3');
insert into format ("filename","nb_streams","nb_programs","format_name","format_long_name","start_time","duration","size","bit_rate","probe_score","filepath") values ('/media/pi/ZUKE/MUSIC/CDs/CD 77/02 - Mayhem - Warm-up.mp3','1','0','mp3','MP2/3 (MPEG audio layer 2/3)','0','143.699592','3147904','175249','51','/media/pi/ZUKE/MUSIC/CDs/CD 77/02 - Mayhem - Warm-up.mp3');
insert into disposition ("default","dub","original","comment","lyrics","karaoke","forced","hearing_impaired","visual_impaired","clean_effects","attached_pic","timed_thumbnails","filepath") values ('0','0','0','0','0','0','0','0','0','0','0','0','/media/pi/ZUKE/MUSIC/CDs/CD 77/02 - Mayhem - Warm-up.mp3');
insert into tags ("album","composer","genre","title","artist","disc","track","filepath") values ('ZIN CD 77','Zumba Fitness','Warm-up','Mayhem','Zumba Fitness','1/1','2/14','/media/pi/ZUKE/MUSIC/CDs/CD 77/02 - Mayhem - Warm-up.mp3');
insert into mp3s ("filepath") values ('/media/pi/ZUKE/MUSIC/CDs/CD 77/02 - Mayhem - Warm-up.mp3');
insert into streams ("index","codec_name","codec_long_name","codec_type","codec_time_base","codec_tag_string","codec_tag","sample_fmt","sample_rate","channels","channel_layout","bits_per_sample","r_frame_rate","avg_frame_rate","time_base","start_pts","start_time","duration_ts","duration","bit_rate","filepath") values ('0','mp3','MP3 (MPEG audio layer 3)','audio','1/44100','[0][0][0][0]','0x0000','fltp','44100','2','stereo','0','0/0','0/0','1/14112000','0','0','3858554880','273.423673','187182','/media/pi/ZUKE/MUSIC/CDs/CD 77/03 - Se Siente Caliente - Warm-up.mp3');
insert into format ("filename","nb_streams","nb_programs","format_name","format_long_name","start_time","duration","size","bit_rate","probe_score","filepath") values ('/media/pi/ZUKE/MUSIC/CDs/CD 77/03 - Se Siente Caliente - Warm-up.mp3','1','0','mp3','MP2/3 (MPEG audio layer 2/3)','0','273.423673','6398080','187199','51','/media/pi/ZUKE/MUSIC/CDs/CD 77/03 - Se Siente Caliente - Warm-up.mp3');
insert into disposition ("default","dub","original","comment","lyrics","karaoke","forced","hearing_impaired","visual_impaired","clean_effects","attached_pic","timed_thumbnails","filepath") values ('0','0','0','0','0','0','0','0','0','0','0','0','/media/pi/ZUKE/MUSIC/CDs/CD 77/03 - Se Siente Caliente - Warm-up.mp3');
insert into tags ("album","composer","genre","title","artist","disc","track","filepath") values ('ZIN CD 77','Zumba Fitness','Warm-up','Se Siente Caliente','Zumba Fitness','1/1','3/14','/media/pi/ZUKE/MUSIC/CDs/CD 77/03 - Se Siente Caliente - Warm-up.mp3');
insert into mp3s ("filepath") values ('/media/pi/ZUKE/MUSIC/CDs/CD 77/03 - Se Siente Caliente - Warm-up.mp3');
insert into streams ("index","codec_name","codec_long_name","codec_type","codec_time_base","codec_tag_string","codec_tag","sample_fmt","sample_rate","channels","channel_layout","bits_per_sample","r_frame_rate","avg_frame_rate","time_base","start_pts","start_time","duration_ts","duration","bit_rate","filepath") values ('0','mp3','MP3 (MPEG audio layer 3)','audio','1/44100','[0][0][0][0]','0x0000','fltp','44100','2','stereo','0','0/0','0/0','1/14112000','0','0','3402915840','241.136327','178945','/media/pi/ZUKE/MUSIC/CDs/CD 77/04 - Dura (Remix) - Merengue-Reggaeton.mp3');
insert into format ("filename","nb_streams","nb_programs","format_name","format_long_name","start_time","duration","size","bit_rate","probe_score","filepath") values ('/media/pi/ZUKE/MUSIC/CDs/CD 77/04 - Dura (Remix) - Merengue-Reggaeton.mp3','1','0','mp3','MP2/3 (MPEG audio layer 2/3)','0','241.136327','5394560','178971','51','/media/pi/ZUKE/MUSIC/CDs/CD 77/04 - Dura (Remix) - Merengue-Reggaeton.mp3');
insert into disposition ("default","dub","original","comment","lyrics","karaoke","forced","hearing_impaired","visual_impaired","clean_effects","attached_pic","timed_thumbnails","filepath") values ('0','0','0','0','0','0','0','0','0','0','0','0','/media/pi/ZUKE/MUSIC/CDs/CD 77/04 - Dura (Remix) - Merengue-Reggaeton.mp3');
insert into tags ("album","composer","genre","title","artist","disc","track","filepath") values ('ZIN CD 77','Zumba Fitness','Merengue,Reggaeton','Dura (Remix)','Zumba Fitness','1/1','4/14','/media/pi/ZUKE/MUSIC/CDs/CD 77/04 - Dura (Remix) - Merengue-Reggaeton.mp3');
insert into mp3s ("filepath") values ('/media/pi/ZUKE/MUSIC/CDs/CD 77/04 - Dura (Remix) - Merengue-Reggaeton.mp3');
insert into streams ("index","codec_name","codec_long_name","codec_type","codec_time_base","codec_tag_string","codec_tag","sample_fmt","sample_rate","channels","channel_layout","bits_per_sample","r_frame_rate","avg_frame_rate","time_base","start_pts","start_time","duration_ts","duration","bit_rate","filepath") values ('0','mp3','MP3 (MPEG audio layer 3)','audio','1/44100','[0][0][0][0]','0x0000','fltp','44100','2','stereo','0','0/0','0/0','1/14112000','0','0','3551109120','251.637551','174314','/media/pi/ZUKE/MUSIC/CDs/CD 77/05 - El Que La Hace La Paga - Salsa.mp3');
insert into format ("filename","nb_streams","nb_programs","format_name","format_long_name","start_time","duration","size","bit_rate","probe_score","filepath") values ('/media/pi/ZUKE/MUSIC/CDs/CD 77/05 - El Que La Hace La Paga - Salsa.mp3','1','0','mp3','MP2/3 (MPEG audio layer 2/3)','0','251.637551','5484672','174367','51','/media/pi/ZUKE/MUSIC/CDs/CD 77/05 - El Que La Hace La Paga - Salsa.mp3');
insert into disposition ("default","dub","original","comment","lyrics","karaoke","forced","hearing_impaired","visual_impaired","clean_effects","attached_pic","timed_thumbnails","filepath") values ('0','0','0','0','0','0','0','0','0','0','0','0','/media/pi/ZUKE/MUSIC/CDs/CD 77/05 - El Que La Hace La Paga - Salsa.mp3');
insert into tags ("album","composer","genre","title","artist","disc","track","filepath") values ('ZIN CD 77','Zumba Fitness','Salsa','El Que La Hace La Paga','Max Pizzolante','1/1','5/14','/media/pi/ZUKE/MUSIC/CDs/CD 77/05 - El Que La Hace La Paga - Salsa.mp3');
insert into mp3s ("filepath") values ('/media/pi/ZUKE/MUSIC/CDs/CD 77/05 - El Que La Hace La Paga - Salsa.mp3');
insert into streams ("index","codec_name","codec_long_name","codec_type","codec_time_base","codec_tag_string","codec_tag","sample_fmt","sample_rate","channels","channel_layout","bits_per_sample","r_frame_rate","avg_frame_rate","time_base","start_pts","start_time","duration_ts","duration","bit_rate","filepath") values ('0','mp3','MP3 (MPEG audio layer 3)','audio','1/44100','[0][0][0][0]','0x0000','fltp','44100','2','stereo','0','0/0','0/0','1/14112000','0','0','2721669120','192.862041','175160','/media/pi/ZUKE/MUSIC/CDs/CD 77/06 - Caliente - Reggaeton.mp3');
insert into format ("filename","nb_streams","nb_programs","format_name","format_long_name","start_time","duration","size","bit_rate","probe_score","filepath") values ('/media/pi/ZUKE/MUSIC/CDs/CD 77/06 - Caliente - Reggaeton.mp3','1','0','mp3','MP2/3 (MPEG audio layer 2/3)','0','192.862041','4223104','175176','51','/media/pi/ZUKE/MUSIC/CDs/CD 77/06 - Caliente - Reggaeton.mp3');
insert into disposition ("default","dub","original","comment","lyrics","karaoke","forced","hearing_impaired","visual_impaired","clean_effects","attached_pic","timed_thumbnails","filepath") values ('0','0','0','0','0','0','0','0','0','0','0','0','/media/pi/ZUKE/MUSIC/CDs/CD 77/06 - Caliente - Reggaeton.mp3');
insert into tags ("album","composer","genre","title","artist","disc","track","filepath") values ('ZIN CD 77','Zumba Fitness','Reggaeton','Caliente','Lali Esposito feat Pabllo Vittar','1/1','6/14','/media/pi/ZUKE/MUSIC/CDs/CD 77/06 - Caliente - Reggaeton.mp3');
insert into mp3s ("filepath") values ('/media/pi/ZUKE/MUSIC/CDs/CD 77/06 - Caliente - Reggaeton.mp3');
insert into streams ("index","codec_name","codec_long_name","codec_type","codec_time_base","codec_tag_string","codec_tag","sample_fmt","sample_rate","channels","channel_layout","bits_per_sample","r_frame_rate","avg_frame_rate","time_base","start_pts","start_time","duration_ts","duration","bit_rate","filepath") values ('0','mp3','MP3 (MPEG audio layer 3)','audio','1/44100','[0][0][0][0]','0x0000','fltp','44100','2','stereo','0','0/0','0/0','1/14112000','0','0','3062292480','216.999184','174346','/media/pi/ZUKE/MUSIC/CDs/CD 77/07 - Lista Pa'' Vivir - Cumbia.mp3');
insert into format ("filename","nb_streams","nb_programs","format_name","format_long_name","start_time","duration","size","bit_rate","probe_score","filepath") values ('/media/pi/ZUKE/MUSIC/CDs/CD 77/07 - Lista Pa'' Vivir - Cumbia.mp3','1','0','mp3','MP2/3 (MPEG audio layer 2/3)','0','216.999184','4731008','174415','51','/media/pi/ZUKE/MUSIC/CDs/CD 77/07 - Lista Pa'' Vivir - Cumbia.mp3');
insert into disposition ("default","dub","original","comment","lyrics","karaoke","forced","hearing_impaired","visual_impaired","clean_effects","attached_pic","timed_thumbnails","filepath") values ('0','0','0','0','0','0','0','0','0','0','0','0','/media/pi/ZUKE/MUSIC/CDs/CD 77/07 - Lista Pa'' Vivir - Cumbia.mp3');
insert into tags ("album","composer","genre","title","artist","disc","track","filepath") values ('ZIN CD 77','Zumba Fitness','Cumbia','Lista Pa'' Vivir','Carolina Sabino','1/1','7/14','/media/pi/ZUKE/MUSIC/CDs/CD 77/07 - Lista Pa'' Vivir - Cumbia.mp3');
insert into mp3s ("filepath") values ('/media/pi/ZUKE/MUSIC/CDs/CD 77/07 - Lista Pa'' Vivir - Cumbia.mp3');
insert into streams ("index","codec_name","codec_long_name","codec_type","codec_time_base","codec_tag_string","codec_tag","sample_fmt","sample_rate","channels","channel_layout","bits_per_sample","r_frame_rate","avg_frame_rate","time_base","start_pts","start_time","duration_ts","duration","bit_rate","filepath") values ('0','mp3','MP3 (MPEG audio layer 3)','audio','1/44100','[0][0][0][0]','0x0000','fltp','44100','2','stereo','0','0/0','0/0','1/14112000','0','0','2812723200','199.314286','194017','/media/pi/ZUKE/MUSIC/CDs/CD 77/08 - Baila - Funk Carioca.mp3');
insert into format ("filename","nb_streams","nb_programs","format_name","format_long_name","start_time","duration","size","bit_rate","probe_score","filepath") values ('/media/pi/ZUKE/MUSIC/CDs/CD 77/08 - Baila - Funk Carioca.mp3','1','0','mp3','MP2/3 (MPEG audio layer 2/3)','0','199.314286','4835456','194083','51','/media/pi/ZUKE/MUSIC/CDs/CD 77/08 - Baila - Funk Carioca.mp3');
insert into disposition ("default","dub","original","comment","lyrics","karaoke","forced","hearing_impaired","visual_impaired","clean_effects","attached_pic","timed_thumbnails","filepath") values ('0','0','0','0','0','0','0','0','0','0','0','0','/media/pi/ZUKE/MUSIC/CDs/CD 77/08 - Baila - Funk Carioca.mp3');
insert into tags ("album","composer","genre","title","artist","disc","track","filepath") values ('ZIN CD 77','Zumba Fitness','Funk Carioca','Baila','Manuel2 Santos, Dogal & Paula Gomez','1/1','8/14','/media/pi/ZUKE/MUSIC/CDs/CD 77/08 - Baila - Funk Carioca.mp3');
insert into mp3s ("filepath") values ('/media/pi/ZUKE/MUSIC/CDs/CD 77/08 - Baila - Funk Carioca.mp3');
insert into streams ("index","codec_name","codec_long_name","codec_type","codec_time_base","codec_tag_string","codec_tag","sample_fmt","sample_rate","channels","channel_layout","bits_per_sample","r_frame_rate","avg_frame_rate","time_base","start_pts","start_time","duration_ts","duration","bit_rate","filepath") values ('0','mp3','MP3 (MPEG audio layer 3)','audio','1/44100','[0][0][0][0]','0x0000','fltp','44100','2','stereo','0','0/0','0/0','1/14112000','0','0','2163548160','153.312653','176636','/media/pi/ZUKE/MUSIC/CDs/CD 77/09 - Ponlo Pa Tras - Moombahton.mp3');
insert into format ("filename","nb_streams","nb_programs","format_name","format_long_name","start_time","duration","size","bit_rate","probe_score","filepath") values ('/media/pi/ZUKE/MUSIC/CDs/CD 77/09 - Ponlo Pa Tras - Moombahton.mp3','1','0','mp3','MP2/3 (MPEG audio layer 2/3)','0','153.312653','3385472','176657','51','/media/pi/ZUKE/MUSIC/CDs/CD 77/09 - Ponlo Pa Tras - Moombahton.mp3');
insert into disposition ("default","dub","original","comment","lyrics","karaoke","forced","hearing_impaired","visual_impaired","clean_effects","attached_pic","timed_thumbnails","filepath") values ('0','0','0','0','0','0','0','0','0','0','0','0','/media/pi/ZUKE/MUSIC/CDs/CD 77/09 - Ponlo Pa Tras - Moombahton.mp3');
insert into tags ("album","composer","genre","title","artist","disc","track","filepath") values ('ZIN CD 77','Zumba Fitness','Moombahton','Ponlo Pa Tras','DJ Ricky Luna feat DJ Hightime','1/1','9/14','/media/pi/ZUKE/MUSIC/CDs/CD 77/09 - Ponlo Pa Tras - Moombahton.mp3');
insert into mp3s ("filepath") values ('/media/pi/ZUKE/MUSIC/CDs/CD 77/09 - Ponlo Pa Tras - Moombahton.mp3');
insert into streams ("index","codec_name","codec_long_name","codec_type","codec_time_base","codec_tag_string","codec_tag","sample_fmt","sample_rate","channels","channel_layout","bits_per_sample","r_frame_rate","avg_frame_rate","time_base","start_pts","start_time","duration_ts","duration","bit_rate","filepath") values ('0','mp3','MP3 (MPEG audio layer 3)','audio','1/44100','[0][0][0][0]','0x0000','fltp','44100','2','stereo','0','0/0','0/0','1/14112000','0','0','3473694720','246.151837','163606','/media/pi/ZUKE/MUSIC/CDs/CD 77/10 - Helicoptero - Champeta.mp3');
insert into format ("filename","nb_streams","nb_programs","format_name","format_long_name","start_time","duration","size","bit_rate","probe_score","filepath") values ('/media/pi/ZUKE/MUSIC/CDs/CD 77/10 - Helicoptero - Champeta.mp3','1','0','mp3','MP2/3 (MPEG audio layer 2/3)','0','246.151837','5036160','163676','51','/media/pi/ZUKE/MUSIC/CDs/CD 77/10 - Helicoptero - Champeta.mp3');
insert into disposition ("default","dub","original","comment","lyrics","karaoke","forced","hearing_impaired","visual_impaired","clean_effects","attached_pic","timed_thumbnails","filepath") values ('0','0','0','0','0','0','0','0','0','0','0','0','/media/pi/ZUKE/MUSIC/CDs/CD 77/10 - Helicoptero - Champeta.mp3');
insert into tags ("album","composer","genre","title","artist","disc","track","filepath") values ('ZIN CD 77','Zumba Fitness','Champeta','Helicoptero','B.I.P','1/1','10/14','/media/pi/ZUKE/MUSIC/CDs/CD 77/10 - Helicoptero - Champeta.mp3');
insert into mp3s ("filepath") values ('/media/pi/ZUKE/MUSIC/CDs/CD 77/10 - Helicoptero - Champeta.mp3');
insert into streams ("index","codec_name","codec_long_name","codec_type","codec_time_base","codec_tag_string","codec_tag","sample_fmt","sample_rate","channels","channel_layout","bits_per_sample","r_frame_rate","avg_frame_rate","time_base","start_pts","start_time","duration_ts","duration","bit_rate","filepath") values ('0','mp3','MP3 (MPEG audio layer 3)','audio','1/44100','[0][0][0][0]','0x0000','fltp','44100','2','stereo','0','0/0','0/0','1/14112000','0','0','2303262720','163.213061','178030','/media/pi/ZUKE/MUSIC/CDs/CD 77/11 - I Did It - Hip-Hop.mp3');
insert into format ("filename","nb_streams","nb_programs","format_name","format_long_name","start_time","duration","size","bit_rate","probe_score","filepath") values ('/media/pi/ZUKE/MUSIC/CDs/CD 77/11 - I Did It - Hip-Hop.mp3','1','0','mp3','MP2/3 (MPEG audio layer 2/3)','0','163.213061','3633280','178087','51','/media/pi/ZUKE/MUSIC/CDs/CD 77/11 - I Did It - Hip-Hop.mp3');
insert into disposition ("default","dub","original","comment","lyrics","karaoke","forced","hearing_impaired","visual_impaired","clean_effects","attached_pic","timed_thumbnails","filepath") values ('0','0','0','0','0','0','0','0','0','0','0','0','/media/pi/ZUKE/MUSIC/CDs/CD 77/11 - I Did It - Hip-Hop.mp3');
insert into tags ("album","composer","genre","title","artist","disc","track","filepath") values ('ZIN CD 77','Zumba Fitness','Hip-Hop','I Did It','Raja Kumari','1/1','11/14','/media/pi/ZUKE/MUSIC/CDs/CD 77/11 - I Did It - Hip-Hop.mp3');
insert into mp3s ("filepath") values ('/media/pi/ZUKE/MUSIC/CDs/CD 77/11 - I Did It - Hip-Hop.mp3');
insert into streams ("index","codec_name","codec_long_name","codec_type","codec_time_base","codec_tag_string","codec_tag","sample_fmt","sample_rate","channels","channel_layout","bits_per_sample","r_frame_rate","avg_frame_rate","time_base","start_pts","start_time","duration_ts","duration","bit_rate","filepath") values ('0','mp3','MP3 (MPEG audio layer 3)','audio','1/44100','[0][0][0][0]','0x0000','fltp','44100','2','stereo','0','0/0','0/0','1/14112000','0','0','3196846080','226.533878','177756','/media/pi/ZUKE/MUSIC/CDs/CD 77/12 - Amigos Con Derechos - Reggaeton.mp3');
insert into format ("filename","nb_streams","nb_programs","format_name","format_long_name","start_time","duration","size","bit_rate","probe_score","filepath") values ('/media/pi/ZUKE/MUSIC/CDs/CD 77/12 - Amigos Con Derechos - Reggaeton.mp3','1','0','mp3','MP2/3 (MPEG audio layer 2/3)','0','226.533878','5034112','177778','51','/media/pi/ZUKE/MUSIC/CDs/CD 77/12 - Amigos Con Derechos - Reggaeton.mp3');
insert into disposition ("default","dub","original","comment","lyrics","karaoke","forced","hearing_impaired","visual_impaired","clean_effects","attached_pic","timed_thumbnails","filepath") values ('0','0','0','0','0','0','0','0','0','0','0','0','/media/pi/ZUKE/MUSIC/CDs/CD 77/12 - Amigos Con Derechos - Reggaeton.mp3');
insert into tags ("album","composer","genre","title","artist","disc","track","filepath") values ('ZIN CD 77','Zumba Fitness','Reggaeton','Amigos Con Derechos','Reik feat Maluma','1/1','12/14','/media/pi/ZUKE/MUSIC/CDs/CD 77/12 - Amigos Con Derechos - Reggaeton.mp3');
insert into mp3s ("filepath") values ('/media/pi/ZUKE/MUSIC/CDs/CD 77/12 - Amigos Con Derechos - Reggaeton.mp3');
insert into streams ("index","codec_name","codec_long_name","codec_type","codec_time_base","codec_tag_string","codec_tag","sample_fmt","sample_rate","channels","channel_layout","bits_per_sample","r_frame_rate","avg_frame_rate","time_base","start_pts","start_time","duration_ts","duration","bit_rate","filepath") values ('0','mp3','MP3 (MPEG audio layer 3)','audio','1/44100','[0][0][0][0]','0x0000','fltp','44100','2','stereo','0','0/0','0/0','1/14112000','0','0','2299207680','162.925714','170661','/media/pi/ZUKE/MUSIC/CDs/CD 77/13 - Today''s The Day - Cooldown.mp3');
insert into format ("filename","nb_streams","nb_programs","format_name","format_long_name","start_time","duration","size","bit_rate","probe_score","filepath") values ('/media/pi/ZUKE/MUSIC/CDs/CD 77/13 - Today''s The Day - Cooldown.mp3','1','0','mp3','MP2/3 (MPEG audio layer 2/3)','0','162.925714','3477632','170759','51','/media/pi/ZUKE/MUSIC/CDs/CD 77/13 - Today''s The Day - Cooldown.mp3');
insert into disposition ("default","dub","original","comment","lyrics","karaoke","forced","hearing_impaired","visual_impaired","clean_effects","attached_pic","timed_thumbnails","filepath") values ('0','0','0','0','0','0','0','0','0','0','0','0','/media/pi/ZUKE/MUSIC/CDs/CD 77/13 - Today''s The Day - Cooldown.mp3');
insert into tags ("album","composer","genre","title","artist","disc","track","filepath") values ('ZIN CD 77','Zumba Fitness','Cooldown','Today''s The Day','Zumba Fitness','1/1','13/14','/media/pi/ZUKE/MUSIC/CDs/CD 77/13 - Today''s The Day - Cooldown.mp3');
insert into mp3s ("filepath") values ('/media/pi/ZUKE/MUSIC/CDs/CD 77/13 - Today''s The Day - Cooldown.mp3');
insert into streams ("index","codec_name","codec_long_name","codec_type","codec_time_base","codec_tag_string","codec_tag","sample_fmt","sample_rate","channels","channel_layout","bits_per_sample","r_frame_rate","avg_frame_rate","time_base","start_pts","start_time","duration_ts","duration","bit_rate","filepath") values ('0','mp3','MP3 (MPEG audio layer 3)','audio','1/44100','[0][0][0][0]','0x0000','fltp','44100','2','stereo','0','0/0','0/0','1/14112000','0','0','7717847040','546.899592','203368','/media/pi/ZUKE/MUSIC/CDs/CD 77/14 - Helicoptero - Lista Pa'' Vivir - Se Siente Caliente - DJ Mix.mp3');
insert into format ("filename","nb_streams","nb_programs","format_name","format_long_name","start_time","duration","size","bit_rate","probe_score","filepath") values ('/media/pi/ZUKE/MUSIC/CDs/CD 77/14 - Helicoptero - Lista Pa'' Vivir - Se Siente Caliente - DJ Mix.mp3','1','0','mp3','MP2/3 (MPEG audio layer 2/3)','0','546.899592','13904000','203386','51','/media/pi/ZUKE/MUSIC/CDs/CD 77/14 - Helicoptero - Lista Pa'' Vivir - Se Siente Caliente - DJ Mix.mp3');
insert into disposition ("default","dub","original","comment","lyrics","karaoke","forced","hearing_impaired","visual_impaired","clean_effects","attached_pic","timed_thumbnails","filepath") values ('0','0','0','0','0','0','0','0','0','0','0','0','/media/pi/ZUKE/MUSIC/CDs/CD 77/14 - Helicoptero - Lista Pa'' Vivir - Se Siente Caliente - DJ Mix.mp3');
insert into tags ("album","composer","genre","title","artist","disc","track","filepath") values ('ZIN CD 77','Zumba Fitness','DJ Mix','Helicoptero - Lista Pa'' Vivir - Se Siente Caliente','Zumba Fitness','1/1','14/14','/media/pi/ZUKE/MUSIC/CDs/CD 77/14 - Helicoptero - Lista Pa'' Vivir - Se Siente Caliente - DJ Mix.mp3');
insert into mp3s ("filepath") values ('/media/pi/ZUKE/MUSIC/CDs/CD 77/14 - Helicoptero - Lista Pa'' Vivir - Se Siente Caliente - DJ Mix.mp3');
insert into streams ("index","codec_name","codec_long_name","codec_type","codec_time_base","codec_tag_string","codec_tag","sample_fmt","sample_rate","channels","channel_layout","bits_per_sample","r_frame_rate","avg_frame_rate","time_base","start_pts","start_time","duration_ts","duration","bit_rate","filepath") values ('0','mp3','MP3 (MPEG audio layer 3)','audio','1/44100','[0][0][0][0]','0x0000','fltp','44100','2','stereo','0','0/0','0/0','1/14112000','0','0','2539929600','179.983673','180743','/media/pi/ZUKE/MUSIC/CDs/CD 78/01 - Respect - Warm-up.mp3');
insert into format ("filename","nb_streams","nb_programs","format_name","format_long_name","start_time","duration","size","bit_rate","probe_score","filepath") values ('/media/pi/ZUKE/MUSIC/CDs/CD 78/01 - Respect - Warm-up.mp3','1','0','mp3','MP2/3 (MPEG audio layer 2/3)','0','179.983673','4067456','180792','51','/media/pi/ZUKE/MUSIC/CDs/CD 78/01 - Respect - Warm-up.mp3');
insert into disposition ("default","dub","original","comment","lyrics","karaoke","forced","hearing_impaired","visual_impaired","clean_effects","attached_pic","timed_thumbnails","filepath") values ('0','0','0','0','0','0','0','0','0','0','0','0','/media/pi/ZUKE/MUSIC/CDs/CD 78/01 - Respect - Warm-up.mp3');
insert into tags ("album","composer","genre","title","artist","disc","track","filepath") values ('ZIN CD 78','Zumba Fitness','Warm-up','Respect','Zumba Fitness','1/1','1/14','/media/pi/ZUKE/MUSIC/CDs/CD 78/01 - Respect - Warm-up.mp3');
insert into mp3s ("filepath") values ('/media/pi/ZUKE/MUSIC/CDs/CD 78/01 - Respect - Warm-up.mp3');
insert into streams ("index","codec_name","codec_long_name","codec_type","codec_time_base","codec_tag_string","codec_tag","sample_fmt","sample_rate","channels","channel_layout","bits_per_sample","r_frame_rate","avg_frame_rate","time_base","start_pts","start_time","duration_ts","duration","bit_rate","filepath") values ('0','mp3','MP3 (MPEG audio layer 3)','audio','1/44100','[0][0][0][0]','0x0000','fltp','44100','2','stereo','0','0/0','0/0','1/14112000','0','0','1952317440','138.344490','186486','/media/pi/ZUKE/MUSIC/CDs/CD 78/02 - El Africano - Warm-up.mp3');
insert into format ("filename","nb_streams","nb_programs","format_name","format_long_name","start_time","duration","size","bit_rate","probe_score","filepath") values ('/media/pi/ZUKE/MUSIC/CDs/CD 78/02 - El Africano - Warm-up.mp3','1','0','mp3','MP2/3 (MPEG audio layer 2/3)','0','138.344490','3225728','186533','51','/media/pi/ZUKE/MUSIC/CDs/CD 78/02 - El Africano - Warm-up.mp3');
insert into disposition ("default","dub","original","comment","lyrics","karaoke","forced","hearing_impaired","visual_impaired","clean_effects","attached_pic","timed_thumbnails","filepath") values ('0','0','0','0','0','0','0','0','0','0','0','0','/media/pi/ZUKE/MUSIC/CDs/CD 78/02 - El Africano - Warm-up.mp3');
insert into tags ("album","composer","genre","title","artist","disc","track","filepath") values ('ZIN CD 78','Zumba Fitness','Warm-up','El Africano','Zumba Fitness','1/1','2/14','/media/pi/ZUKE/MUSIC/CDs/CD 78/02 - El Africano - Warm-up.mp3');
insert into mp3s ("filepath") values ('/media/pi/ZUKE/MUSIC/CDs/CD 78/02 - El Africano - Warm-up.mp3');
insert into streams ("index","codec_name","codec_long_name","codec_type","codec_time_base","codec_tag_string","codec_tag","sample_fmt","sample_rate","channels","channel_layout","bits_per_sample","r_frame_rate","avg_frame_rate","time_base","start_pts","start_time","duration_ts","duration","bit_rate","filepath") values ('0','mp3','MP3 (MPEG audio layer 3)','audio','1/44100','[0][0][0][0]','0x0000','fltp','44100','2','stereo','0','0/0','0/0','1/14112000','0','0','2739363840','194.115918','195331','/media/pi/ZUKE/MUSIC/CDs/CD 78/03 - You Should Be Dancing - Warm-up.mp3');
insert into format ("filename","nb_streams","nb_programs","format_name","format_long_name","start_time","duration","size","bit_rate","probe_score","filepath") values ('/media/pi/ZUKE/MUSIC/CDs/CD 78/03 - You Should Be Dancing - Warm-up.mp3','1','0','mp3','MP2/3 (MPEG audio layer 2/3)','0','194.115918','4741248','195398','51','/media/pi/ZUKE/MUSIC/CDs/CD 78/03 - You Should Be Dancing - Warm-up.mp3');
insert into disposition ("default","dub","original","comment","lyrics","karaoke","forced","hearing_impaired","visual_impaired","clean_effects","attached_pic","timed_thumbnails","filepath") values ('0','0','0','0','0','0','0','0','0','0','0','0','/media/pi/ZUKE/MUSIC/CDs/CD 78/03 - You Should Be Dancing - Warm-up.mp3');
insert into tags ("album","composer","genre","title","artist","disc","track","filepath") values ('ZIN CD 78','Zumba Fitness','Warm-up','You Should Be Dancing','Mutant Riddim','1/1','3/14','/media/pi/ZUKE/MUSIC/CDs/CD 78/03 - You Should Be Dancing - Warm-up.mp3');
insert into mp3s ("filepath") values ('/media/pi/ZUKE/MUSIC/CDs/CD 78/03 - You Should Be Dancing - Warm-up.mp3');
insert into streams ("index","codec_name","codec_long_name","codec_type","codec_time_base","codec_tag_string","codec_tag","sample_fmt","sample_rate","channels","channel_layout","bits_per_sample","r_frame_rate","avg_frame_rate","time_base","start_pts","start_time","duration_ts","duration","bit_rate","filepath") values ('0','mp3','MP3 (MPEG audio layer 3)','audio','1/44100','[0][0][0][0]','0x0000','fltp','44100','2','stereo','0','0/0','0/0','1/14112000','0','0','3571015680','253.048163','185293','/media/pi/ZUKE/MUSIC/CDs/CD 78/04 - La Rumbita - Merengue.mp3');
insert into format ("filename","nb_streams","nb_programs","format_name","format_long_name","start_time","duration","size","bit_rate","probe_score","filepath") values ('/media/pi/ZUKE/MUSIC/CDs/CD 78/04 - La Rumbita - Merengue.mp3','1','0','mp3','MP2/3 (MPEG audio layer 2/3)','0','253.048163','5861504','185308','51','/media/pi/ZUKE/MUSIC/CDs/CD 78/04 - La Rumbita - Merengue.mp3');
insert into disposition ("default","dub","original","comment","lyrics","karaoke","forced","hearing_impaired","visual_impaired","clean_effects","attached_pic","timed_thumbnails","filepath") values ('0','0','0','0','0','0','0','0','0','0','0','0','/media/pi/ZUKE/MUSIC/CDs/CD 78/04 - La Rumbita - Merengue.mp3');
insert into tags ("album","composer","genre","title","artist","disc","track","filepath") values ('ZIN CD 78','Zumba Fitness','Merengue','La Rumbita','Zumba Fitness','1/1','4/14','/media/pi/ZUKE/MUSIC/CDs/CD 78/04 - La Rumbita - Merengue.mp3');
insert into mp3s ("filepath") values ('/media/pi/ZUKE/MUSIC/CDs/CD 78/04 - La Rumbita - Merengue.mp3');
insert into streams ("index","codec_name","codec_long_name","codec_type","codec_time_base","codec_tag_string","codec_tag","sample_fmt","sample_rate","channels","channel_layout","bits_per_sample","r_frame_rate","avg_frame_rate","time_base","start_pts","start_time","duration_ts","duration","bit_rate","filepath") values ('0','mp3','MP3 (MPEG audio layer 3)','audio','1/44100','[0][0][0][0]','0x0000','fltp','44100','2','stereo','0','0/0','0/0','1/14112000','0','0','3133440000','222.040816','192828','/media/pi/ZUKE/MUSIC/CDs/CD 78/05 - Viva la Musica - Salsa.mp3');
insert into format ("filename","nb_streams","nb_programs","format_name","format_long_name","start_time","duration","size","bit_rate","probe_score","filepath") values ('/media/pi/ZUKE/MUSIC/CDs/CD 78/05 - Viva la Musica - Salsa.mp3','1','0','mp3','MP2/3 (MPEG audio layer 2/3)','0','222.040816','5353600','192887','51','/media/pi/ZUKE/MUSIC/CDs/CD 78/05 - Viva la Musica - Salsa.mp3');
insert into disposition ("default","dub","original","comment","lyrics","karaoke","forced","hearing_impaired","visual_impaired","clean_effects","attached_pic","timed_thumbnails","filepath") values ('0','0','0','0','0','0','0','0','0','0','0','0','/media/pi/ZUKE/MUSIC/CDs/CD 78/05 - Viva la Musica - Salsa.mp3');
insert into tags ("album","composer","genre","title","artist","disc","track","filepath") values ('ZIN CD 78','Zumba Fitness','Salsa','Viva la Musica','Zumba Fitness','1/1','5/14','/media/pi/ZUKE/MUSIC/CDs/CD 78/05 - Viva la Musica - Salsa.mp3');
insert into mp3s ("filepath") values ('/media/pi/ZUKE/MUSIC/CDs/CD 78/05 - Viva la Musica - Salsa.mp3');
insert into streams ("index","codec_name","codec_long_name","codec_type","codec_time_base","codec_tag_string","codec_tag","sample_fmt","sample_rate","channels","channel_layout","bits_per_sample","r_frame_rate","avg_frame_rate","time_base","start_pts","start_time","duration_ts","duration","bit_rate","filepath") values ('0','mp3','MP3 (MPEG audio layer 3)','audio','1/44100','[0][0][0][0]','0x0000','fltp','44100','2','stereo','0','0/0','0/0','1/14112000','0','0','2477260800','175.542857','178543','/media/pi/ZUKE/MUSIC/CDs/CD 78/06 - Jaleo - Reggaeton.mp3');
insert into format ("filename","nb_streams","nb_programs","format_name","format_long_name","start_time","duration","size","bit_rate","probe_score","filepath") values ('/media/pi/ZUKE/MUSIC/CDs/CD 78/06 - Jaleo - Reggaeton.mp3','1','0','mp3','MP2/3 (MPEG audio layer 2/3)','0','175.542857','3920000','178645','51','/media/pi/ZUKE/MUSIC/CDs/CD 78/06 - Jaleo - Reggaeton.mp3');
insert into disposition ("default","dub","original","comment","lyrics","karaoke","forced","hearing_impaired","visual_impaired","clean_effects","attached_pic","timed_thumbnails","filepath") values ('0','0','0','0','0','0','0','0','0','0','0','0','/media/pi/ZUKE/MUSIC/CDs/CD 78/06 - Jaleo - Reggaeton.mp3');
insert into tags ("album","composer","genre","title","artist","disc","track","filepath") values ('ZIN CD 78','Zumba Fitness','Reggaeton','Jaleo','Nicky Jam feat Steve Aoki','1/1','6/14','/media/pi/ZUKE/MUSIC/CDs/CD 78/06 - Jaleo - Reggaeton.mp3');
insert into mp3s ("filepath") values ('/media/pi/ZUKE/MUSIC/CDs/CD 78/06 - Jaleo - Reggaeton.mp3');
insert into streams ("index","codec_name","codec_long_name","codec_type","codec_time_base","codec_tag_string","codec_tag","sample_fmt","sample_rate","channels","channel_layout","bits_per_sample","r_frame_rate","avg_frame_rate","time_base","start_pts","start_time","duration_ts","duration","bit_rate","filepath") values ('0','mp3','MP3 (MPEG audio layer 3)','audio','1/44100','[0][0][0][0]','0x0000','fltp','44100','2','stereo','0','0/0','0/0','1/14112000','0','0','2422333440','171.650612','179146','/media/pi/ZUKE/MUSIC/CDs/CD 78/07 - Keep Calm - Cumbia Dancehall.mp3');
insert into format ("filename","nb_streams","nb_programs","format_name","format_long_name","start_time","duration","size","bit_rate","probe_score","filepath") values ('/media/pi/ZUKE/MUSIC/CDs/CD 78/07 - Keep Calm - Cumbia Dancehall.mp3','1','0','mp3','MP2/3 (MPEG audio layer 2/3)','0','171.650612','3844224','179165','51','/media/pi/ZUKE/MUSIC/CDs/CD 78/07 - Keep Calm - Cumbia Dancehall.mp3');
insert into disposition ("default","dub","original","comment","lyrics","karaoke","forced","hearing_impaired","visual_impaired","clean_effects","attached_pic","timed_thumbnails","filepath") values ('0','0','0','0','0','0','0','0','0','0','0','0','/media/pi/ZUKE/MUSIC/CDs/CD 78/07 - Keep Calm - Cumbia Dancehall.mp3');
insert into tags ("album","composer","genre","title","artist","disc","track","filepath") values ('ZIN CD 78','Zumba Fitness','Cumbia Dancehall','Keep Calm','Oye!!! & Kassiano feat Craigy-T & Gregor Salto','1/1','7/14','/media/pi/ZUKE/MUSIC/CDs/CD 78/07 - Keep Calm - Cumbia Dancehall.mp3');
insert into mp3s ("filepath") values ('/media/pi/ZUKE/MUSIC/CDs/CD 78/07 - Keep Calm - Cumbia Dancehall.mp3');
insert into streams ("index","codec_name","codec_long_name","codec_type","codec_time_base","codec_tag_string","codec_tag","sample_fmt","sample_rate","channels","channel_layout","bits_per_sample","r_frame_rate","avg_frame_rate","time_base","start_pts","start_time","duration_ts","duration","bit_rate","filepath") values ('0','mp3','MP3 (MPEG audio layer 3)','audio','1/44100','[0][0][0][0]','0x0000','fltp','44100','2','stereo','0','0/0','0/0','1/14112000','0','0','2786181120','197.433469','183995','/media/pi/ZUKE/MUSIC/CDs/CD 78/08 - Bailemos Los Dos - Urban Pop.mp3');
insert into format ("filename","nb_streams","nb_programs","format_name","format_long_name","start_time","duration","size","bit_rate","probe_score","filepath") values ('/media/pi/ZUKE/MUSIC/CDs/CD 78/08 - Bailemos Los Dos - Urban Pop.mp3','1','0','mp3','MP2/3 (MPEG audio layer 2/3)','0','197.433469','4542592','184065','51','/media/pi/ZUKE/MUSIC/CDs/CD 78/08 - Bailemos Los Dos - Urban Pop.mp3');
insert into disposition ("default","dub","original","comment","lyrics","karaoke","forced","hearing_impaired","visual_impaired","clean_effects","attached_pic","timed_thumbnails","filepath") values ('0','0','0','0','0','0','0','0','0','0','0','0','/media/pi/ZUKE/MUSIC/CDs/CD 78/08 - Bailemos Los Dos - Urban Pop.mp3');
insert into tags ("album","composer","genre","title","artist","disc","track","filepath") values ('ZIN CD 78','Zumba Fitness','Urban Pop','Bailemos Los Dos','Ray Casillas','1/1','8/14','/media/pi/ZUKE/MUSIC/CDs/CD 78/08 - Bailemos Los Dos - Urban Pop.mp3');
insert into mp3s ("filepath") values ('/media/pi/ZUKE/MUSIC/CDs/CD 78/08 - Bailemos Los Dos - Urban Pop.mp3');
insert into streams ("index","codec_name","codec_long_name","codec_type","codec_time_base","codec_tag_string","codec_tag","sample_fmt","sample_rate","channels","channel_layout","bits_per_sample","r_frame_rate","avg_frame_rate","time_base","start_pts","start_time","duration_ts","duration","bit_rate","filepath") values ('0','mp3','MP3 (MPEG audio layer 3)','audio','1/44100','[0][0][0][0]','0x0000','fltp','44100','2','stereo','0','0/0','0/0','1/14112000','0','0','2407956480','170.631837','181574','/media/pi/ZUKE/MUSIC/CDs/CD 78/09 - Colombiana - Electronic-Dance.mp3');
insert into format ("filename","nb_streams","nb_programs","format_name","format_long_name","start_time","duration","size","bit_rate","probe_score","filepath") values ('/media/pi/ZUKE/MUSIC/CDs/CD 78/09 - Colombiana - Electronic-Dance.mp3','1','0','mp3','MP2/3 (MPEG audio layer 2/3)','0','170.631837','3874944','181675','51','/media/pi/ZUKE/MUSIC/CDs/CD 78/09 - Colombiana - Electronic-Dance.mp3');
insert into disposition ("default","dub","original","comment","lyrics","karaoke","forced","hearing_impaired","visual_impaired","clean_effects","attached_pic","timed_thumbnails","filepath") values ('0','0','0','0','0','0','0','0','0','0','0','0','/media/pi/ZUKE/MUSIC/CDs/CD 78/09 - Colombiana - Electronic-Dance.mp3');
insert into tags ("album","composer","genre","title","artist","disc","track","filepath") values ('ZIN CD 78','Zumba Fitness','Electronic','Colombiana','Ido Shoam & Ez','1/1','9/14','/media/pi/ZUKE/MUSIC/CDs/CD 78/09 - Colombiana - Electronic-Dance.mp3');
insert into mp3s ("filepath") values ('/media/pi/ZUKE/MUSIC/CDs/CD 78/09 - Colombiana - Electronic-Dance.mp3');
insert into streams ("index","codec_name","codec_long_name","codec_type","codec_time_base","codec_tag_string","codec_tag","sample_fmt","sample_rate","channels","channel_layout","bits_per_sample","r_frame_rate","avg_frame_rate","time_base","start_pts","start_time","duration_ts","duration","bit_rate","filepath") values ('0','mp3','MP3 (MPEG audio layer 3)','audio','1/44100','[0][0][0][0]','0x0000','fltp','44100','2','stereo','0','0/0','0/0','1/14112000','0','0','2000977920','141.792653','200880','/media/pi/ZUKE/MUSIC/CDs/CD 78/10 - La Cinta Roja - Rumba Flamenca.mp3');
insert into format ("filename","nb_streams","nb_programs","format_name","format_long_name","start_time","duration","size","bit_rate","probe_score","filepath") values ('/media/pi/ZUKE/MUSIC/CDs/CD 78/10 - La Cinta Roja - Rumba Flamenca.mp3','1','0','mp3','MP2/3 (MPEG audio layer 2/3)','0','141.792653','3561600','200946','51','/media/pi/ZUKE/MUSIC/CDs/CD 78/10 - La Cinta Roja - Rumba Flamenca.mp3');
insert into disposition ("default","dub","original","comment","lyrics","karaoke","forced","hearing_impaired","visual_impaired","clean_effects","attached_pic","timed_thumbnails","filepath") values ('0','0','0','0','0','0','0','0','0','0','0','0','/media/pi/ZUKE/MUSIC/CDs/CD 78/10 - La Cinta Roja - Rumba Flamenca.mp3');
insert into tags ("album","composer","genre","title","artist","disc","track","filepath") values ('ZIN CD 78','Zumba Fitness','Rumba Flamenca','La Cinta Roja','Zumba Fitness','1/1','10/14','/media/pi/ZUKE/MUSIC/CDs/CD 78/10 - La Cinta Roja - Rumba Flamenca.mp3');
insert into mp3s ("filepath") values ('/media/pi/ZUKE/MUSIC/CDs/CD 78/10 - La Cinta Roja - Rumba Flamenca.mp3');
insert into streams ("index","codec_name","codec_long_name","codec_type","codec_time_base","codec_tag_string","codec_tag","sample_fmt","sample_rate","channels","channel_layout","bits_per_sample","r_frame_rate","avg_frame_rate","time_base","start_pts","start_time","duration_ts","duration","bit_rate","filepath") values ('0','mp3','MP3 (MPEG audio layer 3)','audio','1/44100','[0][0][0][0]','0x0000','fltp','44100','2','stereo','0','0/0','0/0','1/14112000','0','0','2687016960','190.406531','177802','/media/pi/ZUKE/MUSIC/CDs/CD 78/11 - Jack & Rose Instructions - Soca.mp3');
insert into format ("filename","nb_streams","nb_programs","format_name","format_long_name","start_time","duration","size","bit_rate","probe_score","filepath") values ('/media/pi/ZUKE/MUSIC/CDs/CD 78/11 - Jack & Rose Instructions - Soca.mp3','1','0','mp3','MP2/3 (MPEG audio layer 2/3)','0','190.406531','4233344','177865','51','/media/pi/ZUKE/MUSIC/CDs/CD 78/11 - Jack & Rose Instructions - Soca.mp3');
insert into disposition ("default","dub","original","comment","lyrics","karaoke","forced","hearing_impaired","visual_impaired","clean_effects","attached_pic","timed_thumbnails","filepath") values ('0','0','0','0','0','0','0','0','0','0','0','0','/media/pi/ZUKE/MUSIC/CDs/CD 78/11 - Jack & Rose Instructions - Soca.mp3');
insert into tags ("album","composer","genre","title","artist","disc","track","filepath") values ('ZIN CD 78','Zumba Fitness','Soca','Jack & Rose Instructions','REC (Red Eye Crew)','1/1','11/14','/media/pi/ZUKE/MUSIC/CDs/CD 78/11 - Jack & Rose Instructions - Soca.mp3');
insert into mp3s ("filepath") values ('/media/pi/ZUKE/MUSIC/CDs/CD 78/11 - Jack & Rose Instructions - Soca.mp3');
insert into streams ("index","codec_name","codec_long_name","codec_type","codec_time_base","codec_tag_string","codec_tag","sample_fmt","sample_rate","channels","channel_layout","bits_per_sample","r_frame_rate","avg_frame_rate","time_base","start_pts","start_time","duration_ts","duration","bit_rate","filepath") values ('0','mp3','MP3 (MPEG audio layer 3)','audio','1/44100','[0][0][0][0]','0x0000','fltp','44100','2','stereo','0','0/0','0/0','1/14112000','0','0','2688122880','190.484898','168593','/media/pi/ZUKE/MUSIC/CDs/CD 78/12 - Llegaste Tu - Reggaeton.mp3');
insert into format ("filename","nb_streams","nb_programs","format_name","format_long_name","start_time","duration","size","bit_rate","probe_score","filepath") values ('/media/pi/ZUKE/MUSIC/CDs/CD 78/12 - Llegaste Tu - Reggaeton.mp3','1','0','mp3','MP2/3 (MPEG audio layer 2/3)','0','190.484898','4016256','168675','51','/media/pi/ZUKE/MUSIC/CDs/CD 78/12 - Llegaste Tu - Reggaeton.mp3');
insert into disposition ("default","dub","original","comment","lyrics","karaoke","forced","hearing_impaired","visual_impaired","clean_effects","attached_pic","timed_thumbnails","filepath") values ('0','0','0','0','0','0','0','0','0','0','0','0','/media/pi/ZUKE/MUSIC/CDs/CD 78/12 - Llegaste Tu - Reggaeton.mp3');
insert into tags ("album","composer","genre","title","artist","disc","track","filepath") values ('ZIN CD 78','Zumba Fitness','Reggaeton','Llegaste Tu','CNCO & Prince Royce','1/1','12/14','/media/pi/ZUKE/MUSIC/CDs/CD 78/12 - Llegaste Tu - Reggaeton.mp3');
insert into mp3s ("filepath") values ('/media/pi/ZUKE/MUSIC/CDs/CD 78/12 - Llegaste Tu - Reggaeton.mp3');
insert into streams ("index","codec_name","codec_long_name","codec_type","codec_time_base","codec_tag_string","codec_tag","sample_fmt","sample_rate","channels","channel_layout","bits_per_sample","r_frame_rate","avg_frame_rate","time_base","start_pts","start_time","duration_ts","duration","bit_rate","filepath") values ('0','mp3','MP3 (MPEG audio layer 3)','audio','1/44100','[0][0][0][0]','0x0000','fltp','44100','2','stereo','0','0/0','0/0','1/14112000','0','0','2899353600','205.453061','174498','/media/pi/ZUKE/MUSIC/CDs/CD 78/13 - Loco Loco - Cooldown.mp3');
insert into format ("filename","nb_streams","nb_programs","format_name","format_long_name","start_time","duration","size","bit_rate","probe_score","filepath") values ('/media/pi/ZUKE/MUSIC/CDs/CD 78/13 - Loco Loco - Cooldown.mp3','1','0','mp3','MP2/3 (MPEG audio layer 2/3)','0','205.453061','4483200','174568','51','/media/pi/ZUKE/MUSIC/CDs/CD 78/13 - Loco Loco - Cooldown.mp3');
insert into disposition ("default","dub","original","comment","lyrics","karaoke","forced","hearing_impaired","visual_impaired","clean_effects","attached_pic","timed_thumbnails","filepath") values ('0','0','0','0','0','0','0','0','0','0','0','0','/media/pi/ZUKE/MUSIC/CDs/CD 78/13 - Loco Loco - Cooldown.mp3');
insert into tags ("album","composer","genre","title","artist","disc","track","filepath") values ('ZIN CD 78','Zumba Fitness','Cooldown','Loco Loco','Zumba Fitness','1/1','13/14','/media/pi/ZUKE/MUSIC/CDs/CD 78/13 - Loco Loco - Cooldown.mp3');
insert into mp3s ("filepath") values ('/media/pi/ZUKE/MUSIC/CDs/CD 78/13 - Loco Loco - Cooldown.mp3');
insert into streams ("index","codec_name","codec_long_name","codec_type","codec_time_base","codec_tag_string","codec_tag","sample_fmt","sample_rate","channels","channel_layout","bits_per_sample","r_frame_rate","avg_frame_rate","time_base","start_pts","start_time","duration_ts","duration","bit_rate","filepath") values ('0','mp3','MP3 (MPEG audio layer 3)','audio','1/44100','[0][0][0][0]','0x0000','fltp','44100','2','stereo','0','0/0','0/0','1/14112000','0','0','7198801920','510.119184','191826','/media/pi/ZUKE/MUSIC/CDs/CD 78/14 - La Cinta Roja - Loco Loco - La Rumbita - DJ Mix.mp3');
insert into format ("filename","nb_streams","nb_programs","format_name","format_long_name","start_time","duration","size","bit_rate","probe_score","filepath") values ('/media/pi/ZUKE/MUSIC/CDs/CD 78/14 - La Cinta Roja - Loco Loco - La Rumbita - DJ Mix.mp3','1','0','mp3','MP2/3 (MPEG audio layer 2/3)','0','510.119184','12232832','191842','51','/media/pi/ZUKE/MUSIC/CDs/CD 78/14 - La Cinta Roja - Loco Loco - La Rumbita - DJ Mix.mp3');
insert into disposition ("default","dub","original","comment","lyrics","karaoke","forced","hearing_impaired","visual_impaired","clean_effects","attached_pic","timed_thumbnails","filepath") values ('0','0','0','0','0','0','0','0','0','0','0','0','/media/pi/ZUKE/MUSIC/CDs/CD 78/14 - La Cinta Roja - Loco Loco - La Rumbita - DJ Mix.mp3');
insert into tags ("album","composer","genre","title","artist","disc","track","filepath") values ('ZIN CD 78','Zumba Fitness','DJ Mix','La Cinta Roja - Loco Loco - La Rumbita','Zumba Fitness','1/1','14/14','/media/pi/ZUKE/MUSIC/CDs/CD 78/14 - La Cinta Roja - Loco Loco - La Rumbita - DJ Mix.mp3');
insert into mp3s ("filepath") values ('/media/pi/ZUKE/MUSIC/CDs/CD 78/14 - La Cinta Roja - Loco Loco - La Rumbita - DJ Mix.mp3');
insert into streams ("index","codec_name","codec_long_name","codec_type","codec_time_base","codec_tag_string","codec_tag","sample_fmt","sample_rate","channels","channel_layout","bits_per_sample","r_frame_rate","avg_frame_rate","time_base","start_pts","start_time","duration_ts","duration","bit_rate","filepath") values ('0','mp3','MP3 (MPEG audio layer 3)','audio','1/44100','[0][0][0][0]','0x0000','fltp','44100','2','stereo','0','0/0','0/0','1/14112000','0','0','4700055835','333.053843','161246','/media/pi/ZUKE/MUSIC/CDs/CD 79/01 - I Gotta Feeling - Warm-up.mp3');
insert into format ("filename","nb_streams","nb_programs","format_name","format_long_name","start_time","duration","size","bit_rate","probe_score","filepath") values ('/media/pi/ZUKE/MUSIC/CDs/CD 79/01 - I Gotta Feeling - Warm-up.mp3','1','0','mp3','MP2/3 (MPEG audio layer 2/3)','0','333.053843','6713472','161258','51','/media/pi/ZUKE/MUSIC/CDs/CD 79/01 - I Gotta Feeling - Warm-up.mp3');
insert into disposition ("default","dub","original","comment","lyrics","karaoke","forced","hearing_impaired","visual_impaired","clean_effects","attached_pic","timed_thumbnails","filepath") values ('0','0','0','0','0','0','0','0','0','0','0','0','/media/pi/ZUKE/MUSIC/CDs/CD 79/01 - I Gotta Feeling - Warm-up.mp3');
insert into tags ("album","composer","genre","title","artist","disc","track","filepath") values ('ZIN CD 79','Zumba Fitness','Warm-up','I Gotta Feeling','Zumba Fitness','1/1','1/14','/media/pi/ZUKE/MUSIC/CDs/CD 79/01 - I Gotta Feeling - Warm-up.mp3');
insert into mp3s ("filepath") values ('/media/pi/ZUKE/MUSIC/CDs/CD 79/01 - I Gotta Feeling - Warm-up.mp3');
insert into streams ("index","codec_name","codec_long_name","codec_type","codec_time_base","codec_tag_string","codec_tag","sample_fmt","sample_rate","channels","channel_layout","bits_per_sample","r_frame_rate","avg_frame_rate","time_base","start_pts","start_time","duration_ts","duration","bit_rate","filepath") values ('0','mp3','MP3 (MPEG audio layer 3)','audio','1/44100','[0][0][0][0]','0x0000','fltp','44100','2','stereo','0','0/0','0/0','1/14112000','0','0','2226576878','157.778974','163139','/media/pi/ZUKE/MUSIC/CDs/CD 79/02 - Novinhas - Warmp Up.mp3');
insert into format ("filename","nb_streams","nb_programs","format_name","format_long_name","start_time","duration","size","bit_rate","probe_score","filepath") values ('/media/pi/ZUKE/MUSIC/CDs/CD 79/02 - Novinhas - Warmp Up.mp3','1','0','mp3','MP2/3 (MPEG audio layer 2/3)','0','157.778974','3219584','163245','51','/media/pi/ZUKE/MUSIC/CDs/CD 79/02 - Novinhas - Warmp Up.mp3');
insert into disposition ("default","dub","original","comment","lyrics","karaoke","forced","hearing_impaired","visual_impaired","clean_effects","attached_pic","timed_thumbnails","filepath") values ('0','0','0','0','0','0','0','0','0','0','0','0','/media/pi/ZUKE/MUSIC/CDs/CD 79/02 - Novinhas - Warmp Up.mp3');
insert into tags ("album","composer","genre","title","artist","disc","track","filepath") values ('ZIN CD 79','Zumba Fitness','Warm-up','Novinhas','Zumba Fitness','1/1','2/14','/media/pi/ZUKE/MUSIC/CDs/CD 79/02 - Novinhas - Warmp Up.mp3');
insert into mp3s ("filepath") values ('/media/pi/ZUKE/MUSIC/CDs/CD 79/02 - Novinhas - Warmp Up.mp3');
insert into streams ("index","codec_name","codec_long_name","codec_type","codec_time_base","codec_tag_string","codec_tag","sample_fmt","sample_rate","channels","channel_layout","bits_per_sample","r_frame_rate","avg_frame_rate","time_base","start_pts","start_time","duration_ts","duration","bit_rate","filepath") values ('0','mp3','MP3 (MPEG audio layer 3)','audio','1/44100','[0][0][0][0]','0x0000','fltp','44100','2','stereo','0','0/0','0/0','1/14112000','0','0','3403854664','241.202853','165992','/media/pi/ZUKE/MUSIC/CDs/CD 79/03 - El Baile De Los Que Sobran - Warm-up.mp3');
insert into format ("filename","nb_streams","nb_programs","format_name","format_long_name","start_time","duration","size","bit_rate","probe_score","filepath") values ('/media/pi/ZUKE/MUSIC/CDs/CD 79/03 - El Baile De Los Que Sobran - Warm-up.mp3','1','0','mp3','MP2/3 (MPEG audio layer 2/3)','0','241.202853','5005440','166015','51','/media/pi/ZUKE/MUSIC/CDs/CD 79/03 - El Baile De Los Que Sobran - Warm-up.mp3');
insert into disposition ("default","dub","original","comment","lyrics","karaoke","forced","hearing_impaired","visual_impaired","clean_effects","attached_pic","timed_thumbnails","filepath") values ('0','0','0','0','0','0','0','0','0','0','0','0','/media/pi/ZUKE/MUSIC/CDs/CD 79/03 - El Baile De Los Que Sobran - Warm-up.mp3');
insert into tags ("album","composer","genre","title","artist","disc","track","filepath") values ('ZIN CD 79','Zumba Fitness','Warm-up','El Baile De Los Que Sobran','Zumba Fitness','1/1','3/14','/media/pi/ZUKE/MUSIC/CDs/CD 79/03 - El Baile De Los Que Sobran - Warm-up.mp3');
insert into mp3s ("filepath") values ('/media/pi/ZUKE/MUSIC/CDs/CD 79/03 - El Baile De Los Que Sobran - Warm-up.mp3');
insert into streams ("index","codec_name","codec_long_name","codec_type","codec_time_base","codec_tag_string","codec_tag","sample_fmt","sample_rate","channels","channel_layout","bits_per_sample","r_frame_rate","avg_frame_rate","time_base","start_pts","start_time","duration_ts","duration","bit_rate","filepath") values ('0','mp3','MP3 (MPEG audio layer 3)','audio','1/44100','[0][0][0][0]','0x0000','fltp','44100','2','stereo','0','0/0','0/0','1/14112000','0','0','3164062111','224.210750','163378','/media/pi/ZUKE/MUSIC/CDs/CD 79/04 - Munequita Linda - Merengue EDM.mp3');
insert into format ("filename","nb_streams","nb_programs","format_name","format_long_name","start_time","duration","size","bit_rate","probe_score","filepath") values ('/media/pi/ZUKE/MUSIC/CDs/CD 79/04 - Munequita Linda - Merengue EDM.mp3','1','0','mp3','MP2/3 (MPEG audio layer 2/3)','0','224.210750','4579456','163398','51','/media/pi/ZUKE/MUSIC/CDs/CD 79/04 - Munequita Linda - Merengue EDM.mp3');
insert into disposition ("default","dub","original","comment","lyrics","karaoke","forced","hearing_impaired","visual_impaired","clean_effects","attached_pic","timed_thumbnails","filepath") values ('0','0','0','0','0','0','0','0','0','0','0','0','/media/pi/ZUKE/MUSIC/CDs/CD 79/04 - Munequita Linda - Merengue EDM.mp3');
insert into tags ("album","composer","genre","title","artist","disc","track","filepath") values ('ZIN CD 79','Zumba Fitness','Merengue EDM','Munequita Linda','Juan Magan, Deorro, MAKJ feat YFN Lucci','1/1','4/14','/media/pi/ZUKE/MUSIC/CDs/CD 79/04 - Munequita Linda - Merengue EDM.mp3');
insert into mp3s ("filepath") values ('/media/pi/ZUKE/MUSIC/CDs/CD 79/04 - Munequita Linda - Merengue EDM.mp3');
insert into streams ("index","codec_name","codec_long_name","codec_type","codec_time_base","codec_tag_string","codec_tag","sample_fmt","sample_rate","channels","channel_layout","bits_per_sample","r_frame_rate","avg_frame_rate","time_base","start_pts","start_time","duration_ts","duration","bit_rate","filepath") values ('0','mp3','MP3 (MPEG audio layer 3)','audio','1/44100','[0][0][0][0]','0x0000','fltp','44100','2','stereo','0','0/0','0/0','1/14112000','0','0','5205331365','368.858515','134297','/media/pi/ZUKE/MUSIC/CDs/CD 79/05 - Salsa Caliente - Salsa.mp3');
insert into format ("filename","nb_streams","nb_programs","format_name","format_long_name","start_time","duration","size","bit_rate","probe_score","filepath") values ('/media/pi/ZUKE/MUSIC/CDs/CD 79/05 - Salsa Caliente - Salsa.mp3','1','0','mp3','MP2/3 (MPEG audio layer 2/3)','0','368.858515','6193280','134323','51','/media/pi/ZUKE/MUSIC/CDs/CD 79/05 - Salsa Caliente - Salsa.mp3');
insert into disposition ("default","dub","original","comment","lyrics","karaoke","forced","hearing_impaired","visual_impaired","clean_effects","attached_pic","timed_thumbnails","filepath") values ('0','0','0','0','0','0','0','0','0','0','0','0','/media/pi/ZUKE/MUSIC/CDs/CD 79/05 - Salsa Caliente - Salsa.mp3');
insert into tags ("album","composer","genre","title","artist","disc","track","filepath") values ('ZIN CD 79','Zumba Fitness','Salsa','Salsa Caliente','Grupo B.I.P','1/1','5/14','/media/pi/ZUKE/MUSIC/CDs/CD 79/05 - Salsa Caliente - Salsa.mp3');
insert into mp3s ("filepath") values ('/media/pi/ZUKE/MUSIC/CDs/CD 79/05 - Salsa Caliente - Salsa.mp3');
insert into streams ("index","codec_name","codec_long_name","codec_type","codec_time_base","codec_tag_string","codec_tag","sample_fmt","sample_rate","channels","channel_layout","bits_per_sample","r_frame_rate","avg_frame_rate","time_base","start_pts","start_time","duration_ts","duration","bit_rate","filepath") values ('0','mp3','MP3 (MPEG audio layer 3)','audio','1/44100','[0][0][0][0]','0x0000','fltp','44100','2','stereo','0','0/0','0/0','1/14112000','0','0','3826458346','271.149259','149639','/media/pi/ZUKE/MUSIC/CDs/CD 79/06 - Se Acaba El Tiempo - Reggaeton - Cumbia.mp3');
insert into format ("filename","nb_streams","nb_programs","format_name","format_long_name","start_time","duration","size","bit_rate","probe_score","filepath") values ('/media/pi/ZUKE/MUSIC/CDs/CD 79/06 - Se Acaba El Tiempo - Reggaeton - Cumbia.mp3','1','0','mp3','MP2/3 (MPEG audio layer 2/3)','0','271.149259','5073024','149674','51','/media/pi/ZUKE/MUSIC/CDs/CD 79/06 - Se Acaba El Tiempo - Reggaeton - Cumbia.mp3');
insert into disposition ("default","dub","original","comment","lyrics","karaoke","forced","hearing_impaired","visual_impaired","clean_effects","attached_pic","timed_thumbnails","filepath") values ('0','0','0','0','0','0','0','0','0','0','0','0','/media/pi/ZUKE/MUSIC/CDs/CD 79/06 - Se Acaba El Tiempo - Reggaeton - Cumbia.mp3');
insert into tags ("album","composer","genre","title","artist","disc","track","filepath") values ('ZIN CD 79','Zumba Fitness','Reggaeton,Cumbia','Se Acaba El Tiempo','G-Ruiz feat Nyanda','1/1','6/14','/media/pi/ZUKE/MUSIC/CDs/CD 79/06 - Se Acaba El Tiempo - Reggaeton - Cumbia.mp3');
insert into mp3s ("filepath") values ('/media/pi/ZUKE/MUSIC/CDs/CD 79/06 - Se Acaba El Tiempo - Reggaeton - Cumbia.mp3');
insert into streams ("index","codec_name","codec_long_name","codec_type","codec_time_base","codec_tag_string","codec_tag","sample_fmt","sample_rate","channels","channel_layout","bits_per_sample","r_frame_rate","avg_frame_rate","time_base","start_pts","start_time","duration_ts","duration","bit_rate","filepath") values ('0','mp3','MP3 (MPEG audio layer 3)','audio','1/44100','[0][0][0][0]','0x0000','fltp','44100','2','stereo','0','0/0','0/0','1/14112000','0','0','3141452885','222.608623','152758','/media/pi/ZUKE/MUSIC/CDs/CD 79/07 - Carreta - Cumbia.mp3');
insert into format ("filename","nb_streams","nb_programs","format_name","format_long_name","start_time","duration","size","bit_rate","probe_score","filepath") values ('/media/pi/ZUKE/MUSIC/CDs/CD 79/07 - Carreta - Cumbia.mp3','1','0','mp3','MP2/3 (MPEG audio layer 2/3)','0','222.608623','4251776','152798','51','/media/pi/ZUKE/MUSIC/CDs/CD 79/07 - Carreta - Cumbia.mp3');
insert into disposition ("default","dub","original","comment","lyrics","karaoke","forced","hearing_impaired","visual_impaired","clean_effects","attached_pic","timed_thumbnails","filepath") values ('0','0','0','0','0','0','0','0','0','0','0','0','/media/pi/ZUKE/MUSIC/CDs/CD 79/07 - Carreta - Cumbia.mp3');
insert into tags ("album","composer","genre","title","artist","disc","track","filepath") values ('ZIN CD 79','Zumba Fitness','Cumbia','Carreta','El Chevo','1/1','7/14','/media/pi/ZUKE/MUSIC/CDs/CD 79/07 - Carreta - Cumbia.mp3');
insert into mp3s ("filepath") values ('/media/pi/ZUKE/MUSIC/CDs/CD 79/07 - Carreta - Cumbia.mp3');
insert into streams ("index","codec_name","codec_long_name","codec_type","codec_time_base","codec_tag_string","codec_tag","sample_fmt","sample_rate","channels","channel_layout","bits_per_sample","r_frame_rate","avg_frame_rate","time_base","start_pts","start_time","duration_ts","duration","bit_rate","filepath") values ('0','mp3','MP3 (MPEG audio layer 3)','audio','1/44100','[0][0][0][0]','0x0000','fltp','44100','2','stereo','0','0/0','0/0','1/14112000','0','0','4504924388','319.226501','112145','/media/pi/ZUKE/MUSIC/CDs/CD 79/08 - Eso Que Tu Tienes - Techno Merengue.mp3');
insert into format ("filename","nb_streams","nb_programs","format_name","format_long_name","start_time","duration","size","bit_rate","probe_score","filepath") values ('/media/pi/ZUKE/MUSIC/CDs/CD 79/08 - Eso Que Tu Tienes - Techno Merengue.mp3','1','0','mp3','MP2/3 (MPEG audio layer 2/3)','0','319.226501','4477056','112197','51','/media/pi/ZUKE/MUSIC/CDs/CD 79/08 - Eso Que Tu Tienes - Techno Merengue.mp3');
insert into disposition ("default","dub","original","comment","lyrics","karaoke","forced","hearing_impaired","visual_impaired","clean_effects","attached_pic","timed_thumbnails","filepath") values ('0','0','0','0','0','0','0','0','0','0','0','0','/media/pi/ZUKE/MUSIC/CDs/CD 79/08 - Eso Que Tu Tienes - Techno Merengue.mp3');
insert into tags ("album","composer","genre","title","artist","disc","track","filepath") values ('ZIN CD 79','Zumba Fitness','Techno Merengue','Eso Que Tu Tienes','Michel Gutty','1/1','8/14','/media/pi/ZUKE/MUSIC/CDs/CD 79/08 - Eso Que Tu Tienes - Techno Merengue.mp3');
insert into mp3s ("filepath") values ('/media/pi/ZUKE/MUSIC/CDs/CD 79/08 - Eso Que Tu Tienes - Techno Merengue.mp3');
insert into streams ("index","codec_name","codec_long_name","codec_type","codec_time_base","codec_tag_string","codec_tag","sample_fmt","sample_rate","channels","channel_layout","bits_per_sample","r_frame_rate","avg_frame_rate","time_base","start_pts","start_time","duration_ts","duration","bit_rate","filepath") values ('0','mp3','MP3 (MPEG audio layer 3)','audio','1/44100','[0][0][0][0]','0x0000','fltp','44100','2','stereo','0','0/0','0/0','1/14112000','0','0','2578945264','182.748389','130654','/media/pi/ZUKE/MUSIC/CDs/CD 79/09 - Buzina - Funk Carioca.mp3');
insert into format ("filename","nb_streams","nb_programs","format_name","format_long_name","start_time","duration","size","bit_rate","probe_score","filepath") values ('/media/pi/ZUKE/MUSIC/CDs/CD 79/09 - Buzina - Funk Carioca.mp3','1','0','mp3','MP2/3 (MPEG audio layer 2/3)','0','182.748389','2986112','130720','51','/media/pi/ZUKE/MUSIC/CDs/CD 79/09 - Buzina - Funk Carioca.mp3');
insert into disposition ("default","dub","original","comment","lyrics","karaoke","forced","hearing_impaired","visual_impaired","clean_effects","attached_pic","timed_thumbnails","filepath") values ('0','0','0','0','0','0','0','0','0','0','0','0','/media/pi/ZUKE/MUSIC/CDs/CD 79/09 - Buzina - Funk Carioca.mp3');
insert into tags ("album","composer","genre","title","artist","disc","track","filepath") values ('ZIN CD 79','Zumba Fitness','Funk Carioca','Buzina','Pabllo Vittar','1/1','9/14','/media/pi/ZUKE/MUSIC/CDs/CD 79/09 - Buzina - Funk Carioca.mp3');
insert into mp3s ("filepath") values ('/media/pi/ZUKE/MUSIC/CDs/CD 79/09 - Buzina - Funk Carioca.mp3');
insert into streams ("index","codec_name","codec_long_name","codec_type","codec_time_base","codec_tag_string","codec_tag","sample_fmt","sample_rate","channels","channel_layout","bits_per_sample","r_frame_rate","avg_frame_rate","time_base","start_pts","start_time","duration_ts","duration","bit_rate","filepath") values ('0','mp3','MP3 (MPEG audio layer 3)','audio','1/44100','[0][0][0][0]','0x0000','fltp','44100','2','stereo','0','0/0','0/0','1/14112000','0','0','3153528601','223.464328','156693','/media/pi/ZUKE/MUSIC/CDs/CD 79/10 - Eskeleto - EDM Fusion.mp3');
insert into format ("filename","nb_streams","nb_programs","format_name","format_long_name","start_time","duration","size","bit_rate","probe_score","filepath") values ('/media/pi/ZUKE/MUSIC/CDs/CD 79/10 - Eskeleto - EDM Fusion.mp3','1','0','mp3','MP2/3 (MPEG audio layer 2/3)','0','223.464328','4378752','156758','51','/media/pi/ZUKE/MUSIC/CDs/CD 79/10 - Eskeleto - EDM Fusion.mp3');
insert into disposition ("default","dub","original","comment","lyrics","karaoke","forced","hearing_impaired","visual_impaired","clean_effects","attached_pic","timed_thumbnails","filepath") values ('0','0','0','0','0','0','0','0','0','0','0','0','/media/pi/ZUKE/MUSIC/CDs/CD 79/10 - Eskeleto - EDM Fusion.mp3');
insert into tags ("album","composer","genre","title","artist","disc","track","filepath") values ('ZIN CD 79','Zumba Fitness','EDM Fusion','Eskeleto','DJ Ricky Luna, Humby feat Popeye Caution, Nando Boom, Kira, Mambi','1/1','10/14','/media/pi/ZUKE/MUSIC/CDs/CD 79/10 - Eskeleto - EDM Fusion.mp3');
insert into mp3s ("filepath") values ('/media/pi/ZUKE/MUSIC/CDs/CD 79/10 - Eskeleto - EDM Fusion.mp3');
insert into streams ("index","codec_name","codec_long_name","codec_type","codec_time_base","codec_tag_string","codec_tag","sample_fmt","sample_rate","channels","channel_layout","bits_per_sample","r_frame_rate","avg_frame_rate","time_base","start_pts","start_time","duration_ts","duration","bit_rate","filepath") values ('0','mp3','MP3 (MPEG audio layer 3)','audio','1/44100','[0][0][0][0]','0x0000','fltp','44100','2','stereo','0','0/0','0/0','1/14112000','0','0','3671516198','260.169799','173641','/media/pi/ZUKE/MUSIC/CDs/CD 79/11 - Juste un Delire - French Soca.mp3');
insert into format ("filename","nb_streams","nb_programs","format_name","format_long_name","start_time","duration","size","bit_rate","probe_score","filepath") values ('/media/pi/ZUKE/MUSIC/CDs/CD 79/11 - Juste un Delire - French Soca.mp3','1','0','mp3','MP2/3 (MPEG audio layer 2/3)','0','260.169799','5648512','173686','51','/media/pi/ZUKE/MUSIC/CDs/CD 79/11 - Juste un Delire - French Soca.mp3');
insert into disposition ("default","dub","original","comment","lyrics","karaoke","forced","hearing_impaired","visual_impaired","clean_effects","attached_pic","timed_thumbnails","filepath") values ('0','0','0','0','0','0','0','0','0','0','0','0','/media/pi/ZUKE/MUSIC/CDs/CD 79/11 - Juste un Delire - French Soca.mp3');
insert into tags ("album","composer","genre","title","artist","disc","track","filepath") values ('ZIN CD 79','Zumba Fitness','French Soca','Juste un Delire','Neg Marrons','1/1','11/14','/media/pi/ZUKE/MUSIC/CDs/CD 79/11 - Juste un Delire - French Soca.mp3');
insert into mp3s ("filepath") values ('/media/pi/ZUKE/MUSIC/CDs/CD 79/11 - Juste un Delire - French Soca.mp3');
insert into streams ("index","codec_name","codec_long_name","codec_type","codec_time_base","codec_tag_string","codec_tag","sample_fmt","sample_rate","channels","channel_layout","bits_per_sample","r_frame_rate","avg_frame_rate","time_base","start_pts","start_time","duration_ts","duration","bit_rate","filepath") values ('0','mp3','MP3 (MPEG audio layer 3)','audio','1/44100','[0][0][0][0]','0x0000','fltp','44100','2','stereo','0','0/0','0/0','1/14112000','0','0','2963501908','209.998718','143520','/media/pi/ZUKE/MUSIC/CDs/CD 79/12 - Shaka Lover - Dancehall.mp3');
insert into format ("filename","nb_streams","nb_programs","format_name","format_long_name","start_time","duration","size","bit_rate","probe_score","filepath") values ('/media/pi/ZUKE/MUSIC/CDs/CD 79/12 - Shaka Lover - Dancehall.mp3','1','0','mp3','MP2/3 (MPEG audio layer 2/3)','0','209.998718','3768448','143560','51','/media/pi/ZUKE/MUSIC/CDs/CD 79/12 - Shaka Lover - Dancehall.mp3');
insert into disposition ("default","dub","original","comment","lyrics","karaoke","forced","hearing_impaired","visual_impaired","clean_effects","attached_pic","timed_thumbnails","filepath") values ('0','0','0','0','0','0','0','0','0','0','0','0','/media/pi/ZUKE/MUSIC/CDs/CD 79/12 - Shaka Lover - Dancehall.mp3');
insert into tags ("album","composer","genre","title","artist","disc","track","filepath") values ('ZIN CD 79','Zumba Fitness','Dancehall','Shaka Lover','MZRIN feat Lexter','1/1','12/14','/media/pi/ZUKE/MUSIC/CDs/CD 79/12 - Shaka Lover - Dancehall.mp3');
insert into mp3s ("filepath") values ('/media/pi/ZUKE/MUSIC/CDs/CD 79/12 - Shaka Lover - Dancehall.mp3');
insert into streams ("index","codec_name","codec_long_name","codec_type","codec_time_base","codec_tag_string","codec_tag","sample_fmt","sample_rate","channels","channel_layout","bits_per_sample","r_frame_rate","avg_frame_rate","time_base","start_pts","start_time","duration_ts","duration","bit_rate","filepath") values ('0','mp3','MP3 (MPEG audio layer 3)','audio','1/44100','[0][0][0][0]','0x0000','fltp','44100','2','stereo','0','0/0','0/0','1/14112000','0','0','4138277952','293.245320','123284','/media/pi/ZUKE/MUSIC/CDs/CD 79/13 - Un Corazon (Remix) - Cooldown.mp3');
insert into format ("filename","nb_streams","nb_programs","format_name","format_long_name","start_time","duration","size","bit_rate","probe_score","filepath") values ('/media/pi/ZUKE/MUSIC/CDs/CD 79/13 - Un Corazon (Remix) - Cooldown.mp3','1','0','mp3','MP2/3 (MPEG audio layer 2/3)','0','293.245320','4520064','123311','51','/media/pi/ZUKE/MUSIC/CDs/CD 79/13 - Un Corazon (Remix) - Cooldown.mp3');
insert into disposition ("default","dub","original","comment","lyrics","karaoke","forced","hearing_impaired","visual_impaired","clean_effects","attached_pic","timed_thumbnails","filepath") values ('0','0','0','0','0','0','0','0','0','0','0','0','/media/pi/ZUKE/MUSIC/CDs/CD 79/13 - Un Corazon (Remix) - Cooldown.mp3');
insert into tags ("album","composer","genre","title","artist","disc","track","filepath") values ('ZIN CD 79','Zumba Fitness','Cooldown','Un Corazon (Remix)','Zumba Fitness','1/1','13/14','/media/pi/ZUKE/MUSIC/CDs/CD 79/13 - Un Corazon (Remix) - Cooldown.mp3');
insert into mp3s ("filepath") values ('/media/pi/ZUKE/MUSIC/CDs/CD 79/13 - Un Corazon (Remix) - Cooldown.mp3');
insert into streams ("index","codec_name","codec_long_name","codec_type","codec_time_base","codec_tag_string","codec_tag","sample_fmt","sample_rate","channels","channel_layout","bits_per_sample","r_frame_rate","avg_frame_rate","time_base","start_pts","start_time","duration_ts","duration","bit_rate","filepath") values ('0','mp3','MP3 (MPEG audio layer 3)','audio','1/44100','[0][0][0][0]','0x0000','fltp','44100','2','stereo','0','0/0','0/0','1/14112000','0','0','11642433859','825.002399','132538','/media/pi/ZUKE/MUSIC/CDs/CD 79/14 - Carreta - Eso Que Tu Tienes - Salsa Caliente - DJ Mix.mp3');
insert into format ("filename","nb_streams","nb_programs","format_name","format_long_name","start_time","duration","size","bit_rate","probe_score","filepath") values ('/media/pi/ZUKE/MUSIC/CDs/CD 79/14 - Carreta - Eso Que Tu Tienes - Salsa Caliente - DJ Mix.mp3','1','0','mp3','MP2/3 (MPEG audio layer 2/3)','0','825.002399','13668480','132542','51','/media/pi/ZUKE/MUSIC/CDs/CD 79/14 - Carreta - Eso Que Tu Tienes - Salsa Caliente - DJ Mix.mp3');
insert into disposition ("default","dub","original","comment","lyrics","karaoke","forced","hearing_impaired","visual_impaired","clean_effects","attached_pic","timed_thumbnails","filepath") values ('0','0','0','0','0','0','0','0','0','0','0','0','/media/pi/ZUKE/MUSIC/CDs/CD 79/14 - Carreta - Eso Que Tu Tienes - Salsa Caliente - DJ Mix.mp3');
insert into tags ("album","composer","genre","title","artist","disc","track","filepath") values ('ZIN CD 79','Zumba Fitness','DJ Mix','Carreta - Eso Que Tu Tienes - Salsa Caliente','Zumba Fitness','1/1','14/14','/media/pi/ZUKE/MUSIC/CDs/CD 79/14 - Carreta - Eso Que Tu Tienes - Salsa Caliente - DJ Mix.mp3');
insert into mp3s ("filepath") values ('/media/pi/ZUKE/MUSIC/CDs/CD 79/14 - Carreta - Eso Que Tu Tienes - Salsa Caliente - DJ Mix.mp3');
insert into streams ("index","codec_name","codec_long_name","codec_type","codec_time_base","codec_tag_string","codec_tag","sample_fmt","sample_rate","channels","channel_layout","bits_per_sample","r_frame_rate","avg_frame_rate","time_base","start_pts","start_time","duration_ts","duration","bit_rate","filepath") values ('0','mp3','MP3 (MPEG audio layer 3)','audio','1/44100','[0][0][0][0]','0x0000','fltp','44100','2','stereo','0','0/0','0/0','1/14112000','0','0','3013407187','213.535090','147835','/media/pi/ZUKE/MUSIC/CDs/CD 80/01 - All Night Long - Warm-up.mp3');
insert into format ("filename","nb_streams","nb_programs","format_name","format_long_name","start_time","duration","size","bit_rate","probe_score","filepath") values ('/media/pi/ZUKE/MUSIC/CDs/CD 80/01 - All Night Long - Warm-up.mp3','1','0','mp3','MP2/3 (MPEG audio layer 2/3)','0','213.535090','3946624','147858','51','/media/pi/ZUKE/MUSIC/CDs/CD 80/01 - All Night Long - Warm-up.mp3');
insert into disposition ("default","dub","original","comment","lyrics","karaoke","forced","hearing_impaired","visual_impaired","clean_effects","attached_pic","timed_thumbnails","filepath") values ('0','0','0','0','0','0','0','0','0','0','0','0','/media/pi/ZUKE/MUSIC/CDs/CD 80/01 - All Night Long - Warm-up.mp3');
insert into tags ("album","composer","genre","title","artist","disc","track","filepath") values ('ZIN CD 80','Zumba Fitness','Warm-up','All Night Long','Zumba Fitness','1/1','1/15','/media/pi/ZUKE/MUSIC/CDs/CD 80/01 - All Night Long - Warm-up.mp3');
insert into mp3s ("filepath") values ('/media/pi/ZUKE/MUSIC/CDs/CD 80/01 - All Night Long - Warm-up.mp3');
insert into streams ("index","codec_name","codec_long_name","codec_type","codec_time_base","codec_tag_string","codec_tag","sample_fmt","sample_rate","channels","channel_layout","bits_per_sample","r_frame_rate","avg_frame_rate","time_base","start_pts","start_time","duration_ts","duration","bit_rate","filepath") values ('0','mp3','MP3 (MPEG audio layer 3)','audio','1/44100','[0][0][0][0]','0x0000','fltp','44100','2','stereo','0','0/0','0/0','1/14112000','0','0','4750284648','336.613141','141540','/media/pi/ZUKE/MUSIC/CDs/CD 80/02 - Smiling - Warm-up.mp3');
insert into format ("filename","nb_streams","nb_programs","format_name","format_long_name","start_time","duration","size","bit_rate","probe_score","filepath") values ('/media/pi/ZUKE/MUSIC/CDs/CD 80/02 - Smiling - Warm-up.mp3','1','0','mp3','MP2/3 (MPEG audio layer 2/3)','0','336.613141','5955712','141544','51','/media/pi/ZUKE/MUSIC/CDs/CD 80/02 - Smiling - Warm-up.mp3');
insert into disposition ("default","dub","original","comment","lyrics","karaoke","forced","hearing_impaired","visual_impaired","clean_effects","attached_pic","timed_thumbnails","filepath") values ('0','0','0','0','0','0','0','0','0','0','0','0','/media/pi/ZUKE/MUSIC/CDs/CD 80/02 - Smiling - Warm-up.mp3');
insert into tags ("album","composer","genre","title","artist","disc","track","filepath") values ('ZIN CD 80','Zumba Fitness','Warm-up','Smiling','Andres Macia and Robert Taylor feat Mara','1/1','2/15','/media/pi/ZUKE/MUSIC/CDs/CD 80/02 - Smiling - Warm-up.mp3');
insert into mp3s ("filepath") values ('/media/pi/ZUKE/MUSIC/CDs/CD 80/02 - Smiling - Warm-up.mp3');
insert into streams ("index","codec_name","codec_long_name","codec_type","codec_time_base","codec_tag_string","codec_tag","sample_fmt","sample_rate","channels","channel_layout","bits_per_sample","r_frame_rate","avg_frame_rate","time_base","start_pts","start_time","duration_ts","duration","bit_rate","filepath") values ('0','mp3','MP3 (MPEG audio layer 3)','audio','1/44100','[0][0][0][0]','0x0000','fltp','44100','2','stereo','0','0/0','0/0','1/14112000','0','0','2884469646','204.398359','168461','/media/pi/ZUKE/MUSIC/CDs/CD 80/03 - Batu-Cuica - Warm-up.mp3');
insert into format ("filename","nb_streams","nb_programs","format_name","format_long_name","start_time","duration","size","bit_rate","probe_score","filepath") values ('/media/pi/ZUKE/MUSIC/CDs/CD 80/03 - Batu-Cuica - Warm-up.mp3','1','0','mp3','MP2/3 (MPEG audio layer 2/3)','0','204.398359','4305024','168495','51','/media/pi/ZUKE/MUSIC/CDs/CD 80/03 - Batu-Cuica - Warm-up.mp3');
insert into disposition ("default","dub","original","comment","lyrics","karaoke","forced","hearing_impaired","visual_impaired","clean_effects","attached_pic","timed_thumbnails","filepath") values ('0','0','0','0','0','0','0','0','0','0','0','0','/media/pi/ZUKE/MUSIC/CDs/CD 80/03 - Batu-Cuica - Warm-up.mp3');
insert into tags ("album","composer","genre","title","artist","disc","track","filepath") values ('ZIN CD 80','Zumba Fitness','Warm-up','Batu-Cuica','Zumba Fitness','1/1','3/15','/media/pi/ZUKE/MUSIC/CDs/CD 80/03 - Batu-Cuica - Warm-up.mp3');
insert into mp3s ("filepath") values ('/media/pi/ZUKE/MUSIC/CDs/CD 80/03 - Batu-Cuica - Warm-up.mp3');
insert into streams ("index","codec_name","codec_long_name","codec_type","codec_time_base","codec_tag_string","codec_tag","sample_fmt","sample_rate","channels","channel_layout","bits_per_sample","r_frame_rate","avg_frame_rate","time_base","start_pts","start_time","duration_ts","duration","bit_rate","filepath") values ('0','mp3','MP3 (MPEG audio layer 3)','audio','1/44100','[0][0][0][0]','0x0000','fltp','44100','2','stereo','0','0/0','0/0','1/14112000','0','0','4052250187','287.149248','180706','/media/pi/ZUKE/MUSIC/CDs/CD 80/04 - Hacer El Amor - Merengue.mp3');
insert into format ("filename","nb_streams","nb_programs","format_name","format_long_name","start_time","duration","size","bit_rate","probe_score","filepath") values ('/media/pi/ZUKE/MUSIC/CDs/CD 80/04 - Hacer El Amor - Merengue.mp3','1','0','mp3','MP2/3 (MPEG audio layer 2/3)','0','287.149248','6488192','180761','51','/media/pi/ZUKE/MUSIC/CDs/CD 80/04 - Hacer El Amor - Merengue.mp3');
insert into disposition ("default","dub","original","comment","lyrics","karaoke","forced","hearing_impaired","visual_impaired","clean_effects","attached_pic","timed_thumbnails","filepath") values ('0','0','0','0','0','0','0','0','0','0','0','0','/media/pi/ZUKE/MUSIC/CDs/CD 80/04 - Hacer El Amor - Merengue.mp3');
insert into tags ("album","composer","genre","title","artist","disc","track","filepath") values ('ZIN CD 80','Zumba Fitness','Merengue','Hacer El Amor','Raul Acosta','1/1','4/15','/media/pi/ZUKE/MUSIC/CDs/CD 80/04 - Hacer El Amor - Merengue.mp3');
insert into mp3s ("filepath") values ('/media/pi/ZUKE/MUSIC/CDs/CD 80/04 - Hacer El Amor - Merengue.mp3');
insert into streams ("index","codec_name","codec_long_name","codec_type","codec_time_base","codec_tag_string","codec_tag","sample_fmt","sample_rate","channels","channel_layout","bits_per_sample","r_frame_rate","avg_frame_rate","time_base","start_pts","start_time","duration_ts","duration","bit_rate","filepath") values ('0','mp3','MP3 (MPEG audio layer 3)','audio','1/44100','[0][0][0][0]','0x0000','fltp','44100','2','stereo','0','0/0','0/0','1/14112000','0','0','3112278928','220.541307','172863','/media/pi/ZUKE/MUSIC/CDs/CD 80/05 - Acercate A Mi - Salsa.mp3');
insert into format ("filename","nb_streams","nb_programs","format_name","format_long_name","start_time","duration","size","bit_rate","probe_score","filepath") values ('/media/pi/ZUKE/MUSIC/CDs/CD 80/05 - Acercate A Mi - Salsa.mp3','1','0','mp3','MP2/3 (MPEG audio layer 2/3)','0','220.541307','4765824','172877','51','/media/pi/ZUKE/MUSIC/CDs/CD 80/05 - Acercate A Mi - Salsa.mp3');
insert into disposition ("default","dub","original","comment","lyrics","karaoke","forced","hearing_impaired","visual_impaired","clean_effects","attached_pic","timed_thumbnails","filepath") values ('0','0','0','0','0','0','0','0','0','0','0','0','/media/pi/ZUKE/MUSIC/CDs/CD 80/05 - Acercate A Mi - Salsa.mp3');
insert into tags ("album","composer","genre","title","artist","disc","track","filepath") values ('ZIN CD 80','Zumba Fitness','Salsa','Acercate A Mi','Los Adolecentes','1/1','5/15','/media/pi/ZUKE/MUSIC/CDs/CD 80/05 - Acercate A Mi - Salsa.mp3');
insert into mp3s ("filepath") values ('/media/pi/ZUKE/MUSIC/CDs/CD 80/05 - Acercate A Mi - Salsa.mp3');
insert into streams ("index","codec_name","codec_long_name","codec_type","codec_time_base","codec_tag_string","codec_tag","sample_fmt","sample_rate","channels","channel_layout","bits_per_sample","r_frame_rate","avg_frame_rate","time_base","start_pts","start_time","duration_ts","duration","bit_rate","filepath") values ('0','mp3','MP3 (MPEG audio layer 3)','audio','1/44100','[0][0][0][0]','0x0000','fltp','44100','2','stereo','0','0/0','0/0','1/14112000','0','0','2890992007','204.860545','175368','/media/pi/ZUKE/MUSIC/CDs/CD 80/06 - Sueltala - Cumbia.mp3');
insert into format ("filename","nb_streams","nb_programs","format_name","format_long_name","start_time","duration","size","bit_rate","probe_score","filepath") values ('/media/pi/ZUKE/MUSIC/CDs/CD 80/06 - Sueltala - Cumbia.mp3','1','0','mp3','MP2/3 (MPEG audio layer 2/3)','0','204.860545','4491392','175393','51','/media/pi/ZUKE/MUSIC/CDs/CD 80/06 - Sueltala - Cumbia.mp3');
insert into disposition ("default","dub","original","comment","lyrics","karaoke","forced","hearing_impaired","visual_impaired","clean_effects","attached_pic","timed_thumbnails","filepath") values ('0','0','0','0','0','0','0','0','0','0','0','0','/media/pi/ZUKE/MUSIC/CDs/CD 80/06 - Sueltala - Cumbia.mp3');
insert into tags ("album","composer","genre","title","artist","disc","track","filepath") values ('ZIN CD 80','Zumba Fitness','Cumbia','Sueltala','Jorge Luis Chacin','1/1','6/15','/media/pi/ZUKE/MUSIC/CDs/CD 80/06 - Sueltala - Cumbia.mp3');
insert into mp3s ("filepath") values ('/media/pi/ZUKE/MUSIC/CDs/CD 80/06 - Sueltala - Cumbia.mp3');
insert into streams ("index","codec_name","codec_long_name","codec_type","codec_time_base","codec_tag_string","codec_tag","sample_fmt","sample_rate","channels","channel_layout","bits_per_sample","r_frame_rate","avg_frame_rate","time_base","start_pts","start_time","duration_ts","duration","bit_rate","filepath") values ('0','mp3','MP3 (MPEG audio layer 3)','audio','1/44100','[0][0][0][0]','0x0000','fltp','44100','2','stereo','0','0/0','0/0','1/14112000','0','0','2209804068','156.590424','181334','/media/pi/ZUKE/MUSIC/CDs/CD 80/07 - Pegadito - Reggaeton Cha Cha Cha.mp3');
insert into format ("filename","nb_streams","nb_programs","format_name","format_long_name","start_time","duration","size","bit_rate","probe_score","filepath") values ('/media/pi/ZUKE/MUSIC/CDs/CD 80/07 - Pegadito - Reggaeton Cha Cha Cha.mp3','1','0','mp3','MP2/3 (MPEG audio layer 2/3)','0','156.590424','3551360','181434','51','/media/pi/ZUKE/MUSIC/CDs/CD 80/07 - Pegadito - Reggaeton Cha Cha Cha.mp3');
insert into disposition ("default","dub","original","comment","lyrics","karaoke","forced","hearing_impaired","visual_impaired","clean_effects","attached_pic","timed_thumbnails","filepath") values ('0','0','0','0','0','0','0','0','0','0','0','0','/media/pi/ZUKE/MUSIC/CDs/CD 80/07 - Pegadito - Reggaeton Cha Cha Cha.mp3');
insert into tags ("album","composer","genre","title","artist","disc","track","filepath") values ('ZIN CD 80','Zumba Fitness','Reggaeton,Cha-Cha-Cha','Pegadito','Play-N-Skillz','1/1','7/15','/media/pi/ZUKE/MUSIC/CDs/CD 80/07 - Pegadito - Reggaeton Cha Cha Cha.mp3');
insert into mp3s ("filepath") values ('/media/pi/ZUKE/MUSIC/CDs/CD 80/07 - Pegadito - Reggaeton Cha Cha Cha.mp3');
insert into streams ("index","codec_name","codec_long_name","codec_type","codec_time_base","codec_tag_string","codec_tag","sample_fmt","sample_rate","channels","channel_layout","bits_per_sample","r_frame_rate","avg_frame_rate","time_base","start_pts","start_time","duration_ts","duration","bit_rate","filepath") values ('0','mp3','MP3 (MPEG audio layer 3)','audio','1/44100','[0][0][0][0]','0x0000','fltp','44100','2','stereo','0','0/0','0/0','1/14112000','0','0','2265104508','160.509106','183993','/media/pi/ZUKE/MUSIC/CDs/CD 80/08 - Mercy - Indian Pop.mp3');
insert into format ("filename","nb_streams","nb_programs","format_name","format_long_name","start_time","duration","size","bit_rate","probe_score","filepath") values ('/media/pi/ZUKE/MUSIC/CDs/CD 80/08 - Mercy - Indian Pop.mp3','1','0','mp3','MP2/3 (MPEG audio layer 2/3)','0','160.509106','3692672','184047','51','/media/pi/ZUKE/MUSIC/CDs/CD 80/08 - Mercy - Indian Pop.mp3');
insert into disposition ("default","dub","original","comment","lyrics","karaoke","forced","hearing_impaired","visual_impaired","clean_effects","attached_pic","timed_thumbnails","filepath") values ('0','0','0','0','0','0','0','0','0','0','0','0','/media/pi/ZUKE/MUSIC/CDs/CD 80/08 - Mercy - Indian Pop.mp3');
insert into tags ("album","composer","genre","title","artist","disc","track","filepath") values ('ZIN CD 80','Zumba Fitness','Indian Pop','Mercy','Badshah feat Lauren Gottlieb','1/1','8/15','/media/pi/ZUKE/MUSIC/CDs/CD 80/08 - Mercy - Indian Pop.mp3');
insert into mp3s ("filepath") values ('/media/pi/ZUKE/MUSIC/CDs/CD 80/08 - Mercy - Indian Pop.mp3');
insert into streams ("index","codec_name","codec_long_name","codec_type","codec_time_base","codec_tag_string","codec_tag","sample_fmt","sample_rate","channels","channel_layout","bits_per_sample","r_frame_rate","avg_frame_rate","time_base","start_pts","start_time","duration_ts","duration","bit_rate","filepath") values ('0','mp3','MP3 (MPEG audio layer 3)','audio','1/44100','[0][0][0][0]','0x0000','fltp','44100','2','stereo','0','0/0','0/0','1/14112000','0','0','3052475180','216.303513','162497','/media/pi/ZUKE/MUSIC/CDs/CD 80/09 - Mas Que Bien (Zumba Remix) - Quebradita Hip Hop.mp3');
insert into format ("filename","nb_streams","nb_programs","format_name","format_long_name","start_time","duration","size","bit_rate","probe_score","filepath") values ('/media/pi/ZUKE/MUSIC/CDs/CD 80/09 - Mas Que Bien (Zumba Remix) - Quebradita Hip Hop.mp3','1','0','mp3','MP2/3 (MPEG audio layer 2/3)','0','216.303513','4395136','162554','51','/media/pi/ZUKE/MUSIC/CDs/CD 80/09 - Mas Que Bien (Zumba Remix) - Quebradita Hip Hop.mp3');
insert into disposition ("default","dub","original","comment","lyrics","karaoke","forced","hearing_impaired","visual_impaired","clean_effects","attached_pic","timed_thumbnails","filepath") values ('0','0','0','0','0','0','0','0','0','0','0','0','/media/pi/ZUKE/MUSIC/CDs/CD 80/09 - Mas Que Bien (Zumba Remix) - Quebradita Hip Hop.mp3');
insert into tags ("album","composer","genre","title","artist","disc","track","filepath") values ('ZIN CD 80','Zumba Fitness','Quebradita,Hip-Hop','Mas Que Bien (Zumba Remix)','Juan Por Dios','1/1','9/15','/media/pi/ZUKE/MUSIC/CDs/CD 80/09 - Mas Que Bien (Zumba Remix) - Quebradita Hip Hop.mp3');
insert into mp3s ("filepath") values ('/media/pi/ZUKE/MUSIC/CDs/CD 80/09 - Mas Que Bien (Zumba Remix) - Quebradita Hip Hop.mp3');
insert into streams ("index","codec_name","codec_long_name","codec_type","codec_time_base","codec_tag_string","codec_tag","sample_fmt","sample_rate","channels","channel_layout","bits_per_sample","r_frame_rate","avg_frame_rate","time_base","start_pts","start_time","duration_ts","duration","bit_rate","filepath") values ('0','mp3','MP3 (MPEG audio layer 3)','audio','1/44100','[0][0][0][0]','0x0000','fltp','44100','2','stereo','0','0/0','0/0','1/14112000','0','0','3640012014','257.937359','183842','/media/pi/ZUKE/MUSIC/CDs/CD 80/10 - Los Duros - Reggaeton - Bachata - Salsa.mp3');
insert into format ("filename","nb_streams","nb_programs","format_name","format_long_name","start_time","duration","size","bit_rate","probe_score","filepath") values ('/media/pi/ZUKE/MUSIC/CDs/CD 80/10 - Los Duros - Reggaeton - Bachata - Salsa.mp3','1','0','mp3','MP2/3 (MPEG audio layer 2/3)','0','257.937359','5929088','183892','51','/media/pi/ZUKE/MUSIC/CDs/CD 80/10 - Los Duros - Reggaeton - Bachata - Salsa.mp3');
insert into disposition ("default","dub","original","comment","lyrics","karaoke","forced","hearing_impaired","visual_impaired","clean_effects","attached_pic","timed_thumbnails","filepath") values ('0','0','0','0','0','0','0','0','0','0','0','0','/media/pi/ZUKE/MUSIC/CDs/CD 80/10 - Los Duros - Reggaeton - Bachata - Salsa.mp3');
insert into tags ("album","composer","genre","title","artist","disc","track","filepath") values ('ZIN CD 80','Zumba Fitness','Reggaeton,Bachata,Salsa','Los Duros','Max Pizzolante feat Beto and Nyanda','1/1','10/15','/media/pi/ZUKE/MUSIC/CDs/CD 80/10 - Los Duros - Reggaeton - Bachata - Salsa.mp3');
insert into mp3s ("filepath") values ('/media/pi/ZUKE/MUSIC/CDs/CD 80/10 - Los Duros - Reggaeton - Bachata - Salsa.mp3');
insert into streams ("index","codec_name","codec_long_name","codec_type","codec_time_base","codec_tag_string","codec_tag","sample_fmt","sample_rate","channels","channel_layout","bits_per_sample","r_frame_rate","avg_frame_rate","time_base","start_pts","start_time","duration_ts","duration","bit_rate","filepath") values ('0','mp3','MP3 (MPEG audio layer 3)','audio','1/44100','[0][0][0][0]','0x0000','fltp','44100','2','stereo','0','0/0','0/0','1/14112000','0','0','3488586835','247.207117','139834','/media/pi/ZUKE/MUSIC/CDs/CD 80/11 - Bailame - Batucada - Merengue.mp3');
insert into format ("filename","nb_streams","nb_programs","format_name","format_long_name","start_time","duration","size","bit_rate","probe_score","filepath") values ('/media/pi/ZUKE/MUSIC/CDs/CD 80/11 - Bailame - Batucada - Merengue.mp3','1','0','mp3','MP2/3 (MPEG audio layer 2/3)','0','247.207117','4321408','139847','51','/media/pi/ZUKE/MUSIC/CDs/CD 80/11 - Bailame - Batucada - Merengue.mp3');
insert into disposition ("default","dub","original","comment","lyrics","karaoke","forced","hearing_impaired","visual_impaired","clean_effects","attached_pic","timed_thumbnails","filepath") values ('0','0','0','0','0','0','0','0','0','0','0','0','/media/pi/ZUKE/MUSIC/CDs/CD 80/11 - Bailame - Batucada - Merengue.mp3');
insert into tags ("album","composer","genre","title","artist","disc","track","filepath") values ('ZIN CD 80','Zumba Fitness','Batucada,Merengue','Bailame','Ray "El Ingeniero"','1/1','11/15','/media/pi/ZUKE/MUSIC/CDs/CD 80/11 - Bailame - Batucada - Merengue.mp3');
insert into mp3s ("filepath") values ('/media/pi/ZUKE/MUSIC/CDs/CD 80/11 - Bailame - Batucada - Merengue.mp3');
insert into streams ("index","codec_name","codec_long_name","codec_type","codec_time_base","codec_tag_string","codec_tag","sample_fmt","sample_rate","channels","channel_layout","bits_per_sample","r_frame_rate","avg_frame_rate","time_base","start_pts","start_time","duration_ts","duration","bit_rate","filepath") values ('0','mp3','MP3 (MPEG audio layer 3)','audio','1/44100','[0][0][0][0]','0x0000','fltp','44100','2','stereo','0','0/0','0/0','1/14112000','0','0','2669734277','189.181851','187445','/media/pi/ZUKE/MUSIC/CDs/CD 80/12 - Con Calma - Reggaeton.mp3');
insert into format ("filename","nb_streams","nb_programs","format_name","format_long_name","start_time","duration","size","bit_rate","probe_score","filepath") values ('/media/pi/ZUKE/MUSIC/CDs/CD 80/12 - Con Calma - Reggaeton.mp3','1','0','mp3','MP2/3 (MPEG audio layer 2/3)','0','189.181851','4434048','187504','51','/media/pi/ZUKE/MUSIC/CDs/CD 80/12 - Con Calma - Reggaeton.mp3');
insert into disposition ("default","dub","original","comment","lyrics","karaoke","forced","hearing_impaired","visual_impaired","clean_effects","attached_pic","timed_thumbnails","filepath") values ('0','0','0','0','0','0','0','0','0','0','0','0','/media/pi/ZUKE/MUSIC/CDs/CD 80/12 - Con Calma - Reggaeton.mp3');
insert into tags ("album","composer","genre","title","artist","disc","track","filepath") values ('ZIN CD 80','Zumba Fitness','Reggaeton','Con Calma','Daddy Yankee feat Snow','1/1','12/15','/media/pi/ZUKE/MUSIC/CDs/CD 80/12 - Con Calma - Reggaeton.mp3');
insert into mp3s ("filepath") values ('/media/pi/ZUKE/MUSIC/CDs/CD 80/12 - Con Calma - Reggaeton.mp3');
insert into streams ("index","codec_name","codec_long_name","codec_type","codec_time_base","codec_tag_string","codec_tag","sample_fmt","sample_rate","channels","channel_layout","bits_per_sample","r_frame_rate","avg_frame_rate","time_base","start_pts","start_time","duration_ts","duration","bit_rate","filepath") values ('0','mp3','MP3 (MPEG audio layer 3)','audio','1/44100','[0][0][0][0]','0x0000','fltp','44100','2','stereo','0','0/0','0/0','1/14112000','0','0','3530029420','250.143808','163440','/media/pi/ZUKE/MUSIC/CDs/CD 80/13 - Calma (Remix) - Cooldown.mp3');
insert into format ("filename","nb_streams","nb_programs","format_name","format_long_name","start_time","duration","size","bit_rate","probe_score","filepath") values ('/media/pi/ZUKE/MUSIC/CDs/CD 80/13 - Calma (Remix) - Cooldown.mp3','1','0','mp3','MP2/3 (MPEG audio layer 2/3)','0','250.143808','5111936','163487','51','/media/pi/ZUKE/MUSIC/CDs/CD 80/13 - Calma (Remix) - Cooldown.mp3');
insert into disposition ("default","dub","original","comment","lyrics","karaoke","forced","hearing_impaired","visual_impaired","clean_effects","attached_pic","timed_thumbnails","filepath") values ('0','0','0','0','0','0','0','0','0','0','0','0','/media/pi/ZUKE/MUSIC/CDs/CD 80/13 - Calma (Remix) - Cooldown.mp3');
insert into tags ("album","composer","genre","title","artist","disc","track","filepath") values ('ZIN CD 80','Zumba Fitness','Cooldown','Calma (Remix)','Zumba Fitness','1/1','13/15','/media/pi/ZUKE/MUSIC/CDs/CD 80/13 - Calma (Remix) - Cooldown.mp3');
insert into mp3s ("filepath") values ('/media/pi/ZUKE/MUSIC/CDs/CD 80/13 - Calma (Remix) - Cooldown.mp3');
insert into streams ("index","codec_name","codec_long_name","codec_type","codec_time_base","codec_tag_string","codec_tag","sample_fmt","sample_rate","channels","channel_layout","bits_per_sample","r_frame_rate","avg_frame_rate","time_base","start_pts","start_time","duration_ts","duration","bit_rate","filepath") values ('0','mp3','MP3 (MPEG audio layer 3)','audio','1/44100','[0][0][0][0]','0x0000','fltp','44100','2','stereo','0','0/0','0/0','1/14112000','0','0','9793688429','693.997196','141222','/media/pi/ZUKE/MUSIC/CDs/CD 80/14 - Acercate A Mi - Paparazzi - Bailame - DJ Mix.mp3');
insert into format ("filename","nb_streams","nb_programs","format_name","format_long_name","start_time","duration","size","bit_rate","probe_score","filepath") values ('/media/pi/ZUKE/MUSIC/CDs/CD 80/14 - Acercate A Mi - Paparazzi - Bailame - DJ Mix.mp3','1','0','mp3','MP2/3 (MPEG audio layer 2/3)','0','693.997196','12251264','141225','51','/media/pi/ZUKE/MUSIC/CDs/CD 80/14 - Acercate A Mi - Paparazzi - Bailame - DJ Mix.mp3');
insert into disposition ("default","dub","original","comment","lyrics","karaoke","forced","hearing_impaired","visual_impaired","clean_effects","attached_pic","timed_thumbnails","filepath") values ('0','0','0','0','0','0','0','0','0','0','0','0','/media/pi/ZUKE/MUSIC/CDs/CD 80/14 - Acercate A Mi - Paparazzi - Bailame - DJ Mix.mp3');
insert into tags ("album","composer","genre","title","artist","disc","track","filepath") values ('ZIN CD 80','Zumba Fitness','DJ Mix','Acercate A Mi - Paparazzi - Bailame','Zumba Fitness','1/1','14/15','/media/pi/ZUKE/MUSIC/CDs/CD 80/14 - Acercate A Mi - Paparazzi - Bailame - DJ Mix.mp3');
insert into mp3s ("filepath") values ('/media/pi/ZUKE/MUSIC/CDs/CD 80/14 - Acercate A Mi - Paparazzi - Bailame - DJ Mix.mp3');
insert into streams ("index","codec_name","codec_long_name","codec_type","codec_time_base","codec_tag_string","codec_tag","sample_fmt","sample_rate","channels","channel_layout","bits_per_sample","r_frame_rate","avg_frame_rate","time_base","start_pts","start_time","duration_ts","duration","bit_rate","filepath") values ('0','mp3','MP3 (MPEG audio layer 3)','audio','1/44100','[0][0][0][0]','0x0000','fltp','44100','2','stereo','0','0/0','0/0','1/14112000','0','0','2692694771','190.808870','182462','/media/pi/ZUKE/MUSIC/CDs/CD 80/15 - Paparazzi - Electro-Punta.mp3');
insert into format ("filename","nb_streams","nb_programs","format_name","format_long_name","start_time","duration","size","bit_rate","probe_score","filepath") values ('/media/pi/ZUKE/MUSIC/CDs/CD 80/15 - Paparazzi - Electro-Punta.mp3','1','0','mp3','MP2/3 (MPEG audio layer 2/3)','0','190.808870','4352128','182470','51','/media/pi/ZUKE/MUSIC/CDs/CD 80/15 - Paparazzi - Electro-Punta.mp3');
insert into disposition ("default","dub","original","comment","lyrics","karaoke","forced","hearing_impaired","visual_impaired","clean_effects","attached_pic","timed_thumbnails","filepath") values ('0','0','0','0','0','0','0','0','0','0','0','0','/media/pi/ZUKE/MUSIC/CDs/CD 80/15 - Paparazzi - Electro-Punta.mp3');
insert into tags ("album","composer","genre","title","artist","disc","track","filepath") values ('ZIN CD 80','Zumba Fitness','Electro-Punta','Paparazzi','El Chevo feat Beto','1/1','15/15','/media/pi/ZUKE/MUSIC/CDs/CD 80/15 - Paparazzi - Electro-Punta.mp3');
insert into mp3s ("filepath") values ('/media/pi/ZUKE/MUSIC/CDs/CD 80/15 - Paparazzi - Electro-Punta.mp3');
insert into streams ("index","codec_name","codec_long_name","codec_type","codec_time_base","codec_tag_string","codec_tag","sample_fmt","sample_rate","channels","channel_layout","bits_per_sample","r_frame_rate","avg_frame_rate","time_base","start_pts","start_time","duration_ts","duration","bit_rate","filepath") values ('0','mp3','MP3 (MPEG audio layer 3)','audio','1/44100','[0][0][0][0]','0x0000','fltp','44100','2','stereo','0','0/0','0/0','1/14112000','0','0','4069372437','288.362559','152604','/media/pi/ZUKE/MUSIC/CDs/CD 81/01 - Vague - Warm-up.mp3');
insert into format ("filename","nb_streams","nb_programs","format_name","format_long_name","start_time","duration","size","bit_rate","probe_score","filepath") values ('/media/pi/ZUKE/MUSIC/CDs/CD 81/01 - Vague - Warm-up.mp3','1','0','mp3','MP2/3 (MPEG audio layer 2/3)','0','288.362559','5501056','152614','51','/media/pi/ZUKE/MUSIC/CDs/CD 81/01 - Vague - Warm-up.mp3');
insert into disposition ("default","dub","original","comment","lyrics","karaoke","forced","hearing_impaired","visual_impaired","clean_effects","attached_pic","timed_thumbnails","filepath") values ('0','0','0','0','0','0','0','0','0','0','0','0','/media/pi/ZUKE/MUSIC/CDs/CD 81/01 - Vague - Warm-up.mp3');
insert into tags ("album","composer","genre","title","artist","disc","track","filepath") values ('ZIN CD 81','Zumba Fitness','Warm-up','Vague','Zumba Fitness','1/1','1/14','/media/pi/ZUKE/MUSIC/CDs/CD 81/01 - Vague - Warm-up.mp3');
insert into mp3s ("filepath") values ('/media/pi/ZUKE/MUSIC/CDs/CD 81/01 - Vague - Warm-up.mp3');
insert into streams ("index","codec_name","codec_long_name","codec_type","codec_time_base","codec_tag_string","codec_tag","sample_fmt","sample_rate","channels","channel_layout","bits_per_sample","r_frame_rate","avg_frame_rate","time_base","start_pts","start_time","duration_ts","duration","bit_rate","filepath") values ('0','mp3','MP3 (MPEG audio layer 3)','audio','1/44100','[0][0][0][0]','0x0000','fltp','44100','2','stereo','0','0/0','0/0','1/14112000','0','0','3244245937','229.892711','166895','/media/pi/ZUKE/MUSIC/CDs/CD 81/02 - I Like My Zumba - Warm-up.mp3');
insert into format ("filename","nb_streams","nb_programs","format_name","format_long_name","start_time","duration","size","bit_rate","probe_score","filepath") values ('/media/pi/ZUKE/MUSIC/CDs/CD 81/02 - I Like My Zumba - Warm-up.mp3','1','0','mp3','MP2/3 (MPEG audio layer 2/3)','0','229.892711','4796544','166914','51','/media/pi/ZUKE/MUSIC/CDs/CD 81/02 - I Like My Zumba - Warm-up.mp3');
insert into disposition ("default","dub","original","comment","lyrics","karaoke","forced","hearing_impaired","visual_impaired","clean_effects","attached_pic","timed_thumbnails","filepath") values ('0','0','0','0','0','0','0','0','0','0','0','0','/media/pi/ZUKE/MUSIC/CDs/CD 81/02 - I Like My Zumba - Warm-up.mp3');
insert into tags ("album","composer","genre","title","artist","disc","track","filepath") values ('ZIN CD 81','Zumba Fitness','Warm-up','I Like My Zumba','Robert Taylor','1/1','2/14','/media/pi/ZUKE/MUSIC/CDs/CD 81/02 - I Like My Zumba - Warm-up.mp3');
insert into mp3s ("filepath") values ('/media/pi/ZUKE/MUSIC/CDs/CD 81/02 - I Like My Zumba - Warm-up.mp3');
insert into streams ("index","codec_name","codec_long_name","codec_type","codec_time_base","codec_tag_string","codec_tag","sample_fmt","sample_rate","channels","channel_layout","bits_per_sample","r_frame_rate","avg_frame_rate","time_base","start_pts","start_time","duration_ts","duration","bit_rate","filepath") values ('0','mp3','MP3 (MPEG audio layer 3)','audio','1/44100','[0][0][0][0]','0x0000','fltp','44100','2','stereo','0','0/0','0/0','1/14112000','0','0','1713503660','121.421745','157069','/media/pi/ZUKE/MUSIC/CDs/CD 81/03 - Corners - Warm-up.mp3');
insert into format ("filename","nb_streams","nb_programs","format_name","format_long_name","start_time","duration","size","bit_rate","probe_score","filepath") values ('/media/pi/ZUKE/MUSIC/CDs/CD 81/03 - Corners - Warm-up.mp3','1','0','mp3','MP2/3 (MPEG audio layer 2/3)','0','121.421745','2386048','157207','51','/media/pi/ZUKE/MUSIC/CDs/CD 81/03 - Corners - Warm-up.mp3');
insert into disposition ("default","dub","original","comment","lyrics","karaoke","forced","hearing_impaired","visual_impaired","clean_effects","attached_pic","timed_thumbnails","filepath") values ('0','0','0','0','0','0','0','0','0','0','0','0','/media/pi/ZUKE/MUSIC/CDs/CD 81/03 - Corners - Warm-up.mp3');
insert into tags ("album","composer","genre","title","artist","disc","track","filepath") values ('ZIN CD 81','Zumba Fitness','Warm-up','Corners','Zumba Fitness','1/1','3/14','/media/pi/ZUKE/MUSIC/CDs/CD 81/03 - Corners - Warm-up.mp3');
insert into mp3s ("filepath") values ('/media/pi/ZUKE/MUSIC/CDs/CD 81/03 - Corners - Warm-up.mp3');
insert into streams ("index","codec_name","codec_long_name","codec_type","codec_time_base","codec_tag_string","codec_tag","sample_fmt","sample_rate","channels","channel_layout","bits_per_sample","r_frame_rate","avg_frame_rate","time_base","start_pts","start_time","duration_ts","duration","bit_rate","filepath") values ('0','mp3','MP3 (MPEG audio layer 3)','audio','1/44100','[0][0][0][0]','0x0000','fltp','44100','2','stereo','0','0/0','0/0','1/14112000','0','0','2936006950','208.050379','147839','/media/pi/ZUKE/MUSIC/CDs/CD 81/04 - Yo Yo - Merengue.mp3');
insert into format ("filename","nb_streams","nb_programs","format_name","format_long_name","start_time","duration","size","bit_rate","probe_score","filepath") values ('/media/pi/ZUKE/MUSIC/CDs/CD 81/04 - Yo Yo - Merengue.mp3','1','0','mp3','MP2/3 (MPEG audio layer 2/3)','0','208.050379','3846272','147897','51','/media/pi/ZUKE/MUSIC/CDs/CD 81/04 - Yo Yo - Merengue.mp3');
insert into disposition ("default","dub","original","comment","lyrics","karaoke","forced","hearing_impaired","visual_impaired","clean_effects","attached_pic","timed_thumbnails","filepath") values ('0','0','0','0','0','0','0','0','0','0','0','0','/media/pi/ZUKE/MUSIC/CDs/CD 81/04 - Yo Yo - Merengue.mp3');
insert into tags ("album","composer","genre","title","artist","disc","track","filepath") values ('ZIN CD 81','Zumba Fitness','Merengue','Yo Yo','Oscarcito','1/1','4/14','/media/pi/ZUKE/MUSIC/CDs/CD 81/04 - Yo Yo - Merengue.mp3');
insert into mp3s ("filepath") values ('/media/pi/ZUKE/MUSIC/CDs/CD 81/04 - Yo Yo - Merengue.mp3');
insert into streams ("index","codec_name","codec_long_name","codec_type","codec_time_base","codec_tag_string","codec_tag","sample_fmt","sample_rate","channels","channel_layout","bits_per_sample","r_frame_rate","avg_frame_rate","time_base","start_pts","start_time","duration_ts","duration","bit_rate","filepath") values ('0','mp3','MP3 (MPEG audio layer 3)','audio','1/44100','[0][0][0][0]','0x0000','fltp','44100','2','stereo','0','0/0','0/0','1/14112000','0','0','3724802051','263.945724','180852','/media/pi/ZUKE/MUSIC/CDs/CD 81/05 - Parecen Viernes - Salsa.mp3');
insert into format ("filename","nb_streams","nb_programs","format_name","format_long_name","start_time","duration","size","bit_rate","probe_score","filepath") values ('/media/pi/ZUKE/MUSIC/CDs/CD 81/05 - Parecen Viernes - Salsa.mp3','1','0','mp3','MP2/3 (MPEG audio layer 2/3)','0','263.945724','5968000','180885','51','/media/pi/ZUKE/MUSIC/CDs/CD 81/05 - Parecen Viernes - Salsa.mp3');
insert into disposition ("default","dub","original","comment","lyrics","karaoke","forced","hearing_impaired","visual_impaired","clean_effects","attached_pic","timed_thumbnails","filepath") values ('0','0','0','0','0','0','0','0','0','0','0','0','/media/pi/ZUKE/MUSIC/CDs/CD 81/05 - Parecen Viernes - Salsa.mp3');
insert into tags ("album","composer","genre","title","artist","disc","track","filepath") values ('ZIN CD 81','Zumba Fitness','Salsa','Parecen Viernes','Marc Anthony','1/1','5/14','/media/pi/ZUKE/MUSIC/CDs/CD 81/05 - Parecen Viernes - Salsa.mp3');
insert into mp3s ("filepath") values ('/media/pi/ZUKE/MUSIC/CDs/CD 81/05 - Parecen Viernes - Salsa.mp3');
insert into streams ("index","codec_name","codec_long_name","codec_type","codec_time_base","codec_tag_string","codec_tag","sample_fmt","sample_rate","channels","channel_layout","bits_per_sample","r_frame_rate","avg_frame_rate","time_base","start_pts","start_time","duration_ts","duration","bit_rate","filepath") values ('0','mp3','MP3 (MPEG audio layer 3)','audio','1/44100','[0][0][0][0]','0x0000','fltp','44100','2','stereo','0','0/0','0/0','1/14112000','0','0','2629668030','186.342689','150422','/media/pi/ZUKE/MUSIC/CDs/CD 81/06 - Za Za - Ragga - Dancehall.mp3');
insert into format ("filename","nb_streams","nb_programs","format_name","format_long_name","start_time","duration","size","bit_rate","probe_score","filepath") values ('/media/pi/ZUKE/MUSIC/CDs/CD 81/06 - Za Za - Ragga - Dancehall.mp3','1','0','mp3','MP2/3 (MPEG audio layer 2/3)','0','186.342689','3504256','150443','51','/media/pi/ZUKE/MUSIC/CDs/CD 81/06 - Za Za - Ragga - Dancehall.mp3');
insert into disposition ("default","dub","original","comment","lyrics","karaoke","forced","hearing_impaired","visual_impaired","clean_effects","attached_pic","timed_thumbnails","filepath") values ('0','0','0','0','0','0','0','0','0','0','0','0','/media/pi/ZUKE/MUSIC/CDs/CD 81/06 - Za Za - Ragga - Dancehall.mp3');
insert into tags ("album","composer","genre","title","artist","disc","track","filepath") values ('ZIN CD 81','Zumba Fitness','Ragga,Dancehall','Za Za','Oscarcito feat T-Pain','1/1','6/14','/media/pi/ZUKE/MUSIC/CDs/CD 81/06 - Za Za - Ragga - Dancehall.mp3');
insert into mp3s ("filepath") values ('/media/pi/ZUKE/MUSIC/CDs/CD 81/06 - Za Za - Ragga - Dancehall.mp3');
insert into streams ("index","codec_name","codec_long_name","codec_type","codec_time_base","codec_tag_string","codec_tag","sample_fmt","sample_rate","channels","channel_layout","bits_per_sample","r_frame_rate","avg_frame_rate","time_base","start_pts","start_time","duration_ts","duration","bit_rate","filepath") values ('0','mp3','MP3 (MPEG audio layer 3)','audio','1/44100','[0][0][0][0]','0x0000','fltp','44100','2','stereo','0','0/0','0/0','1/14112000','0','0','3982954536','282.238842','142295','/media/pi/ZUKE/MUSIC/CDs/CD 81/07 - 24 Horas - Reggaeton.mp3');
insert into format ("filename","nb_streams","nb_programs","format_name","format_long_name","start_time","duration","size","bit_rate","probe_score","filepath") values ('/media/pi/ZUKE/MUSIC/CDs/CD 81/07 - 24 Horas - Reggaeton.mp3','1','0','mp3','MP2/3 (MPEG audio layer 2/3)','0','282.238842','5021824','142342','51','/media/pi/ZUKE/MUSIC/CDs/CD 81/07 - 24 Horas - Reggaeton.mp3');
insert into disposition ("default","dub","original","comment","lyrics","karaoke","forced","hearing_impaired","visual_impaired","clean_effects","attached_pic","timed_thumbnails","filepath") values ('0','0','0','0','0','0','0','0','0','0','0','0','/media/pi/ZUKE/MUSIC/CDs/CD 81/07 - 24 Horas - Reggaeton.mp3');
insert into tags ("album","composer","genre","title","artist","disc","track","filepath") values ('ZIN CD 81','Zumba Fitness','Reggaeton','24 Horas','Pinto "Wahin" feat CNCO','1/1','7/14','/media/pi/ZUKE/MUSIC/CDs/CD 81/07 - 24 Horas - Reggaeton.mp3');
insert into mp3s ("filepath") values ('/media/pi/ZUKE/MUSIC/CDs/CD 81/07 - 24 Horas - Reggaeton.mp3');
insert into streams ("index","codec_name","codec_long_name","codec_type","codec_time_base","codec_tag_string","codec_tag","sample_fmt","sample_rate","channels","channel_layout","bits_per_sample","r_frame_rate","avg_frame_rate","time_base","start_pts","start_time","duration_ts","duration","bit_rate","filepath") values ('0','mp3','MP3 (MPEG audio layer 3)','audio','1/44100','[0][0][0][0]','0x0000','fltp','44100','2','stereo','0','0/0','0/0','1/14112000','0','0','3523471265','249.679086','172389','/media/pi/ZUKE/MUSIC/CDs/CD 81/08 - La Rueda - Merengue Disco.mp3');
insert into format ("filename","nb_streams","nb_programs","format_name","format_long_name","start_time","duration","size","bit_rate","probe_score","filepath") values ('/media/pi/ZUKE/MUSIC/CDs/CD 81/08 - La Rueda - Merengue Disco.mp3','1','0','mp3','MP2/3 (MPEG audio layer 2/3)','0','249.679086','5382272','172454','51','/media/pi/ZUKE/MUSIC/CDs/CD 81/08 - La Rueda - Merengue Disco.mp3');
insert into disposition ("default","dub","original","comment","lyrics","karaoke","forced","hearing_impaired","visual_impaired","clean_effects","attached_pic","timed_thumbnails","filepath") values ('0','0','0','0','0','0','0','0','0','0','0','0','/media/pi/ZUKE/MUSIC/CDs/CD 81/08 - La Rueda - Merengue Disco.mp3');
insert into tags ("album","composer","genre","title","artist","disc","track","filepath") values ('ZIN CD 81','Zumba Fitness','Merengue Disco','La Rueda','B.I.P','1/1','8/14','/media/pi/ZUKE/MUSIC/CDs/CD 81/08 - La Rueda - Merengue Disco.mp3');
insert into mp3s ("filepath") values ('/media/pi/ZUKE/MUSIC/CDs/CD 81/08 - La Rueda - Merengue Disco.mp3');
insert into streams ("index","codec_name","codec_long_name","codec_type","codec_time_base","codec_tag_string","codec_tag","sample_fmt","sample_rate","channels","channel_layout","bits_per_sample","r_frame_rate","avg_frame_rate","time_base","start_pts","start_time","duration_ts","duration","bit_rate","filepath") values ('0','mp3','MP3 (MPEG audio layer 3)','audio','1/44100','[0][0][0][0]','0x0000','fltp','44100','2','stereo','0','0/0','0/0','1/14112000','0','0','2750892203','194.932838','140912','/media/pi/ZUKE/MUSIC/CDs/CD 81/09 - Barraca - EDM Batucada.mp3');
insert into format ("filename","nb_streams","nb_programs","format_name","format_long_name","start_time","duration","size","bit_rate","probe_score","filepath") values ('/media/pi/ZUKE/MUSIC/CDs/CD 81/09 - Barraca - EDM Batucada.mp3','1','0','mp3','MP2/3 (MPEG audio layer 2/3)','0','194.932838','3434624','140956','51','/media/pi/ZUKE/MUSIC/CDs/CD 81/09 - Barraca - EDM Batucada.mp3');
insert into disposition ("default","dub","original","comment","lyrics","karaoke","forced","hearing_impaired","visual_impaired","clean_effects","attached_pic","timed_thumbnails","filepath") values ('0','0','0','0','0','0','0','0','0','0','0','0','/media/pi/ZUKE/MUSIC/CDs/CD 81/09 - Barraca - EDM Batucada.mp3');
insert into tags ("album","composer","genre","title","artist","disc","track","filepath") values ('ZIN CD 81','Zumba Fitness','EDM Batucada','Barraca','Garmiani feat MC Pikachu','1/1','9/14','/media/pi/ZUKE/MUSIC/CDs/CD 81/09 - Barraca - EDM Batucada.mp3');
insert into mp3s ("filepath") values ('/media/pi/ZUKE/MUSIC/CDs/CD 81/09 - Barraca - EDM Batucada.mp3');
insert into streams ("index","codec_name","codec_long_name","codec_type","codec_time_base","codec_tag_string","codec_tag","sample_fmt","sample_rate","channels","channel_layout","bits_per_sample","r_frame_rate","avg_frame_rate","time_base","start_pts","start_time","duration_ts","duration","bit_rate","filepath") values ('0','mp3','MP3 (MPEG audio layer 3)','audio','1/44100','[0][0][0][0]','0x0000','fltp','44100','2','stereo','0','0/0','0/0','1/14112000','0','0','3194033364','226.334564','160914','/media/pi/ZUKE/MUSIC/CDs/CD 81/10 - Dame Mais - Funk Carioca.mp3');
insert into format ("filename","nb_streams","nb_programs","format_name","format_long_name","start_time","duration","size","bit_rate","probe_score","filepath") values ('/media/pi/ZUKE/MUSIC/CDs/CD 81/10 - Dame Mais - Funk Carioca.mp3','1','0','mp3','MP2/3 (MPEG audio layer 2/3)','0','226.334564','4552832','160923','51','/media/pi/ZUKE/MUSIC/CDs/CD 81/10 - Dame Mais - Funk Carioca.mp3');
insert into disposition ("default","dub","original","comment","lyrics","karaoke","forced","hearing_impaired","visual_impaired","clean_effects","attached_pic","timed_thumbnails","filepath") values ('0','0','0','0','0','0','0','0','0','0','0','0','/media/pi/ZUKE/MUSIC/CDs/CD 81/10 - Dame Mais - Funk Carioca.mp3');
insert into tags ("album","composer","genre","title","artist","disc","track","filepath") values ('ZIN CD 81','Zumba Fitness','Funk Carioca','Dame Mais','Tropkillaz, Rincon Sapiencia, Clau','1/1','10/14','/media/pi/ZUKE/MUSIC/CDs/CD 81/10 - Dame Mais - Funk Carioca.mp3');
insert into mp3s ("filepath") values ('/media/pi/ZUKE/MUSIC/CDs/CD 81/10 - Dame Mais - Funk Carioca.mp3');
insert into streams ("index","codec_name","codec_long_name","codec_type","codec_time_base","codec_tag_string","codec_tag","sample_fmt","sample_rate","channels","channel_layout","bits_per_sample","r_frame_rate","avg_frame_rate","time_base","start_pts","start_time","duration_ts","duration","bit_rate","filepath") values ('0','mp3','MP3 (MPEG audio layer 3)','audio','1/44100','[0][0][0][0]','0x0000','fltp','44100','2','stereo','0','0/0','0/0','1/14112000','0','0','3216689801','227.940037','154295','/media/pi/ZUKE/MUSIC/CDs/CD 81/11 - Famalay - Soca.mp3');
insert into format ("filename","nb_streams","nb_programs","format_name","format_long_name","start_time","duration","size","bit_rate","probe_score","filepath") values ('/media/pi/ZUKE/MUSIC/CDs/CD 81/11 - Famalay - Soca.mp3','1','0','mp3','MP2/3 (MPEG audio layer 2/3)','0','227.940037','4397184','154327','51','/media/pi/ZUKE/MUSIC/CDs/CD 81/11 - Famalay - Soca.mp3');
insert into disposition ("default","dub","original","comment","lyrics","karaoke","forced","hearing_impaired","visual_impaired","clean_effects","attached_pic","timed_thumbnails","filepath") values ('0','0','0','0','0','0','0','0','0','0','0','0','/media/pi/ZUKE/MUSIC/CDs/CD 81/11 - Famalay - Soca.mp3');
insert into tags ("album","composer","genre","title","artist","disc","track","filepath") values ('ZIN CD 81','Zumba Fitness','Soca','Famalay','Skinny Fabulous, Machel Montano, Bunji Garlin','1/1','11/14','/media/pi/ZUKE/MUSIC/CDs/CD 81/11 - Famalay - Soca.mp3');
insert into mp3s ("filepath") values ('/media/pi/ZUKE/MUSIC/CDs/CD 81/11 - Famalay - Soca.mp3');
insert into streams ("index","codec_name","codec_long_name","codec_type","codec_time_base","codec_tag_string","codec_tag","sample_fmt","sample_rate","channels","channel_layout","bits_per_sample","r_frame_rate","avg_frame_rate","time_base","start_pts","start_time","duration_ts","duration","bit_rate","filepath") values ('0','mp3','MP3 (MPEG audio layer 3)','audio','1/44100','[0][0][0][0]','0x0000','fltp','44100','2','stereo','0','0/0','0/0','1/14112000','0','0','3587248286','254.198433','134141','/media/pi/ZUKE/MUSIC/CDs/CD 81/12 - Se te Ve - Cumbia Bhangra.mp3');
insert into format ("filename","nb_streams","nb_programs","format_name","format_long_name","start_time","duration","size","bit_rate","probe_score","filepath") values ('/media/pi/ZUKE/MUSIC/CDs/CD 81/12 - Se te Ve - Cumbia Bhangra.mp3','1','0','mp3','MP2/3 (MPEG audio layer 2/3)','0','254.198433','4264064','134196','51','/media/pi/ZUKE/MUSIC/CDs/CD 81/12 - Se te Ve - Cumbia Bhangra.mp3');
insert into disposition ("default","dub","original","comment","lyrics","karaoke","forced","hearing_impaired","visual_impaired","clean_effects","attached_pic","timed_thumbnails","filepath") values ('0','0','0','0','0','0','0','0','0','0','0','0','/media/pi/ZUKE/MUSIC/CDs/CD 81/12 - Se te Ve - Cumbia Bhangra.mp3');
insert into tags ("album","composer","genre","title","artist","disc","track","filepath") values ('ZIN CD 81','Zumba Fitness','Cumbia Bhangra','Se te Ve','Ray "El Ingeniero"','1/1','12/14','/media/pi/ZUKE/MUSIC/CDs/CD 81/12 - Se te Ve - Cumbia Bhangra.mp3');
insert into mp3s ("filepath") values ('/media/pi/ZUKE/MUSIC/CDs/CD 81/12 - Se te Ve - Cumbia Bhangra.mp3');
insert into streams ("index","codec_name","codec_long_name","codec_type","codec_time_base","codec_tag_string","codec_tag","sample_fmt","sample_rate","channels","channel_layout","bits_per_sample","r_frame_rate","avg_frame_rate","time_base","start_pts","start_time","duration_ts","duration","bit_rate","filepath") values ('0','mp3','MP3 (MPEG audio layer 3)','audio','1/44100','[0][0][0][0]','0x0000','fltp','44100','2','stereo','0','0/0','0/0','1/14112000','0','0','3539279773','250.799304','163132','/media/pi/ZUKE/MUSIC/CDs/CD 81/13 - No Dices Na'' - Cooldown.mp3');
insert into format ("filename","nb_streams","nb_programs","format_name","format_long_name","start_time","duration","size","bit_rate","probe_score","filepath") values ('/media/pi/ZUKE/MUSIC/CDs/CD 81/13 - No Dices Na'' - Cooldown.mp3','1','0','mp3','MP2/3 (MPEG audio layer 2/3)','0','250.799304','5116032','163191','51','/media/pi/ZUKE/MUSIC/CDs/CD 81/13 - No Dices Na'' - Cooldown.mp3');
insert into disposition ("default","dub","original","comment","lyrics","karaoke","forced","hearing_impaired","visual_impaired","clean_effects","attached_pic","timed_thumbnails","filepath") values ('0','0','0','0','0','0','0','0','0','0','0','0','/media/pi/ZUKE/MUSIC/CDs/CD 81/13 - No Dices Na'' - Cooldown.mp3');
insert into tags ("album","composer","genre","title","artist","disc","track","filepath") values ('ZIN CD 81','Zumba Fitness','Cooldown','No Dices Na''','Zumba Fitness','1/1','13/14','/media/pi/ZUKE/MUSIC/CDs/CD 81/13 - No Dices Na'' - Cooldown.mp3');
insert into mp3s ("filepath") values ('/media/pi/ZUKE/MUSIC/CDs/CD 81/13 - No Dices Na'' - Cooldown.mp3');
insert into streams ("index","codec_name","codec_long_name","codec_type","codec_time_base","codec_tag_string","codec_tag","sample_fmt","sample_rate","channels","channel_layout","bits_per_sample","r_frame_rate","avg_frame_rate","time_base","start_pts","start_time","duration_ts","duration","bit_rate","filepath") values ('0','mp3','MP3 (MPEG audio layer 3)','audio','1/44100','[0][0][0][0]','0x0000','fltp','44100','2','stereo','0','0/0','0/0','1/14112000','0','0','9522338033','674.768852','136302','/media/pi/ZUKE/MUSIC/CDs/CD 81/14 - Za Za - Yo Yo - Se Te Ve - DJ Mix.mp3');
insert into format ("filename","nb_streams","nb_programs","format_name","format_long_name","start_time","duration","size","bit_rate","probe_score","filepath") values ('/media/pi/ZUKE/MUSIC/CDs/CD 81/14 - Za Za - Yo Yo - Se Te Ve - DJ Mix.mp3','1','0','mp3','MP2/3 (MPEG audio layer 2/3)','0','674.768852','11497600','136314','51','/media/pi/ZUKE/MUSIC/CDs/CD 81/14 - Za Za - Yo Yo - Se Te Ve - DJ Mix.mp3');
insert into disposition ("default","dub","original","comment","lyrics","karaoke","forced","hearing_impaired","visual_impaired","clean_effects","attached_pic","timed_thumbnails","filepath") values ('0','0','0','0','0','0','0','0','0','0','0','0','/media/pi/ZUKE/MUSIC/CDs/CD 81/14 - Za Za - Yo Yo - Se Te Ve - DJ Mix.mp3');
insert into tags ("album","composer","genre","title","artist","disc","track","filepath") values ('ZIN CD 81','Zumba Fitness','DJ Mix','Za Za - Yo Yo - Se Te Ve','Zumba Fitness','1/1','14/14','/media/pi/ZUKE/MUSIC/CDs/CD 81/14 - Za Za - Yo Yo - Se Te Ve - DJ Mix.mp3');
insert into mp3s ("filepath") values ('/media/pi/ZUKE/MUSIC/CDs/CD 81/14 - Za Za - Yo Yo - Se Te Ve - DJ Mix.mp3');
insert into streams ("index","codec_name","codec_long_name","codec_type","codec_time_base","codec_tag_string","codec_tag","sample_fmt","sample_rate","channels","channel_layout","bits_per_sample","r_frame_rate","avg_frame_rate","time_base","start_pts","start_time","duration_ts","duration","bit_rate","filepath") values ('0','mp3','MP3 (MPEG audio layer 3)','audio','1/44100','[0][0][0][0]','0x0000','fltp','44100','2','stereo','0','0/0','0/0','1/14112000','0','0','3345776640','237.087347','181582','/media/pi/ZUKE/MUSIC/GOLD CD 13/01 - Flashdance...What a Feeling - Synth Pop.mp3');
insert into format ("filename","nb_streams","nb_programs","format_name","format_long_name","start_time","duration","size","bit_rate","probe_score","filepath") values ('/media/pi/ZUKE/MUSIC/GOLD CD 13/01 - Flashdance...What a Feeling - Synth Pop.mp3','1','0','mp3','MP2/3 (MPEG audio layer 2/3)','0','237.087347','5382272','181613','51','/media/pi/ZUKE/MUSIC/GOLD CD 13/01 - Flashdance...What a Feeling - Synth Pop.mp3');
insert into disposition ("default","dub","original","comment","lyrics","karaoke","forced","hearing_impaired","visual_impaired","clean_effects","attached_pic","timed_thumbnails","filepath") values ('0','0','0','0','0','0','0','0','0','0','0','0','/media/pi/ZUKE/MUSIC/GOLD CD 13/01 - Flashdance...What a Feeling - Synth Pop.mp3');
insert into tags ("album","composer","genre","title","artist","disc","track","filepath") values ('Gold CD 13','Zumba Fitness','Synth Pop','Flashdance...What a Feeling','Zumba Fitness','1/1','1/9','/media/pi/ZUKE/MUSIC/GOLD CD 13/01 - Flashdance...What a Feeling - Synth Pop.mp3');
insert into mp3s ("filepath") values ('/media/pi/ZUKE/MUSIC/GOLD CD 13/01 - Flashdance...What a Feeling - Synth Pop.mp3');
insert into streams ("index","codec_name","codec_long_name","codec_type","codec_time_base","codec_tag_string","codec_tag","sample_fmt","sample_rate","channels","channel_layout","bits_per_sample","r_frame_rate","avg_frame_rate","time_base","start_pts","start_time","duration_ts","duration","bit_rate","filepath") values ('0','mp3','MP3 (MPEG audio layer 3)','audio','1/44100','[0][0][0][0]','0x0000','fltp','44100','2','stereo','0','0/0','0/0','1/14112000','0','0','2682961920','190.119184','184456','/media/pi/ZUKE/MUSIC/GOLD CD 13/02 - Born to Be Alive - Disco.mp3');
insert into format ("filename","nb_streams","nb_programs","format_name","format_long_name","start_time","duration","size","bit_rate","probe_score","filepath") values ('/media/pi/ZUKE/MUSIC/GOLD CD 13/02 - Born to Be Alive - Disco.mp3','1','0','mp3','MP2/3 (MPEG audio layer 2/3)','0','190.119184','4384896','184511','51','/media/pi/ZUKE/MUSIC/GOLD CD 13/02 - Born to Be Alive - Disco.mp3');
insert into disposition ("default","dub","original","comment","lyrics","karaoke","forced","hearing_impaired","visual_impaired","clean_effects","attached_pic","timed_thumbnails","filepath") values ('0','0','0','0','0','0','0','0','0','0','0','0','/media/pi/ZUKE/MUSIC/GOLD CD 13/02 - Born to Be Alive - Disco.mp3');
insert into tags ("album","composer","genre","title","artist","disc","track","filepath") values ('Gold CD 13','Zumba Fitness','Disco','Born to Be Alive','Zumba Fitness','1/1','2/9','/media/pi/ZUKE/MUSIC/GOLD CD 13/02 - Born to Be Alive - Disco.mp3');
insert into mp3s ("filepath") values ('/media/pi/ZUKE/MUSIC/GOLD CD 13/02 - Born to Be Alive - Disco.mp3');
insert into streams ("index","codec_name","codec_long_name","codec_type","codec_time_base","codec_tag_string","codec_tag","sample_fmt","sample_rate","channels","channel_layout","bits_per_sample","r_frame_rate","avg_frame_rate","time_base","start_pts","start_time","duration_ts","duration","bit_rate","filepath") values ('0','mp3','MP3 (MPEG audio layer 3)','audio','1/44100','[0][0][0][0]','0x0000','fltp','44100','2','stereo','0','0/0','0/0','1/14112000','0','0','2534768640','179.617959','193418','/media/pi/ZUKE/MUSIC/GOLD CD 13/03 - Ay Que Yo la Enamore - Merengue.mp3');
insert into format ("filename","nb_streams","nb_programs","format_name","format_long_name","start_time","duration","size","bit_rate","probe_score","filepath") values ('/media/pi/ZUKE/MUSIC/GOLD CD 13/03 - Ay Que Yo la Enamore - Merengue.mp3','1','0','mp3','MP2/3 (MPEG audio layer 2/3)','0','179.617959','4343936','193474','51','/media/pi/ZUKE/MUSIC/GOLD CD 13/03 - Ay Que Yo la Enamore - Merengue.mp3');
insert into disposition ("default","dub","original","comment","lyrics","karaoke","forced","hearing_impaired","visual_impaired","clean_effects","attached_pic","timed_thumbnails","filepath") values ('0','0','0','0','0','0','0','0','0','0','0','0','/media/pi/ZUKE/MUSIC/GOLD CD 13/03 - Ay Que Yo la Enamore - Merengue.mp3');
insert into tags ("album","composer","genre","title","artist","disc","track","filepath") values ('Gold CD 13','Zumba Fitness','Merengue','Ay Que Yo la Enamore','Zumba Fitness','1/1','3/9','/media/pi/ZUKE/MUSIC/GOLD CD 13/03 - Ay Que Yo la Enamore - Merengue.mp3');
insert into mp3s ("filepath") values ('/media/pi/ZUKE/MUSIC/GOLD CD 13/03 - Ay Que Yo la Enamore - Merengue.mp3');
insert into streams ("index","codec_name","codec_long_name","codec_type","codec_time_base","codec_tag_string","codec_tag","sample_fmt","sample_rate","channels","channel_layout","bits_per_sample","r_frame_rate","avg_frame_rate","time_base","start_pts","start_time","duration_ts","duration","bit_rate","filepath") values ('0','mp3','MP3 (MPEG audio layer 3)','audio','1/44100','[0][0][0][0]','0x0000','fltp','44100','2','stereo','0','0/0','0/0','1/14112000','0','0','2854379520','202.266122','199725','/media/pi/ZUKE/MUSIC/GOLD CD 13/04 - Twist Boogaloo - Salsa.mp3');
insert into format ("filename","nb_streams","nb_programs","format_name","format_long_name","start_time","duration","size","bit_rate","probe_score","filepath") values ('/media/pi/ZUKE/MUSIC/GOLD CD 13/04 - Twist Boogaloo - Salsa.mp3','1','0','mp3','MP2/3 (MPEG audio layer 2/3)','0','202.266122','5050496','199756','51','/media/pi/ZUKE/MUSIC/GOLD CD 13/04 - Twist Boogaloo - Salsa.mp3');
insert into disposition ("default","dub","original","comment","lyrics","karaoke","forced","hearing_impaired","visual_impaired","clean_effects","attached_pic","timed_thumbnails","filepath") values ('0','0','0','0','0','0','0','0','0','0','0','0','/media/pi/ZUKE/MUSIC/GOLD CD 13/04 - Twist Boogaloo - Salsa.mp3');
insert into tags ("album","composer","genre","title","artist","disc","track","filepath") values ('Gold CD 13','Zumba Fitness','Salsa','Twist Boogaloo','Sonora Carruseles','1/1','4/9','/media/pi/ZUKE/MUSIC/GOLD CD 13/04 - Twist Boogaloo - Salsa.mp3');
insert into mp3s ("filepath") values ('/media/pi/ZUKE/MUSIC/GOLD CD 13/04 - Twist Boogaloo - Salsa.mp3');
insert into streams ("index","codec_name","codec_long_name","codec_type","codec_time_base","codec_tag_string","codec_tag","sample_fmt","sample_rate","channels","channel_layout","bits_per_sample","r_frame_rate","avg_frame_rate","time_base","start_pts","start_time","duration_ts","duration","bit_rate","filepath") values ('0','mp3','MP3 (MPEG audio layer 3)','audio','1/44100','[0][0][0][0]','0x0000','fltp','44100','2','stereo','0','0/0','0/0','1/14112000','0','0','3197214720','226.560000','189905','/media/pi/ZUKE/MUSIC/GOLD CD 13/05 - Oye Gata - Reggaeton.mp3');
insert into format ("filename","nb_streams","nb_programs","format_name","format_long_name","start_time","duration","size","bit_rate","probe_score","filepath") values ('/media/pi/ZUKE/MUSIC/GOLD CD 13/05 - Oye Gata - Reggaeton.mp3','1','0','mp3','MP2/3 (MPEG audio layer 2/3)','0','226.560000','5380224','189979','51','/media/pi/ZUKE/MUSIC/GOLD CD 13/05 - Oye Gata - Reggaeton.mp3');
insert into disposition ("default","dub","original","comment","lyrics","karaoke","forced","hearing_impaired","visual_impaired","clean_effects","attached_pic","timed_thumbnails","filepath") values ('0','0','0','0','0','0','0','0','0','0','0','0','/media/pi/ZUKE/MUSIC/GOLD CD 13/05 - Oye Gata - Reggaeton.mp3');
insert into tags ("album","composer","genre","title","artist","disc","track","filepath") values ('Gold CD 13','Zumba Fitness','Reggaeton','Oye Gata','Zumba Fitness','1/1','5/9','/media/pi/ZUKE/MUSIC/GOLD CD 13/05 - Oye Gata - Reggaeton.mp3');
insert into mp3s ("filepath") values ('/media/pi/ZUKE/MUSIC/GOLD CD 13/05 - Oye Gata - Reggaeton.mp3');
insert into streams ("index","codec_name","codec_long_name","codec_type","codec_time_base","codec_tag_string","codec_tag","sample_fmt","sample_rate","channels","channel_layout","bits_per_sample","r_frame_rate","avg_frame_rate","time_base","start_pts","start_time","duration_ts","duration","bit_rate","filepath") values ('0','mp3','MP3 (MPEG audio layer 3)','audio','1/44100','[0][0][0][0]','0x0000','fltp','44100','2','stereo','0','0/0','0/0','1/14112000','0','0','2805350400','198.791837','188873','/media/pi/ZUKE/MUSIC/GOLD CD 13/06 - Bidi Bidi Bom Bom - Cumbia.mp3');
insert into format ("filename","nb_streams","nb_programs","format_name","format_long_name","start_time","duration","size","bit_rate","probe_score","filepath") values ('/media/pi/ZUKE/MUSIC/GOLD CD 13/06 - Bidi Bidi Bom Bom - Cumbia.mp3','1','0','mp3','MP2/3 (MPEG audio layer 2/3)','0','198.791837','4694144','188906','51','/media/pi/ZUKE/MUSIC/GOLD CD 13/06 - Bidi Bidi Bom Bom - Cumbia.mp3');
insert into disposition ("default","dub","original","comment","lyrics","karaoke","forced","hearing_impaired","visual_impaired","clean_effects","attached_pic","timed_thumbnails","filepath") values ('0','0','0','0','0','0','0','0','0','0','0','0','/media/pi/ZUKE/MUSIC/GOLD CD 13/06 - Bidi Bidi Bom Bom - Cumbia.mp3');
insert into tags ("album","composer","genre","title","artist","disc","track","filepath") values ('Gold CD 13','Zumba Fitness','Cumbia','Bidi Bidi Bom Bom','Zumba Fitness','1/1','6/9','/media/pi/ZUKE/MUSIC/GOLD CD 13/06 - Bidi Bidi Bom Bom - Cumbia.mp3');
insert into mp3s ("filepath") values ('/media/pi/ZUKE/MUSIC/GOLD CD 13/06 - Bidi Bidi Bom Bom - Cumbia.mp3');
insert into streams ("index","codec_name","codec_long_name","codec_type","codec_time_base","codec_tag_string","codec_tag","sample_fmt","sample_rate","channels","channel_layout","bits_per_sample","r_frame_rate","avg_frame_rate","time_base","start_pts","start_time","duration_ts","duration","bit_rate","filepath") values ('0','mp3','MP3 (MPEG audio layer 3)','audio','1/44100','[0][0][0][0]','0x0000','fltp','44100','2','stereo','0','0/0','0/0','1/14112000','0','0','2536980480','179.774694','178467','/media/pi/ZUKE/MUSIC/GOLD CD 13/07 - Good Golly Miss Molly - Rock n Roll.mp3');
insert into format ("filename","nb_streams","nb_programs","format_name","format_long_name","start_time","duration","size","bit_rate","probe_score","filepath") values ('/media/pi/ZUKE/MUSIC/GOLD CD 13/07 - Good Golly Miss Molly - Rock n Roll.mp3','1','0','mp3','MP2/3 (MPEG audio layer 2/3)','0','179.774694','4012160','178541','51','/media/pi/ZUKE/MUSIC/GOLD CD 13/07 - Good Golly Miss Molly - Rock n Roll.mp3');
insert into disposition ("default","dub","original","comment","lyrics","karaoke","forced","hearing_impaired","visual_impaired","clean_effects","attached_pic","timed_thumbnails","filepath") values ('0','0','0','0','0','0','0','0','0','0','0','0','/media/pi/ZUKE/MUSIC/GOLD CD 13/07 - Good Golly Miss Molly - Rock n Roll.mp3');
insert into tags ("album","composer","genre","title","artist","disc","track","filepath") values ('Gold CD 13','Zumba Fitness','Rock and Roll','Good Golly Miss Molly','Zumba Fitness','1/1','7/9','/media/pi/ZUKE/MUSIC/GOLD CD 13/07 - Good Golly Miss Molly - Rock n Roll.mp3');
insert into mp3s ("filepath") values ('/media/pi/ZUKE/MUSIC/GOLD CD 13/07 - Good Golly Miss Molly - Rock n Roll.mp3');
insert into streams ("index","codec_name","codec_long_name","codec_type","codec_time_base","codec_tag_string","codec_tag","sample_fmt","sample_rate","channels","channel_layout","bits_per_sample","r_frame_rate","avg_frame_rate","time_base","start_pts","start_time","duration_ts","duration","bit_rate","filepath") values ('0','mp3','MP3 (MPEG audio layer 3)','audio','1/44100','[0][0][0][0]','0x0000','fltp','44100','2','stereo','0','0/0','0/0','1/14112000','0','0','3217858560','228.022857','154474','/media/pi/ZUKE/MUSIC/GOLD CD 13/08 - Shuruk - Electro Belly Dance.mp3');
insert into format ("filename","nb_streams","nb_programs","format_name","format_long_name","start_time","duration","size","bit_rate","probe_score","filepath") values ('/media/pi/ZUKE/MUSIC/GOLD CD 13/08 - Shuruk - Electro Belly Dance.mp3','1','0','mp3','MP2/3 (MPEG audio layer 2/3)','0','228.022857','4403328','154487','51','/media/pi/ZUKE/MUSIC/GOLD CD 13/08 - Shuruk - Electro Belly Dance.mp3');
insert into disposition ("default","dub","original","comment","lyrics","karaoke","forced","hearing_impaired","visual_impaired","clean_effects","attached_pic","timed_thumbnails","filepath") values ('0','0','0','0','0','0','0','0','0','0','0','0','/media/pi/ZUKE/MUSIC/GOLD CD 13/08 - Shuruk - Electro Belly Dance.mp3');
insert into tags ("album","composer","genre","title","artist","disc","track","filepath") values ('Gold CD 13','Zumba Fitness','Electro Belly Dance','Shuruk','Roger Abboud','1/1','8/9','/media/pi/ZUKE/MUSIC/GOLD CD 13/08 - Shuruk - Electro Belly Dance.mp3');
insert into mp3s ("filepath") values ('/media/pi/ZUKE/MUSIC/GOLD CD 13/08 - Shuruk - Electro Belly Dance.mp3');
insert into streams ("index","codec_name","codec_long_name","codec_type","codec_time_base","codec_tag_string","codec_tag","sample_fmt","sample_rate","channels","channel_layout","bits_per_sample","r_frame_rate","avg_frame_rate","time_base","start_pts","start_time","duration_ts","duration","bit_rate","filepath") values ('0','mp3','MP3 (MPEG audio layer 3)','audio','1/44100','[0][0][0][0]','0x0000','fltp','44100','2','stereo','0','0/0','0/0','1/14112000','0','0','2687754240','190.458776','186642','/media/pi/ZUKE/MUSIC/GOLD CD 13/09 - Day 1 - Bachata.mp3');
insert into format ("filename","nb_streams","nb_programs","format_name","format_long_name","start_time","duration","size","bit_rate","probe_score","filepath") values ('/media/pi/ZUKE/MUSIC/GOLD CD 13/09 - Day 1 - Bachata.mp3','1','0','mp3','MP2/3 (MPEG audio layer 2/3)','0','190.458776','4444288','186677','51','/media/pi/ZUKE/MUSIC/GOLD CD 13/09 - Day 1 - Bachata.mp3');
insert into disposition ("default","dub","original","comment","lyrics","karaoke","forced","hearing_impaired","visual_impaired","clean_effects","attached_pic","timed_thumbnails","filepath") values ('0','0','0','0','0','0','0','0','0','0','0','0','/media/pi/ZUKE/MUSIC/GOLD CD 13/09 - Day 1 - Bachata.mp3');
insert into tags ("album","composer","genre","title","artist","disc","track","filepath") values ('Gold CD 13','Zumba Fitness','Bachata','Day 1','Zumba Fitness','1/1','9/9','/media/pi/ZUKE/MUSIC/GOLD CD 13/09 - Day 1 - Bachata.mp3');
insert into mp3s ("filepath") values ('/media/pi/ZUKE/MUSIC/GOLD CD 13/09 - Day 1 - Bachata.mp3');
insert into streams ("index","codec_name","codec_long_name","codec_type","codec_time_base","codec_tag_string","codec_tag","sample_fmt","sample_rate","channels","channel_layout","bits_per_sample","r_frame_rate","avg_frame_rate","time_base","start_pts","start_time","duration_ts","duration","bit_rate","filepath") values ('0','mp3','MP3 (MPEG audio layer 3)','audio','1/44100','[0][0][0][0]','0x0000','fltp','44100','2','stereo','0','0/0','0/0','1/14112000','0','0','3222282240','228.336327','153303','/media/pi/ZUKE/MUSIC/MMs/MM 20/01 - La Mujer del Pelotero.mp3');
insert into format ("filename","nb_streams","nb_programs","format_name","format_long_name","start_time","duration","size","bit_rate","probe_score","filepath") values ('/media/pi/ZUKE/MUSIC/MMs/MM 20/01 - La Mujer del Pelotero.mp3','1','0','mp3','MP2/3 (MPEG audio layer 2/3)','0','228.336327','4376704','153342','51','/media/pi/ZUKE/MUSIC/MMs/MM 20/01 - La Mujer del Pelotero.mp3');
insert into disposition ("default","dub","original","comment","lyrics","karaoke","forced","hearing_impaired","visual_impaired","clean_effects","attached_pic","timed_thumbnails","filepath") values ('0','0','0','0','0','0','0','0','0','0','0','0','/media/pi/ZUKE/MUSIC/MMs/MM 20/01 - La Mujer del Pelotero.mp3');
insert into tags ("album","composer","genre","title","artist","disc","track","filepath") values ('Mega Mix 20','Zumba Fitness','Latin','La Mujer del Pelotero','Zumba Fitness','1/1','01/10','/media/pi/ZUKE/MUSIC/MMs/MM 20/01 - La Mujer del Pelotero.mp3');
insert into mp3s ("filepath") values ('/media/pi/ZUKE/MUSIC/MMs/MM 20/01 - La Mujer del Pelotero.mp3');
insert into streams ("index","codec_name","codec_long_name","codec_type","codec_time_base","codec_tag_string","codec_tag","sample_fmt","sample_rate","channels","channel_layout","bits_per_sample","r_frame_rate","avg_frame_rate","time_base","start_pts","start_time","duration_ts","duration","bit_rate","filepath") values ('0','mp3','MP3 (MPEG audio layer 3)','audio','1/44100','[0][0][0][0]','0x0000','fltp','44100','2','stereo','0','0/0','0/0','1/14112000','0','0','3654328320','258.951837','168905','/media/pi/ZUKE/MUSIC/MMs/MM 20/02 - I Love Salsa.mp3');
insert into format ("filename","nb_streams","nb_programs","format_name","format_long_name","start_time","duration","size","bit_rate","probe_score","filepath") values ('/media/pi/ZUKE/MUSIC/MMs/MM 20/02 - I Love Salsa.mp3','1','0','mp3','MP2/3 (MPEG audio layer 2/3)','0','258.951837','5468288','168936','51','/media/pi/ZUKE/MUSIC/MMs/MM 20/02 - I Love Salsa.mp3');
insert into disposition ("default","dub","original","comment","lyrics","karaoke","forced","hearing_impaired","visual_impaired","clean_effects","attached_pic","timed_thumbnails","filepath") values ('0','0','0','0','0','0','0','0','0','0','0','0','/media/pi/ZUKE/MUSIC/MMs/MM 20/02 - I Love Salsa.mp3');
insert into tags ("album","composer","genre","title","artist","disc","track","filepath") values ('Mega Mix 20','Zumba Fitness','Latin','I Love Salsa','Zumba Fitness','1/1','02/10','/media/pi/ZUKE/MUSIC/MMs/MM 20/02 - I Love Salsa.mp3');
insert into mp3s ("filepath") values ('/media/pi/ZUKE/MUSIC/MMs/MM 20/02 - I Love Salsa.mp3');
insert into streams ("index","codec_name","codec_long_name","codec_type","codec_time_base","codec_tag_string","codec_tag","sample_fmt","sample_rate","channels","channel_layout","bits_per_sample","r_frame_rate","avg_frame_rate","time_base","start_pts","start_time","duration_ts","duration","bit_rate","filepath") values ('0','mp3','MP3 (MPEG audio layer 3)','audio','1/44100','[0][0][0][0]','0x0000','fltp','44100','2','stereo','0','0/0','0/0','1/14112000','0','0','3069665280','217.521633','147680','/media/pi/ZUKE/MUSIC/MMs/MM 20/03 - Berimbau Metalizado.mp3');
insert into format ("filename","nb_streams","nb_programs","format_name","format_long_name","start_time","duration","size","bit_rate","probe_score","filepath") values ('/media/pi/ZUKE/MUSIC/MMs/MM 20/03 - Berimbau Metalizado.mp3','1','0','mp3','MP2/3 (MPEG audio layer 2/3)','0','217.521633','4016256','147709','51','/media/pi/ZUKE/MUSIC/MMs/MM 20/03 - Berimbau Metalizado.mp3');
insert into disposition ("default","dub","original","comment","lyrics","karaoke","forced","hearing_impaired","visual_impaired","clean_effects","attached_pic","timed_thumbnails","filepath") values ('0','0','0','0','0','0','0','0','0','0','0','0','/media/pi/ZUKE/MUSIC/MMs/MM 20/03 - Berimbau Metalizado.mp3');
insert into tags ("album","composer","genre","title","artist","disc","track","filepath") values ('Mega Mix 20','Zumba Fitness','Latin','Berimbau Metalizado','Zumba Fitness','1/1','03/10','/media/pi/ZUKE/MUSIC/MMs/MM 20/03 - Berimbau Metalizado.mp3');
insert into mp3s ("filepath") values ('/media/pi/ZUKE/MUSIC/MMs/MM 20/03 - Berimbau Metalizado.mp3');
insert into streams ("index","codec_name","codec_long_name","codec_type","codec_time_base","codec_tag_string","codec_tag","sample_fmt","sample_rate","channels","channel_layout","bits_per_sample","r_frame_rate","avg_frame_rate","time_base","start_pts","start_time","duration_ts","duration","bit_rate","filepath") values ('0','mp3','MP3 (MPEG audio layer 3)','audio','1/44100','[0][0][0][0]','0x0000','fltp','44100','2','stereo','0','0/0','0/0','1/14112000','0','0','2780282880','197.015510','159278','/media/pi/ZUKE/MUSIC/MMs/MM 20/04 - Say Na, Say Na.mp3');
insert into format ("filename","nb_streams","nb_programs","format_name","format_long_name","start_time","duration","size","bit_rate","probe_score","filepath") values ('/media/pi/ZUKE/MUSIC/MMs/MM 20/04 - Say Na, Say Na.mp3','1','0','mp3','MP2/3 (MPEG audio layer 2/3)','0','197.015510','3924096','159341','51','/media/pi/ZUKE/MUSIC/MMs/MM 20/04 - Say Na, Say Na.mp3');
insert into disposition ("default","dub","original","comment","lyrics","karaoke","forced","hearing_impaired","visual_impaired","clean_effects","attached_pic","timed_thumbnails","filepath") values ('0','0','0','0','0','0','0','0','0','0','0','0','/media/pi/ZUKE/MUSIC/MMs/MM 20/04 - Say Na, Say Na.mp3');
insert into tags ("album","composer","genre","title","artist","disc","track","filepath") values ('Mega Mix 20','Zumba Fitness','Latin','Say Na, Say Na','Zumba Fitness','1/1','04/10','/media/pi/ZUKE/MUSIC/MMs/MM 20/04 - Say Na, Say Na.mp3');
insert into mp3s ("filepath") values ('/media/pi/ZUKE/MUSIC/MMs/MM 20/04 - Say Na, Say Na.mp3');
insert into streams ("index","codec_name","codec_long_name","codec_type","codec_time_base","codec_tag_string","codec_tag","sample_fmt","sample_rate","channels","channel_layout","bits_per_sample","r_frame_rate","avg_frame_rate","time_base","start_pts","start_time","duration_ts","duration","bit_rate","filepath") values ('0','mp3','MP3 (MPEG audio layer 3)','audio','1/44100','[0][0][0][0]','0x0000','fltp','44100','2','stereo','0','0/0','0/0','1/14112000','0','0','2857697280','202.501224','155528','/media/pi/ZUKE/MUSIC/MMs/MM 20/05 - La Peinada.mp3');
insert into format ("filename","nb_streams","nb_programs","format_name","format_long_name","start_time","duration","size","bit_rate","probe_score","filepath") values ('/media/pi/ZUKE/MUSIC/MMs/MM 20/05 - La Peinada.mp3','1','0','mp3','MP2/3 (MPEG audio layer 2/3)','0','202.501224','3938432','155591','51','/media/pi/ZUKE/MUSIC/MMs/MM 20/05 - La Peinada.mp3');
insert into disposition ("default","dub","original","comment","lyrics","karaoke","forced","hearing_impaired","visual_impaired","clean_effects","attached_pic","timed_thumbnails","filepath") values ('0','0','0','0','0','0','0','0','0','0','0','0','/media/pi/ZUKE/MUSIC/MMs/MM 20/05 - La Peinada.mp3');
insert into tags ("album","composer","genre","title","artist","disc","track","filepath") values ('Mega Mix 20','Zumba Fitness','Latin','La Peinada','Zumba Fitness','1/1','05/10','/media/pi/ZUKE/MUSIC/MMs/MM 20/05 - La Peinada.mp3');
insert into mp3s ("filepath") values ('/media/pi/ZUKE/MUSIC/MMs/MM 20/05 - La Peinada.mp3');
insert into streams ("index","codec_name","codec_long_name","codec_type","codec_time_base","codec_tag_string","codec_tag","sample_fmt","sample_rate","channels","channel_layout","bits_per_sample","r_frame_rate","avg_frame_rate","time_base","start_pts","start_time","duration_ts","duration","bit_rate","filepath") values ('0','mp3','MP3 (MPEG audio layer 3)','audio','1/44100','[0][0][0][0]','0x0000','fltp','44100','2','stereo','0','0/0','0/0','1/14112000','0','0','3004047360','212.871837','156949','/media/pi/ZUKE/MUSIC/MMs/MM 20/06 - Push It - Final Version.mp3');
insert into format ("filename","nb_streams","nb_programs","format_name","format_long_name","start_time","duration","size","bit_rate","probe_score","filepath") values ('/media/pi/ZUKE/MUSIC/MMs/MM 20/06 - Push It - Final Version.mp3','1','0','mp3','MP2/3 (MPEG audio layer 2/3)','0','212.871837','4178048','157016','51','/media/pi/ZUKE/MUSIC/MMs/MM 20/06 - Push It - Final Version.mp3');
insert into disposition ("default","dub","original","comment","lyrics","karaoke","forced","hearing_impaired","visual_impaired","clean_effects","attached_pic","timed_thumbnails","filepath") values ('0','0','0','0','0','0','0','0','0','0','0','0','/media/pi/ZUKE/MUSIC/MMs/MM 20/06 - Push It - Final Version.mp3');
insert into tags ("album","composer","genre","title","artist","disc","track","filepath") values ('Mega Mix 20','Zumba Fitness','Latin','Push It','Zumba Fitness','1/1','06/10','/media/pi/ZUKE/MUSIC/MMs/MM 20/06 - Push It - Final Version.mp3');
insert into mp3s ("filepath") values ('/media/pi/ZUKE/MUSIC/MMs/MM 20/06 - Push It - Final Version.mp3');
insert into streams ("index","codec_name","codec_long_name","codec_type","codec_time_base","codec_tag_string","codec_tag","sample_fmt","sample_rate","channels","channel_layout","bits_per_sample","r_frame_rate","avg_frame_rate","time_base","start_pts","start_time","duration_ts","duration","bit_rate","filepath") values ('0','mp3','MP3 (MPEG audio layer 3)','audio','1/44100','[0][0][0][0]','0x0000','fltp','44100','2','stereo','0','0/0','0/0','1/14112000','0','0','2724618240','193.071020','153732','/media/pi/ZUKE/MUSIC/MMs/MM 20/07 - La Reggae Cumbia del Amor.mp3');
insert into format ("filename","nb_streams","nb_programs","format_name","format_long_name","start_time","duration","size","bit_rate","probe_score","filepath") values ('/media/pi/ZUKE/MUSIC/MMs/MM 20/07 - La Reggae Cumbia del Amor.mp3','1','0','mp3','MP2/3 (MPEG audio layer 2/3)','0','193.071020','3711104','153771','51','/media/pi/ZUKE/MUSIC/MMs/MM 20/07 - La Reggae Cumbia del Amor.mp3');
insert into disposition ("default","dub","original","comment","lyrics","karaoke","forced","hearing_impaired","visual_impaired","clean_effects","attached_pic","timed_thumbnails","filepath") values ('0','0','0','0','0','0','0','0','0','0','0','0','/media/pi/ZUKE/MUSIC/MMs/MM 20/07 - La Reggae Cumbia del Amor.mp3');
insert into tags ("album","composer","genre","title","artist","disc","track","filepath") values ('Mega Mix 20','Zumba Fitness','Latin','La Reggae Cumbia del Amor','Zumba Fitness','1/1','07/10','/media/pi/ZUKE/MUSIC/MMs/MM 20/07 - La Reggae Cumbia del Amor.mp3');
insert into mp3s ("filepath") values ('/media/pi/ZUKE/MUSIC/MMs/MM 20/07 - La Reggae Cumbia del Amor.mp3');
insert into streams ("index","codec_name","codec_long_name","codec_type","codec_time_base","codec_tag_string","codec_tag","sample_fmt","sample_rate","channels","channel_layout","bits_per_sample","r_frame_rate","avg_frame_rate","time_base","start_pts","start_time","duration_ts","duration","bit_rate","filepath") values ('0','mp3','MP3 (MPEG audio layer 3)','audio','1/44100','[0][0][0][0]','0x0000','fltp','44100','2','stereo','0','0/0','0/0','1/14112000','0','0','3368263680','238.680816','165983','/media/pi/ZUKE/MUSIC/MMs/MM 20/08 - Toul Omry.mp3');
insert into format ("filename","nb_streams","nb_programs","format_name","format_long_name","start_time","duration","size","bit_rate","probe_score","filepath") values ('/media/pi/ZUKE/MUSIC/MMs/MM 20/08 - Toul Omry.mp3','1','0','mp3','MP2/3 (MPEG audio layer 2/3)','0','238.680816','4954240','166054','51','/media/pi/ZUKE/MUSIC/MMs/MM 20/08 - Toul Omry.mp3');
insert into disposition ("default","dub","original","comment","lyrics","karaoke","forced","hearing_impaired","visual_impaired","clean_effects","attached_pic","timed_thumbnails","filepath") values ('0','0','0','0','0','0','0','0','0','0','0','0','/media/pi/ZUKE/MUSIC/MMs/MM 20/08 - Toul Omry.mp3');
insert into tags ("album","composer","genre","title","artist","disc","track","filepath") values ('Mega Mix 20','Zumba Fitness','Latin','Toul Omry','Zumba Fitness','1/1','08/10','/media/pi/ZUKE/MUSIC/MMs/MM 20/08 - Toul Omry.mp3');
insert into mp3s ("filepath") values ('/media/pi/ZUKE/MUSIC/MMs/MM 20/08 - Toul Omry.mp3');
insert into streams ("index","codec_name","codec_long_name","codec_type","codec_time_base","codec_tag_string","codec_tag","sample_fmt","sample_rate","channels","channel_layout","bits_per_sample","r_frame_rate","avg_frame_rate","time_base","start_pts","start_time","duration_ts","duration","bit_rate","filepath") values ('0','mp3','MP3 (MPEG audio layer 3)','audio','1/44100','[0][0][0][0]','0x0000','fltp','44100','2','stereo','0','0/0','0/0','1/14112000','0','0','3861135360','273.606531','160483','/media/pi/ZUKE/MUSIC/MMs/MM 20/09 - Mueve La Booty.mp3');
insert into format ("filename","nb_streams","nb_programs","format_name","format_long_name","start_time","duration","size","bit_rate","probe_score","filepath") values ('/media/pi/ZUKE/MUSIC/MMs/MM 20/09 - Mueve La Booty.mp3','1','0','mp3','MP2/3 (MPEG audio layer 2/3)','0','273.606531','5490816','160546','51','/media/pi/ZUKE/MUSIC/MMs/MM 20/09 - Mueve La Booty.mp3');
insert into disposition ("default","dub","original","comment","lyrics","karaoke","forced","hearing_impaired","visual_impaired","clean_effects","attached_pic","timed_thumbnails","filepath") values ('0','0','0','0','0','0','0','0','0','0','0','0','/media/pi/ZUKE/MUSIC/MMs/MM 20/09 - Mueve La Booty.mp3');
insert into tags ("album","composer","genre","title","artist","disc","track","filepath") values ('Mega Mix 20','Zumba Fitness','Latin','Mueve La Booty','Zumba Fitness','1/1','09/10','/media/pi/ZUKE/MUSIC/MMs/MM 20/09 - Mueve La Booty.mp3');
insert into mp3s ("filepath") values ('/media/pi/ZUKE/MUSIC/MMs/MM 20/09 - Mueve La Booty.mp3');
insert into streams ("index","codec_name","codec_long_name","codec_type","codec_time_base","codec_tag_string","codec_tag","sample_fmt","sample_rate","channels","channel_layout","bits_per_sample","r_frame_rate","avg_frame_rate","time_base","start_pts","start_time","duration_ts","duration","bit_rate","filepath") values ('0','mp3','MP3 (MPEG audio layer 3)','audio','1/44100','[0][0][0][0]','0x0000','fltp','44100','2','stereo','0','0/0','0/0','1/14112000','0','0','2990776320','211.931429','162305','/media/pi/ZUKE/MUSIC/MMs/MM 20/10 - Maloya.mp3');
insert into format ("filename","nb_streams","nb_programs","format_name","format_long_name","start_time","duration","size","bit_rate","probe_score","filepath") values ('/media/pi/ZUKE/MUSIC/MMs/MM 20/10 - Maloya.mp3','1','0','mp3','MP2/3 (MPEG audio layer 2/3)','0','211.931429','4300928','162351','51','/media/pi/ZUKE/MUSIC/MMs/MM 20/10 - Maloya.mp3');
insert into disposition ("default","dub","original","comment","lyrics","karaoke","forced","hearing_impaired","visual_impaired","clean_effects","attached_pic","timed_thumbnails","filepath") values ('0','0','0','0','0','0','0','0','0','0','0','0','/media/pi/ZUKE/MUSIC/MMs/MM 20/10 - Maloya.mp3');
insert into tags ("album","composer","genre","title","artist","disc","track","filepath") values ('Mega Mix 20','Zumba Fitness','Latin','Maloya','Zumba Fitness','1/1','10/10','/media/pi/ZUKE/MUSIC/MMs/MM 20/10 - Maloya.mp3');
insert into mp3s ("filepath") values ('/media/pi/ZUKE/MUSIC/MMs/MM 20/10 - Maloya.mp3');
insert into streams ("index","codec_name","codec_long_name","codec_type","codec_time_base","codec_tag_string","codec_tag","sample_fmt","sample_rate","channels","channel_layout","bits_per_sample","r_frame_rate","avg_frame_rate","time_base","start_pts","start_time","duration_ts","duration","bit_rate","filepath") values ('0','mp3','MP3 (MPEG audio layer 3)','audio','1/44100','[0][0][0][0]','0x0000','fltp','44100','2','stereo','0','0/0','0/0','1/14112000','0','0','2989301760','211.826939','153926','/media/pi/ZUKE/MUSIC/MMs/MM 21/01 - La Alianza.mp3');
insert into format ("filename","nb_streams","nb_programs","format_name","format_long_name","start_time","duration","size","bit_rate","probe_score","filepath") values ('/media/pi/ZUKE/MUSIC/MMs/MM 21/01 - La Alianza.mp3','1','0','mp3','MP2/3 (MPEG audio layer 2/3)','0','211.826939','4077696','154001','51','/media/pi/ZUKE/MUSIC/MMs/MM 21/01 - La Alianza.mp3');
insert into disposition ("default","dub","original","comment","lyrics","karaoke","forced","hearing_impaired","visual_impaired","clean_effects","attached_pic","timed_thumbnails","filepath") values ('0','0','0','0','0','0','0','0','0','0','0','0','/media/pi/ZUKE/MUSIC/MMs/MM 21/01 - La Alianza.mp3');
insert into tags ("album","composer","genre","title","artist","disc","track","filepath") values ('Mega Mix 21','Zumba Fitness','Latin','La Alianza','Zumba Fitness','1/1','01/10','/media/pi/ZUKE/MUSIC/MMs/MM 21/01 - La Alianza.mp3');
insert into mp3s ("filepath") values ('/media/pi/ZUKE/MUSIC/MMs/MM 21/01 - La Alianza.mp3');
insert into streams ("index","codec_name","codec_long_name","codec_type","codec_time_base","codec_tag_string","codec_tag","sample_fmt","sample_rate","channels","channel_layout","bits_per_sample","r_frame_rate","avg_frame_rate","time_base","start_pts","start_time","duration_ts","duration","bit_rate","filepath") values ('0','mp3','MP3 (MPEG audio layer 3)','audio','1/44100','[0][0][0][0]','0x0000','fltp','44100','2','stereo','0','0/0','0/0','1/14112000','0','0','3274260480','232.019592','161498','/media/pi/ZUKE/MUSIC/MMs/MM 21/02 - A Gozar Todo el Mundo.mp3');
insert into format ("filename","nb_streams","nb_programs","format_name","format_long_name","start_time","duration","size","bit_rate","probe_score","filepath") values ('/media/pi/ZUKE/MUSIC/MMs/MM 21/02 - A Gozar Todo el Mundo.mp3','1','0','mp3','MP2/3 (MPEG audio layer 2/3)','0','232.019592','4685952','161570','51','/media/pi/ZUKE/MUSIC/MMs/MM 21/02 - A Gozar Todo el Mundo.mp3');
insert into disposition ("default","dub","original","comment","lyrics","karaoke","forced","hearing_impaired","visual_impaired","clean_effects","attached_pic","timed_thumbnails","filepath") values ('0','0','0','0','0','0','0','0','0','0','0','0','/media/pi/ZUKE/MUSIC/MMs/MM 21/02 - A Gozar Todo el Mundo.mp3');
insert into tags ("album","composer","genre","title","artist","disc","track","filepath") values ('Mega Mix 21','Zumba Fitness','Latin','A Gozar Todo el Mundo','Zumba Fitness','1/1','02/10','/media/pi/ZUKE/MUSIC/MMs/MM 21/02 - A Gozar Todo el Mundo.mp3');
insert into mp3s ("filepath") values ('/media/pi/ZUKE/MUSIC/MMs/MM 21/02 - A Gozar Todo el Mundo.mp3');
insert into streams ("index","codec_name","codec_long_name","codec_type","codec_time_base","codec_tag_string","codec_tag","sample_fmt","sample_rate","channels","channel_layout","bits_per_sample","r_frame_rate","avg_frame_rate","time_base","start_pts","start_time","duration_ts","duration","bit_rate","filepath") values ('0','mp3','MP3 (MPEG audio layer 3)','audio','1/44100','[0][0][0][0]','0x0000','fltp','44100','2','stereo','0','0/0','0/0','1/14112000','0','0','3703726080','262.452245','163764','/media/pi/ZUKE/MUSIC/MMs/MM 21/03 - Bomba Camara.mp3');
insert into format ("filename","nb_streams","nb_programs","format_name","format_long_name","start_time","duration","size","bit_rate","probe_score","filepath") values ('/media/pi/ZUKE/MUSIC/MMs/MM 21/03 - Bomba Camara.mp3','1','0','mp3','MP2/3 (MPEG audio layer 2/3)','0','262.452245','5374080','163811','51','/media/pi/ZUKE/MUSIC/MMs/MM 21/03 - Bomba Camara.mp3');
insert into disposition ("default","dub","original","comment","lyrics","karaoke","forced","hearing_impaired","visual_impaired","clean_effects","attached_pic","timed_thumbnails","filepath") values ('0','0','0','0','0','0','0','0','0','0','0','0','/media/pi/ZUKE/MUSIC/MMs/MM 21/03 - Bomba Camara.mp3');
insert into tags ("album","composer","genre","title","artist","disc","track","filepath") values ('Mega Mix 21','Zumba Fitness','Latin','Bomba Camara','Zumba Fitness','1/1','03/10','/media/pi/ZUKE/MUSIC/MMs/MM 21/03 - Bomba Camara.mp3');
insert into mp3s ("filepath") values ('/media/pi/ZUKE/MUSIC/MMs/MM 21/03 - Bomba Camara.mp3');
insert into streams ("index","codec_name","codec_long_name","codec_type","codec_time_base","codec_tag_string","codec_tag","sample_fmt","sample_rate","channels","channel_layout","bits_per_sample","r_frame_rate","avg_frame_rate","time_base","start_pts","start_time","duration_ts","duration","bit_rate","filepath") values ('0','mp3','MP3 (MPEG audio layer 3)','audio','1/44100','[0][0][0][0]','0x0000','fltp','44100','2','stereo','0','0/0','0/0','1/14112000','0','0','2405744640','170.475102','159201','/media/pi/ZUKE/MUSIC/MMs/MM 21/04 - Danca do Canguru.mp3');
insert into format ("filename","nb_streams","nb_programs","format_name","format_long_name","start_time","duration","size","bit_rate","probe_score","filepath") values ('/media/pi/ZUKE/MUSIC/MMs/MM 21/04 - Danca do Canguru.mp3','1','0','mp3','MP2/3 (MPEG audio layer 2/3)','0','170.475102','3393664','159256','51','/media/pi/ZUKE/MUSIC/MMs/MM 21/04 - Danca do Canguru.mp3');
insert into disposition ("default","dub","original","comment","lyrics","karaoke","forced","hearing_impaired","visual_impaired","clean_effects","attached_pic","timed_thumbnails","filepath") values ('0','0','0','0','0','0','0','0','0','0','0','0','/media/pi/ZUKE/MUSIC/MMs/MM 21/04 - Danca do Canguru.mp3');
insert into tags ("album","composer","genre","title","artist","disc","track","filepath") values ('Mega Mix 21','Zumba Fitness','Latin','Danca do Canguru','Zumba Fitness','1/1','04/10','/media/pi/ZUKE/MUSIC/MMs/MM 21/04 - Danca do Canguru.mp3');
insert into mp3s ("filepath") values ('/media/pi/ZUKE/MUSIC/MMs/MM 21/04 - Danca do Canguru.mp3');
insert into streams ("index","codec_name","codec_long_name","codec_type","codec_time_base","codec_tag_string","codec_tag","sample_fmt","sample_rate","channels","channel_layout","bits_per_sample","r_frame_rate","avg_frame_rate","time_base","start_pts","start_time","duration_ts","duration","bit_rate","filepath") values ('0','mp3','MP3 (MPEG audio layer 3)','audio','1/44100','[0][0][0][0]','0x0000','fltp','44100','2','stereo','0','0/0','0/0','1/14112000','0','0','2486845440','176.222041','166052','/media/pi/ZUKE/MUSIC/MMs/MM 21/05 - Abusadora.mp3');
insert into format ("filename","nb_streams","nb_programs","format_name","format_long_name","start_time","duration","size","bit_rate","probe_score","filepath") values ('/media/pi/ZUKE/MUSIC/MMs/MM 21/05 - Abusadora.mp3','1','0','mp3','MP2/3 (MPEG audio layer 2/3)','0','176.222041','3659904','166149','51','/media/pi/ZUKE/MUSIC/MMs/MM 21/05 - Abusadora.mp3');
insert into disposition ("default","dub","original","comment","lyrics","karaoke","forced","hearing_impaired","visual_impaired","clean_effects","attached_pic","timed_thumbnails","filepath") values ('0','0','0','0','0','0','0','0','0','0','0','0','/media/pi/ZUKE/MUSIC/MMs/MM 21/05 - Abusadora.mp3');
insert into tags ("album","composer","genre","title","artist","disc","track","filepath") values ('Mega Mix 21','Zumba Fitness','Latin','Abusadora','Zumba Fitness','1/1','05/10','/media/pi/ZUKE/MUSIC/MMs/MM 21/05 - Abusadora.mp3');
insert into mp3s ("filepath") values ('/media/pi/ZUKE/MUSIC/MMs/MM 21/05 - Abusadora.mp3');
insert into streams ("index","codec_name","codec_long_name","codec_type","codec_time_base","codec_tag_string","codec_tag","sample_fmt","sample_rate","channels","channel_layout","bits_per_sample","r_frame_rate","avg_frame_rate","time_base","start_pts","start_time","duration_ts","duration","bit_rate","filepath") values ('0','mp3','MP3 (MPEG audio layer 3)','audio','1/44100','[0][0][0][0]','0x0000','fltp','44100','2','stereo','0','0/0','0/0','1/14112000','0','0','2793185280','197.929796','154398','/media/pi/ZUKE/MUSIC/MMs/MM 21/06 - Cumbia Lunera.mp3');
insert into format ("filename","nb_streams","nb_programs","format_name","format_long_name","start_time","duration","size","bit_rate","probe_score","filepath") values ('/media/pi/ZUKE/MUSIC/MMs/MM 21/06 - Cumbia Lunera.mp3','1','0','mp3','MP2/3 (MPEG audio layer 2/3)','0','197.929796','3821696','154466','51','/media/pi/ZUKE/MUSIC/MMs/MM 21/06 - Cumbia Lunera.mp3');
insert into disposition ("default","dub","original","comment","lyrics","karaoke","forced","hearing_impaired","visual_impaired","clean_effects","attached_pic","timed_thumbnails","filepath") values ('0','0','0','0','0','0','0','0','0','0','0','0','/media/pi/ZUKE/MUSIC/MMs/MM 21/06 - Cumbia Lunera.mp3');
insert into tags ("album","composer","genre","title","artist","disc","track","filepath") values ('Mega Mix 21','Zumba Fitness','Latin','Cumbia Lunera','Zumba Fitness','1/1','06/10','/media/pi/ZUKE/MUSIC/MMs/MM 21/06 - Cumbia Lunera.mp3');
insert into mp3s ("filepath") values ('/media/pi/ZUKE/MUSIC/MMs/MM 21/06 - Cumbia Lunera.mp3');
insert into streams ("index","codec_name","codec_long_name","codec_type","codec_time_base","codec_tag_string","codec_tag","sample_fmt","sample_rate","channels","channel_layout","bits_per_sample","r_frame_rate","avg_frame_rate","time_base","start_pts","start_time","duration_ts","duration","bit_rate","filepath") values ('0','mp3','MP3 (MPEG audio layer 3)','audio','1/44100','[0][0][0][0]','0x0000','fltp','44100','2','stereo','0','0/0','0/0','1/14112000','0','0','2980823040','211.226122','164459','/media/pi/ZUKE/MUSIC/MMs/MM 21/07 - Bailando Con Lola.mp3');
insert into format ("filename","nb_streams","nb_programs","format_name","format_long_name","start_time","duration","size","bit_rate","probe_score","filepath") values ('/media/pi/ZUKE/MUSIC/MMs/MM 21/07 - Bailando Con Lola.mp3','1','0','mp3','MP2/3 (MPEG audio layer 2/3)','0','211.226122','4343936','164522','51','/media/pi/ZUKE/MUSIC/MMs/MM 21/07 - Bailando Con Lola.mp3');
insert into disposition ("default","dub","original","comment","lyrics","karaoke","forced","hearing_impaired","visual_impaired","clean_effects","attached_pic","timed_thumbnails","filepath") values ('0','0','0','0','0','0','0','0','0','0','0','0','/media/pi/ZUKE/MUSIC/MMs/MM 21/07 - Bailando Con Lola.mp3');
insert into tags ("album","composer","genre","title","artist","disc","track","filepath") values ('Mega Mix 21','Zumba Fitness','Latin','Bailando Con Lola','Zumba Fitness','1/1','07/10','/media/pi/ZUKE/MUSIC/MMs/MM 21/07 - Bailando Con Lola.mp3');
insert into mp3s ("filepath") values ('/media/pi/ZUKE/MUSIC/MMs/MM 21/07 - Bailando Con Lola.mp3');
insert into streams ("index","codec_name","codec_long_name","codec_type","codec_time_base","codec_tag_string","codec_tag","sample_fmt","sample_rate","channels","channel_layout","bits_per_sample","r_frame_rate","avg_frame_rate","time_base","start_pts","start_time","duration_ts","duration","bit_rate","filepath") values ('0','mp3','MP3 (MPEG audio layer 3)','audio','1/44100','[0][0][0][0]','0x0000','fltp','44100','2','stereo','0','0/0','0/0','1/14112000','0','0','3350937600','237.453061','167880','/media/pi/ZUKE/MUSIC/MMs/MM 21/08 - Te Gusto.mp3');
insert into format ("filename","nb_streams","nb_programs","format_name","format_long_name","start_time","duration","size","bit_rate","probe_score","filepath") values ('/media/pi/ZUKE/MUSIC/MMs/MM 21/08 - Te Gusto.mp3','1','0','mp3','MP2/3 (MPEG audio layer 2/3)','0','237.453061','4984960','167947','51','/media/pi/ZUKE/MUSIC/MMs/MM 21/08 - Te Gusto.mp3');
insert into disposition ("default","dub","original","comment","lyrics","karaoke","forced","hearing_impaired","visual_impaired","clean_effects","attached_pic","timed_thumbnails","filepath") values ('0','0','0','0','0','0','0','0','0','0','0','0','/media/pi/ZUKE/MUSIC/MMs/MM 21/08 - Te Gusto.mp3');
insert into tags ("album","composer","genre","title","artist","disc","track","filepath") values ('Mega Mix 21','Zumba Fitness','Latin','Te Gusto','Zumba Fitness','1/1','08/10','/media/pi/ZUKE/MUSIC/MMs/MM 21/08 - Te Gusto.mp3');
insert into mp3s ("filepath") values ('/media/pi/ZUKE/MUSIC/MMs/MM 21/08 - Te Gusto.mp3');
insert into streams ("index","codec_name","codec_long_name","codec_type","codec_time_base","codec_tag_string","codec_tag","sample_fmt","sample_rate","channels","channel_layout","bits_per_sample","r_frame_rate","avg_frame_rate","time_base","start_pts","start_time","duration_ts","duration","bit_rate","filepath") values ('0','mp3','MP3 (MPEG audio layer 3)','audio','1/44100','[0][0][0][0]','0x0000','fltp','44100','2','stereo','0','0/0','0/0','1/14112000','0','0','2452930560','173.818776','154503','/media/pi/ZUKE/MUSIC/MMs/MM 21/09 - Guasamatakonyuka.mp3');
insert into format ("filename","nb_streams","nb_programs","format_name","format_long_name","start_time","duration","size","bit_rate","probe_score","filepath") values ('/media/pi/ZUKE/MUSIC/MMs/MM 21/09 - Guasamatakonyuka.mp3','1','0','mp3','MP2/3 (MPEG audio layer 2/3)','0','173.818776','3358848','154590','51','/media/pi/ZUKE/MUSIC/MMs/MM 21/09 - Guasamatakonyuka.mp3');
insert into disposition ("default","dub","original","comment","lyrics","karaoke","forced","hearing_impaired","visual_impaired","clean_effects","attached_pic","timed_thumbnails","filepath") values ('0','0','0','0','0','0','0','0','0','0','0','0','/media/pi/ZUKE/MUSIC/MMs/MM 21/09 - Guasamatakonyuka.mp3');
insert into tags ("album","composer","genre","title","artist","disc","track","filepath") values ('Mega Mix 21','Zumba Fitness','Latin','Guasamatakonyuka','Zumba Fitness','1/1','09/10','/media/pi/ZUKE/MUSIC/MMs/MM 21/09 - Guasamatakonyuka.mp3');
insert into mp3s ("filepath") values ('/media/pi/ZUKE/MUSIC/MMs/MM 21/09 - Guasamatakonyuka.mp3');
insert into streams ("index","codec_name","codec_long_name","codec_type","codec_time_base","codec_tag_string","codec_tag","sample_fmt","sample_rate","channels","channel_layout","bits_per_sample","r_frame_rate","avg_frame_rate","time_base","start_pts","start_time","duration_ts","duration","bit_rate","filepath") values ('0','mp3','MP3 (MPEG audio layer 3)','audio','1/44100','[0][0][0][0]','0x0000','fltp','44100','2','stereo','0','0/0','0/0','1/14112000','0','0','3973201920','281.547755','146939','/media/pi/ZUKE/MUSIC/MMs/MM 21/10 - Bailar Pegados.mp3');
insert into format ("filename","nb_streams","nb_programs","format_name","format_long_name","start_time","duration","size","bit_rate","probe_score","filepath") values ('/media/pi/ZUKE/MUSIC/MMs/MM 21/10 - Bailar Pegados.mp3','1','0','mp3','MP2/3 (MPEG audio layer 2/3)','0','281.547755','5173376','146998','51','/media/pi/ZUKE/MUSIC/MMs/MM 21/10 - Bailar Pegados.mp3');
insert into disposition ("default","dub","original","comment","lyrics","karaoke","forced","hearing_impaired","visual_impaired","clean_effects","attached_pic","timed_thumbnails","filepath") values ('0','0','0','0','0','0','0','0','0','0','0','0','/media/pi/ZUKE/MUSIC/MMs/MM 21/10 - Bailar Pegados.mp3');
insert into tags ("album","composer","genre","title","artist","disc","track","filepath") values ('Mega Mix 21','Zumba Fitness','Latin','Bailar Pegados','Zumba Fitness','1/1','10/10','/media/pi/ZUKE/MUSIC/MMs/MM 21/10 - Bailar Pegados.mp3');
insert into mp3s ("filepath") values ('/media/pi/ZUKE/MUSIC/MMs/MM 21/10 - Bailar Pegados.mp3');
insert into streams ("index","codec_name","codec_long_name","codec_type","codec_time_base","codec_tag_string","codec_tag","sample_fmt","sample_rate","channels","channel_layout","bits_per_sample","r_frame_rate","avg_frame_rate","time_base","start_pts","start_time","duration_ts","duration","bit_rate","filepath") values ('0','mp3','MP3 (MPEG audio layer 3)','audio','1/44100','[0][0][0][0]','0x0000','fltp','44100','2','stereo','0','0/0','0/0','1/14112000','0','0','2912256000','206.367347','149411','/media/pi/ZUKE/MUSIC/MMs/MM 22/01 - Evacuate The Dancefloor.mp3');
insert into format ("filename","nb_streams","nb_programs","format_name","format_long_name","start_time","duration","size","bit_rate","probe_score","filepath") values ('/media/pi/ZUKE/MUSIC/MMs/MM 22/01 - Evacuate The Dancefloor.mp3','1','0','mp3','MP2/3 (MPEG audio layer 2/3)','0','206.367347','3856512','149500','51','/media/pi/ZUKE/MUSIC/MMs/MM 22/01 - Evacuate The Dancefloor.mp3');
insert into disposition ("default","dub","original","comment","lyrics","karaoke","forced","hearing_impaired","visual_impaired","clean_effects","attached_pic","timed_thumbnails","filepath") values ('0','0','0','0','0','0','0','0','0','0','0','0','/media/pi/ZUKE/MUSIC/MMs/MM 22/01 - Evacuate The Dancefloor.mp3');
insert into tags ("album","composer","genre","title","artist","disc","track","filepath") values ('Mega Mix 22','Zumba Fitness','Latin','Evacuate The Dancefloor','Zumba Fitness','1/1','01/10','/media/pi/ZUKE/MUSIC/MMs/MM 22/01 - Evacuate The Dancefloor.mp3');
insert into mp3s ("filepath") values ('/media/pi/ZUKE/MUSIC/MMs/MM 22/01 - Evacuate The Dancefloor.mp3');
insert into streams ("index","codec_name","codec_long_name","codec_type","codec_time_base","codec_tag_string","codec_tag","sample_fmt","sample_rate","channels","channel_layout","bits_per_sample","r_frame_rate","avg_frame_rate","time_base","start_pts","start_time","duration_ts","duration","bit_rate","filepath") values ('0','mp3','MP3 (MPEG audio layer 3)','audio','1/44100','[0][0][0][0]','0x0000','fltp','44100','2','stereo','0','0/0','0/0','1/14112000','0','0','3187630080','225.880816','158151','/media/pi/ZUKE/MUSIC/MMs/MM 22/02 - Esta Cache.mp3');
insert into format ("filename","nb_streams","nb_programs","format_name","format_long_name","start_time","duration","size","bit_rate","probe_score","filepath") values ('/media/pi/ZUKE/MUSIC/MMs/MM 22/02 - Esta Cache.mp3','1','0','mp3','MP2/3 (MPEG audio layer 2/3)','0','225.880816','4466816','158200','51','/media/pi/ZUKE/MUSIC/MMs/MM 22/02 - Esta Cache.mp3');
insert into disposition ("default","dub","original","comment","lyrics","karaoke","forced","hearing_impaired","visual_impaired","clean_effects","attached_pic","timed_thumbnails","filepath") values ('0','0','0','0','0','0','0','0','0','0','0','0','/media/pi/ZUKE/MUSIC/MMs/MM 22/02 - Esta Cache.mp3');
insert into tags ("album","composer","genre","title","artist","disc","track","filepath") values ('Mega Mix 22','Zumba Fitness','Latin','Esta Cache','Zumba Fitness','1/1','02/10','/media/pi/ZUKE/MUSIC/MMs/MM 22/02 - Esta Cache.mp3');
insert into mp3s ("filepath") values ('/media/pi/ZUKE/MUSIC/MMs/MM 22/02 - Esta Cache.mp3');
insert into streams ("index","codec_name","codec_long_name","codec_type","codec_time_base","codec_tag_string","codec_tag","sample_fmt","sample_rate","channels","channel_layout","bits_per_sample","r_frame_rate","avg_frame_rate","time_base","start_pts","start_time","duration_ts","duration","bit_rate","filepath") values ('0','mp3','MP3 (MPEG audio layer 3)','audio','1/44100','[0][0][0][0]','0x0000','fltp','44100','2','stereo','0','0/0','0/0','1/14112000','0','0','4107755520','291.082449','158931','/media/pi/ZUKE/MUSIC/MMs/MM 22/03 - Maria Teresa Y Danilo.mp3');
insert into format ("filename","nb_streams","nb_programs","format_name","format_long_name","start_time","duration","size","bit_rate","probe_score","filepath") values ('/media/pi/ZUKE/MUSIC/MMs/MM 22/03 - Maria Teresa Y Danilo.mp3','1','0','mp3','MP2/3 (MPEG audio layer 2/3)','0','291.082449','5783680','158956','51','/media/pi/ZUKE/MUSIC/MMs/MM 22/03 - Maria Teresa Y Danilo.mp3');
insert into disposition ("default","dub","original","comment","lyrics","karaoke","forced","hearing_impaired","visual_impaired","clean_effects","attached_pic","timed_thumbnails","filepath") values ('0','0','0','0','0','0','0','0','0','0','0','0','/media/pi/ZUKE/MUSIC/MMs/MM 22/03 - Maria Teresa Y Danilo.mp3');
insert into tags ("album","composer","genre","title","artist","disc","track","filepath") values ('Mega Mix 22','Zumba Fitness','Latin','Maria Teresa Y Danilo','Zumba Fitness','1/1','03/10','/media/pi/ZUKE/MUSIC/MMs/MM 22/03 - Maria Teresa Y Danilo.mp3');
insert into mp3s ("filepath") values ('/media/pi/ZUKE/MUSIC/MMs/MM 22/03 - Maria Teresa Y Danilo.mp3');
insert into streams ("index","codec_name","codec_long_name","codec_type","codec_time_base","codec_tag_string","codec_tag","sample_fmt","sample_rate","channels","channel_layout","bits_per_sample","r_frame_rate","avg_frame_rate","time_base","start_pts","start_time","duration_ts","duration","bit_rate","filepath") values ('0','mp3','MP3 (MPEG audio layer 3)','audio','1/44100','[0][0][0][0]','0x0000','fltp','44100','2','stereo','0','0/0','0/0','1/14112000','0','0','3077406720','218.070204','156516','/media/pi/ZUKE/MUSIC/MMs/MM 22/04 - Ari Ari (Part 2).mp3');
insert into format ("filename","nb_streams","nb_programs","format_name","format_long_name","start_time","duration","size","bit_rate","probe_score","filepath") values ('/media/pi/ZUKE/MUSIC/MMs/MM 22/04 - Ari Ari (Part 2).mp3','1','0','mp3','MP2/3 (MPEG audio layer 2/3)','0','218.070204','4268160','156579','51','/media/pi/ZUKE/MUSIC/MMs/MM 22/04 - Ari Ari (Part 2).mp3');
insert into disposition ("default","dub","original","comment","lyrics","karaoke","forced","hearing_impaired","visual_impaired","clean_effects","attached_pic","timed_thumbnails","filepath") values ('0','0','0','0','0','0','0','0','0','0','0','0','/media/pi/ZUKE/MUSIC/MMs/MM 22/04 - Ari Ari (Part 2).mp3');
insert into tags ("album","composer","genre","title","artist","disc","track","filepath") values ('Mega Mix 22','Zumba Fitness','Latin','Ari Ari (Part 2)','Zumba Fitness','1/1','04/10','/media/pi/ZUKE/MUSIC/MMs/MM 22/04 - Ari Ari (Part 2).mp3');
insert into mp3s ("filepath") values ('/media/pi/ZUKE/MUSIC/MMs/MM 22/04 - Ari Ari (Part 2).mp3');
insert into streams ("index","codec_name","codec_long_name","codec_type","codec_time_base","codec_tag_string","codec_tag","sample_fmt","sample_rate","channels","channel_layout","bits_per_sample","r_frame_rate","avg_frame_rate","time_base","start_pts","start_time","duration_ts","duration","bit_rate","filepath") values ('0','mp3','MP3 (MPEG audio layer 3)','audio','1/44100','[0][0][0][0]','0x0000','fltp','44100','2','stereo','0','0/0','0/0','1/14112000','0','0','4092641280','290.011429','152629','/media/pi/ZUKE/MUSIC/MMs/MM 22/05 - Amarte Es Un Problema.mp3');
insert into format ("filename","nb_streams","nb_programs","format_name","format_long_name","start_time","duration","size","bit_rate","probe_score","filepath") values ('/media/pi/ZUKE/MUSIC/MMs/MM 22/05 - Amarte Es Un Problema.mp3','1','0','mp3','MP2/3 (MPEG audio layer 2/3)','0','290.011429','5533824','152651','51','/media/pi/ZUKE/MUSIC/MMs/MM 22/05 - Amarte Es Un Problema.mp3');
insert into disposition ("default","dub","original","comment","lyrics","karaoke","forced","hearing_impaired","visual_impaired","clean_effects","attached_pic","timed_thumbnails","filepath") values ('0','0','0','0','0','0','0','0','0','0','0','0','/media/pi/ZUKE/MUSIC/MMs/MM 22/05 - Amarte Es Un Problema.mp3');
insert into tags ("album","composer","genre","title","artist","disc","track","filepath") values ('Mega Mix 22','Zumba Fitness','Latin','Amarte Es Un Problema','Zumba Fitness','1/1','05/10','/media/pi/ZUKE/MUSIC/MMs/MM 22/05 - Amarte Es Un Problema.mp3');
insert into mp3s ("filepath") values ('/media/pi/ZUKE/MUSIC/MMs/MM 22/05 - Amarte Es Un Problema.mp3');
insert into streams ("index","codec_name","codec_long_name","codec_type","codec_time_base","codec_tag_string","codec_tag","sample_fmt","sample_rate","channels","channel_layout","bits_per_sample","r_frame_rate","avg_frame_rate","time_base","start_pts","start_time","duration_ts","duration","bit_rate","filepath") values ('0','mp3','MP3 (MPEG audio layer 3)','audio','1/44100','[0][0][0][0]','0x0000','fltp','44100','2','stereo','0','0/0','0/0','1/14112000','0','0','3584655360','254.014694','148686','/media/pi/ZUKE/MUSIC/MMs/MM 22/06 - Banana.mp3');
insert into format ("filename","nb_streams","nb_programs","format_name","format_long_name","start_time","duration","size","bit_rate","probe_score","filepath") values ('/media/pi/ZUKE/MUSIC/MMs/MM 22/06 - Banana.mp3','1','0','mp3','MP2/3 (MPEG audio layer 2/3)','0','254.014694','4722816','148741','51','/media/pi/ZUKE/MUSIC/MMs/MM 22/06 - Banana.mp3');
insert into disposition ("default","dub","original","comment","lyrics","karaoke","forced","hearing_impaired","visual_impaired","clean_effects","attached_pic","timed_thumbnails","filepath") values ('0','0','0','0','0','0','0','0','0','0','0','0','/media/pi/ZUKE/MUSIC/MMs/MM 22/06 - Banana.mp3');
insert into tags ("album","composer","genre","title","artist","disc","track","filepath") values ('Mega Mix 22','Zumba Fitness','Latin','Banana','Zumba Fitness','1/1','06/10','/media/pi/ZUKE/MUSIC/MMs/MM 22/06 - Banana.mp3');
insert into mp3s ("filepath") values ('/media/pi/ZUKE/MUSIC/MMs/MM 22/06 - Banana.mp3');
insert into streams ("index","codec_name","codec_long_name","codec_type","codec_time_base","codec_tag_string","codec_tag","sample_fmt","sample_rate","channels","channel_layout","bits_per_sample","r_frame_rate","avg_frame_rate","time_base","start_pts","start_time","duration_ts","duration","bit_rate","filepath") values ('0','mp3','MP3 (MPEG audio layer 3)','audio','1/44100','[0][0][0][0]','0x0000','fltp','44100','2','stereo','0','0/0','0/0','1/14112000','0','0','3543736320','251.115102','162028','/media/pi/ZUKE/MUSIC/MMs/MM 22/07 - Maria.mp3');
insert into format ("filename","nb_streams","nb_programs","format_name","format_long_name","start_time","duration","size","bit_rate","probe_score","filepath") values ('/media/pi/ZUKE/MUSIC/MMs/MM 22/07 - Maria.mp3','1','0','mp3','MP2/3 (MPEG audio layer 2/3)','0','251.115102','5087360','162072','51','/media/pi/ZUKE/MUSIC/MMs/MM 22/07 - Maria.mp3');
insert into disposition ("default","dub","original","comment","lyrics","karaoke","forced","hearing_impaired","visual_impaired","clean_effects","attached_pic","timed_thumbnails","filepath") values ('0','0','0','0','0','0','0','0','0','0','0','0','/media/pi/ZUKE/MUSIC/MMs/MM 22/07 - Maria.mp3');
insert into tags ("album","composer","genre","title","artist","disc","track","filepath") values ('Mega Mix 22','Zumba Fitness','Latin','Maria','Zumba Fitness','1/1','07/10','/media/pi/ZUKE/MUSIC/MMs/MM 22/07 - Maria.mp3');
insert into mp3s ("filepath") values ('/media/pi/ZUKE/MUSIC/MMs/MM 22/07 - Maria.mp3');
insert into streams ("index","codec_name","codec_long_name","codec_type","codec_time_base","codec_tag_string","codec_tag","sample_fmt","sample_rate","channels","channel_layout","bits_per_sample","r_frame_rate","avg_frame_rate","time_base","start_pts","start_time","duration_ts","duration","bit_rate","filepath") values ('0','mp3','MP3 (MPEG audio layer 3)','audio','1/44100','[0][0][0][0]','0x0000','fltp','44100','2','stereo','0','0/0','0/0','1/14112000','0','0','3133808640','222.066939','173208','/media/pi/ZUKE/MUSIC/MMs/MM 22/08 - Sabes a Chocolate.mp3');
insert into format ("filename","nb_streams","nb_programs","format_name","format_long_name","start_time","duration","size","bit_rate","probe_score","filepath") values ('/media/pi/ZUKE/MUSIC/MMs/MM 22/08 - Sabes a Chocolate.mp3','1','0','mp3','MP2/3 (MPEG audio layer 2/3)','0','222.066939','4808832','173239','51','/media/pi/ZUKE/MUSIC/MMs/MM 22/08 - Sabes a Chocolate.mp3');
insert into disposition ("default","dub","original","comment","lyrics","karaoke","forced","hearing_impaired","visual_impaired","clean_effects","attached_pic","timed_thumbnails","filepath") values ('0','0','0','0','0','0','0','0','0','0','0','0','/media/pi/ZUKE/MUSIC/MMs/MM 22/08 - Sabes a Chocolate.mp3');
insert into tags ("album","composer","genre","title","artist","disc","track","filepath") values ('Mega Mix 22','Zumba Fitness','Latin','Sabes a Chocolate','Zumba Fitness','1/1','08/10','/media/pi/ZUKE/MUSIC/MMs/MM 22/08 - Sabes a Chocolate.mp3');
insert into mp3s ("filepath") values ('/media/pi/ZUKE/MUSIC/MMs/MM 22/08 - Sabes a Chocolate.mp3');
insert into streams ("index","codec_name","codec_long_name","codec_type","codec_time_base","codec_tag_string","codec_tag","sample_fmt","sample_rate","channels","channel_layout","bits_per_sample","r_frame_rate","avg_frame_rate","time_base","start_pts","start_time","duration_ts","duration","bit_rate","filepath") values ('0','mp3','MP3 (MPEG audio layer 3)','audio','1/44100','[0][0][0][0]','0x0000','fltp','44100','2','stereo','0','0/0','0/0','1/14112000','0','0','3245875200','230.008163','164566','/media/pi/ZUKE/MUSIC/MMs/MM 22/09 - Prrrum.mp3');
insert into format ("filename","nb_streams","nb_programs","format_name","format_long_name","start_time","duration","size","bit_rate","probe_score","filepath") values ('/media/pi/ZUKE/MUSIC/MMs/MM 22/09 - Prrrum.mp3','1','0','mp3','MP2/3 (MPEG audio layer 2/3)','0','230.008163','4733056','164622','51','/media/pi/ZUKE/MUSIC/MMs/MM 22/09 - Prrrum.mp3');
insert into disposition ("default","dub","original","comment","lyrics","karaoke","forced","hearing_impaired","visual_impaired","clean_effects","attached_pic","timed_thumbnails","filepath") values ('0','0','0','0','0','0','0','0','0','0','0','0','/media/pi/ZUKE/MUSIC/MMs/MM 22/09 - Prrrum.mp3');
insert into tags ("album","composer","genre","title","artist","disc","track","filepath") values ('Mega Mix 22','Zumba Fitness','Latin','Prrrum','Zumba Fitness','1/1','09/10','/media/pi/ZUKE/MUSIC/MMs/MM 22/09 - Prrrum.mp3');
insert into mp3s ("filepath") values ('/media/pi/ZUKE/MUSIC/MMs/MM 22/09 - Prrrum.mp3');
insert into streams ("index","codec_name","codec_long_name","codec_type","codec_time_base","codec_tag_string","codec_tag","sample_fmt","sample_rate","channels","channel_layout","bits_per_sample","r_frame_rate","avg_frame_rate","time_base","start_pts","start_time","duration_ts","duration","bit_rate","filepath") values ('0','mp3','MP3 (MPEG audio layer 3)','audio','1/44100','[0][0][0][0]','0x0000','fltp','44100','2','stereo','0','0/0','0/0','1/14112000','0','0','3205693440','227.160816','165013','/media/pi/ZUKE/MUSIC/MMs/MM 22/10 - Cuando Pasara.mp3');
insert into format ("filename","nb_streams","nb_programs","format_name","format_long_name","start_time","duration","size","bit_rate","probe_score","filepath") values ('/media/pi/ZUKE/MUSIC/MMs/MM 22/10 - Cuando Pasara.mp3','1','0','mp3','MP2/3 (MPEG audio layer 2/3)','0','227.160816','4685952','165026','51','/media/pi/ZUKE/MUSIC/MMs/MM 22/10 - Cuando Pasara.mp3');
insert into disposition ("default","dub","original","comment","lyrics","karaoke","forced","hearing_impaired","visual_impaired","clean_effects","attached_pic","timed_thumbnails","filepath") values ('0','0','0','0','0','0','0','0','0','0','0','0','/media/pi/ZUKE/MUSIC/MMs/MM 22/10 - Cuando Pasara.mp3');
insert into tags ("album","composer","genre","title","artist","disc","track","filepath") values ('Mega Mix 22','Zumba Fitness','Latin','Cuando Pasara','Zumba Fitness','1/1','10/10','/media/pi/ZUKE/MUSIC/MMs/MM 22/10 - Cuando Pasara.mp3');
insert into mp3s ("filepath") values ('/media/pi/ZUKE/MUSIC/MMs/MM 22/10 - Cuando Pasara.mp3');
insert into streams ("index","codec_name","codec_long_name","codec_type","codec_time_base","codec_tag_string","codec_tag","sample_fmt","sample_rate","channels","channel_layout","bits_per_sample","r_frame_rate","avg_frame_rate","time_base","start_pts","start_time","duration_ts","duration","bit_rate","filepath") values ('0','mp3','MP3 (MPEG audio layer 3)','audio','1/44100','[0][0][0][0]','0x0000','fltp','44100','2','stereo','0','0/0','0/0','1/14112000','0','0','3183943680','225.619592','156651','/media/pi/ZUKE/MUSIC/MMs/MM 23/01 - La Langosta - Merengue.mp3');
insert into format ("filename","nb_streams","nb_programs","format_name","format_long_name","start_time","duration","size","bit_rate","probe_score","filepath") values ('/media/pi/ZUKE/MUSIC/MMs/MM 23/01 - La Langosta - Merengue.mp3','1','0','mp3','MP2/3 (MPEG audio layer 2/3)','0','225.619592','4419712','156713','51','/media/pi/ZUKE/MUSIC/MMs/MM 23/01 - La Langosta - Merengue.mp3');
insert into disposition ("default","dub","original","comment","lyrics","karaoke","forced","hearing_impaired","visual_impaired","clean_effects","attached_pic","timed_thumbnails","filepath") values ('0','0','0','0','0','0','0','0','0','0','0','0','/media/pi/ZUKE/MUSIC/MMs/MM 23/01 - La Langosta - Merengue.mp3');
insert into tags ("album","composer","genre","title","artist","disc","track","filepath") values ('Mega Mix 23','Zumba Fitness','Merengue','La Langosta','Zumba Fitness','1/1','01/10','/media/pi/ZUKE/MUSIC/MMs/MM 23/01 - La Langosta - Merengue.mp3');
insert into mp3s ("filepath") values ('/media/pi/ZUKE/MUSIC/MMs/MM 23/01 - La Langosta - Merengue.mp3');
insert into streams ("index","codec_name","codec_long_name","codec_type","codec_time_base","codec_tag_string","codec_tag","sample_fmt","sample_rate","channels","channel_layout","bits_per_sample","r_frame_rate","avg_frame_rate","time_base","start_pts","start_time","duration_ts","duration","bit_rate","filepath") values ('0','mp3','MP3 (MPEG audio layer 3)','audio','1/44100','[0][0][0][0]','0x0000','fltp','44100','2','stereo','0','0/0','0/0','1/14112000','0','0','3322552320','235.441633','158876','/media/pi/ZUKE/MUSIC/MMs/MM 23/02 - La Mazucamba - Salsa - Calypso.mp3');
insert into format ("filename","nb_streams","nb_programs","format_name","format_long_name","start_time","duration","size","bit_rate","probe_score","filepath") values ('/media/pi/ZUKE/MUSIC/MMs/MM 23/02 - La Mazucamba - Salsa - Calypso.mp3','1','0','mp3','MP2/3 (MPEG audio layer 2/3)','0','235.441633','4677760','158944','51','/media/pi/ZUKE/MUSIC/MMs/MM 23/02 - La Mazucamba - Salsa - Calypso.mp3');
insert into disposition ("default","dub","original","comment","lyrics","karaoke","forced","hearing_impaired","visual_impaired","clean_effects","attached_pic","timed_thumbnails","filepath") values ('0','0','0','0','0','0','0','0','0','0','0','0','/media/pi/ZUKE/MUSIC/MMs/MM 23/02 - La Mazucamba - Salsa - Calypso.mp3');
insert into tags ("album","composer","genre","title","artist","disc","track","filepath") values ('Mega Mix 23','Zumba Fitness','Salsa,Calypso','La Mazucamba','Zumba Fitness','1/1','02/10','/media/pi/ZUKE/MUSIC/MMs/MM 23/02 - La Mazucamba - Salsa - Calypso.mp3');
insert into mp3s ("filepath") values ('/media/pi/ZUKE/MUSIC/MMs/MM 23/02 - La Mazucamba - Salsa - Calypso.mp3');
insert into streams ("index","codec_name","codec_long_name","codec_type","codec_time_base","codec_tag_string","codec_tag","sample_fmt","sample_rate","channels","channel_layout","bits_per_sample","r_frame_rate","avg_frame_rate","time_base","start_pts","start_time","duration_ts","duration","bit_rate","filepath") values ('0','mp3','MP3 (MPEG audio layer 3)','audio','1/44100','[0][0][0][0]','0x0000','fltp','44100','2','stereo','0','0/0','0/0','1/14112000','0','0','2938429440','208.222041','168711','/media/pi/ZUKE/MUSIC/MMs/MM 23/03 - Ay Papacito - Cumbia.mp3');
insert into format ("filename","nb_streams","nb_programs","format_name","format_long_name","start_time","duration","size","bit_rate","probe_score","filepath") values ('/media/pi/ZUKE/MUSIC/MMs/MM 23/03 - Ay Papacito - Cumbia.mp3','1','0','mp3','MP2/3 (MPEG audio layer 2/3)','0','208.222041','4393088','168784','51','/media/pi/ZUKE/MUSIC/MMs/MM 23/03 - Ay Papacito - Cumbia.mp3');
insert into disposition ("default","dub","original","comment","lyrics","karaoke","forced","hearing_impaired","visual_impaired","clean_effects","attached_pic","timed_thumbnails","filepath") values ('0','0','0','0','0','0','0','0','0','0','0','0','/media/pi/ZUKE/MUSIC/MMs/MM 23/03 - Ay Papacito - Cumbia.mp3');
insert into tags ("album","composer","genre","title","artist","disc","track","filepath") values ('Mega Mix 23','Zumba Fitness','Cumbia','Ay Papacito','Zumba Fitness','1/1','03/10','/media/pi/ZUKE/MUSIC/MMs/MM 23/03 - Ay Papacito - Cumbia.mp3');
insert into mp3s ("filepath") values ('/media/pi/ZUKE/MUSIC/MMs/MM 23/03 - Ay Papacito - Cumbia.mp3');
insert into streams ("index","codec_name","codec_long_name","codec_type","codec_time_base","codec_tag_string","codec_tag","sample_fmt","sample_rate","channels","channel_layout","bits_per_sample","r_frame_rate","avg_frame_rate","time_base","start_pts","start_time","duration_ts","duration","bit_rate","filepath") values ('0','mp3','MP3 (MPEG audio layer 3)','audio','1/44100','[0][0][0][0]','0x0000','fltp','44100','2','stereo','0','0/0','0/0','1/14112000','0','0','3635159040','257.593469','162843','/media/pi/ZUKE/MUSIC/MMs/MM 23/04 - El Hacha - Tambores Venezolanos.mp3');
insert into format ("filename","nb_streams","nb_programs","format_name","format_long_name","start_time","duration","size","bit_rate","probe_score","filepath") values ('/media/pi/ZUKE/MUSIC/MMs/MM 23/04 - El Hacha - Tambores Venezolanos.mp3','1','0','mp3','MP2/3 (MPEG audio layer 2/3)','0','257.593469','5245056','162894','51','/media/pi/ZUKE/MUSIC/MMs/MM 23/04 - El Hacha - Tambores Venezolanos.mp3');
insert into disposition ("default","dub","original","comment","lyrics","karaoke","forced","hearing_impaired","visual_impaired","clean_effects","attached_pic","timed_thumbnails","filepath") values ('0','0','0','0','0','0','0','0','0','0','0','0','/media/pi/ZUKE/MUSIC/MMs/MM 23/04 - El Hacha - Tambores Venezolanos.mp3');
insert into tags ("album","composer","genre","title","artist","disc","track","filepath") values ('Mega Mix 23','Zumba Fitness','Tambores Venezolanos','El Hacha','Zumba Fitness','1/1','04/10','/media/pi/ZUKE/MUSIC/MMs/MM 23/04 - El Hacha - Tambores Venezolanos.mp3');
insert into mp3s ("filepath") values ('/media/pi/ZUKE/MUSIC/MMs/MM 23/04 - El Hacha - Tambores Venezolanos.mp3');
insert into streams ("index","codec_name","codec_long_name","codec_type","codec_time_base","codec_tag_string","codec_tag","sample_fmt","sample_rate","channels","channel_layout","bits_per_sample","r_frame_rate","avg_frame_rate","time_base","start_pts","start_time","duration_ts","duration","bit_rate","filepath") values ('0','mp3','MP3 (MPEG audio layer 3)','audio','1/44100','[0][0][0][0]','0x0000','fltp','44100','2','stereo','0','0/0','0/0','1/14112000','0','0','2980454400','211.200000','160592','/media/pi/ZUKE/MUSIC/MMs/MM 23/05 - Ali Baba - Axe - Belly Dance.mp3');
insert into format ("filename","nb_streams","nb_programs","format_name","format_long_name","start_time","duration","size","bit_rate","probe_score","filepath") values ('/media/pi/ZUKE/MUSIC/MMs/MM 23/05 - Ali Baba - Axe - Belly Dance.mp3','1','0','mp3','MP2/3 (MPEG audio layer 2/3)','0','211.200000','4241536','160664','51','/media/pi/ZUKE/MUSIC/MMs/MM 23/05 - Ali Baba - Axe - Belly Dance.mp3');
insert into disposition ("default","dub","original","comment","lyrics","karaoke","forced","hearing_impaired","visual_impaired","clean_effects","attached_pic","timed_thumbnails","filepath") values ('0','0','0','0','0','0','0','0','0','0','0','0','/media/pi/ZUKE/MUSIC/MMs/MM 23/05 - Ali Baba - Axe - Belly Dance.mp3');
insert into tags ("album","composer","genre","title","artist","disc","track","filepath") values ('Mega Mix 23','Zumba Fitness','Axe,Belly Dance','Ali Baba','Zumba Fitness','1/1','05/10','/media/pi/ZUKE/MUSIC/MMs/MM 23/05 - Ali Baba - Axe - Belly Dance.mp3');
insert into mp3s ("filepath") values ('/media/pi/ZUKE/MUSIC/MMs/MM 23/05 - Ali Baba - Axe - Belly Dance.mp3');
insert into streams ("index","codec_name","codec_long_name","codec_type","codec_time_base","codec_tag_string","codec_tag","sample_fmt","sample_rate","channels","channel_layout","bits_per_sample","r_frame_rate","avg_frame_rate","time_base","start_pts","start_time","duration_ts","duration","bit_rate","filepath") values ('0','mp3','MP3 (MPEG audio layer 3)','audio','1/44100','[0][0][0][0]','0x0000','fltp','44100','2','stereo','0','0/0','0/0','1/14112000','0','0','3260989440','231.079184','154035','/media/pi/ZUKE/MUSIC/MMs/MM 23/06 - Zoot Suit Roit - Swing.mp3');
insert into format ("filename","nb_streams","nb_programs","format_name","format_long_name","start_time","duration","size","bit_rate","probe_score","filepath") values ('/media/pi/ZUKE/MUSIC/MMs/MM 23/06 - Zoot Suit Roit - Swing.mp3','1','0','mp3','MP2/3 (MPEG audio layer 2/3)','0','231.079184','4450432','154074','51','/media/pi/ZUKE/MUSIC/MMs/MM 23/06 - Zoot Suit Roit - Swing.mp3');
insert into disposition ("default","dub","original","comment","lyrics","karaoke","forced","hearing_impaired","visual_impaired","clean_effects","attached_pic","timed_thumbnails","filepath") values ('0','0','0','0','0','0','0','0','0','0','0','0','/media/pi/ZUKE/MUSIC/MMs/MM 23/06 - Zoot Suit Roit - Swing.mp3');
insert into tags ("album","composer","genre","title","artist","disc","track","filepath") values ('Mega Mix 23','Zumba Fitness','Swing','Zoot Suit Roit','Zumba Fitness','1/1','06/10','/media/pi/ZUKE/MUSIC/MMs/MM 23/06 - Zoot Suit Roit - Swing.mp3');
insert into mp3s ("filepath") values ('/media/pi/ZUKE/MUSIC/MMs/MM 23/06 - Zoot Suit Roit - Swing.mp3');
insert into streams ("index","codec_name","codec_long_name","codec_type","codec_time_base","codec_tag_string","codec_tag","sample_fmt","sample_rate","channels","channel_layout","bits_per_sample","r_frame_rate","avg_frame_rate","time_base","start_pts","start_time","duration_ts","duration","bit_rate","filepath") values ('0','mp3','MP3 (MPEG audio layer 3)','audio','1/44100','[0][0][0][0]','0x0000','fltp','44100','2','stereo','0','0/0','0/0','1/14112000','0','0','3304120320','234.135510','155680','/media/pi/ZUKE/MUSIC/MMs/MM 23/07 - La Fiesta de Pilito - Salsa.mp3');
insert into format ("filename","nb_streams","nb_programs","format_name","format_long_name","start_time","duration","size","bit_rate","probe_score","filepath") values ('/media/pi/ZUKE/MUSIC/MMs/MM 23/07 - La Fiesta de Pilito - Salsa.mp3','1','0','mp3','MP2/3 (MPEG audio layer 2/3)','0','234.135510','4556928','155702','51','/media/pi/ZUKE/MUSIC/MMs/MM 23/07 - La Fiesta de Pilito - Salsa.mp3');
insert into disposition ("default","dub","original","comment","lyrics","karaoke","forced","hearing_impaired","visual_impaired","clean_effects","attached_pic","timed_thumbnails","filepath") values ('0','0','0','0','0','0','0','0','0','0','0','0','/media/pi/ZUKE/MUSIC/MMs/MM 23/07 - La Fiesta de Pilito - Salsa.mp3');
insert into tags ("album","composer","genre","title","artist","disc","track","filepath") values ('Mega Mix 23','Zumba Fitness','Salsa','La Fiesta de Pilito','Zumba Fitness','1/1','07/10','/media/pi/ZUKE/MUSIC/MMs/MM 23/07 - La Fiesta de Pilito - Salsa.mp3');
insert into mp3s ("filepath") values ('/media/pi/ZUKE/MUSIC/MMs/MM 23/07 - La Fiesta de Pilito - Salsa.mp3');
insert into streams ("index","codec_name","codec_long_name","codec_type","codec_time_base","codec_tag_string","codec_tag","sample_fmt","sample_rate","channels","channel_layout","bits_per_sample","r_frame_rate","avg_frame_rate","time_base","start_pts","start_time","duration_ts","duration","bit_rate","filepath") values ('0','mp3','MP3 (MPEG audio layer 3)','audio','1/44100','[0][0][0][0]','0x0000','fltp','44100','2','stereo','0','0/0','0/0','1/14112000','0','0','3306332160','234.292245','162297','/media/pi/ZUKE/MUSIC/MMs/MM 23/08 - Mira Que Linda Es - Reggaeton.mp3');
insert into format ("filename","nb_streams","nb_programs","format_name","format_long_name","start_time","duration","size","bit_rate","probe_score","filepath") values ('/media/pi/ZUKE/MUSIC/MMs/MM 23/08 - Mira Que Linda Es - Reggaeton.mp3','1','0','mp3','MP2/3 (MPEG audio layer 2/3)','0','234.292245','4753536','162311','51','/media/pi/ZUKE/MUSIC/MMs/MM 23/08 - Mira Que Linda Es - Reggaeton.mp3');
insert into disposition ("default","dub","original","comment","lyrics","karaoke","forced","hearing_impaired","visual_impaired","clean_effects","attached_pic","timed_thumbnails","filepath") values ('0','0','0','0','0','0','0','0','0','0','0','0','/media/pi/ZUKE/MUSIC/MMs/MM 23/08 - Mira Que Linda Es - Reggaeton.mp3');
insert into tags ("album","composer","genre","title","artist","disc","track","filepath") values ('Mega Mix 23','Zumba Fitness','Reggaeton','Mira Que Linda Es','Zumba Fitness','1/1','08/10','/media/pi/ZUKE/MUSIC/MMs/MM 23/08 - Mira Que Linda Es - Reggaeton.mp3');
insert into mp3s ("filepath") values ('/media/pi/ZUKE/MUSIC/MMs/MM 23/08 - Mira Que Linda Es - Reggaeton.mp3');
insert into streams ("index","codec_name","codec_long_name","codec_type","codec_time_base","codec_tag_string","codec_tag","sample_fmt","sample_rate","channels","channel_layout","bits_per_sample","r_frame_rate","avg_frame_rate","time_base","start_pts","start_time","duration_ts","duration","bit_rate","filepath") values ('0','mp3','MP3 (MPEG audio layer 3)','audio','1/44100','[0][0][0][0]','0x0000','fltp','44100','2','stereo','0','0/0','0/0','1/14112000','0','0','2274140160','161.149388','162540','/media/pi/ZUKE/MUSIC/MMs/MM 23/09 - Bateu Levou - Samba - Axe.mp3');
insert into format ("filename","nb_streams","nb_programs","format_name","format_long_name","start_time","duration","size","bit_rate","probe_score","filepath") values ('/media/pi/ZUKE/MUSIC/MMs/MM 23/09 - Bateu Levou - Samba - Axe.mp3','1','0','mp3','MP2/3 (MPEG audio layer 2/3)','0','161.149388','3274880','162576','51','/media/pi/ZUKE/MUSIC/MMs/MM 23/09 - Bateu Levou - Samba - Axe.mp3');
insert into disposition ("default","dub","original","comment","lyrics","karaoke","forced","hearing_impaired","visual_impaired","clean_effects","attached_pic","timed_thumbnails","filepath") values ('0','0','0','0','0','0','0','0','0','0','0','0','/media/pi/ZUKE/MUSIC/MMs/MM 23/09 - Bateu Levou - Samba - Axe.mp3');
insert into tags ("album","composer","genre","title","artist","disc","track","filepath") values ('Mega Mix 23','Zumba Fitness','Samba,Axe','Bateu Levou','Zumba Fitness','1/1','09/10','/media/pi/ZUKE/MUSIC/MMs/MM 23/09 - Bateu Levou - Samba - Axe.mp3');
insert into mp3s ("filepath") values ('/media/pi/ZUKE/MUSIC/MMs/MM 23/09 - Bateu Levou - Samba - Axe.mp3');
insert into streams ("index","codec_name","codec_long_name","codec_type","codec_time_base","codec_tag_string","codec_tag","sample_fmt","sample_rate","channels","channel_layout","bits_per_sample","r_frame_rate","avg_frame_rate","time_base","start_pts","start_time","duration_ts","duration","bit_rate","filepath") values ('0','mp3','MP3 (MPEG audio layer 3)','audio','1/44100','[0][0][0][0]','0x0000','fltp','44100','2','stereo','0','0/0','0/0','1/14112000','0','0','2999255040','212.532245','148980','/media/pi/ZUKE/MUSIC/MMs/MM 23/10 - Luna Nueva - Cumbia.mp3');
insert into format ("filename","nb_streams","nb_programs","format_name","format_long_name","start_time","duration","size","bit_rate","probe_score","filepath") values ('/media/pi/ZUKE/MUSIC/MMs/MM 23/10 - Luna Nueva - Cumbia.mp3','1','0','mp3','MP2/3 (MPEG audio layer 2/3)','0','212.532245','3958912','149018','51','/media/pi/ZUKE/MUSIC/MMs/MM 23/10 - Luna Nueva - Cumbia.mp3');
insert into disposition ("default","dub","original","comment","lyrics","karaoke","forced","hearing_impaired","visual_impaired","clean_effects","attached_pic","timed_thumbnails","filepath") values ('0','0','0','0','0','0','0','0','0','0','0','0','/media/pi/ZUKE/MUSIC/MMs/MM 23/10 - Luna Nueva - Cumbia.mp3');
insert into tags ("album","composer","genre","title","artist","disc","track","filepath") values ('Mega Mix 23','Zumba Fitness','Cumbia','Luna Nueva','Zumba Fitness','1/1','10/10','/media/pi/ZUKE/MUSIC/MMs/MM 23/10 - Luna Nueva - Cumbia.mp3');
insert into mp3s ("filepath") values ('/media/pi/ZUKE/MUSIC/MMs/MM 23/10 - Luna Nueva - Cumbia.mp3');
insert into streams ("index","codec_name","codec_long_name","codec_type","codec_time_base","codec_tag_string","codec_tag","sample_fmt","sample_rate","channels","channel_layout","bits_per_sample","r_frame_rate","avg_frame_rate","time_base","start_pts","start_time","duration_ts","duration","bit_rate","filepath") values ('0','mp3','MP3 (MPEG audio layer 3)','audio','1/44100','[0][0][0][0]','0x0000','fltp','44100','2','stereo','0','0/0','0/0','1/14112000','0','0','3331031040','236.042449','155669','/media/pi/ZUKE/MUSIC/MMs/MM 24/01 - Samba De Janeiro (Club Mix) - Samba.mp3');
insert into format ("filename","nb_streams","nb_programs","format_name","format_long_name","start_time","duration","size","bit_rate","probe_score","filepath") values ('/media/pi/ZUKE/MUSIC/MMs/MM 24/01 - Samba De Janeiro (Club Mix) - Samba.mp3','1','0','mp3','MP2/3 (MPEG audio layer 2/3)','0','236.042449','4593792','155693','51','/media/pi/ZUKE/MUSIC/MMs/MM 24/01 - Samba De Janeiro (Club Mix) - Samba.mp3');
insert into disposition ("default","dub","original","comment","lyrics","karaoke","forced","hearing_impaired","visual_impaired","clean_effects","attached_pic","timed_thumbnails","filepath") values ('0','0','0','0','0','0','0','0','0','0','0','0','/media/pi/ZUKE/MUSIC/MMs/MM 24/01 - Samba De Janeiro (Club Mix) - Samba.mp3');
insert into tags ("album","composer","genre","title","artist","disc","track","filepath") values ('Mega Mix 24','Zumba Fitness','Samba','Samba De Janeiro (Club Mix)','Zumba Fitness','1/1','01/10','/media/pi/ZUKE/MUSIC/MMs/MM 24/01 - Samba De Janeiro (Club Mix) - Samba.mp3');
insert into mp3s ("filepath") values ('/media/pi/ZUKE/MUSIC/MMs/MM 24/01 - Samba De Janeiro (Club Mix) - Samba.mp3');
insert into streams ("index","codec_name","codec_long_name","codec_type","codec_time_base","codec_tag_string","codec_tag","sample_fmt","sample_rate","channels","channel_layout","bits_per_sample","r_frame_rate","avg_frame_rate","time_base","start_pts","start_time","duration_ts","duration","bit_rate","filepath") values ('0','mp3','MP3 (MPEG audio layer 3)','audio','1/44100','[0][0][0][0]','0x0000','fltp','44100','2','stereo','0','0/0','0/0','1/14112000','0','0','2562048000','181.551020','161114','/media/pi/ZUKE/MUSIC/MMs/MM 24/02 - Chicharron - Merengue.mp3');
insert into format ("filename","nb_streams","nb_programs","format_name","format_long_name","start_time","duration","size","bit_rate","probe_score","filepath") values ('/media/pi/ZUKE/MUSIC/MMs/MM 24/02 - Chicharron - Merengue.mp3','1','0','mp3','MP2/3 (MPEG audio layer 2/3)','0','181.551020','3657856','161182','51','/media/pi/ZUKE/MUSIC/MMs/MM 24/02 - Chicharron - Merengue.mp3');
insert into disposition ("default","dub","original","comment","lyrics","karaoke","forced","hearing_impaired","visual_impaired","clean_effects","attached_pic","timed_thumbnails","filepath") values ('0','0','0','0','0','0','0','0','0','0','0','0','/media/pi/ZUKE/MUSIC/MMs/MM 24/02 - Chicharron - Merengue.mp3');
insert into tags ("album","composer","genre","title","artist","disc","track","filepath") values ('Mega Mix 24','Zumba Fitness','Merengue','Chicharron','Zumba Fitness','1/1','02/10','/media/pi/ZUKE/MUSIC/MMs/MM 24/02 - Chicharron - Merengue.mp3');
insert into mp3s ("filepath") values ('/media/pi/ZUKE/MUSIC/MMs/MM 24/02 - Chicharron - Merengue.mp3');
insert into streams ("index","codec_name","codec_long_name","codec_type","codec_time_base","codec_tag_string","codec_tag","sample_fmt","sample_rate","channels","channel_layout","bits_per_sample","r_frame_rate","avg_frame_rate","time_base","start_pts","start_time","duration_ts","duration","bit_rate","filepath") values ('0','mp3','MP3 (MPEG audio layer 3)','audio','1/44100','[0][0][0][0]','0x0000','fltp','44100','2','stereo','0','0/0','0/0','1/14112000','0','0','4121026560','292.022857','153275','/media/pi/ZUKE/MUSIC/MMs/MM 24/03 - Ahora Quien - Salsa.mp3');
insert into format ("filename","nb_streams","nb_programs","format_name","format_long_name","start_time","duration","size","bit_rate","probe_score","filepath") values ('/media/pi/ZUKE/MUSIC/MMs/MM 24/03 - Ahora Quien - Salsa.mp3','1','0','mp3','MP2/3 (MPEG audio layer 2/3)','0','292.022857','5595264','153282','51','/media/pi/ZUKE/MUSIC/MMs/MM 24/03 - Ahora Quien - Salsa.mp3');
insert into disposition ("default","dub","original","comment","lyrics","karaoke","forced","hearing_impaired","visual_impaired","clean_effects","attached_pic","timed_thumbnails","filepath") values ('0','0','0','0','0','0','0','0','0','0','0','0','/media/pi/ZUKE/MUSIC/MMs/MM 24/03 - Ahora Quien - Salsa.mp3');
insert into tags ("album","composer","genre","title","artist","disc","track","filepath") values ('Mega Mix 24','Zumba Fitness','Salsa','Ahora Quien','Zumba Fitness','1/1','03/10','/media/pi/ZUKE/MUSIC/MMs/MM 24/03 - Ahora Quien - Salsa.mp3');
insert into mp3s ("filepath") values ('/media/pi/ZUKE/MUSIC/MMs/MM 24/03 - Ahora Quien - Salsa.mp3');
insert into streams ("index","codec_name","codec_long_name","codec_type","codec_time_base","codec_tag_string","codec_tag","sample_fmt","sample_rate","channels","channel_layout","bits_per_sample","r_frame_rate","avg_frame_rate","time_base","start_pts","start_time","duration_ts","duration","bit_rate","filepath") values ('0','mp3','MP3 (MPEG audio layer 3)','audio','1/44100','[0][0][0][0]','0x0000','fltp','44100','2','stereo','0','0/0','0/0','1/14112000','0','0','3014737920','213.629388','157376','/media/pi/ZUKE/MUSIC/MMs/MM 24/04 - No Puedo Vivir Sin Ti - Reggaeton.mp3');
insert into format ("filename","nb_streams","nb_programs","format_name","format_long_name","start_time","duration","size","bit_rate","probe_score","filepath") values ('/media/pi/ZUKE/MUSIC/MMs/MM 24/04 - No Puedo Vivir Sin Ti - Reggaeton.mp3','1','0','mp3','MP2/3 (MPEG audio layer 2/3)','0','213.629388','4204672','157456','51','/media/pi/ZUKE/MUSIC/MMs/MM 24/04 - No Puedo Vivir Sin Ti - Reggaeton.mp3');
insert into disposition ("default","dub","original","comment","lyrics","karaoke","forced","hearing_impaired","visual_impaired","clean_effects","attached_pic","timed_thumbnails","filepath") values ('0','0','0','0','0','0','0','0','0','0','0','0','/media/pi/ZUKE/MUSIC/MMs/MM 24/04 - No Puedo Vivir Sin Ti - Reggaeton.mp3');
insert into tags ("album","composer","genre","title","artist","disc","track","filepath") values ('Mega Mix 24','Zumba Fitness','Reggaeton','No Puedo Vivir Sin Ti','Zumba Fitness','1/1','04/10','/media/pi/ZUKE/MUSIC/MMs/MM 24/04 - No Puedo Vivir Sin Ti - Reggaeton.mp3');
insert into mp3s ("filepath") values ('/media/pi/ZUKE/MUSIC/MMs/MM 24/04 - No Puedo Vivir Sin Ti - Reggaeton.mp3');
insert into streams ("index","codec_name","codec_long_name","codec_type","codec_time_base","codec_tag_string","codec_tag","sample_fmt","sample_rate","channels","channel_layout","bits_per_sample","r_frame_rate","avg_frame_rate","time_base","start_pts","start_time","duration_ts","duration","bit_rate","filepath") values ('0','mp3','MP3 (MPEG audio layer 3)','audio','1/44100','[0][0][0][0]','0x0000','fltp','44100','2','stereo','0','0/0','0/0','1/14112000','0','0','3196846080','226.533878','156689','/media/pi/ZUKE/MUSIC/MMs/MM 24/05 - Mi Corazoncito - Bachata.mp3');
insert into format ("filename","nb_streams","nb_programs","format_name","format_long_name","start_time","duration","size","bit_rate","probe_score","filepath") values ('/media/pi/ZUKE/MUSIC/MMs/MM 24/05 - Mi Corazoncito - Bachata.mp3','1','0','mp3','MP2/3 (MPEG audio layer 2/3)','0','226.533878','4438144','156732','51','/media/pi/ZUKE/MUSIC/MMs/MM 24/05 - Mi Corazoncito - Bachata.mp3');
insert into disposition ("default","dub","original","comment","lyrics","karaoke","forced","hearing_impaired","visual_impaired","clean_effects","attached_pic","timed_thumbnails","filepath") values ('0','0','0','0','0','0','0','0','0','0','0','0','/media/pi/ZUKE/MUSIC/MMs/MM 24/05 - Mi Corazoncito - Bachata.mp3');
insert into tags ("album","composer","genre","title","artist","disc","track","filepath") values ('Mega Mix 24','Zumba Fitness','Bachata','Mi Corazoncito','Zumba Fitness','1/1','05/10','/media/pi/ZUKE/MUSIC/MMs/MM 24/05 - Mi Corazoncito - Bachata.mp3');
insert into mp3s ("filepath") values ('/media/pi/ZUKE/MUSIC/MMs/MM 24/05 - Mi Corazoncito - Bachata.mp3');
insert into streams ("index","codec_name","codec_long_name","codec_type","codec_time_base","codec_tag_string","codec_tag","sample_fmt","sample_rate","channels","channel_layout","bits_per_sample","r_frame_rate","avg_frame_rate","time_base","start_pts","start_time","duration_ts","duration","bit_rate","filepath") values ('0','mp3','MP3 (MPEG audio layer 3)','audio','1/44100','[0][0][0][0]','0x0000','fltp','44100','2','stereo','0','0/0','0/0','1/14112000','0','0','3523829760','249.704490','155913','/media/pi/ZUKE/MUSIC/MMs/MM 24/06 - Boom Boom Mama - Reggaeton - Batucada.mp3');
insert into format ("filename","nb_streams","nb_programs","format_name","format_long_name","start_time","duration","size","bit_rate","probe_score","filepath") values ('/media/pi/ZUKE/MUSIC/MMs/MM 24/06 - Boom Boom Mama - Reggaeton - Batucada.mp3','1','0','mp3','MP2/3 (MPEG audio layer 2/3)','0','249.704490','4868224','155967','51','/media/pi/ZUKE/MUSIC/MMs/MM 24/06 - Boom Boom Mama - Reggaeton - Batucada.mp3');
insert into disposition ("default","dub","original","comment","lyrics","karaoke","forced","hearing_impaired","visual_impaired","clean_effects","attached_pic","timed_thumbnails","filepath") values ('0','0','0','0','0','0','0','0','0','0','0','0','/media/pi/ZUKE/MUSIC/MMs/MM 24/06 - Boom Boom Mama - Reggaeton - Batucada.mp3');
insert into tags ("album","composer","genre","title","artist","disc","track","filepath") values ('Mega Mix 24','Zumba Fitness','Reggaeton,Batucada','Boom Boom Mama','Zumba Fitness','1/1','06/10','/media/pi/ZUKE/MUSIC/MMs/MM 24/06 - Boom Boom Mama - Reggaeton - Batucada.mp3');
insert into mp3s ("filepath") values ('/media/pi/ZUKE/MUSIC/MMs/MM 24/06 - Boom Boom Mama - Reggaeton - Batucada.mp3');
insert into streams ("index","codec_name","codec_long_name","codec_type","codec_time_base","codec_tag_string","codec_tag","sample_fmt","sample_rate","channels","channel_layout","bits_per_sample","r_frame_rate","avg_frame_rate","time_base","start_pts","start_time","duration_ts","duration","bit_rate","filepath") values ('0','mp3','MP3 (MPEG audio layer 3)','audio','1/44100','[0][0][0][0]','0x0000','fltp','44100','2','stereo','0','0/0','0/0','1/14112000','0','0','2637250560','186.880000','160900','/media/pi/ZUKE/MUSIC/MMs/MM 24/07 - Jogi - Bollywood.mp3');
insert into format ("filename","nb_streams","nb_programs","format_name","format_long_name","start_time","duration","size","bit_rate","probe_score","filepath") values ('/media/pi/ZUKE/MUSIC/MMs/MM 24/07 - Jogi - Bollywood.mp3','1','0','mp3','MP2/3 (MPEG audio layer 2/3)','0','186.880000','3760256','160969','51','/media/pi/ZUKE/MUSIC/MMs/MM 24/07 - Jogi - Bollywood.mp3');
insert into disposition ("default","dub","original","comment","lyrics","karaoke","forced","hearing_impaired","visual_impaired","clean_effects","attached_pic","timed_thumbnails","filepath") values ('0','0','0','0','0','0','0','0','0','0','0','0','/media/pi/ZUKE/MUSIC/MMs/MM 24/07 - Jogi - Bollywood.mp3');
insert into tags ("album","composer","genre","title","artist","disc","track","filepath") values ('Mega Mix 24','Zumba Fitness','Bollywood','Jogi','Zumba Fitness','1/1','07/10','/media/pi/ZUKE/MUSIC/MMs/MM 24/07 - Jogi - Bollywood.mp3');
insert into mp3s ("filepath") values ('/media/pi/ZUKE/MUSIC/MMs/MM 24/07 - Jogi - Bollywood.mp3');
insert into streams ("index","codec_name","codec_long_name","codec_type","codec_time_base","codec_tag_string","codec_tag","sample_fmt","sample_rate","channels","channel_layout","bits_per_sample","r_frame_rate","avg_frame_rate","time_base","start_pts","start_time","duration_ts","duration","bit_rate","filepath") values ('0','mp3','MP3 (MPEG audio layer 3)','audio','1/44100','[0][0][0][0]','0x0000','fltp','44100','2','stereo','0','0/0','0/0','1/14112000','0','0','3699302400','262.138776','143880','/media/pi/ZUKE/MUSIC/MMs/MM 24/08 - Dame (Touch Me) - Cha Cha Cha.mp3');
insert into format ("filename","nb_streams","nb_programs","format_name","format_long_name","start_time","duration","size","bit_rate","probe_score","filepath") values ('/media/pi/ZUKE/MUSIC/MMs/MM 24/08 - Dame (Touch Me) - Cha Cha Cha.mp3','1','0','mp3','MP2/3 (MPEG audio layer 2/3)','0','262.138776','4716672','143944','51','/media/pi/ZUKE/MUSIC/MMs/MM 24/08 - Dame (Touch Me) - Cha Cha Cha.mp3');
insert into disposition ("default","dub","original","comment","lyrics","karaoke","forced","hearing_impaired","visual_impaired","clean_effects","attached_pic","timed_thumbnails","filepath") values ('0','0','0','0','0','0','0','0','0','0','0','0','/media/pi/ZUKE/MUSIC/MMs/MM 24/08 - Dame (Touch Me) - Cha Cha Cha.mp3');
insert into tags ("album","composer","genre","title","artist","disc","track","filepath") values ('Mega Mix 24','Zumba Fitness','Cha-Cha-Cha','Dame (Touch Me)','Zumba Fitness','1/1','08/10','/media/pi/ZUKE/MUSIC/MMs/MM 24/08 - Dame (Touch Me) - Cha Cha Cha.mp3');
insert into mp3s ("filepath") values ('/media/pi/ZUKE/MUSIC/MMs/MM 24/08 - Dame (Touch Me) - Cha Cha Cha.mp3');
insert into streams ("index","codec_name","codec_long_name","codec_type","codec_time_base","codec_tag_string","codec_tag","sample_fmt","sample_rate","channels","channel_layout","bits_per_sample","r_frame_rate","avg_frame_rate","time_base","start_pts","start_time","duration_ts","duration","bit_rate","filepath") values ('0','mp3','MP3 (MPEG audio layer 3)','audio','1/44100','[0][0][0][0]','0x0000','fltp','44100','2','stereo','0','0/0','0/0','1/14112000','0','0','2621399040','185.756735','158429','/media/pi/ZUKE/MUSIC/MMs/MM 24/09 - Por Ti Baby - Cumbia - Reggaeton.mp3');
insert into format ("filename","nb_streams","nb_programs","format_name","format_long_name","start_time","duration","size","bit_rate","probe_score","filepath") values ('/media/pi/ZUKE/MUSIC/MMs/MM 24/09 - Por Ti Baby - Cumbia - Reggaeton.mp3','1','0','mp3','MP2/3 (MPEG audio layer 2/3)','0','185.756735','3680384','158503','51','/media/pi/ZUKE/MUSIC/MMs/MM 24/09 - Por Ti Baby - Cumbia - Reggaeton.mp3');
insert into disposition ("default","dub","original","comment","lyrics","karaoke","forced","hearing_impaired","visual_impaired","clean_effects","attached_pic","timed_thumbnails","filepath") values ('0','0','0','0','0','0','0','0','0','0','0','0','/media/pi/ZUKE/MUSIC/MMs/MM 24/09 - Por Ti Baby - Cumbia - Reggaeton.mp3');
insert into tags ("album","composer","genre","title","artist","disc","track","filepath") values ('Mega Mix 24','Zumba Fitness','Cumbia,Reggaeton','Por Ti Baby','Zumba Fitness','1/1','09/10','/media/pi/ZUKE/MUSIC/MMs/MM 24/09 - Por Ti Baby - Cumbia - Reggaeton.mp3');
insert into mp3s ("filepath") values ('/media/pi/ZUKE/MUSIC/MMs/MM 24/09 - Por Ti Baby - Cumbia - Reggaeton.mp3');
insert into streams ("index","codec_name","codec_long_name","codec_type","codec_time_base","codec_tag_string","codec_tag","sample_fmt","sample_rate","channels","channel_layout","bits_per_sample","r_frame_rate","avg_frame_rate","time_base","start_pts","start_time","duration_ts","duration","bit_rate","filepath") values ('0','mp3','MP3 (MPEG audio layer 3)','audio','1/44100','[0][0][0][0]','0x0000','fltp','44100','2','stereo','0','0/0','0/0','1/14112000','0','0','2847006720','201.743673','157607','/media/pi/ZUKE/MUSIC/MMs/MM 24/10 - Move It Like This - Dance.mp3');
insert into format ("filename","nb_streams","nb_programs","format_name","format_long_name","start_time","duration","size","bit_rate","probe_score","filepath") values ('/media/pi/ZUKE/MUSIC/MMs/MM 24/10 - Move It Like This - Dance.mp3','1','0','mp3','MP2/3 (MPEG audio layer 2/3)','0','201.743673','3975296','157637','51','/media/pi/ZUKE/MUSIC/MMs/MM 24/10 - Move It Like This - Dance.mp3');
insert into disposition ("default","dub","original","comment","lyrics","karaoke","forced","hearing_impaired","visual_impaired","clean_effects","attached_pic","timed_thumbnails","filepath") values ('0','0','0','0','0','0','0','0','0','0','0','0','/media/pi/ZUKE/MUSIC/MMs/MM 24/10 - Move It Like This - Dance.mp3');
insert into tags ("album","composer","genre","title","artist","disc","track","filepath") values ('Mega Mix 24','Zumba Fitness','Dance','Move It Like This','Zumba Fitness','1/1','10/10','/media/pi/ZUKE/MUSIC/MMs/MM 24/10 - Move It Like This - Dance.mp3');
insert into mp3s ("filepath") values ('/media/pi/ZUKE/MUSIC/MMs/MM 24/10 - Move It Like This - Dance.mp3');
insert into streams ("index","codec_name","codec_long_name","codec_type","codec_time_base","codec_tag_string","codec_tag","sample_fmt","sample_rate","channels","channel_layout","bits_per_sample","r_frame_rate","avg_frame_rate","time_base","start_pts","start_time","duration_ts","duration","bit_rate","filepath") values ('0','mp3','MP3 (MPEG audio layer 3)','audio','1/44100','[0][0][0][0]','0x0000','fltp','44100','2','stereo','0','0/0','0/0','1/14112000','0','0','4003799040','283.715918','161543','/media/pi/ZUKE/MUSIC/MMs/MM 25/01 - Hola My Friend - Pacific Rhythm.mp3');
insert into format ("filename","nb_streams","nb_programs","format_name","format_long_name","start_time","duration","size","bit_rate","probe_score","filepath") values ('/media/pi/ZUKE/MUSIC/MMs/MM 25/01 - Hola My Friend - Pacific Rhythm.mp3','1','0','mp3','MP2/3 (MPEG audio layer 2/3)','0','283.715918','5730432','161582','51','/media/pi/ZUKE/MUSIC/MMs/MM 25/01 - Hola My Friend - Pacific Rhythm.mp3');
insert into disposition ("default","dub","original","comment","lyrics","karaoke","forced","hearing_impaired","visual_impaired","clean_effects","attached_pic","timed_thumbnails","filepath") values ('0','0','0','0','0','0','0','0','0','0','0','0','/media/pi/ZUKE/MUSIC/MMs/MM 25/01 - Hola My Friend - Pacific Rhythm.mp3');
insert into tags ("album","composer","genre","title","artist","disc","track","filepath") values ('Mega Mix 25','Zumba Fitness','Pacific Rhythm','Hola My Friend','Zumba Fitness','1/1','01/14','/media/pi/ZUKE/MUSIC/MMs/MM 25/01 - Hola My Friend - Pacific Rhythm.mp3');
insert into mp3s ("filepath") values ('/media/pi/ZUKE/MUSIC/MMs/MM 25/01 - Hola My Friend - Pacific Rhythm.mp3');
insert into streams ("index","codec_name","codec_long_name","codec_type","codec_time_base","codec_tag_string","codec_tag","sample_fmt","sample_rate","channels","channel_layout","bits_per_sample","r_frame_rate","avg_frame_rate","time_base","start_pts","start_time","duration_ts","duration","bit_rate","filepath") values ('0','mp3','MP3 (MPEG audio layer 3)','audio','1/44100','[0][0][0][0]','0x0000','fltp','44100','2','stereo','0','0/0','0/0','1/14112000','0','0','2967183360','210.259592','148451','/media/pi/ZUKE/MUSIC/MMs/MM 25/02 - Zoomer - African Dance.mp3');
insert into format ("filename","nb_streams","nb_programs","format_name","format_long_name","start_time","duration","size","bit_rate","probe_score","filepath") values ('/media/pi/ZUKE/MUSIC/MMs/MM 25/02 - Zoomer - African Dance.mp3','1','0','mp3','MP2/3 (MPEG audio layer 2/3)','0','210.259592','3903616','148525','51','/media/pi/ZUKE/MUSIC/MMs/MM 25/02 - Zoomer - African Dance.mp3');
insert into disposition ("default","dub","original","comment","lyrics","karaoke","forced","hearing_impaired","visual_impaired","clean_effects","attached_pic","timed_thumbnails","filepath") values ('0','0','0','0','0','0','0','0','0','0','0','0','/media/pi/ZUKE/MUSIC/MMs/MM 25/02 - Zoomer - African Dance.mp3');
insert into tags ("album","composer","genre","title","artist","disc","track","filepath") values ('Mega Mix 25','Zumba Fitness','African','Zoomer','Zumba Fitness','1/1','02/14','/media/pi/ZUKE/MUSIC/MMs/MM 25/02 - Zoomer - African Dance.mp3');
insert into mp3s ("filepath") values ('/media/pi/ZUKE/MUSIC/MMs/MM 25/02 - Zoomer - African Dance.mp3');
insert into streams ("index","codec_name","codec_long_name","codec_type","codec_time_base","codec_tag_string","codec_tag","sample_fmt","sample_rate","channels","channel_layout","bits_per_sample","r_frame_rate","avg_frame_rate","time_base","start_pts","start_time","duration_ts","duration","bit_rate","filepath") values ('0','mp3','MP3 (MPEG audio layer 3)','audio','1/44100','[0][0][0][0]','0x0000','fltp','44100','2','stereo','0','0/0','0/0','1/14112000','0','0','2588958720','183.457959','154997','/media/pi/ZUKE/MUSIC/MMs/MM 25/03 - Desert Groove - Bellydance.mp3');
insert into format ("filename","nb_streams","nb_programs","format_name","format_long_name","start_time","duration","size","bit_rate","probe_score","filepath") values ('/media/pi/ZUKE/MUSIC/MMs/MM 25/03 - Desert Groove - Bellydance.mp3','1','0','mp3','MP2/3 (MPEG audio layer 2/3)','0','183.457959','3555456','155041','51','/media/pi/ZUKE/MUSIC/MMs/MM 25/03 - Desert Groove - Bellydance.mp3');
insert into disposition ("default","dub","original","comment","lyrics","karaoke","forced","hearing_impaired","visual_impaired","clean_effects","attached_pic","timed_thumbnails","filepath") values ('0','0','0','0','0','0','0','0','0','0','0','0','/media/pi/ZUKE/MUSIC/MMs/MM 25/03 - Desert Groove - Bellydance.mp3');
insert into tags ("album","composer","genre","title","artist","disc","track","filepath") values ('Mega Mix 25','Zumba Fitness','Bellydance','Desert Groove','Zumba Fitness','1/1','03/14','/media/pi/ZUKE/MUSIC/MMs/MM 25/03 - Desert Groove - Bellydance.mp3');
insert into mp3s ("filepath") values ('/media/pi/ZUKE/MUSIC/MMs/MM 25/03 - Desert Groove - Bellydance.mp3');
insert into streams ("index","codec_name","codec_long_name","codec_type","codec_time_base","codec_tag_string","codec_tag","sample_fmt","sample_rate","channels","channel_layout","bits_per_sample","r_frame_rate","avg_frame_rate","time_base","start_pts","start_time","duration_ts","duration","bit_rate","filepath") values ('0','mp3','MP3 (MPEG audio layer 3)','audio','1/44100','[0][0][0][0]','0x0000','fltp','44100','2','stereo','0','0/0','0/0','1/14112000','0','0','3076300800','217.991837','143369','/media/pi/ZUKE/MUSIC/MMs/MM 25/04 - Masha Dia - Ragga Caribbean.mp3');
insert into format ("filename","nb_streams","nb_programs","format_name","format_long_name","start_time","duration","size","bit_rate","probe_score","filepath") values ('/media/pi/ZUKE/MUSIC/MMs/MM 25/04 - Masha Dia - Ragga Caribbean.mp3','1','0','mp3','MP2/3 (MPEG audio layer 2/3)','0','217.991837','3907712','143407','51','/media/pi/ZUKE/MUSIC/MMs/MM 25/04 - Masha Dia - Ragga Caribbean.mp3');
insert into disposition ("default","dub","original","comment","lyrics","karaoke","forced","hearing_impaired","visual_impaired","clean_effects","attached_pic","timed_thumbnails","filepath") values ('0','0','0','0','0','0','0','0','0','0','0','0','/media/pi/ZUKE/MUSIC/MMs/MM 25/04 - Masha Dia - Ragga Caribbean.mp3');
insert into tags ("album","composer","genre","title","artist","disc","track","filepath") values ('Mega Mix 25','Zumba Fitness','Ragga Caribbean','Masha Dia','Zumba Fitness','1/1','04/14','/media/pi/ZUKE/MUSIC/MMs/MM 25/04 - Masha Dia - Ragga Caribbean.mp3');
insert into mp3s ("filepath") values ('/media/pi/ZUKE/MUSIC/MMs/MM 25/04 - Masha Dia - Ragga Caribbean.mp3');
insert into streams ("index","codec_name","codec_long_name","codec_type","codec_time_base","codec_tag_string","codec_tag","sample_fmt","sample_rate","channels","channel_layout","bits_per_sample","r_frame_rate","avg_frame_rate","time_base","start_pts","start_time","duration_ts","duration","bit_rate","filepath") values ('0','mp3','MP3 (MPEG audio layer 3)','audio','1/44100','[0][0][0][0]','0x0000','fltp','44100','2','stereo','0','0/0','0/0','1/14112000','0','0','4688363520','332.225306','143866','/media/pi/ZUKE/MUSIC/MMs/MM 25/05 - Vem Vem (Remix) - Brazilian Funk.mp3');
insert into format ("filename","nb_streams","nb_programs","format_name","format_long_name","start_time","duration","size","bit_rate","probe_score","filepath") values ('/media/pi/ZUKE/MUSIC/MMs/MM 25/05 - Vem Vem (Remix) - Brazilian Funk.mp3','1','0','mp3','MP2/3 (MPEG audio layer 2/3)','0','332.225306','5976192','143906','51','/media/pi/ZUKE/MUSIC/MMs/MM 25/05 - Vem Vem (Remix) - Brazilian Funk.mp3');
insert into disposition ("default","dub","original","comment","lyrics","karaoke","forced","hearing_impaired","visual_impaired","clean_effects","attached_pic","timed_thumbnails","filepath") values ('0','0','0','0','0','0','0','0','0','0','0','0','/media/pi/ZUKE/MUSIC/MMs/MM 25/05 - Vem Vem (Remix) - Brazilian Funk.mp3');
insert into tags ("album","composer","genre","title","artist","disc","track","filepath") values ('Mega Mix 25','Zumba Fitness','Brazilian Funk','Vem Vem (Remix)','Zumba Fitness','1/1','05/14','/media/pi/ZUKE/MUSIC/MMs/MM 25/05 - Vem Vem (Remix) - Brazilian Funk.mp3');
insert into mp3s ("filepath") values ('/media/pi/ZUKE/MUSIC/MMs/MM 25/05 - Vem Vem (Remix) - Brazilian Funk.mp3');
insert into streams ("index","codec_name","codec_long_name","codec_type","codec_time_base","codec_tag_string","codec_tag","sample_fmt","sample_rate","channels","channel_layout","bits_per_sample","r_frame_rate","avg_frame_rate","time_base","start_pts","start_time","duration_ts","duration","bit_rate","filepath") values ('0','mp3','MP3 (MPEG audio layer 3)','audio','1/44100','[0][0][0][0]','0x0000','fltp','44100','2','stereo','0','0/0','0/0','1/14112000','0','0','3436462080','243.513469','164759','/media/pi/ZUKE/MUSIC/MMs/MM 25/06 - Meniando La Cola - Salsa.mp3');
insert into format ("filename","nb_streams","nb_programs","format_name","format_long_name","start_time","duration","size","bit_rate","probe_score","filepath") values ('/media/pi/ZUKE/MUSIC/MMs/MM 25/06 - Meniando La Cola - Salsa.mp3','1','0','mp3','MP2/3 (MPEG audio layer 2/3)','0','243.513469','5015680','164777','51','/media/pi/ZUKE/MUSIC/MMs/MM 25/06 - Meniando La Cola - Salsa.mp3');
insert into disposition ("default","dub","original","comment","lyrics","karaoke","forced","hearing_impaired","visual_impaired","clean_effects","attached_pic","timed_thumbnails","filepath") values ('0','0','0','0','0','0','0','0','0','0','0','0','/media/pi/ZUKE/MUSIC/MMs/MM 25/06 - Meniando La Cola - Salsa.mp3');
insert into tags ("album","composer","genre","title","artist","disc","track","filepath") values ('Mega Mix 25','Zumba Fitness','Salsa','Meniando La Cola','Zumba Fitness','1/1','06/14','/media/pi/ZUKE/MUSIC/MMs/MM 25/06 - Meniando La Cola - Salsa.mp3');
insert into mp3s ("filepath") values ('/media/pi/ZUKE/MUSIC/MMs/MM 25/06 - Meniando La Cola - Salsa.mp3');
insert into streams ("index","codec_name","codec_long_name","codec_type","codec_time_base","codec_tag_string","codec_tag","sample_fmt","sample_rate","channels","channel_layout","bits_per_sample","r_frame_rate","avg_frame_rate","time_base","start_pts","start_time","duration_ts","duration","bit_rate","filepath") values ('0','mp3','MP3 (MPEG audio layer 3)','audio','1/44100','[0][0][0][0]','0x0000','fltp','44100','2','stereo','0','0/0','0/0','1/14112000','0','0','3592396800','254.563265','158340','/media/pi/ZUKE/MUSIC/MMs/MM 25/07 - La Cachucha Bacana - Cumbia Calipso.mp3');
insert into format ("filename","nb_streams","nb_programs","format_name","format_long_name","start_time","duration","size","bit_rate","probe_score","filepath") values ('/media/pi/ZUKE/MUSIC/MMs/MM 25/07 - La Cachucha Bacana - Cumbia Calipso.mp3','1','0','mp3','MP2/3 (MPEG audio layer 2/3)','0','254.563265','5040256','158396','51','/media/pi/ZUKE/MUSIC/MMs/MM 25/07 - La Cachucha Bacana - Cumbia Calipso.mp3');
insert into disposition ("default","dub","original","comment","lyrics","karaoke","forced","hearing_impaired","visual_impaired","clean_effects","attached_pic","timed_thumbnails","filepath") values ('0','0','0','0','0','0','0','0','0','0','0','0','/media/pi/ZUKE/MUSIC/MMs/MM 25/07 - La Cachucha Bacana - Cumbia Calipso.mp3');
insert into tags ("album","composer","genre","title","artist","disc","track","filepath") values ('Mega Mix 25','Zumba Fitness','Cumbia Calipso','La Cachucha Bacana','Zumba Fitness','1/1','07/14','/media/pi/ZUKE/MUSIC/MMs/MM 25/07 - La Cachucha Bacana - Cumbia Calipso.mp3');
insert into mp3s ("filepath") values ('/media/pi/ZUKE/MUSIC/MMs/MM 25/07 - La Cachucha Bacana - Cumbia Calipso.mp3');
insert into streams ("index","codec_name","codec_long_name","codec_type","codec_time_base","codec_tag_string","codec_tag","sample_fmt","sample_rate","channels","channel_layout","bits_per_sample","r_frame_rate","avg_frame_rate","time_base","start_pts","start_time","duration_ts","duration","bit_rate","filepath") values ('0','mp3','MP3 (MPEG audio layer 3)','audio','1/44100','[0][0][0][0]','0x0000','fltp','44100','2','stereo','0','0/0','0/0','1/14112000','0','0','3351306240','237.479184','159638','/media/pi/ZUKE/MUSIC/MMs/MM 25/08 - Knock On Wood - Pop - Dance.mp3');
insert into format ("filename","nb_streams","nb_programs","format_name","format_long_name","start_time","duration","size","bit_rate","probe_score","filepath") values ('/media/pi/ZUKE/MUSIC/MMs/MM 25/08 - Knock On Wood - Pop - Dance.mp3','1','0','mp3','MP2/3 (MPEG audio layer 2/3)','0','237.479184','4739200','159650','51','/media/pi/ZUKE/MUSIC/MMs/MM 25/08 - Knock On Wood - Pop - Dance.mp3');
insert into disposition ("default","dub","original","comment","lyrics","karaoke","forced","hearing_impaired","visual_impaired","clean_effects","attached_pic","timed_thumbnails","filepath") values ('0','0','0','0','0','0','0','0','0','0','0','0','/media/pi/ZUKE/MUSIC/MMs/MM 25/08 - Knock On Wood - Pop - Dance.mp3');
insert into tags ("album","composer","genre","title","artist","disc","track","filepath") values ('Mega Mix 25','Zumba Fitness','Pop','Knock On Wood','Zumba Fitness','1/1','08/14','/media/pi/ZUKE/MUSIC/MMs/MM 25/08 - Knock On Wood - Pop - Dance.mp3');
insert into mp3s ("filepath") values ('/media/pi/ZUKE/MUSIC/MMs/MM 25/08 - Knock On Wood - Pop - Dance.mp3');
insert into streams ("index","codec_name","codec_long_name","codec_type","codec_time_base","codec_tag_string","codec_tag","sample_fmt","sample_rate","channels","channel_layout","bits_per_sample","r_frame_rate","avg_frame_rate","time_base","start_pts","start_time","duration_ts","duration","bit_rate","filepath") values ('0','mp3','MP3 (MPEG audio layer 3)','audio','1/44100','[0][0][0][0]','0x0000','fltp','44100','2','stereo','0','0/0','0/0','1/14112000','0','0','3843809280','272.378776','154228','/media/pi/ZUKE/MUSIC/MMs/MM 25/09 - El Batazo - Reggaeton.mp3');
insert into format ("filename","nb_streams","nb_programs","format_name","format_long_name","start_time","duration","size","bit_rate","probe_score","filepath") values ('/media/pi/ZUKE/MUSIC/MMs/MM 25/09 - El Batazo - Reggaeton.mp3','1','0','mp3','MP2/3 (MPEG audio layer 2/3)','0','272.378776','5253248','154292','51','/media/pi/ZUKE/MUSIC/MMs/MM 25/09 - El Batazo - Reggaeton.mp3');
insert into disposition ("default","dub","original","comment","lyrics","karaoke","forced","hearing_impaired","visual_impaired","clean_effects","attached_pic","timed_thumbnails","filepath") values ('0','0','0','0','0','0','0','0','0','0','0','0','/media/pi/ZUKE/MUSIC/MMs/MM 25/09 - El Batazo - Reggaeton.mp3');
insert into tags ("album","composer","genre","title","artist","disc","track","filepath") values ('Mega Mix 25','Zumba Fitness','Reggaeton','El Batazo','Zumba Fitness','1/1','09/14','/media/pi/ZUKE/MUSIC/MMs/MM 25/09 - El Batazo - Reggaeton.mp3');
insert into mp3s ("filepath") values ('/media/pi/ZUKE/MUSIC/MMs/MM 25/09 - El Batazo - Reggaeton.mp3');
insert into streams ("index","codec_name","codec_long_name","codec_type","codec_time_base","codec_tag_string","codec_tag","sample_fmt","sample_rate","channels","channel_layout","bits_per_sample","r_frame_rate","avg_frame_rate","time_base","start_pts","start_time","duration_ts","duration","bit_rate","filepath") values ('0','mp3','MP3 (MPEG audio layer 3)','audio','1/44100','[0][0][0][0]','0x0000','fltp','44100','2','stereo','0','0/0','0/0','1/14112000','0','0','2456985600','174.106122','150976','/media/pi/ZUKE/MUSIC/MMs/MM 25/10 - Tao Tao - Quebradita.mp3');
insert into format ("filename","nb_streams","nb_programs","format_name","format_long_name","start_time","duration","size","bit_rate","probe_score","filepath") values ('/media/pi/ZUKE/MUSIC/MMs/MM 25/10 - Tao Tao - Quebradita.mp3','1','0','mp3','MP2/3 (MPEG audio layer 2/3)','0','174.106122','3287168','151042','51','/media/pi/ZUKE/MUSIC/MMs/MM 25/10 - Tao Tao - Quebradita.mp3');
insert into disposition ("default","dub","original","comment","lyrics","karaoke","forced","hearing_impaired","visual_impaired","clean_effects","attached_pic","timed_thumbnails","filepath") values ('0','0','0','0','0','0','0','0','0','0','0','0','/media/pi/ZUKE/MUSIC/MMs/MM 25/10 - Tao Tao - Quebradita.mp3');
insert into tags ("album","composer","genre","title","artist","disc","track","filepath") values ('Mega Mix 25','Zumba Fitness','Quebradita','Tao Tao','Zumba Fitness','1/1','10/14','/media/pi/ZUKE/MUSIC/MMs/MM 25/10 - Tao Tao - Quebradita.mp3');
insert into mp3s ("filepath") values ('/media/pi/ZUKE/MUSIC/MMs/MM 25/10 - Tao Tao - Quebradita.mp3');
insert into streams ("index","codec_name","codec_long_name","codec_type","codec_time_base","codec_tag_string","codec_tag","sample_fmt","sample_rate","channels","channel_layout","bits_per_sample","r_frame_rate","avg_frame_rate","time_base","start_pts","start_time","duration_ts","duration","bit_rate","filepath") values ('0','mp3','MP3 (MPEG audio layer 3)','audio','1/44100','[0][0][0][0]','0x0000','fltp','44100','2','stereo','0','0/0','0/0','1/14112000','0','0','3458949120','245.106939','154323','/media/pi/ZUKE/MUSIC/MMs/MM 25/11 - Gazab - Hindu Beat.mp3');
insert into format ("filename","nb_streams","nb_programs","format_name","format_long_name","start_time","duration","size","bit_rate","probe_score","filepath") values ('/media/pi/ZUKE/MUSIC/MMs/MM 25/11 - Gazab - Hindu Beat.mp3','1','0','mp3','MP2/3 (MPEG audio layer 2/3)','0','245.106939','4728960','154347','51','/media/pi/ZUKE/MUSIC/MMs/MM 25/11 - Gazab - Hindu Beat.mp3');
insert into disposition ("default","dub","original","comment","lyrics","karaoke","forced","hearing_impaired","visual_impaired","clean_effects","attached_pic","timed_thumbnails","filepath") values ('0','0','0','0','0','0','0','0','0','0','0','0','/media/pi/ZUKE/MUSIC/MMs/MM 25/11 - Gazab - Hindu Beat.mp3');
insert into tags ("album","composer","genre","title","artist","disc","track","filepath") values ('Mega Mix 25','Zumba Fitness','Hindu Beat','Gazab','Zumba Fitness','1/1','11/14','/media/pi/ZUKE/MUSIC/MMs/MM 25/11 - Gazab - Hindu Beat.mp3');
insert into mp3s ("filepath") values ('/media/pi/ZUKE/MUSIC/MMs/MM 25/11 - Gazab - Hindu Beat.mp3');
insert into streams ("index","codec_name","codec_long_name","codec_type","codec_time_base","codec_tag_string","codec_tag","sample_fmt","sample_rate","channels","channel_layout","bits_per_sample","r_frame_rate","avg_frame_rate","time_base","start_pts","start_time","duration_ts","duration","bit_rate","filepath") values ('0','mp3','MP3 (MPEG audio layer 3)','audio','1/44100','[0][0][0][0]','0x0000','fltp','44100','2','stereo','0','0/0','0/0','1/14112000','0','0','2717614080','192.574694','164638','/media/pi/ZUKE/MUSIC/MMs/MM 25/12 - Shawty Got Moves - Hip-Hop.mp3');
insert into format ("filename","nb_streams","nb_programs","format_name","format_long_name","start_time","duration","size","bit_rate","probe_score","filepath") values ('/media/pi/ZUKE/MUSIC/MMs/MM 25/12 - Shawty Got Moves - Hip-Hop.mp3','1','0','mp3','MP2/3 (MPEG audio layer 2/3)','0','192.574694','3965056','164717','51','/media/pi/ZUKE/MUSIC/MMs/MM 25/12 - Shawty Got Moves - Hip-Hop.mp3');
insert into disposition ("default","dub","original","comment","lyrics","karaoke","forced","hearing_impaired","visual_impaired","clean_effects","attached_pic","timed_thumbnails","filepath") values ('0','0','0','0','0','0','0','0','0','0','0','0','/media/pi/ZUKE/MUSIC/MMs/MM 25/12 - Shawty Got Moves - Hip-Hop.mp3');
insert into tags ("album","composer","genre","title","artist","disc","track","filepath") values ('Mega Mix 25','Zumba Fitness','Hip-Hop','Shawty Got Moves','Zumba Fitness','1/1','12/14','/media/pi/ZUKE/MUSIC/MMs/MM 25/12 - Shawty Got Moves - Hip-Hop.mp3');
insert into mp3s ("filepath") values ('/media/pi/ZUKE/MUSIC/MMs/MM 25/12 - Shawty Got Moves - Hip-Hop.mp3');
insert into streams ("index","codec_name","codec_long_name","codec_type","codec_time_base","codec_tag_string","codec_tag","sample_fmt","sample_rate","channels","channel_layout","bits_per_sample","r_frame_rate","avg_frame_rate","time_base","start_pts","start_time","duration_ts","duration","bit_rate","filepath") values ('0','mp3','MP3 (MPEG audio layer 3)','audio','1/44100','[0][0][0][0]','0x0000','fltp','44100','2','stereo','0','0/0','0/0','1/14112000','0','0','3028377600','214.595918','152876','/media/pi/ZUKE/MUSIC/MMs/MM 25/13 - 96,000 (Radio Edit) - Broadway.mp3');
insert into format ("filename","nb_streams","nb_programs","format_name","format_long_name","start_time","duration","size","bit_rate","probe_score","filepath") values ('/media/pi/ZUKE/MUSIC/MMs/MM 25/13 - 96,000 (Radio Edit) - Broadway.mp3','1','0','mp3','MP2/3 (MPEG audio layer 2/3)','0','214.595918','4102272','152930','51','/media/pi/ZUKE/MUSIC/MMs/MM 25/13 - 96,000 (Radio Edit) - Broadway.mp3');
insert into disposition ("default","dub","original","comment","lyrics","karaoke","forced","hearing_impaired","visual_impaired","clean_effects","attached_pic","timed_thumbnails","filepath") values ('0','0','0','0','0','0','0','0','0','0','0','0','/media/pi/ZUKE/MUSIC/MMs/MM 25/13 - 96,000 (Radio Edit) - Broadway.mp3');
insert into tags ("album","composer","genre","title","artist","disc","track","filepath") values ('Mega Mix 25','Zumba Fitness','Broadway','96,000 (Radio Edit)','Zumba Fitness','1/1','13/14','/media/pi/ZUKE/MUSIC/MMs/MM 25/13 - 96,000 (Radio Edit) - Broadway.mp3');
insert into mp3s ("filepath") values ('/media/pi/ZUKE/MUSIC/MMs/MM 25/13 - 96,000 (Radio Edit) - Broadway.mp3');
insert into streams ("index","codec_name","codec_long_name","codec_type","codec_time_base","codec_tag_string","codec_tag","sample_fmt","sample_rate","channels","channel_layout","bits_per_sample","r_frame_rate","avg_frame_rate","time_base","start_pts","start_time","duration_ts","duration","bit_rate","filepath") values ('0','mp3','MP3 (MPEG audio layer 3)','audio','1/44100','[0][0][0][0]','0x0000','fltp','44100','2','stereo','0','0/0','0/0','1/14112000','0','0','3309281280','234.501224','186620','/media/pi/ZUKE/MUSIC/MMs/MM 25/14 - Baila Me - Rumba Flamenca.mp3');
insert into format ("filename","nb_streams","nb_programs","format_name","format_long_name","start_time","duration","size","bit_rate","probe_score","filepath") values ('/media/pi/ZUKE/MUSIC/MMs/MM 25/14 - Baila Me - Rumba Flamenca.mp3','1','0','mp3','MP2/3 (MPEG audio layer 2/3)','0','234.501224','5472384','186690','51','/media/pi/ZUKE/MUSIC/MMs/MM 25/14 - Baila Me - Rumba Flamenca.mp3');
insert into disposition ("default","dub","original","comment","lyrics","karaoke","forced","hearing_impaired","visual_impaired","clean_effects","attached_pic","timed_thumbnails","filepath") values ('0','0','0','0','0','0','0','0','0','0','0','0','/media/pi/ZUKE/MUSIC/MMs/MM 25/14 - Baila Me - Rumba Flamenca.mp3');
insert into tags ("album","composer","genre","title","artist","disc","track","filepath") values ('Mega Mix 25','Zumba Fitness','Rumba Flamenca','Baila Me','Zumba Fitness','1/1','14/14','/media/pi/ZUKE/MUSIC/MMs/MM 25/14 - Baila Me - Rumba Flamenca.mp3');
insert into mp3s ("filepath") values ('/media/pi/ZUKE/MUSIC/MMs/MM 25/14 - Baila Me - Rumba Flamenca.mp3');
insert into streams ("index","codec_name","codec_long_name","codec_type","codec_time_base","codec_tag_string","codec_tag","sample_fmt","sample_rate","channels","channel_layout","bits_per_sample","r_frame_rate","avg_frame_rate","time_base","start_pts","start_time","duration_ts","duration","bit_rate","filepath") values ('0','mp3','MP3 (MPEG audio layer 3)','audio','1/44100','[0][0][0][0]','0x0000','fltp','44100','2','stereo','0','0/0','0/0','1/14112000','0','0','3169935360','224.626939','158226','/media/pi/ZUKE/MUSIC/MMs/MM 26/01 - It''s Like This And Like That - Merengue.mp3');
insert into format ("filename","nb_streams","nb_programs","format_name","format_long_name","start_time","duration","size","bit_rate","probe_score","filepath") values ('/media/pi/ZUKE/MUSIC/MMs/MM 26/01 - It''s Like This And Like That - Merengue.mp3','1','0','mp3','MP2/3 (MPEG audio layer 2/3)','0','224.626939','4444288','158281','51','/media/pi/ZUKE/MUSIC/MMs/MM 26/01 - It''s Like This And Like That - Merengue.mp3');
insert into disposition ("default","dub","original","comment","lyrics","karaoke","forced","hearing_impaired","visual_impaired","clean_effects","attached_pic","timed_thumbnails","filepath") values ('0','0','0','0','0','0','0','0','0','0','0','0','/media/pi/ZUKE/MUSIC/MMs/MM 26/01 - It''s Like This And Like That - Merengue.mp3');
insert into tags ("album","composer","genre","title","artist","disc","track","filepath") values ('Mega Mix 26','Zumba Fitness','Merengue','It''s Like This And Like That','Zumba Fitness','1/1','01/10','/media/pi/ZUKE/MUSIC/MMs/MM 26/01 - It''s Like This And Like That - Merengue.mp3');
insert into mp3s ("filepath") values ('/media/pi/ZUKE/MUSIC/MMs/MM 26/01 - It''s Like This And Like That - Merengue.mp3');
insert into streams ("index","codec_name","codec_long_name","codec_type","codec_time_base","codec_tag_string","codec_tag","sample_fmt","sample_rate","channels","channel_layout","bits_per_sample","r_frame_rate","avg_frame_rate","time_base","start_pts","start_time","duration_ts","duration","bit_rate","filepath") values ('0','mp3','MP3 (MPEG audio layer 3)','audio','1/44100','[0][0][0][0]','0x0000','fltp','44100','2','stereo','0','0/0','0/0','1/14112000','0','0','3375636480','239.203265','173355','/media/pi/ZUKE/MUSIC/MMs/MM 26/02 - Descarga en Do - Salsa.mp3');
insert into format ("filename","nb_streams","nb_programs","format_name","format_long_name","start_time","duration","size","bit_rate","probe_score","filepath") values ('/media/pi/ZUKE/MUSIC/MMs/MM 26/02 - Descarga en Do - Salsa.mp3','1','0','mp3','MP2/3 (MPEG audio layer 2/3)','0','239.203265','5185664','173431','51','/media/pi/ZUKE/MUSIC/MMs/MM 26/02 - Descarga en Do - Salsa.mp3');
insert into disposition ("default","dub","original","comment","lyrics","karaoke","forced","hearing_impaired","visual_impaired","clean_effects","attached_pic","timed_thumbnails","filepath") values ('0','0','0','0','0','0','0','0','0','0','0','0','/media/pi/ZUKE/MUSIC/MMs/MM 26/02 - Descarga en Do - Salsa.mp3');
insert into tags ("album","composer","genre","title","artist","disc","track","filepath") values ('Mega Mix 26','Zumba Fitness','Salsa','Descarga en Do','Zumba Fitness','1/1','02/10','/media/pi/ZUKE/MUSIC/MMs/MM 26/02 - Descarga en Do - Salsa.mp3');
insert into mp3s ("filepath") values ('/media/pi/ZUKE/MUSIC/MMs/MM 26/02 - Descarga en Do - Salsa.mp3');
insert into streams ("index","codec_name","codec_long_name","codec_type","codec_time_base","codec_tag_string","codec_tag","sample_fmt","sample_rate","channels","channel_layout","bits_per_sample","r_frame_rate","avg_frame_rate","time_base","start_pts","start_time","duration_ts","duration","bit_rate","filepath") values ('0','mp3','MP3 (MPEG audio layer 3)','audio','1/44100','[0][0][0][0]','0x0000','fltp','44100','2','stereo','0','0/0','0/0','1/14112000','0','0','2741944320','194.298776','150566','/media/pi/ZUKE/MUSIC/MMs/MM 26/03 - La Cadenita - Cumbia.mp3');
insert into format ("filename","nb_streams","nb_programs","format_name","format_long_name","start_time","duration","size","bit_rate","probe_score","filepath") values ('/media/pi/ZUKE/MUSIC/MMs/MM 26/03 - La Cadenita - Cumbia.mp3','1','0','mp3','MP2/3 (MPEG audio layer 2/3)','0','194.298776','3657856','150607','51','/media/pi/ZUKE/MUSIC/MMs/MM 26/03 - La Cadenita - Cumbia.mp3');
insert into disposition ("default","dub","original","comment","lyrics","karaoke","forced","hearing_impaired","visual_impaired","clean_effects","attached_pic","timed_thumbnails","filepath") values ('0','0','0','0','0','0','0','0','0','0','0','0','/media/pi/ZUKE/MUSIC/MMs/MM 26/03 - La Cadenita - Cumbia.mp3');
insert into tags ("album","composer","genre","title","artist","disc","track","filepath") values ('Mega Mix 26','Zumba Fitness','Cumbia','La Cadenita','Zumba Fitness','1/1','03/10','/media/pi/ZUKE/MUSIC/MMs/MM 26/03 - La Cadenita - Cumbia.mp3');
insert into mp3s ("filepath") values ('/media/pi/ZUKE/MUSIC/MMs/MM 26/03 - La Cadenita - Cumbia.mp3');
insert into streams ("index","codec_name","codec_long_name","codec_type","codec_time_base","codec_tag_string","codec_tag","sample_fmt","sample_rate","channels","channel_layout","bits_per_sample","r_frame_rate","avg_frame_rate","time_base","start_pts","start_time","duration_ts","duration","bit_rate","filepath") values ('0','mp3','MP3 (MPEG audio layer 3)','audio','1/44100','[0][0][0][0]','0x0000','fltp','44100','2','stereo','0','0/0','0/0','1/14112000','0','0','2852167680','202.109388','166827','/media/pi/ZUKE/MUSIC/MMs/MM 26/04 - Pa Kum Pa - Reggaeton.mp3');
insert into format ("filename","nb_streams","nb_programs","format_name","format_long_name","start_time","duration","size","bit_rate","probe_score","filepath") values ('/media/pi/ZUKE/MUSIC/MMs/MM 26/04 - Pa Kum Pa - Reggaeton.mp3','1','0','mp3','MP2/3 (MPEG audio layer 2/3)','0','202.109388','4216960','166917','51','/media/pi/ZUKE/MUSIC/MMs/MM 26/04 - Pa Kum Pa - Reggaeton.mp3');
insert into disposition ("default","dub","original","comment","lyrics","karaoke","forced","hearing_impaired","visual_impaired","clean_effects","attached_pic","timed_thumbnails","filepath") values ('0','0','0','0','0','0','0','0','0','0','0','0','/media/pi/ZUKE/MUSIC/MMs/MM 26/04 - Pa Kum Pa - Reggaeton.mp3');
insert into tags ("album","composer","genre","title","artist","disc","track","filepath") values ('Mega Mix 26','Zumba Fitness','Reggaeton','Pa Kum Pa','Zumba Fitness','1/1','04/10','/media/pi/ZUKE/MUSIC/MMs/MM 26/04 - Pa Kum Pa - Reggaeton.mp3');
insert into mp3s ("filepath") values ('/media/pi/ZUKE/MUSIC/MMs/MM 26/04 - Pa Kum Pa - Reggaeton.mp3');
insert into streams ("index","codec_name","codec_long_name","codec_type","codec_time_base","codec_tag_string","codec_tag","sample_fmt","sample_rate","channels","channel_layout","bits_per_sample","r_frame_rate","avg_frame_rate","time_base","start_pts","start_time","duration_ts","duration","bit_rate","filepath") values ('0','mp3','MP3 (MPEG audio layer 3)','audio','1/44100','[0][0][0][0]','0x0000','fltp','44100','2','stereo','0','0/0','0/0','1/14112000','0','0','3506135040','248.450612','168223','/media/pi/ZUKE/MUSIC/MMs/MM 26/05 - Bolo Ta Ra Ra - Bollywood.mp3');
insert into format ("filename","nb_streams","nb_programs","format_name","format_long_name","start_time","duration","size","bit_rate","probe_score","filepath") values ('/media/pi/ZUKE/MUSIC/MMs/MM 26/05 - Bolo Ta Ra Ra - Bollywood.mp3','1','0','mp3','MP2/3 (MPEG audio layer 2/3)','0','248.450612','5226624','168294','51','/media/pi/ZUKE/MUSIC/MMs/MM 26/05 - Bolo Ta Ra Ra - Bollywood.mp3');
insert into disposition ("default","dub","original","comment","lyrics","karaoke","forced","hearing_impaired","visual_impaired","clean_effects","attached_pic","timed_thumbnails","filepath") values ('0','0','0','0','0','0','0','0','0','0','0','0','/media/pi/ZUKE/MUSIC/MMs/MM 26/05 - Bolo Ta Ra Ra - Bollywood.mp3');
insert into tags ("album","composer","genre","title","artist","disc","track","filepath") values ('Mega Mix 26','Zumba Fitness','Bollywood','Bolo Ta Ra Ra','Zumba Fitness','1/1','05/10','/media/pi/ZUKE/MUSIC/MMs/MM 26/05 - Bolo Ta Ra Ra - Bollywood.mp3');
insert into mp3s ("filepath") values ('/media/pi/ZUKE/MUSIC/MMs/MM 26/05 - Bolo Ta Ra Ra - Bollywood.mp3');
insert into streams ("index","codec_name","codec_long_name","codec_type","codec_time_base","codec_tag_string","codec_tag","sample_fmt","sample_rate","channels","channel_layout","bits_per_sample","r_frame_rate","avg_frame_rate","time_base","start_pts","start_time","duration_ts","duration","bit_rate","filepath") values ('0','mp3','MP3 (MPEG audio layer 3)','audio','1/44100','[0][0][0][0]','0x0000','fltp','44100','2','stereo','0','0/0','0/0','1/14112000','0','0','2825994240','200.254694','159141','/media/pi/ZUKE/MUSIC/MMs/MM 26/06 - Una Aventura - Rumba Flamenca.mp3');
insert into format ("filename","nb_streams","nb_programs","format_name","format_long_name","start_time","duration","size","bit_rate","probe_score","filepath") values ('/media/pi/ZUKE/MUSIC/MMs/MM 26/06 - Una Aventura - Rumba Flamenca.mp3','1','0','mp3','MP2/3 (MPEG audio layer 2/3)','0','200.254694','3985536','159218','51','/media/pi/ZUKE/MUSIC/MMs/MM 26/06 - Una Aventura - Rumba Flamenca.mp3');
insert into disposition ("default","dub","original","comment","lyrics","karaoke","forced","hearing_impaired","visual_impaired","clean_effects","attached_pic","timed_thumbnails","filepath") values ('0','0','0','0','0','0','0','0','0','0','0','0','/media/pi/ZUKE/MUSIC/MMs/MM 26/06 - Una Aventura - Rumba Flamenca.mp3');
insert into tags ("album","composer","genre","title","artist","disc","track","filepath") values ('Mega Mix 26','Zumba Fitness','Rumba Flamenca','Una Aventura','Zumba Fitness','1/1','06/10','/media/pi/ZUKE/MUSIC/MMs/MM 26/06 - Una Aventura - Rumba Flamenca.mp3');
insert into mp3s ("filepath") values ('/media/pi/ZUKE/MUSIC/MMs/MM 26/06 - Una Aventura - Rumba Flamenca.mp3');
insert into streams ("index","codec_name","codec_long_name","codec_type","codec_time_base","codec_tag_string","codec_tag","sample_fmt","sample_rate","channels","channel_layout","bits_per_sample","r_frame_rate","avg_frame_rate","time_base","start_pts","start_time","duration_ts","duration","bit_rate","filepath") values ('0','mp3','MP3 (MPEG audio layer 3)','audio','1/44100','[0][0][0][0]','0x0000','fltp','44100','2','stereo','0','0/0','0/0','1/14112000','0','0','3966197760','281.051429','162302','/media/pi/ZUKE/MUSIC/MMs/MM 26/07 - Ritmo Caliente - Soca - Dance.mp3');
insert into format ("filename","nb_streams","nb_programs","format_name","format_long_name","start_time","duration","size","bit_rate","probe_score","filepath") values ('/media/pi/ZUKE/MUSIC/MMs/MM 26/07 - Ritmo Caliente - Soca - Dance.mp3','1','0','mp3','MP2/3 (MPEG audio layer 2/3)','0','281.051429','5703808','162356','51','/media/pi/ZUKE/MUSIC/MMs/MM 26/07 - Ritmo Caliente - Soca - Dance.mp3');
insert into disposition ("default","dub","original","comment","lyrics","karaoke","forced","hearing_impaired","visual_impaired","clean_effects","attached_pic","timed_thumbnails","filepath") values ('0','0','0','0','0','0','0','0','0','0','0','0','/media/pi/ZUKE/MUSIC/MMs/MM 26/07 - Ritmo Caliente - Soca - Dance.mp3');
insert into tags ("album","composer","genre","title","artist","disc","track","filepath") values ('Mega Mix 26','Zumba Fitness','Soca','Ritmo Caliente','Zumba Fitness','1/1','07/10','/media/pi/ZUKE/MUSIC/MMs/MM 26/07 - Ritmo Caliente - Soca - Dance.mp3');
insert into mp3s ("filepath") values ('/media/pi/ZUKE/MUSIC/MMs/MM 26/07 - Ritmo Caliente - Soca - Dance.mp3');
insert into streams ("index","codec_name","codec_long_name","codec_type","codec_time_base","codec_tag_string","codec_tag","sample_fmt","sample_rate","channels","channel_layout","bits_per_sample","r_frame_rate","avg_frame_rate","time_base","start_pts","start_time","duration_ts","duration","bit_rate","filepath") values ('0','mp3','MP3 (MPEG audio layer 3)','audio','1/44100','[0][0][0][0]','0x0000','fltp','44100','2','stereo','0','0/0','0/0','1/14112000','0','0','3475169280','246.256327','162603','/media/pi/ZUKE/MUSIC/MMs/MM 26/08 - Somos De Calle - Salsa - Reggaeton.mp3');
insert into format ("filename","nb_streams","nb_programs","format_name","format_long_name","start_time","duration","size","bit_rate","probe_score","filepath") values ('/media/pi/ZUKE/MUSIC/MMs/MM 26/08 - Somos De Calle - Salsa - Reggaeton.mp3','1','0','mp3','MP2/3 (MPEG audio layer 2/3)','0','246.256327','5007488','162675','51','/media/pi/ZUKE/MUSIC/MMs/MM 26/08 - Somos De Calle - Salsa - Reggaeton.mp3');
insert into disposition ("default","dub","original","comment","lyrics","karaoke","forced","hearing_impaired","visual_impaired","clean_effects","attached_pic","timed_thumbnails","filepath") values ('0','0','0','0','0','0','0','0','0','0','0','0','/media/pi/ZUKE/MUSIC/MMs/MM 26/08 - Somos De Calle - Salsa - Reggaeton.mp3');
insert into tags ("album","composer","genre","title","artist","disc","track","filepath") values ('Mega Mix 26','Zumba Fitness','Salsa,Reggaeton','Somos De Calle','Zumba Fitness','1/1','08/10','/media/pi/ZUKE/MUSIC/MMs/MM 26/08 - Somos De Calle - Salsa - Reggaeton.mp3');
insert into mp3s ("filepath") values ('/media/pi/ZUKE/MUSIC/MMs/MM 26/08 - Somos De Calle - Salsa - Reggaeton.mp3');
insert into streams ("index","codec_name","codec_long_name","codec_type","codec_time_base","codec_tag_string","codec_tag","sample_fmt","sample_rate","channels","channel_layout","bits_per_sample","r_frame_rate","avg_frame_rate","time_base","start_pts","start_time","duration_ts","duration","bit_rate","filepath") values ('0','mp3','MP3 (MPEG audio layer 3)','audio','1/44100','[0][0][0][0]','0x0000','fltp','44100','2','stereo','0','0/0','0/0','1/14112000','0','0','3456368640','244.924082','157024','/media/pi/ZUKE/MUSIC/MMs/MM 26/09 - Party in Miami - Merengue.mp3');
insert into format ("filename","nb_streams","nb_programs","format_name","format_long_name","start_time","duration","size","bit_rate","probe_score","filepath") values ('/media/pi/ZUKE/MUSIC/MMs/MM 26/09 - Party in Miami - Merengue.mp3','1','0','mp3','MP2/3 (MPEG audio layer 2/3)','0','244.924082','4808832','157071','51','/media/pi/ZUKE/MUSIC/MMs/MM 26/09 - Party in Miami - Merengue.mp3');
insert into disposition ("default","dub","original","comment","lyrics","karaoke","forced","hearing_impaired","visual_impaired","clean_effects","attached_pic","timed_thumbnails","filepath") values ('0','0','0','0','0','0','0','0','0','0','0','0','/media/pi/ZUKE/MUSIC/MMs/MM 26/09 - Party in Miami - Merengue.mp3');
insert into tags ("album","composer","genre","title","artist","disc","track","filepath") values ('Mega Mix 26','Zumba Fitness','Merengue','Party in Miami','Zumba Fitness','1/1','09/10','/media/pi/ZUKE/MUSIC/MMs/MM 26/09 - Party in Miami - Merengue.mp3');
insert into mp3s ("filepath") values ('/media/pi/ZUKE/MUSIC/MMs/MM 26/09 - Party in Miami - Merengue.mp3');
insert into streams ("index","codec_name","codec_long_name","codec_type","codec_time_base","codec_tag_string","codec_tag","sample_fmt","sample_rate","channels","channel_layout","bits_per_sample","r_frame_rate","avg_frame_rate","time_base","start_pts","start_time","duration_ts","duration","bit_rate","filepath") values ('0','mp3','MP3 (MPEG audio layer 3)','audio','1/44100','[0][0][0][0]','0x0000','fltp','44100','2','stereo','0','0/0','0/0','1/14112000','0','0','3754229760','266.031020','153945','/media/pi/ZUKE/MUSIC/MMs/MM 26/10 - Hay Que Empezar Otra Vez - Salsa.mp3');
insert into format ("filename","nb_streams","nb_programs","format_name","format_long_name","start_time","duration","size","bit_rate","probe_score","filepath") values ('/media/pi/ZUKE/MUSIC/MMs/MM 26/10 - Hay Que Empezar Otra Vez - Salsa.mp3','1','0','mp3','MP2/3 (MPEG audio layer 2/3)','0','266.031020','5120128','153970','51','/media/pi/ZUKE/MUSIC/MMs/MM 26/10 - Hay Que Empezar Otra Vez - Salsa.mp3');
insert into disposition ("default","dub","original","comment","lyrics","karaoke","forced","hearing_impaired","visual_impaired","clean_effects","attached_pic","timed_thumbnails","filepath") values ('0','0','0','0','0','0','0','0','0','0','0','0','/media/pi/ZUKE/MUSIC/MMs/MM 26/10 - Hay Que Empezar Otra Vez - Salsa.mp3');
insert into tags ("album","composer","genre","title","artist","disc","track","filepath") values ('Mega Mix 26','Zumba Fitness','Salsa','Hay Que Empezar Otra Vez','Zumba Fitness','1/1','10/10','/media/pi/ZUKE/MUSIC/MMs/MM 26/10 - Hay Que Empezar Otra Vez - Salsa.mp3');
insert into mp3s ("filepath") values ('/media/pi/ZUKE/MUSIC/MMs/MM 26/10 - Hay Que Empezar Otra Vez - Salsa.mp3');
insert into streams ("index","codec_name","codec_long_name","codec_type","codec_time_base","codec_tag_string","codec_tag","sample_fmt","sample_rate","channels","channel_layout","bits_per_sample","r_frame_rate","avg_frame_rate","time_base","start_pts","start_time","duration_ts","duration","bit_rate","filepath") values ('0','mp3','MP3 (MPEG audio layer 3)','audio','1/44100','[0][0][0][0]','0x0000','fltp','44100','2','stereo','0','0/0','0/0','1/14112000','0','0','3698565120','262.086531','161728','/media/pi/ZUKE/MUSIC/MMs/MM 30/01 - Apache (Warrior One Remix) - Warm-up.mp3');
insert into format ("filename","nb_streams","nb_programs","format_name","format_long_name","start_time","duration","size","bit_rate","probe_score","filepath") values ('/media/pi/ZUKE/MUSIC/MMs/MM 30/01 - Apache (Warrior One Remix) - Warm-up.mp3','1','0','mp3','MP2/3 (MPEG audio layer 2/3)','0','262.086531','5300352','161789','51','/media/pi/ZUKE/MUSIC/MMs/MM 30/01 - Apache (Warrior One Remix) - Warm-up.mp3');
insert into disposition ("default","dub","original","comment","lyrics","karaoke","forced","hearing_impaired","visual_impaired","clean_effects","attached_pic","timed_thumbnails","filepath") values ('0','0','0','0','0','0','0','0','0','0','0','0','/media/pi/ZUKE/MUSIC/MMs/MM 30/01 - Apache (Warrior One Remix) - Warm-up.mp3');
insert into tags ("album","composer","genre","title","artist","disc","track","filepath") values ('Mega Mix 30','Zumba Fitness','Warm-up','Apache (Warrior One Remix)','Zumba Fitness','1/1','01/10','/media/pi/ZUKE/MUSIC/MMs/MM 30/01 - Apache (Warrior One Remix) - Warm-up.mp3');
insert into mp3s ("filepath") values ('/media/pi/ZUKE/MUSIC/MMs/MM 30/01 - Apache (Warrior One Remix) - Warm-up.mp3');
insert into streams ("index","codec_name","codec_long_name","codec_type","codec_time_base","codec_tag_string","codec_tag","sample_fmt","sample_rate","channels","channel_layout","bits_per_sample","r_frame_rate","avg_frame_rate","time_base","start_pts","start_time","duration_ts","duration","bit_rate","filepath") values ('0','mp3','MP3 (MPEG audio layer 3)','audio','1/44100','[0][0][0][0]','0x0000','fltp','44100','2','stereo','0','0/0','0/0','1/14112000','0','0','3054551040','216.450612','162508','/media/pi/ZUKE/MUSIC/MMs/MM 30/02 - Torero - Latin Pop.mp3');
insert into format ("filename","nb_streams","nb_programs","format_name","format_long_name","start_time","duration","size","bit_rate","probe_score","filepath") values ('/media/pi/ZUKE/MUSIC/MMs/MM 30/02 - Torero - Latin Pop.mp3','1','0','mp3','MP2/3 (MPEG audio layer 2/3)','0','216.450612','4397184','162519','51','/media/pi/ZUKE/MUSIC/MMs/MM 30/02 - Torero - Latin Pop.mp3');
insert into disposition ("default","dub","original","comment","lyrics","karaoke","forced","hearing_impaired","visual_impaired","clean_effects","attached_pic","timed_thumbnails","filepath") values ('0','0','0','0','0','0','0','0','0','0','0','0','/media/pi/ZUKE/MUSIC/MMs/MM 30/02 - Torero - Latin Pop.mp3');
insert into tags ("album","composer","genre","title","artist","disc","track","filepath") values ('Mega Mix 30','Zumba Fitness','Latin Pop','Torero','Zumba Fitness','1/1','02/10','/media/pi/ZUKE/MUSIC/MMs/MM 30/02 - Torero - Latin Pop.mp3');
insert into mp3s ("filepath") values ('/media/pi/ZUKE/MUSIC/MMs/MM 30/02 - Torero - Latin Pop.mp3');
insert into streams ("index","codec_name","codec_long_name","codec_type","codec_time_base","codec_tag_string","codec_tag","sample_fmt","sample_rate","channels","channel_layout","bits_per_sample","r_frame_rate","avg_frame_rate","time_base","start_pts","start_time","duration_ts","duration","bit_rate","filepath") values ('0','mp3','MP3 (MPEG audio layer 3)','audio','1/44100','[0][0][0][0]','0x0000','fltp','44100','2','stereo','0','0/0','0/0','1/14112000','0','0','3613409280','256.052245','175011','/media/pi/ZUKE/MUSIC/MMs/MM 30/03 - Que Cosa Tan Linda - Salsa.mp3');
insert into format ("filename","nb_streams","nb_programs","format_name","format_long_name","start_time","duration","size","bit_rate","probe_score","filepath") values ('/media/pi/ZUKE/MUSIC/MMs/MM 30/03 - Que Cosa Tan Linda - Salsa.mp3','1','0','mp3','MP2/3 (MPEG audio layer 2/3)','0','256.052245','5603456','175072','51','/media/pi/ZUKE/MUSIC/MMs/MM 30/03 - Que Cosa Tan Linda - Salsa.mp3');
insert into disposition ("default","dub","original","comment","lyrics","karaoke","forced","hearing_impaired","visual_impaired","clean_effects","attached_pic","timed_thumbnails","filepath") values ('0','0','0','0','0','0','0','0','0','0','0','0','/media/pi/ZUKE/MUSIC/MMs/MM 30/03 - Que Cosa Tan Linda - Salsa.mp3');
insert into tags ("album","composer","genre","title","artist","disc","track","filepath") values ('Mega Mix 30','Zumba Fitness','Salsa','Que Cosa Tan Linda','Zumba Fitness','1/1','03/10','/media/pi/ZUKE/MUSIC/MMs/MM 30/03 - Que Cosa Tan Linda - Salsa.mp3');
insert into mp3s ("filepath") values ('/media/pi/ZUKE/MUSIC/MMs/MM 30/03 - Que Cosa Tan Linda - Salsa.mp3');
insert into streams ("index","codec_name","codec_long_name","codec_type","codec_time_base","codec_tag_string","codec_tag","sample_fmt","sample_rate","channels","channel_layout","bits_per_sample","r_frame_rate","avg_frame_rate","time_base","start_pts","start_time","duration_ts","duration","bit_rate","filepath") values ('0','mp3','MP3 (MPEG audio layer 3)','audio','1/44100','[0][0][0][0]','0x0000','fltp','44100','2','stereo','0','0/0','0/0','1/14112000','0','0','3039068160','215.353469','159724','/media/pi/ZUKE/MUSIC/MMs/MM 30/04 - Fever - Reggaeton.mp3');
insert into format ("filename","nb_streams","nb_programs","format_name","format_long_name","start_time","duration","size","bit_rate","probe_score","filepath") values ('/media/pi/ZUKE/MUSIC/MMs/MM 30/04 - Fever - Reggaeton.mp3','1','0','mp3','MP2/3 (MPEG audio layer 2/3)','0','215.353469','4300928','159771','51','/media/pi/ZUKE/MUSIC/MMs/MM 30/04 - Fever - Reggaeton.mp3');
insert into disposition ("default","dub","original","comment","lyrics","karaoke","forced","hearing_impaired","visual_impaired","clean_effects","attached_pic","timed_thumbnails","filepath") values ('0','0','0','0','0','0','0','0','0','0','0','0','/media/pi/ZUKE/MUSIC/MMs/MM 30/04 - Fever - Reggaeton.mp3');
insert into tags ("album","composer","genre","title","artist","disc","track","filepath") values ('Mega Mix 30','Zumba Fitness','Reggaeton','Fever','Zumba Fitness','1/1','04/10','/media/pi/ZUKE/MUSIC/MMs/MM 30/04 - Fever - Reggaeton.mp3');
insert into mp3s ("filepath") values ('/media/pi/ZUKE/MUSIC/MMs/MM 30/04 - Fever - Reggaeton.mp3');
insert into streams ("index","codec_name","codec_long_name","codec_type","codec_time_base","codec_tag_string","codec_tag","sample_fmt","sample_rate","channels","channel_layout","bits_per_sample","r_frame_rate","avg_frame_rate","time_base","start_pts","start_time","duration_ts","duration","bit_rate","filepath") values ('0','mp3','MP3 (MPEG audio layer 3)','audio','1/44100','[0][0][0][0]','0x0000','fltp','44100','2','stereo','0','0/0','0/0','1/14112000','0','0','2588590080','183.431837','147278','/media/pi/ZUKE/MUSIC/MMs/MM 30/05 - Buraku - Caribbean Hip-Hop.mp3');
insert into format ("filename","nb_streams","nb_programs","format_name","format_long_name","start_time","duration","size","bit_rate","probe_score","filepath") values ('/media/pi/ZUKE/MUSIC/MMs/MM 30/05 - Buraku - Caribbean Hip-Hop.mp3','1','0','mp3','MP2/3 (MPEG audio layer 2/3)','0','183.431837','3377280','147293','51','/media/pi/ZUKE/MUSIC/MMs/MM 30/05 - Buraku - Caribbean Hip-Hop.mp3');
insert into disposition ("default","dub","original","comment","lyrics","karaoke","forced","hearing_impaired","visual_impaired","clean_effects","attached_pic","timed_thumbnails","filepath") values ('0','0','0','0','0','0','0','0','0','0','0','0','/media/pi/ZUKE/MUSIC/MMs/MM 30/05 - Buraku - Caribbean Hip-Hop.mp3');
insert into tags ("album","composer","genre","title","artist","disc","track","filepath") values ('Mega Mix 30','Zumba Fitness','Caribbean Hip-Hop','Buraku','Zumba Fitness','1/1','05/10','/media/pi/ZUKE/MUSIC/MMs/MM 30/05 - Buraku - Caribbean Hip-Hop.mp3');
insert into mp3s ("filepath") values ('/media/pi/ZUKE/MUSIC/MMs/MM 30/05 - Buraku - Caribbean Hip-Hop.mp3');
insert into streams ("index","codec_name","codec_long_name","codec_type","codec_time_base","codec_tag_string","codec_tag","sample_fmt","sample_rate","channels","channel_layout","bits_per_sample","r_frame_rate","avg_frame_rate","time_base","start_pts","start_time","duration_ts","duration","bit_rate","filepath") values ('0','mp3','MP3 (MPEG audio layer 3)','audio','1/44100','[0][0][0][0]','0x0000','fltp','44100','2','stereo','0','0/0','0/0','1/14112000','0','0','2754478080','195.186939','138330','/media/pi/ZUKE/MUSIC/MMs/MM 30/06 - Mis Ojos Lloran por Ti - Quebradita.mp3');
insert into format ("filename","nb_streams","nb_programs","format_name","format_long_name","start_time","duration","size","bit_rate","probe_score","filepath") values ('/media/pi/ZUKE/MUSIC/MMs/MM 30/06 - Mis Ojos Lloran por Ti - Quebradita.mp3','1','0','mp3','MP2/3 (MPEG audio layer 2/3)','0','195.186939','3377280','138422','51','/media/pi/ZUKE/MUSIC/MMs/MM 30/06 - Mis Ojos Lloran por Ti - Quebradita.mp3');
insert into disposition ("default","dub","original","comment","lyrics","karaoke","forced","hearing_impaired","visual_impaired","clean_effects","attached_pic","timed_thumbnails","filepath") values ('0','0','0','0','0','0','0','0','0','0','0','0','/media/pi/ZUKE/MUSIC/MMs/MM 30/06 - Mis Ojos Lloran por Ti - Quebradita.mp3');
insert into tags ("album","composer","genre","title","artist","disc","track","filepath") values ('Mega Mix 30','Zumba Fitness','Quebradita','Mis Ojos Lloran por Ti','Zumba Fitness','1/1','06/10','/media/pi/ZUKE/MUSIC/MMs/MM 30/06 - Mis Ojos Lloran por Ti - Quebradita.mp3');
insert into mp3s ("filepath") values ('/media/pi/ZUKE/MUSIC/MMs/MM 30/06 - Mis Ojos Lloran por Ti - Quebradita.mp3');
insert into streams ("index","codec_name","codec_long_name","codec_type","codec_time_base","codec_tag_string","codec_tag","sample_fmt","sample_rate","channels","channel_layout","bits_per_sample","r_frame_rate","avg_frame_rate","time_base","start_pts","start_time","duration_ts","duration","bit_rate","filepath") values ('0','mp3','MP3 (MPEG audio layer 3)','audio','1/44100','[0][0][0][0]','0x0000','fltp','44100','2','stereo','0','0/0','0/0','1/14112000','0','0','3049390080','216.084898','167897','/media/pi/ZUKE/MUSIC/MMs/MM 30/07 - El Baile de las Cocoteras - Cumbia.mp3');
insert into format ("filename","nb_streams","nb_programs","format_name","format_long_name","start_time","duration","size","bit_rate","probe_score","filepath") values ('/media/pi/ZUKE/MUSIC/MMs/MM 30/07 - El Baile de las Cocoteras - Cumbia.mp3','1','0','mp3','MP2/3 (MPEG audio layer 2/3)','0','216.084898','4536448','167950','51','/media/pi/ZUKE/MUSIC/MMs/MM 30/07 - El Baile de las Cocoteras - Cumbia.mp3');
insert into disposition ("default","dub","original","comment","lyrics","karaoke","forced","hearing_impaired","visual_impaired","clean_effects","attached_pic","timed_thumbnails","filepath") values ('0','0','0','0','0','0','0','0','0','0','0','0','/media/pi/ZUKE/MUSIC/MMs/MM 30/07 - El Baile de las Cocoteras - Cumbia.mp3');
insert into tags ("album","composer","genre","title","artist","disc","track","filepath") values ('Mega Mix 30','Zumba Fitness','Cumbia','El Baile de las Cocoteras','Zumba Fitness','1/1','07/10','/media/pi/ZUKE/MUSIC/MMs/MM 30/07 - El Baile de las Cocoteras - Cumbia.mp3');
insert into mp3s ("filepath") values ('/media/pi/ZUKE/MUSIC/MMs/MM 30/07 - El Baile de las Cocoteras - Cumbia.mp3');
insert into streams ("index","codec_name","codec_long_name","codec_type","codec_time_base","codec_tag_string","codec_tag","sample_fmt","sample_rate","channels","channel_layout","bits_per_sample","r_frame_rate","avg_frame_rate","time_base","start_pts","start_time","duration_ts","duration","bit_rate","filepath") values ('0','mp3','MP3 (MPEG audio layer 3)','audio','1/44100','[0][0][0][0]','0x0000','fltp','44100','2','stereo','0','0/0','0/0','1/14112000','0','0','4080476160','289.149388','145016','/media/pi/ZUKE/MUSIC/MMs/MM 30/08 - Thats Not My Name - Punk Pop.mp3');
insert into format ("filename","nb_streams","nb_programs","format_name","format_long_name","start_time","duration","size","bit_rate","probe_score","filepath") values ('/media/pi/ZUKE/MUSIC/MMs/MM 30/08 - Thats Not My Name - Punk Pop.mp3','1','0','mp3','MP2/3 (MPEG audio layer 2/3)','0','289.149388','5243008','145060','51','/media/pi/ZUKE/MUSIC/MMs/MM 30/08 - Thats Not My Name - Punk Pop.mp3');
insert into disposition ("default","dub","original","comment","lyrics","karaoke","forced","hearing_impaired","visual_impaired","clean_effects","attached_pic","timed_thumbnails","filepath") values ('0','0','0','0','0','0','0','0','0','0','0','0','/media/pi/ZUKE/MUSIC/MMs/MM 30/08 - Thats Not My Name - Punk Pop.mp3');
insert into tags ("album","composer","genre","title","artist","disc","track","filepath") values ('Mega Mix 30','Zumba Fitness','Punk Pop','Thats Not My Name','Zumba Fitness','1/1','08/10','/media/pi/ZUKE/MUSIC/MMs/MM 30/08 - Thats Not My Name - Punk Pop.mp3');
insert into mp3s ("filepath") values ('/media/pi/ZUKE/MUSIC/MMs/MM 30/08 - Thats Not My Name - Punk Pop.mp3');
insert into streams ("index","codec_name","codec_long_name","codec_type","codec_time_base","codec_tag_string","codec_tag","sample_fmt","sample_rate","channels","channel_layout","bits_per_sample","r_frame_rate","avg_frame_rate","time_base","start_pts","start_time","duration_ts","duration","bit_rate","filepath") values ('0','mp3','MP3 (MPEG audio layer 3)','audio','1/44100','[0][0][0][0]','0x0000','fltp','44100','2','stereo','0','0/0','0/0','1/14112000','0','0','2542141440','180.140408','152863','/media/pi/ZUKE/MUSIC/MMs/MM 30/09 - Verano Solido - Merengue.mp3');
insert into format ("filename","nb_streams","nb_programs","format_name","format_long_name","start_time","duration","size","bit_rate","probe_score","filepath") values ('/media/pi/ZUKE/MUSIC/MMs/MM 30/09 - Verano Solido - Merengue.mp3','1','0','mp3','MP2/3 (MPEG audio layer 2/3)','0','180.140408','3442816','152894','51','/media/pi/ZUKE/MUSIC/MMs/MM 30/09 - Verano Solido - Merengue.mp3');
insert into disposition ("default","dub","original","comment","lyrics","karaoke","forced","hearing_impaired","visual_impaired","clean_effects","attached_pic","timed_thumbnails","filepath") values ('0','0','0','0','0','0','0','0','0','0','0','0','/media/pi/ZUKE/MUSIC/MMs/MM 30/09 - Verano Solido - Merengue.mp3');
insert into tags ("album","composer","genre","title","artist","disc","track","filepath") values ('Mega Mix 30','Zumba Fitness','Merengue','Verano Solido','Zumba Fitness','1/1','09/10','/media/pi/ZUKE/MUSIC/MMs/MM 30/09 - Verano Solido - Merengue.mp3');
insert into mp3s ("filepath") values ('/media/pi/ZUKE/MUSIC/MMs/MM 30/09 - Verano Solido - Merengue.mp3');
insert into streams ("index","codec_name","codec_long_name","codec_type","codec_time_base","codec_tag_string","codec_tag","sample_fmt","sample_rate","channels","channel_layout","bits_per_sample","r_frame_rate","avg_frame_rate","time_base","start_pts","start_time","duration_ts","duration","bit_rate","filepath") values ('0','mp3','MP3 (MPEG audio layer 3)','audio','1/44100','[0][0][0][0]','0x0000','fltp','44100','2','stereo','0','0/0','0/0','1/14112000','0','0','3200532480','226.795102','164753','/media/pi/ZUKE/MUSIC/MMs/MM 30/10 - Feel Alright - Tropical - Pop.mp3');
insert into format ("filename","nb_streams","nb_programs","format_name","format_long_name","start_time","duration","size","bit_rate","probe_score","filepath") values ('/media/pi/ZUKE/MUSIC/MMs/MM 30/10 - Feel Alright - Tropical - Pop.mp3','1','0','mp3','MP2/3 (MPEG audio layer 2/3)','0','226.795102','4671616','164787','51','/media/pi/ZUKE/MUSIC/MMs/MM 30/10 - Feel Alright - Tropical - Pop.mp3');
insert into disposition ("default","dub","original","comment","lyrics","karaoke","forced","hearing_impaired","visual_impaired","clean_effects","attached_pic","timed_thumbnails","filepath") values ('0','0','0','0','0','0','0','0','0','0','0','0','/media/pi/ZUKE/MUSIC/MMs/MM 30/10 - Feel Alright - Tropical - Pop.mp3');
insert into tags ("album","composer","genre","title","artist","disc","track","filepath") values ('Mega Mix 30','Zumba Fitness','Tropical,Pop','Feel Alright','Zumba Fitness','1/1','10/10','/media/pi/ZUKE/MUSIC/MMs/MM 30/10 - Feel Alright - Tropical - Pop.mp3');
insert into mp3s ("filepath") values ('/media/pi/ZUKE/MUSIC/MMs/MM 30/10 - Feel Alright - Tropical - Pop.mp3');
insert into streams ("index","codec_name","codec_long_name","codec_type","codec_time_base","codec_tag_string","codec_tag","sample_fmt","sample_rate","channels","channel_layout","bits_per_sample","r_frame_rate","avg_frame_rate","time_base","start_pts","start_time","duration_ts","duration","bit_rate","filepath") values ('0','mp3','MP3 (MPEG audio layer 3)','audio','1/44100','[0][0][0][0]','0x0000','fltp','44100','2','stereo','0','0/0','0/0','1/14112000','0','0','3011788800','213.420408','149351','/media/pi/ZUKE/MUSIC/MMs/MM 31/01 - We Found Love - Electropop - Warm-up.mp3');
insert into format ("filename","nb_streams","nb_programs","format_name","format_long_name","start_time","duration","size","bit_rate","probe_score","filepath") values ('/media/pi/ZUKE/MUSIC/MMs/MM 31/01 - We Found Love - Electropop - Warm-up.mp3','1','0','mp3','MP2/3 (MPEG audio layer 2/3)','0','213.420408','3985536','149396','51','/media/pi/ZUKE/MUSIC/MMs/MM 31/01 - We Found Love - Electropop - Warm-up.mp3');
insert into disposition ("default","dub","original","comment","lyrics","karaoke","forced","hearing_impaired","visual_impaired","clean_effects","attached_pic","timed_thumbnails","filepath") values ('0','0','0','0','0','0','0','0','0','0','0','0','/media/pi/ZUKE/MUSIC/MMs/MM 31/01 - We Found Love - Electropop - Warm-up.mp3');
insert into tags ("album","composer","genre","title","artist","disc","track","filepath") values ('Mega Mix 31','Zumba Fitness','Electropop,Warm-up','We Found Love','Zumba Fitness','1/1','01/10','/media/pi/ZUKE/MUSIC/MMs/MM 31/01 - We Found Love - Electropop - Warm-up.mp3');
insert into mp3s ("filepath") values ('/media/pi/ZUKE/MUSIC/MMs/MM 31/01 - We Found Love - Electropop - Warm-up.mp3');
insert into streams ("index","codec_name","codec_long_name","codec_type","codec_time_base","codec_tag_string","codec_tag","sample_fmt","sample_rate","channels","channel_layout","bits_per_sample","r_frame_rate","avg_frame_rate","time_base","start_pts","start_time","duration_ts","duration","bit_rate","filepath") values ('0','mp3','MP3 (MPEG audio layer 3)','audio','1/44100','[0][0][0][0]','0x0000','fltp','44100','2','stereo','0','0/0','0/0','1/14112000','0','0','3038699520','215.327347','162201','/media/pi/ZUKE/MUSIC/MMs/MM 31/02 - El Lapicero - Merengue.mp3');
insert into format ("filename","nb_streams","nb_programs","format_name","format_long_name","start_time","duration","size","bit_rate","probe_score","filepath") values ('/media/pi/ZUKE/MUSIC/MMs/MM 31/02 - El Lapicero - Merengue.mp3','1','0','mp3','MP2/3 (MPEG audio layer 2/3)','0','215.327347','4366464','162226','51','/media/pi/ZUKE/MUSIC/MMs/MM 31/02 - El Lapicero - Merengue.mp3');
insert into disposition ("default","dub","original","comment","lyrics","karaoke","forced","hearing_impaired","visual_impaired","clean_effects","attached_pic","timed_thumbnails","filepath") values ('0','0','0','0','0','0','0','0','0','0','0','0','/media/pi/ZUKE/MUSIC/MMs/MM 31/02 - El Lapicero - Merengue.mp3');
insert into tags ("album","composer","genre","title","artist","disc","track","filepath") values ('Mega Mix 31','Zumba Fitness','Merengue','El Lapicero','Zumba Fitness','1/1','02/10','/media/pi/ZUKE/MUSIC/MMs/MM 31/02 - El Lapicero - Merengue.mp3');
insert into mp3s ("filepath") values ('/media/pi/ZUKE/MUSIC/MMs/MM 31/02 - El Lapicero - Merengue.mp3');
insert into streams ("index","codec_name","codec_long_name","codec_type","codec_time_base","codec_tag_string","codec_tag","sample_fmt","sample_rate","channels","channel_layout","bits_per_sample","r_frame_rate","avg_frame_rate","time_base","start_pts","start_time","duration_ts","duration","bit_rate","filepath") values ('0','mp3','MP3 (MPEG audio layer 3)','audio','1/44100','[0][0][0][0]','0x0000','fltp','44100','2','stereo','0','0/0','0/0','1/14112000','0','0','3462635520','245.368163','178858','/media/pi/ZUKE/MUSIC/MMs/MM 31/03 - Al Son de los Cueros - Salsa.mp3');
insert into format ("filename","nb_streams","nb_programs","format_name","format_long_name","start_time","duration","size","bit_rate","probe_score","filepath") values ('/media/pi/ZUKE/MUSIC/MMs/MM 31/03 - Al Son de los Cueros - Salsa.mp3','1','0','mp3','MP2/3 (MPEG audio layer 2/3)','0','245.368163','5486720','178889','51','/media/pi/ZUKE/MUSIC/MMs/MM 31/03 - Al Son de los Cueros - Salsa.mp3');
insert into disposition ("default","dub","original","comment","lyrics","karaoke","forced","hearing_impaired","visual_impaired","clean_effects","attached_pic","timed_thumbnails","filepath") values ('0','0','0','0','0','0','0','0','0','0','0','0','/media/pi/ZUKE/MUSIC/MMs/MM 31/03 - Al Son de los Cueros - Salsa.mp3');
insert into tags ("album","composer","genre","title","artist","disc","track","filepath") values ('Mega Mix 31','Zumba Fitness','Salsa','Al Son de los Cueros','Zumba Fitness','1/1','03/10','/media/pi/ZUKE/MUSIC/MMs/MM 31/03 - Al Son de los Cueros - Salsa.mp3');
insert into mp3s ("filepath") values ('/media/pi/ZUKE/MUSIC/MMs/MM 31/03 - Al Son de los Cueros - Salsa.mp3');
insert into streams ("index","codec_name","codec_long_name","codec_type","codec_time_base","codec_tag_string","codec_tag","sample_fmt","sample_rate","channels","channel_layout","bits_per_sample","r_frame_rate","avg_frame_rate","time_base","start_pts","start_time","duration_ts","duration","bit_rate","filepath") values ('0','mp3','MP3 (MPEG audio layer 3)','audio','1/44100','[0][0][0][0]','0x0000','fltp','44100','2','stereo','0','0/0','0/0','1/14112000','0','0','2873548800','203.624490','157578','/media/pi/ZUKE/MUSIC/MMs/MM 31/04 - La Cumbia Tribalera - Tribal.mp3');
insert into format ("filename","nb_streams","nb_programs","format_name","format_long_name","start_time","duration","size","bit_rate","probe_score","filepath") values ('/media/pi/ZUKE/MUSIC/MMs/MM 31/04 - La Cumbia Tribalera - Tribal.mp3','1','0','mp3','MP2/3 (MPEG audio layer 2/3)','0','203.624490','4012160','157629','51','/media/pi/ZUKE/MUSIC/MMs/MM 31/04 - La Cumbia Tribalera - Tribal.mp3');
insert into disposition ("default","dub","original","comment","lyrics","karaoke","forced","hearing_impaired","visual_impaired","clean_effects","attached_pic","timed_thumbnails","filepath") values ('0','0','0','0','0','0','0','0','0','0','0','0','/media/pi/ZUKE/MUSIC/MMs/MM 31/04 - La Cumbia Tribalera - Tribal.mp3');
insert into tags ("album","composer","genre","title","artist","disc","track","filepath") values ('Mega Mix 31','Zumba Fitness','Tribal','La Cumbia Tribalera','Zumba Fitness','1/1','04/10','/media/pi/ZUKE/MUSIC/MMs/MM 31/04 - La Cumbia Tribalera - Tribal.mp3');
insert into mp3s ("filepath") values ('/media/pi/ZUKE/MUSIC/MMs/MM 31/04 - La Cumbia Tribalera - Tribal.mp3');
insert into streams ("index","codec_name","codec_long_name","codec_type","codec_time_base","codec_tag_string","codec_tag","sample_fmt","sample_rate","channels","channel_layout","bits_per_sample","r_frame_rate","avg_frame_rate","time_base","start_pts","start_time","duration_ts","duration","bit_rate","filepath") values ('0','mp3','MP3 (MPEG audio layer 3)','audio','1/44100','[0][0][0][0]','0x0000','fltp','44100','2','stereo','0','0/0','0/0','1/14112000','0','0','2927001600','207.412245','156169','/media/pi/ZUKE/MUSIC/MMs/MM 31/05 - Ahora Es - Reggaeton.mp3');
insert into format ("filename","nb_streams","nb_programs","format_name","format_long_name","start_time","duration","size","bit_rate","probe_score","filepath") values ('/media/pi/ZUKE/MUSIC/MMs/MM 31/05 - Ahora Es - Reggaeton.mp3','1','0','mp3','MP2/3 (MPEG audio layer 2/3)','0','207.412245','4051072','156251','51','/media/pi/ZUKE/MUSIC/MMs/MM 31/05 - Ahora Es - Reggaeton.mp3');
insert into disposition ("default","dub","original","comment","lyrics","karaoke","forced","hearing_impaired","visual_impaired","clean_effects","attached_pic","timed_thumbnails","filepath") values ('0','0','0','0','0','0','0','0','0','0','0','0','/media/pi/ZUKE/MUSIC/MMs/MM 31/05 - Ahora Es - Reggaeton.mp3');
insert into tags ("album","composer","genre","title","artist","disc","track","filepath") values ('Mega Mix 31','Zumba Fitness','Reggaeton','Ahora Es','Zumba Fitness','1/1','05/10','/media/pi/ZUKE/MUSIC/MMs/MM 31/05 - Ahora Es - Reggaeton.mp3');
insert into mp3s ("filepath") values ('/media/pi/ZUKE/MUSIC/MMs/MM 31/05 - Ahora Es - Reggaeton.mp3');
insert into streams ("index","codec_name","codec_long_name","codec_type","codec_time_base","codec_tag_string","codec_tag","sample_fmt","sample_rate","channels","channel_layout","bits_per_sample","r_frame_rate","avg_frame_rate","time_base","start_pts","start_time","duration_ts","duration","bit_rate","filepath") values ('0','mp3','MP3 (MPEG audio layer 3)','audio','1/44100','[0][0][0][0]','0x0000','fltp','44100','2','stereo','0','0/0','0/0','1/14112000','0','0','2748579840','194.768980','156151','/media/pi/ZUKE/MUSIC/MMs/MM 31/06 - Agachadita - Cumbia.mp3');
insert into format ("filename","nb_streams","nb_programs","format_name","format_long_name","start_time","duration","size","bit_rate","probe_score","filepath") values ('/media/pi/ZUKE/MUSIC/MMs/MM 31/06 - Agachadita - Cumbia.mp3','1','0','mp3','MP2/3 (MPEG audio layer 2/3)','0','194.768980','3803264','156216','51','/media/pi/ZUKE/MUSIC/MMs/MM 31/06 - Agachadita - Cumbia.mp3');
insert into disposition ("default","dub","original","comment","lyrics","karaoke","forced","hearing_impaired","visual_impaired","clean_effects","attached_pic","timed_thumbnails","filepath") values ('0','0','0','0','0','0','0','0','0','0','0','0','/media/pi/ZUKE/MUSIC/MMs/MM 31/06 - Agachadita - Cumbia.mp3');
insert into tags ("album","composer","genre","title","artist","disc","track","filepath") values ('Mega Mix 31','Zumba Fitness','Cumbia','Agachadita','Zumba Fitness','1/1','06/10','/media/pi/ZUKE/MUSIC/MMs/MM 31/06 - Agachadita - Cumbia.mp3');
insert into mp3s ("filepath") values ('/media/pi/ZUKE/MUSIC/MMs/MM 31/06 - Agachadita - Cumbia.mp3');
insert into streams ("index","codec_name","codec_long_name","codec_type","codec_time_base","codec_tag_string","codec_tag","sample_fmt","sample_rate","channels","channel_layout","bits_per_sample","r_frame_rate","avg_frame_rate","time_base","start_pts","start_time","duration_ts","duration","bit_rate","filepath") values ('0','mp3','MP3 (MPEG audio layer 3)','audio','1/44100','[0][0][0][0]','0x0000','fltp','44100','2','stereo','0','0/0','0/0','1/14112000','0','0','2852167680','202.109388','150129','/media/pi/ZUKE/MUSIC/MMs/MM 31/07 - Danca Da Cordinha - Samba - Axe.mp3');
insert into format ("filename","nb_streams","nb_programs","format_name","format_long_name","start_time","duration","size","bit_rate","probe_score","filepath") values ('/media/pi/ZUKE/MUSIC/MMs/MM 31/07 - Danca Da Cordinha - Samba - Axe.mp3','1','0','mp3','MP2/3 (MPEG audio layer 2/3)','0','202.109388','3795072','150218','51','/media/pi/ZUKE/MUSIC/MMs/MM 31/07 - Danca Da Cordinha - Samba - Axe.mp3');
insert into disposition ("default","dub","original","comment","lyrics","karaoke","forced","hearing_impaired","visual_impaired","clean_effects","attached_pic","timed_thumbnails","filepath") values ('0','0','0','0','0','0','0','0','0','0','0','0','/media/pi/ZUKE/MUSIC/MMs/MM 31/07 - Danca Da Cordinha - Samba - Axe.mp3');
insert into tags ("album","composer","genre","title","artist","disc","track","filepath") values ('Mega Mix 31','Zumba Fitness','Samba,Axe','Danca Da Cordinha','Zumba Fitness','1/1','07/10','/media/pi/ZUKE/MUSIC/MMs/MM 31/07 - Danca Da Cordinha - Samba - Axe.mp3');
insert into mp3s ("filepath") values ('/media/pi/ZUKE/MUSIC/MMs/MM 31/07 - Danca Da Cordinha - Samba - Axe.mp3');
insert into streams ("index","codec_name","codec_long_name","codec_type","codec_time_base","codec_tag_string","codec_tag","sample_fmt","sample_rate","channels","channel_layout","bits_per_sample","r_frame_rate","avg_frame_rate","time_base","start_pts","start_time","duration_ts","duration","bit_rate","filepath") values ('0','mp3','MP3 (MPEG audio layer 3)','audio','1/44100','[0][0][0][0]','0x0000','fltp','44100','2','stereo','0','0/0','0/0','1/14112000','0','0','2946170880','208.770612','173091','/media/pi/ZUKE/MUSIC/MMs/MM 31/08 - Le Freak - Disco.mp3');
insert into format ("filename","nb_streams","nb_programs","format_name","format_long_name","start_time","duration","size","bit_rate","probe_score","filepath") values ('/media/pi/ZUKE/MUSIC/MMs/MM 31/08 - Le Freak - Disco.mp3','1','0','mp3','MP2/3 (MPEG audio layer 2/3)','0','208.770612','4518016','173128','51','/media/pi/ZUKE/MUSIC/MMs/MM 31/08 - Le Freak - Disco.mp3');
insert into disposition ("default","dub","original","comment","lyrics","karaoke","forced","hearing_impaired","visual_impaired","clean_effects","attached_pic","timed_thumbnails","filepath") values ('0','0','0','0','0','0','0','0','0','0','0','0','/media/pi/ZUKE/MUSIC/MMs/MM 31/08 - Le Freak - Disco.mp3');
insert into tags ("album","composer","genre","title","artist","disc","track","filepath") values ('Mega Mix 31','Zumba Fitness','Disco','Le Freak','Zumba Fitness','1/1','08/10','/media/pi/ZUKE/MUSIC/MMs/MM 31/08 - Le Freak - Disco.mp3');
insert into mp3s ("filepath") values ('/media/pi/ZUKE/MUSIC/MMs/MM 31/08 - Le Freak - Disco.mp3');
insert into streams ("index","codec_name","codec_long_name","codec_type","codec_time_base","codec_tag_string","codec_tag","sample_fmt","sample_rate","channels","channel_layout","bits_per_sample","r_frame_rate","avg_frame_rate","time_base","start_pts","start_time","duration_ts","duration","bit_rate","filepath") values ('0','mp3','MP3 (MPEG audio layer 3)','audio','1/44100','[0][0][0][0]','0x0000','fltp','44100','2','stereo','0','0/0','0/0','1/14112000','0','0','3141550080','222.615510','153130','/media/pi/ZUKE/MUSIC/MMs/MM 31/09 - Trikitrikitraun - Rumba Flamenca.mp3');
insert into format ("filename","nb_streams","nb_programs","format_name","format_long_name","start_time","duration","size","bit_rate","probe_score","filepath") values ('/media/pi/ZUKE/MUSIC/MMs/MM 31/09 - Trikitrikitraun - Rumba Flamenca.mp3','1','0','mp3','MP2/3 (MPEG audio layer 2/3)','0','222.615510','4262016','153161','51','/media/pi/ZUKE/MUSIC/MMs/MM 31/09 - Trikitrikitraun - Rumba Flamenca.mp3');
insert into disposition ("default","dub","original","comment","lyrics","karaoke","forced","hearing_impaired","visual_impaired","clean_effects","attached_pic","timed_thumbnails","filepath") values ('0','0','0','0','0','0','0','0','0','0','0','0','/media/pi/ZUKE/MUSIC/MMs/MM 31/09 - Trikitrikitraun - Rumba Flamenca.mp3');
insert into tags ("album","composer","genre","title","artist","disc","track","filepath") values ('Mega Mix 31','Zumba Fitness','Rumba Flamenca','Trikitrikitraun','Zumba Fitness','1/1','09/10','/media/pi/ZUKE/MUSIC/MMs/MM 31/09 - Trikitrikitraun - Rumba Flamenca.mp3');
insert into mp3s ("filepath") values ('/media/pi/ZUKE/MUSIC/MMs/MM 31/09 - Trikitrikitraun - Rumba Flamenca.mp3');
insert into streams ("index","codec_name","codec_long_name","codec_type","codec_time_base","codec_tag_string","codec_tag","sample_fmt","sample_rate","channels","channel_layout","bits_per_sample","r_frame_rate","avg_frame_rate","time_base","start_pts","start_time","duration_ts","duration","bit_rate","filepath") values ('0','mp3','MP3 (MPEG audio layer 3)','audio','1/44100','[0][0][0][0]','0x0000','fltp','44100','2','stereo','0','0/0','0/0','1/14112000','0','0','3055288320','216.502857','169377','/media/pi/ZUKE/MUSIC/MMs/MM 31/10 - Las Cosas Pequenas - Bachata.mp3');
insert into format ("filename","nb_streams","nb_programs","format_name","format_long_name","start_time","duration","size","bit_rate","probe_score","filepath") values ('/media/pi/ZUKE/MUSIC/MMs/MM 31/10 - Las Cosas Pequenas - Bachata.mp3','1','0','mp3','MP2/3 (MPEG audio layer 2/3)','0','216.502857','4585600','169442','51','/media/pi/ZUKE/MUSIC/MMs/MM 31/10 - Las Cosas Pequenas - Bachata.mp3');
insert into disposition ("default","dub","original","comment","lyrics","karaoke","forced","hearing_impaired","visual_impaired","clean_effects","attached_pic","timed_thumbnails","filepath") values ('0','0','0','0','0','0','0','0','0','0','0','0','/media/pi/ZUKE/MUSIC/MMs/MM 31/10 - Las Cosas Pequenas - Bachata.mp3');
insert into tags ("album","composer","genre","title","artist","disc","track","filepath") values ('Mega Mix 31','Zumba Fitness','Bachata','Las Cosas Pequenas','Zumba Fitness','1/1','10/10','/media/pi/ZUKE/MUSIC/MMs/MM 31/10 - Las Cosas Pequenas - Bachata.mp3');
insert into mp3s ("filepath") values ('/media/pi/ZUKE/MUSIC/MMs/MM 31/10 - Las Cosas Pequenas - Bachata.mp3');
insert into streams ("index","codec_name","codec_long_name","codec_type","codec_time_base","codec_tag_string","codec_tag","sample_fmt","sample_rate","channels","channel_layout","bits_per_sample","r_frame_rate","avg_frame_rate","time_base","start_pts","start_time","duration_ts","duration","bit_rate","filepath") values ('0','mp3','MP3 (MPEG audio layer 3)','audio','1/44100','[0][0][0][0]','0x0000','fltp','44100','2','stereo','0','0/0','0/0','1/14112000','0','0','5234319360','370.912653','156591','/media/pi/ZUKE/MUSIC/MMs/MM 32/01 - Calor - Warm-up.mp3');
insert into format ("filename","nb_streams","nb_programs","format_name","format_long_name","start_time","duration","size","bit_rate","probe_score","filepath") values ('/media/pi/ZUKE/MUSIC/MMs/MM 32/01 - Calor - Warm-up.mp3','1','0','mp3','MP2/3 (MPEG audio layer 2/3)','0','370.912653','7262336','156637','51','/media/pi/ZUKE/MUSIC/MMs/MM 32/01 - Calor - Warm-up.mp3');
insert into disposition ("default","dub","original","comment","lyrics","karaoke","forced","hearing_impaired","visual_impaired","clean_effects","attached_pic","timed_thumbnails","filepath") values ('0','0','0','0','0','0','0','0','0','0','0','0','/media/pi/ZUKE/MUSIC/MMs/MM 32/01 - Calor - Warm-up.mp3');
insert into tags ("album","composer","genre","title","artist","disc","track","filepath") values ('Mega Mix 32','Zumba Fitness','Warm-up','Calor','Zumba Fitness','1/1','01/11','/media/pi/ZUKE/MUSIC/MMs/MM 32/01 - Calor - Warm-up.mp3');
insert into mp3s ("filepath") values ('/media/pi/ZUKE/MUSIC/MMs/MM 32/01 - Calor - Warm-up.mp3');
insert into streams ("index","codec_name","codec_long_name","codec_type","codec_time_base","codec_tag_string","codec_tag","sample_fmt","sample_rate","channels","channel_layout","bits_per_sample","r_frame_rate","avg_frame_rate","time_base","start_pts","start_time","duration_ts","duration","bit_rate","filepath") values ('0','mp3','MP3 (MPEG audio layer 3)','audio','1/44100','[0][0][0][0]','0x0000','fltp','44100','2','stereo','0','0/0','0/0','1/14112000','0','0','3273523200','231.967347','166272','/media/pi/ZUKE/MUSIC/MMs/MM 32/02 - Suena Despierto Es Carnaval - Latin Pop.mp3');
insert into format ("filename","nb_streams","nb_programs","format_name","format_long_name","start_time","duration","size","bit_rate","probe_score","filepath") values ('/media/pi/ZUKE/MUSIC/MMs/MM 32/02 - Suena Despierto Es Carnaval - Latin Pop.mp3','1','0','mp3','MP2/3 (MPEG audio layer 2/3)','0','231.967347','4823168','166339','51','/media/pi/ZUKE/MUSIC/MMs/MM 32/02 - Suena Despierto Es Carnaval - Latin Pop.mp3');
insert into disposition ("default","dub","original","comment","lyrics","karaoke","forced","hearing_impaired","visual_impaired","clean_effects","attached_pic","timed_thumbnails","filepath") values ('0','0','0','0','0','0','0','0','0','0','0','0','/media/pi/ZUKE/MUSIC/MMs/MM 32/02 - Suena Despierto Es Carnaval - Latin Pop.mp3');
insert into tags ("album","composer","genre","title","artist","disc","track","filepath") values ('Mega Mix 32','Zumba Fitness','Latin Pop','Suena Despierto Es Carnaval','Zumba Fitness','1/1','02/11','/media/pi/ZUKE/MUSIC/MMs/MM 32/02 - Suena Despierto Es Carnaval - Latin Pop.mp3');
insert into mp3s ("filepath") values ('/media/pi/ZUKE/MUSIC/MMs/MM 32/02 - Suena Despierto Es Carnaval - Latin Pop.mp3');
insert into streams ("index","codec_name","codec_long_name","codec_type","codec_time_base","codec_tag_string","codec_tag","sample_fmt","sample_rate","channels","channel_layout","bits_per_sample","r_frame_rate","avg_frame_rate","time_base","start_pts","start_time","duration_ts","duration","bit_rate","filepath") values ('0','mp3','MP3 (MPEG audio layer 3)','audio','1/44100','[0][0][0][0]','0x0000','fltp','44100','2','stereo','0','0/0','0/0','1/14112000','0','0','2790236160','197.720816','165153','/media/pi/ZUKE/MUSIC/MMs/MM 32/03 - Toma Reggaeton - Reggaeton.mp3');
insert into format ("filename","nb_streams","nb_programs","format_name","format_long_name","start_time","duration","size","bit_rate","probe_score","filepath") values ('/media/pi/ZUKE/MUSIC/MMs/MM 32/03 - Toma Reggaeton - Reggaeton.mp3','1','0','mp3','MP2/3 (MPEG audio layer 2/3)','0','197.720816','4083840','165236','51','/media/pi/ZUKE/MUSIC/MMs/MM 32/03 - Toma Reggaeton - Reggaeton.mp3');
insert into disposition ("default","dub","original","comment","lyrics","karaoke","forced","hearing_impaired","visual_impaired","clean_effects","attached_pic","timed_thumbnails","filepath") values ('0','0','0','0','0','0','0','0','0','0','0','0','/media/pi/ZUKE/MUSIC/MMs/MM 32/03 - Toma Reggaeton - Reggaeton.mp3');
insert into tags ("album","composer","genre","title","artist","disc","track","filepath") values ('Mega Mix 32','Zumba Fitness','Reggaeton','Toma Reggaeton','Zumba Fitness','1/1','03/11','/media/pi/ZUKE/MUSIC/MMs/MM 32/03 - Toma Reggaeton - Reggaeton.mp3');
insert into mp3s ("filepath") values ('/media/pi/ZUKE/MUSIC/MMs/MM 32/03 - Toma Reggaeton - Reggaeton.mp3');
insert into streams ("index","codec_name","codec_long_name","codec_type","codec_time_base","codec_tag_string","codec_tag","sample_fmt","sample_rate","channels","channel_layout","bits_per_sample","r_frame_rate","avg_frame_rate","time_base","start_pts","start_time","duration_ts","duration","bit_rate","filepath") values ('0','mp3','MP3 (MPEG audio layer 3)','audio','1/44100','[0][0][0][0]','0x0000','fltp','44100','2','stereo','0','0/0','0/0','1/14112000','0','0','2687385600','190.432653','142305','/media/pi/ZUKE/MUSIC/MMs/MM 32/04 - El Tucanazo - Quebradita.mp3');
insert into format ("filename","nb_streams","nb_programs","format_name","format_long_name","start_time","duration","size","bit_rate","probe_score","filepath") values ('/media/pi/ZUKE/MUSIC/MMs/MM 32/04 - El Tucanazo - Quebradita.mp3','1','0','mp3','MP2/3 (MPEG audio layer 2/3)','0','190.432653','3389568','142394','51','/media/pi/ZUKE/MUSIC/MMs/MM 32/04 - El Tucanazo - Quebradita.mp3');
insert into disposition ("default","dub","original","comment","lyrics","karaoke","forced","hearing_impaired","visual_impaired","clean_effects","attached_pic","timed_thumbnails","filepath") values ('0','0','0','0','0','0','0','0','0','0','0','0','/media/pi/ZUKE/MUSIC/MMs/MM 32/04 - El Tucanazo - Quebradita.mp3');
insert into tags ("album","composer","genre","title","artist","disc","track","filepath") values ('Mega Mix 32','Zumba Fitness','Quebradita','El Tucanazo','Zumba Fitness','1/1','04/11','/media/pi/ZUKE/MUSIC/MMs/MM 32/04 - El Tucanazo - Quebradita.mp3');
insert into mp3s ("filepath") values ('/media/pi/ZUKE/MUSIC/MMs/MM 32/04 - El Tucanazo - Quebradita.mp3');
insert into streams ("index","codec_name","codec_long_name","codec_type","codec_time_base","codec_tag_string","codec_tag","sample_fmt","sample_rate","channels","channel_layout","bits_per_sample","r_frame_rate","avg_frame_rate","time_base","start_pts","start_time","duration_ts","duration","bit_rate","filepath") values ('0','mp3','MP3 (MPEG audio layer 3)','audio','1/44100','[0][0][0][0]','0x0000','fltp','44100','2','stereo','0','0/0','0/0','1/14112000','0','0','2463252480','174.550204','157002','/media/pi/ZUKE/MUSIC/MMs/MM 32/05 - Desengoncado - Axe.mp3');
insert into format ("filename","nb_streams","nb_programs","format_name","format_long_name","start_time","duration","size","bit_rate","probe_score","filepath") values ('/media/pi/ZUKE/MUSIC/MMs/MM 32/05 - Desengoncado - Axe.mp3','1','0','mp3','MP2/3 (MPEG audio layer 2/3)','0','174.550204','3426432','157040','51','/media/pi/ZUKE/MUSIC/MMs/MM 32/05 - Desengoncado - Axe.mp3');
insert into disposition ("default","dub","original","comment","lyrics","karaoke","forced","hearing_impaired","visual_impaired","clean_effects","attached_pic","timed_thumbnails","filepath") values ('0','0','0','0','0','0','0','0','0','0','0','0','/media/pi/ZUKE/MUSIC/MMs/MM 32/05 - Desengoncado - Axe.mp3');
insert into tags ("album","composer","genre","title","artist","disc","track","filepath") values ('Mega Mix 32','Zumba Fitness','Axe','Desengoncado','Zumba Fitness','1/1','05/11','/media/pi/ZUKE/MUSIC/MMs/MM 32/05 - Desengoncado - Axe.mp3');
insert into mp3s ("filepath") values ('/media/pi/ZUKE/MUSIC/MMs/MM 32/05 - Desengoncado - Axe.mp3');
insert into streams ("index","codec_name","codec_long_name","codec_type","codec_time_base","codec_tag_string","codec_tag","sample_fmt","sample_rate","channels","channel_layout","bits_per_sample","r_frame_rate","avg_frame_rate","time_base","start_pts","start_time","duration_ts","duration","bit_rate","filepath") values ('0','mp3','MP3 (MPEG audio layer 3)','audio','1/44100','[0][0][0][0]','0x0000','fltp','44100','2','stereo','0','0/0','0/0','1/14112000','0','0','2657157120','188.290612','165853','/media/pi/ZUKE/MUSIC/MMs/MM 32/06 - Go - Ragga Caribbean.mp3');
insert into format ("filename","nb_streams","nb_programs","format_name","format_long_name","start_time","duration","size","bit_rate","probe_score","filepath") values ('/media/pi/ZUKE/MUSIC/MMs/MM 32/06 - Go - Ragga Caribbean.mp3','1','0','mp3','MP2/3 (MPEG audio layer 2/3)','0','188.290612','3905664','165941','51','/media/pi/ZUKE/MUSIC/MMs/MM 32/06 - Go - Ragga Caribbean.mp3');
insert into disposition ("default","dub","original","comment","lyrics","karaoke","forced","hearing_impaired","visual_impaired","clean_effects","attached_pic","timed_thumbnails","filepath") values ('0','0','0','0','0','0','0','0','0','0','0','0','/media/pi/ZUKE/MUSIC/MMs/MM 32/06 - Go - Ragga Caribbean.mp3');
insert into tags ("album","composer","genre","title","artist","disc","track","filepath") values ('Mega Mix 32','Zumba Fitness','Ragga Caribbean','Go','Zumba Fitness','1/1','06/11','/media/pi/ZUKE/MUSIC/MMs/MM 32/06 - Go - Ragga Caribbean.mp3');
insert into mp3s ("filepath") values ('/media/pi/ZUKE/MUSIC/MMs/MM 32/06 - Go - Ragga Caribbean.mp3');
insert into streams ("index","codec_name","codec_long_name","codec_type","codec_time_base","codec_tag_string","codec_tag","sample_fmt","sample_rate","channels","channel_layout","bits_per_sample","r_frame_rate","avg_frame_rate","time_base","start_pts","start_time","duration_ts","duration","bit_rate","filepath") values ('0','mp3','MP3 (MPEG audio layer 3)','audio','1/44100','[0][0][0][0]','0x0000','fltp','44100','2','stereo','0','0/0','0/0','1/14112000','0','0','4548648960','322.324898','157768','/media/pi/ZUKE/MUSIC/MMs/MM 32/07 - Africanisima - African Dance.mp3');
insert into format ("filename","nb_streams","nb_programs","format_name","format_long_name","start_time","duration","size","bit_rate","probe_score","filepath") values ('/media/pi/ZUKE/MUSIC/MMs/MM 32/07 - Africanisima - African Dance.mp3','1','0','mp3','MP2/3 (MPEG audio layer 2/3)','0','322.324898','6357120','157781','51','/media/pi/ZUKE/MUSIC/MMs/MM 32/07 - Africanisima - African Dance.mp3');
insert into disposition ("default","dub","original","comment","lyrics","karaoke","forced","hearing_impaired","visual_impaired","clean_effects","attached_pic","timed_thumbnails","filepath") values ('0','0','0','0','0','0','0','0','0','0','0','0','/media/pi/ZUKE/MUSIC/MMs/MM 32/07 - Africanisima - African Dance.mp3');
insert into tags ("album","composer","genre","title","artist","disc","track","filepath") values ('Mega Mix 32','Zumba Fitness','African','Africanisima','Zumba Fitness','1/1','07/11','/media/pi/ZUKE/MUSIC/MMs/MM 32/07 - Africanisima - African Dance.mp3');
insert into mp3s ("filepath") values ('/media/pi/ZUKE/MUSIC/MMs/MM 32/07 - Africanisima - African Dance.mp3');
insert into streams ("index","codec_name","codec_long_name","codec_type","codec_time_base","codec_tag_string","codec_tag","sample_fmt","sample_rate","channels","channel_layout","bits_per_sample","r_frame_rate","avg_frame_rate","time_base","start_pts","start_time","duration_ts","duration","bit_rate","filepath") values ('0','mp3','MP3 (MPEG audio layer 3)','audio','1/44100','[0][0][0][0]','0x0000','fltp','44100','2','stereo','0','0/0','0/0','1/14112000','0','0','2532925440','179.487347','162512','/media/pi/ZUKE/MUSIC/MMs/MM 32/08 - Zumba Battleship - Dance - Hip-Hop.mp3');
insert into format ("filename","nb_streams","nb_programs","format_name","format_long_name","start_time","duration","size","bit_rate","probe_score","filepath") values ('/media/pi/ZUKE/MUSIC/MMs/MM 32/08 - Zumba Battleship - Dance - Hip-Hop.mp3','1','0','mp3','MP2/3 (MPEG audio layer 2/3)','0','179.487347','3647616','162579','51','/media/pi/ZUKE/MUSIC/MMs/MM 32/08 - Zumba Battleship - Dance - Hip-Hop.mp3');
insert into disposition ("default","dub","original","comment","lyrics","karaoke","forced","hearing_impaired","visual_impaired","clean_effects","attached_pic","timed_thumbnails","filepath") values ('0','0','0','0','0','0','0','0','0','0','0','0','/media/pi/ZUKE/MUSIC/MMs/MM 32/08 - Zumba Battleship - Dance - Hip-Hop.mp3');
insert into tags ("album","composer","genre","title","artist","disc","track","filepath") values ('Mega Mix 32','Zumba Fitness','Hip-Hop','Zumba Battleship','Zumba Fitness','1/1','08/11','/media/pi/ZUKE/MUSIC/MMs/MM 32/08 - Zumba Battleship - Dance - Hip-Hop.mp3');
insert into mp3s ("filepath") values ('/media/pi/ZUKE/MUSIC/MMs/MM 32/08 - Zumba Battleship - Dance - Hip-Hop.mp3');
insert into streams ("index","codec_name","codec_long_name","codec_type","codec_time_base","codec_tag_string","codec_tag","sample_fmt","sample_rate","channels","channel_layout","bits_per_sample","r_frame_rate","avg_frame_rate","time_base","start_pts","start_time","duration_ts","duration","bit_rate","filepath") values ('0','mp3','MP3 (MPEG audio layer 3)','audio','1/44100','[0][0][0][0]','0x0000','fltp','44100','2','stereo','0','0/0','0/0','1/14112000','0','0','4040663040','286.328163','155940','/media/pi/ZUKE/MUSIC/MMs/MM 32/09 - Luxor Baladna - Belly Dance.mp3');
insert into format ("filename","nb_streams","nb_programs","format_name","format_long_name","start_time","duration","size","bit_rate","probe_score","filepath") values ('/media/pi/ZUKE/MUSIC/MMs/MM 32/09 - Luxor Baladna - Belly Dance.mp3','1','0','mp3','MP2/3 (MPEG audio layer 2/3)','0','286.328163','5582976','155988','51','/media/pi/ZUKE/MUSIC/MMs/MM 32/09 - Luxor Baladna - Belly Dance.mp3');
insert into disposition ("default","dub","original","comment","lyrics","karaoke","forced","hearing_impaired","visual_impaired","clean_effects","attached_pic","timed_thumbnails","filepath") values ('0','0','0','0','0','0','0','0','0','0','0','0','/media/pi/ZUKE/MUSIC/MMs/MM 32/09 - Luxor Baladna - Belly Dance.mp3');
insert into tags ("album","composer","genre","title","artist","disc","track","filepath") values ('Mega Mix 32','Zumba Fitness','Belly Dance','Luxor Baladna','Zumba Fitness','1/1','09/11','/media/pi/ZUKE/MUSIC/MMs/MM 32/09 - Luxor Baladna - Belly Dance.mp3');
insert into mp3s ("filepath") values ('/media/pi/ZUKE/MUSIC/MMs/MM 32/09 - Luxor Baladna - Belly Dance.mp3');
insert into streams ("index","codec_name","codec_long_name","codec_type","codec_time_base","codec_tag_string","codec_tag","sample_fmt","sample_rate","channels","channel_layout","bits_per_sample","r_frame_rate","avg_frame_rate","time_base","start_pts","start_time","duration_ts","duration","bit_rate","filepath") values ('0','mp3','MP3 (MPEG audio layer 3)','audio','1/44100','[0][0][0][0]','0x0000','fltp','44100','2','stereo','0','0/0','0/0','1/14112000','0','0','3092889600','219.167347','157918','/media/pi/ZUKE/MUSIC/MMs/MM 32/10 - Ojos Negros - Middle Eastern Pop.mp3');
insert into format ("filename","nb_streams","nb_programs","format_name","format_long_name","start_time","duration","size","bit_rate","probe_score","filepath") values ('/media/pi/ZUKE/MUSIC/MMs/MM 32/10 - Ojos Negros - Middle Eastern Pop.mp3','1','0','mp3','MP2/3 (MPEG audio layer 2/3)','0','219.167347','4327552','157963','51','/media/pi/ZUKE/MUSIC/MMs/MM 32/10 - Ojos Negros - Middle Eastern Pop.mp3');
insert into disposition ("default","dub","original","comment","lyrics","karaoke","forced","hearing_impaired","visual_impaired","clean_effects","attached_pic","timed_thumbnails","filepath") values ('0','0','0','0','0','0','0','0','0','0','0','0','/media/pi/ZUKE/MUSIC/MMs/MM 32/10 - Ojos Negros - Middle Eastern Pop.mp3');
insert into tags ("album","composer","genre","title","artist","disc","track","filepath") values ('Mega Mix 32','Zumba Fitness','Middle Eastern Pop','Ojos Negros','Zumba Fitness','1/1','10/11','/media/pi/ZUKE/MUSIC/MMs/MM 32/10 - Ojos Negros - Middle Eastern Pop.mp3');
insert into mp3s ("filepath") values ('/media/pi/ZUKE/MUSIC/MMs/MM 32/10 - Ojos Negros - Middle Eastern Pop.mp3');
insert into streams ("index","codec_name","codec_long_name","codec_type","codec_time_base","codec_tag_string","codec_tag","sample_fmt","sample_rate","channels","channel_layout","bits_per_sample","r_frame_rate","avg_frame_rate","time_base","start_pts","start_time","duration_ts","duration","bit_rate","filepath") values ('0','mp3','MP3 (MPEG audio layer 3)','audio','1/44100','[0][0][0][0]','0x0000','fltp','44100','2','stereo','0','0/0','0/0','1/14112000','0','0','2580480000','182.857143','150739','/media/pi/ZUKE/MUSIC/MMs/MM 32/11 - Seasons of Love - Musical Theater.mp3');
insert into format ("filename","nb_streams","nb_programs","format_name","format_long_name","start_time","duration","size","bit_rate","probe_score","filepath") values ('/media/pi/ZUKE/MUSIC/MMs/MM 32/11 - Seasons of Love - Musical Theater.mp3','1','0','mp3','MP2/3 (MPEG audio layer 2/3)','0','182.857143','3446912','150802','51','/media/pi/ZUKE/MUSIC/MMs/MM 32/11 - Seasons of Love - Musical Theater.mp3');
insert into disposition ("default","dub","original","comment","lyrics","karaoke","forced","hearing_impaired","visual_impaired","clean_effects","attached_pic","timed_thumbnails","filepath") values ('0','0','0','0','0','0','0','0','0','0','0','0','/media/pi/ZUKE/MUSIC/MMs/MM 32/11 - Seasons of Love - Musical Theater.mp3');
insert into tags ("album","composer","genre","title","artist","disc","track","filepath") values ('Mega Mix 32','Zumba Fitness','Musical Theater','Seasons of Love','Zumba Fitness','1/1','11/11','/media/pi/ZUKE/MUSIC/MMs/MM 32/11 - Seasons of Love - Musical Theater.mp3');
insert into mp3s ("filepath") values ('/media/pi/ZUKE/MUSIC/MMs/MM 32/11 - Seasons of Love - Musical Theater.mp3');
insert into streams ("index","codec_name","codec_long_name","codec_type","codec_time_base","codec_tag_string","codec_tag","sample_fmt","sample_rate","channels","channel_layout","bits_per_sample","r_frame_rate","avg_frame_rate","time_base","start_pts","start_time","duration_ts","duration","bit_rate","filepath") values ('0','mp3','MP3 (MPEG audio layer 3)','audio','1/44100','[0][0][0][0]','0x0000','fltp','44100','2','stereo','0','0/0','0/0','1/14112000','0','0','4212080640','298.475102','156612','/media/pi/ZUKE/MUSIC/MMs/MM 33/01 - La Maldad - Merengue.mp3');
insert into format ("filename","nb_streams","nb_programs","format_name","format_long_name","start_time","duration","size","bit_rate","probe_score","filepath") values ('/media/pi/ZUKE/MUSIC/MMs/MM 33/01 - La Maldad - Merengue.mp3','1','0','mp3','MP2/3 (MPEG audio layer 2/3)','0','298.475102','5845120','156666','51','/media/pi/ZUKE/MUSIC/MMs/MM 33/01 - La Maldad - Merengue.mp3');
insert into disposition ("default","dub","original","comment","lyrics","karaoke","forced","hearing_impaired","visual_impaired","clean_effects","attached_pic","timed_thumbnails","filepath") values ('0','0','0','0','0','0','0','0','0','0','0','0','/media/pi/ZUKE/MUSIC/MMs/MM 33/01 - La Maldad - Merengue.mp3');
insert into tags ("album","composer","genre","title","artist","disc","track","filepath") values ('Mega Mix 33','Zumba Fitness','Merengue','La Maldad','Zumba Fitness','1/1','01/10','/media/pi/ZUKE/MUSIC/MMs/MM 33/01 - La Maldad - Merengue.mp3');
insert into mp3s ("filepath") values ('/media/pi/ZUKE/MUSIC/MMs/MM 33/01 - La Maldad - Merengue.mp3');
insert into streams ("index","codec_name","codec_long_name","codec_type","codec_time_base","codec_tag_string","codec_tag","sample_fmt","sample_rate","channels","channel_layout","bits_per_sample","r_frame_rate","avg_frame_rate","time_base","start_pts","start_time","duration_ts","duration","bit_rate","filepath") values ('0','mp3','MP3 (MPEG audio layer 3)','audio','1/44100','[0][0][0][0]','0x0000','fltp','44100','2','stereo','0','0/0','0/0','1/14112000','0','0','3251036160','230.373878','164813','/media/pi/ZUKE/MUSIC/MMs/MM 33/02 - Medellin Feria de Flores - Salsa.mp3');
insert into format ("filename","nb_streams","nb_programs","format_name","format_long_name","start_time","duration","size","bit_rate","probe_score","filepath") values ('/media/pi/ZUKE/MUSIC/MMs/MM 33/02 - Medellin Feria de Flores - Salsa.mp3','1','0','mp3','MP2/3 (MPEG audio layer 2/3)','0','230.373878','4747392','164858','51','/media/pi/ZUKE/MUSIC/MMs/MM 33/02 - Medellin Feria de Flores - Salsa.mp3');
insert into disposition ("default","dub","original","comment","lyrics","karaoke","forced","hearing_impaired","visual_impaired","clean_effects","attached_pic","timed_thumbnails","filepath") values ('0','0','0','0','0','0','0','0','0','0','0','0','/media/pi/ZUKE/MUSIC/MMs/MM 33/02 - Medellin Feria de Flores - Salsa.mp3');
insert into tags ("album","composer","genre","title","artist","disc","track","filepath") values ('Mega Mix 33','Zumba Fitness','Salsa','Medellin Feria de Flores','Zumba Fitness','1/1','02/10','/media/pi/ZUKE/MUSIC/MMs/MM 33/02 - Medellin Feria de Flores - Salsa.mp3');
insert into mp3s ("filepath") values ('/media/pi/ZUKE/MUSIC/MMs/MM 33/02 - Medellin Feria de Flores - Salsa.mp3');
insert into streams ("index","codec_name","codec_long_name","codec_type","codec_time_base","codec_tag_string","codec_tag","sample_fmt","sample_rate","channels","channel_layout","bits_per_sample","r_frame_rate","avg_frame_rate","time_base","start_pts","start_time","duration_ts","duration","bit_rate","filepath") values ('0','mp3','MP3 (MPEG audio layer 3)','audio','1/44100','[0][0][0][0]','0x0000','fltp','44100','2','stereo','0','0/0','0/0','1/14112000','0','0','2878341120','203.964082','163285','/media/pi/ZUKE/MUSIC/MMs/MM 33/03 - Ella Anda Sola - Reggaeton.mp3');
insert into format ("filename","nb_streams","nb_programs","format_name","format_long_name","start_time","duration","size","bit_rate","probe_score","filepath") values ('/media/pi/ZUKE/MUSIC/MMs/MM 33/03 - Ella Anda Sola - Reggaeton.mp3','1','0','mp3','MP2/3 (MPEG audio layer 2/3)','0','203.964082','4163712','163311','51','/media/pi/ZUKE/MUSIC/MMs/MM 33/03 - Ella Anda Sola - Reggaeton.mp3');
insert into disposition ("default","dub","original","comment","lyrics","karaoke","forced","hearing_impaired","visual_impaired","clean_effects","attached_pic","timed_thumbnails","filepath") values ('0','0','0','0','0','0','0','0','0','0','0','0','/media/pi/ZUKE/MUSIC/MMs/MM 33/03 - Ella Anda Sola - Reggaeton.mp3');
insert into tags ("album","composer","genre","title","artist","disc","track","filepath") values ('Mega Mix 33','Zumba Fitness','Reggaeton','Ella Anda Sola','Zumba Fitness','1/1','03/10','/media/pi/ZUKE/MUSIC/MMs/MM 33/03 - Ella Anda Sola - Reggaeton.mp3');
insert into mp3s ("filepath") values ('/media/pi/ZUKE/MUSIC/MMs/MM 33/03 - Ella Anda Sola - Reggaeton.mp3');
insert into streams ("index","codec_name","codec_long_name","codec_type","codec_time_base","codec_tag_string","codec_tag","sample_fmt","sample_rate","channels","channel_layout","bits_per_sample","r_frame_rate","avg_frame_rate","time_base","start_pts","start_time","duration_ts","duration","bit_rate","filepath") values ('0','mp3','MP3 (MPEG audio layer 3)','audio','1/44100','[0][0][0][0]','0x0000','fltp','44100','2','stereo','0','0/0','0/0','1/14112000','0','0','3578757120','253.596735','153960','/media/pi/ZUKE/MUSIC/MMs/MM 33/04 - Segura Na Cintura - Axe.mp3');
insert into format ("filename","nb_streams","nb_programs","format_name","format_long_name","start_time","duration","size","bit_rate","probe_score","filepath") values ('/media/pi/ZUKE/MUSIC/MMs/MM 33/04 - Segura Na Cintura - Axe.mp3','1','0','mp3','MP2/3 (MPEG audio layer 2/3)','0','253.596735','4882560','154025','51','/media/pi/ZUKE/MUSIC/MMs/MM 33/04 - Segura Na Cintura - Axe.mp3');
insert into disposition ("default","dub","original","comment","lyrics","karaoke","forced","hearing_impaired","visual_impaired","clean_effects","attached_pic","timed_thumbnails","filepath") values ('0','0','0','0','0','0','0','0','0','0','0','0','/media/pi/ZUKE/MUSIC/MMs/MM 33/04 - Segura Na Cintura - Axe.mp3');
insert into tags ("album","composer","genre","title","artist","disc","track","filepath") values ('Mega Mix 33','Zumba Fitness','Axe','Segura Na Cintura','Zumba Fitness','1/1','04/10','/media/pi/ZUKE/MUSIC/MMs/MM 33/04 - Segura Na Cintura - Axe.mp3');
insert into mp3s ("filepath") values ('/media/pi/ZUKE/MUSIC/MMs/MM 33/04 - Segura Na Cintura - Axe.mp3');
insert into streams ("index","codec_name","codec_long_name","codec_type","codec_time_base","codec_tag_string","codec_tag","sample_fmt","sample_rate","channels","channel_layout","bits_per_sample","r_frame_rate","avg_frame_rate","time_base","start_pts","start_time","duration_ts","duration","bit_rate","filepath") values ('0','mp3','MP3 (MPEG audio layer 3)','audio','1/44100','[0][0][0][0]','0x0000','fltp','44100','2','stereo','0','0/0','0/0','1/14112000','0','0','3266150400','231.444898','146996','/media/pi/ZUKE/MUSIC/MMs/MM 33/05 - Show You How to Love - Dance (a cappella).mp3');
insert into format ("filename","nb_streams","nb_programs","format_name","format_long_name","start_time","duration","size","bit_rate","probe_score","filepath") values ('/media/pi/ZUKE/MUSIC/MMs/MM 33/05 - Show You How to Love - Dance (a cappella).mp3','1','0','mp3','MP2/3 (MPEG audio layer 2/3)','0','231.444898','4253824','147035','51','/media/pi/ZUKE/MUSIC/MMs/MM 33/05 - Show You How to Love - Dance (a cappella).mp3');
insert into disposition ("default","dub","original","comment","lyrics","karaoke","forced","hearing_impaired","visual_impaired","clean_effects","attached_pic","timed_thumbnails","filepath") values ('0','0','0','0','0','0','0','0','0','0','0','0','/media/pi/ZUKE/MUSIC/MMs/MM 33/05 - Show You How to Love - Dance (a cappella).mp3');
insert into tags ("album","composer","genre","title","artist","disc","track","filepath") values ('Mega Mix 33','Zumba Fitness','Dance (a cappella)','Show You How to Love','Zumba Fitness','1/1','05/10','/media/pi/ZUKE/MUSIC/MMs/MM 33/05 - Show You How to Love - Dance (a cappella).mp3');
insert into mp3s ("filepath") values ('/media/pi/ZUKE/MUSIC/MMs/MM 33/05 - Show You How to Love - Dance (a cappella).mp3');
insert into streams ("index","codec_name","codec_long_name","codec_type","codec_time_base","codec_tag_string","codec_tag","sample_fmt","sample_rate","channels","channel_layout","bits_per_sample","r_frame_rate","avg_frame_rate","time_base","start_pts","start_time","duration_ts","duration","bit_rate","filepath") values ('0','mp3','MP3 (MPEG audio layer 3)','audio','1/44100','[0][0][0][0]','0x0000','fltp','44100','2','stereo','0','0/0','0/0','1/14112000','0','0','2592276480','183.693061','171810','/media/pi/ZUKE/MUSIC/MMs/MM 33/06 - Dame la Ola - Reggaeton Electronico.mp3');
insert into format ("filename","nb_streams","nb_programs","format_name","format_long_name","start_time","duration","size","bit_rate","probe_score","filepath") values ('/media/pi/ZUKE/MUSIC/MMs/MM 33/06 - Dame la Ola - Reggaeton Electronico.mp3','1','0','mp3','MP2/3 (MPEG audio layer 2/3)','0','183.693061','3946624','171879','51','/media/pi/ZUKE/MUSIC/MMs/MM 33/06 - Dame la Ola - Reggaeton Electronico.mp3');
insert into disposition ("default","dub","original","comment","lyrics","karaoke","forced","hearing_impaired","visual_impaired","clean_effects","attached_pic","timed_thumbnails","filepath") values ('0','0','0','0','0','0','0','0','0','0','0','0','/media/pi/ZUKE/MUSIC/MMs/MM 33/06 - Dame la Ola - Reggaeton Electronico.mp3');
insert into tags ("album","composer","genre","title","artist","disc","track","filepath") values ('Mega Mix 33','Zumba Fitness','Reggaeton Electronico','Dame la Ola','Zumba Fitness','1/1','06/10','/media/pi/ZUKE/MUSIC/MMs/MM 33/06 - Dame la Ola - Reggaeton Electronico.mp3');
insert into mp3s ("filepath") values ('/media/pi/ZUKE/MUSIC/MMs/MM 33/06 - Dame la Ola - Reggaeton Electronico.mp3');
insert into streams ("index","codec_name","codec_long_name","codec_type","codec_time_base","codec_tag_string","codec_tag","sample_fmt","sample_rate","channels","channel_layout","bits_per_sample","r_frame_rate","avg_frame_rate","time_base","start_pts","start_time","duration_ts","duration","bit_rate","filepath") values ('0','mp3','MP3 (MPEG audio layer 3)','audio','1/44100','[0][0][0][0]','0x0000','fltp','44100','2','stereo','0','0/0','0/0','1/14112000','0','0','3484385280','246.909388','165049','/media/pi/ZUKE/MUSIC/MMs/MM 33/07 - Yo si me Enamore - Bachata.mp3');
insert into format ("filename","nb_streams","nb_programs","format_name","format_long_name","start_time","duration","size","bit_rate","probe_score","filepath") values ('/media/pi/ZUKE/MUSIC/MMs/MM 33/07 - Yo si me Enamore - Bachata.mp3','1','0','mp3','MP2/3 (MPEG audio layer 2/3)','0','246.909388','5095552','165098','51','/media/pi/ZUKE/MUSIC/MMs/MM 33/07 - Yo si me Enamore - Bachata.mp3');
insert into disposition ("default","dub","original","comment","lyrics","karaoke","forced","hearing_impaired","visual_impaired","clean_effects","attached_pic","timed_thumbnails","filepath") values ('0','0','0','0','0','0','0','0','0','0','0','0','/media/pi/ZUKE/MUSIC/MMs/MM 33/07 - Yo si me Enamore - Bachata.mp3');
insert into tags ("album","composer","genre","title","artist","disc","track","filepath") values ('Mega Mix 33','Zumba Fitness','Bachata','Yo si me Enamore','Zumba Fitness','1/1','07/10','/media/pi/ZUKE/MUSIC/MMs/MM 33/07 - Yo si me Enamore - Bachata.mp3');
insert into mp3s ("filepath") values ('/media/pi/ZUKE/MUSIC/MMs/MM 33/07 - Yo si me Enamore - Bachata.mp3');
insert into streams ("index","codec_name","codec_long_name","codec_type","codec_time_base","codec_tag_string","codec_tag","sample_fmt","sample_rate","channels","channel_layout","bits_per_sample","r_frame_rate","avg_frame_rate","time_base","start_pts","start_time","duration_ts","duration","bit_rate","filepath") values ('0','mp3','MP3 (MPEG audio layer 3)','audio','1/44100','[0][0][0][0]','0x0000','fltp','44100','2','stereo','0','0/0','0/0','1/14112000','0','0','2904514560','205.818776','149491','/media/pi/ZUKE/MUSIC/MMs/MM 33/08 - La Morena - Kuduro.mp3');
insert into format ("filename","nb_streams","nb_programs","format_name","format_long_name","start_time","duration","size","bit_rate","probe_score","filepath") values ('/media/pi/ZUKE/MUSIC/MMs/MM 33/08 - La Morena - Kuduro.mp3','1','0','mp3','MP2/3 (MPEG audio layer 2/3)','0','205.818776','3848320','149580','51','/media/pi/ZUKE/MUSIC/MMs/MM 33/08 - La Morena - Kuduro.mp3');
insert into disposition ("default","dub","original","comment","lyrics","karaoke","forced","hearing_impaired","visual_impaired","clean_effects","attached_pic","timed_thumbnails","filepath") values ('0','0','0','0','0','0','0','0','0','0','0','0','/media/pi/ZUKE/MUSIC/MMs/MM 33/08 - La Morena - Kuduro.mp3');
insert into tags ("album","composer","genre","title","artist","disc","track","filepath") values ('Mega Mix 33','Zumba Fitness','Kuduro','La Morena','Zumba Fitness','1/1','08/10','/media/pi/ZUKE/MUSIC/MMs/MM 33/08 - La Morena - Kuduro.mp3');
insert into mp3s ("filepath") values ('/media/pi/ZUKE/MUSIC/MMs/MM 33/08 - La Morena - Kuduro.mp3');
insert into streams ("index","codec_name","codec_long_name","codec_type","codec_time_base","codec_tag_string","codec_tag","sample_fmt","sample_rate","channels","channel_layout","bits_per_sample","r_frame_rate","avg_frame_rate","time_base","start_pts","start_time","duration_ts","duration","bit_rate","filepath") values ('0','mp3','MP3 (MPEG audio layer 3)','audio','1/44100','[0][0][0][0]','0x0000','fltp','44100','2','stereo','0','0/0','0/0','1/14112000','0','0','2656051200','188.212245','162585','/media/pi/ZUKE/MUSIC/MMs/MM 33/09 - Me Entere - Reggaeton Pop.mp3');
insert into format ("filename","nb_streams","nb_programs","format_name","format_long_name","start_time","duration","size","bit_rate","probe_score","filepath") values ('/media/pi/ZUKE/MUSIC/MMs/MM 33/09 - Me Entere - Reggaeton Pop.mp3','1','0','mp3','MP2/3 (MPEG audio layer 2/3)','0','188.212245','3825792','162616','51','/media/pi/ZUKE/MUSIC/MMs/MM 33/09 - Me Entere - Reggaeton Pop.mp3');
insert into disposition ("default","dub","original","comment","lyrics","karaoke","forced","hearing_impaired","visual_impaired","clean_effects","attached_pic","timed_thumbnails","filepath") values ('0','0','0','0','0','0','0','0','0','0','0','0','/media/pi/ZUKE/MUSIC/MMs/MM 33/09 - Me Entere - Reggaeton Pop.mp3');
insert into tags ("album","composer","genre","title","artist","disc","track","filepath") values ('Mega Mix 33','Zumba Fitness','Reggaeton Pop','Me Entere','Zumba Fitness','1/1','09/10','/media/pi/ZUKE/MUSIC/MMs/MM 33/09 - Me Entere - Reggaeton Pop.mp3');
insert into mp3s ("filepath") values ('/media/pi/ZUKE/MUSIC/MMs/MM 33/09 - Me Entere - Reggaeton Pop.mp3');
insert into streams ("index","codec_name","codec_long_name","codec_type","codec_time_base","codec_tag_string","codec_tag","sample_fmt","sample_rate","channels","channel_layout","bits_per_sample","r_frame_rate","avg_frame_rate","time_base","start_pts","start_time","duration_ts","duration","bit_rate","filepath") values ('0','mp3','MP3 (MPEG audio layer 3)','audio','1/44100','[0][0][0][0]','0x0000','fltp','44100','2','stereo','0','0/0','0/0','1/14112000','0','0','3051601920','216.241633','158058','/media/pi/ZUKE/MUSIC/MMs/MM 33/10 - Dekole - Caribbean Soca Beat.mp3');
insert into format ("filename","nb_streams","nb_programs","format_name","format_long_name","start_time","duration","size","bit_rate","probe_score","filepath") values ('/media/pi/ZUKE/MUSIC/MMs/MM 33/10 - Dekole - Caribbean Soca Beat.mp3','1','0','mp3','MP2/3 (MPEG audio layer 2/3)','0','216.241633','4274304','158130','51','/media/pi/ZUKE/MUSIC/MMs/MM 33/10 - Dekole - Caribbean Soca Beat.mp3');
insert into disposition ("default","dub","original","comment","lyrics","karaoke","forced","hearing_impaired","visual_impaired","clean_effects","attached_pic","timed_thumbnails","filepath") values ('0','0','0','0','0','0','0','0','0','0','0','0','/media/pi/ZUKE/MUSIC/MMs/MM 33/10 - Dekole - Caribbean Soca Beat.mp3');
insert into tags ("album","composer","genre","title","artist","disc","track","filepath") values ('Mega Mix 33','Zumba Fitness','Caribbean Soca Beat','Dekole','Zumba Fitness','1/1','10/10','/media/pi/ZUKE/MUSIC/MMs/MM 33/10 - Dekole - Caribbean Soca Beat.mp3');
insert into mp3s ("filepath") values ('/media/pi/ZUKE/MUSIC/MMs/MM 33/10 - Dekole - Caribbean Soca Beat.mp3');
insert into streams ("index","codec_name","codec_long_name","codec_type","codec_time_base","codec_tag_string","codec_tag","sample_fmt","sample_rate","channels","channel_layout","bits_per_sample","r_frame_rate","avg_frame_rate","time_base","start_pts","start_time","duration_ts","duration","bit_rate","filepath") values ('0','mp3','MP3 (MPEG audio layer 3)','audio','1/44100','[0][0][0][0]','0x0000','fltp','44100','2','stereo','0','0/0','0/0','1/14112000','0','0','5378088960','381.100408','154427','/media/pi/ZUKE/MUSIC/MMs/MM 34/01 - The Reckoning - Electronic - Dance.mp3');
insert into format ("filename","nb_streams","nb_programs","format_name","format_long_name","start_time","duration","size","bit_rate","probe_score","filepath") values ('/media/pi/ZUKE/MUSIC/MMs/MM 34/01 - The Reckoning - Electronic - Dance.mp3','1','0','mp3','MP2/3 (MPEG audio layer 2/3)','0','381.100408','7358592','154470','51','/media/pi/ZUKE/MUSIC/MMs/MM 34/01 - The Reckoning - Electronic - Dance.mp3');
insert into disposition ("default","dub","original","comment","lyrics","karaoke","forced","hearing_impaired","visual_impaired","clean_effects","attached_pic","timed_thumbnails","filepath") values ('0','0','0','0','0','0','0','0','0','0','0','0','/media/pi/ZUKE/MUSIC/MMs/MM 34/01 - The Reckoning - Electronic - Dance.mp3');
insert into tags ("album","composer","genre","title","artist","disc","track","filepath") values ('Mega Mix 34','Zumba Fitness','Electronic','The Reckoning','Zumba Fitness','1/1','01/10','/media/pi/ZUKE/MUSIC/MMs/MM 34/01 - The Reckoning - Electronic - Dance.mp3');
insert into mp3s ("filepath") values ('/media/pi/ZUKE/MUSIC/MMs/MM 34/01 - The Reckoning - Electronic - Dance.mp3');
insert into streams ("index","codec_name","codec_long_name","codec_type","codec_time_base","codec_tag_string","codec_tag","sample_fmt","sample_rate","channels","channel_layout","bits_per_sample","r_frame_rate","avg_frame_rate","time_base","start_pts","start_time","duration_ts","duration","bit_rate","filepath") values ('0','mp3','MP3 (MPEG audio layer 3)','audio','1/44100','[0][0][0][0]','0x0000','fltp','44100','2','stereo','0','0/0','0/0','1/14112000','0','0','2966814720','210.233469','155593','/media/pi/ZUKE/MUSIC/MMs/MM 34/02 - Yo no Soy un Monstruo - Merengue Electronico.mp3');
insert into format ("filename","nb_streams","nb_programs","format_name","format_long_name","start_time","duration","size","bit_rate","probe_score","filepath") values ('/media/pi/ZUKE/MUSIC/MMs/MM 34/02 - Yo no Soy un Monstruo - Merengue Electronico.mp3','1','0','mp3','MP2/3 (MPEG audio layer 2/3)','0','210.233469','4089984','155635','51','/media/pi/ZUKE/MUSIC/MMs/MM 34/02 - Yo no Soy un Monstruo - Merengue Electronico.mp3');
insert into disposition ("default","dub","original","comment","lyrics","karaoke","forced","hearing_impaired","visual_impaired","clean_effects","attached_pic","timed_thumbnails","filepath") values ('0','0','0','0','0','0','0','0','0','0','0','0','/media/pi/ZUKE/MUSIC/MMs/MM 34/02 - Yo no Soy un Monstruo - Merengue Electronico.mp3');
insert into tags ("album","composer","genre","title","artist","disc","track","filepath") values ('Mega Mix 34','Zumba Fitness','Merengue Electronico','Yo no Soy un Monstruo','Zumba Fitness','1/1','02/10','/media/pi/ZUKE/MUSIC/MMs/MM 34/02 - Yo no Soy un Monstruo - Merengue Electronico.mp3');
insert into mp3s ("filepath") values ('/media/pi/ZUKE/MUSIC/MMs/MM 34/02 - Yo no Soy un Monstruo - Merengue Electronico.mp3');
insert into streams ("index","codec_name","codec_long_name","codec_type","codec_time_base","codec_tag_string","codec_tag","sample_fmt","sample_rate","channels","channel_layout","bits_per_sample","r_frame_rate","avg_frame_rate","time_base","start_pts","start_time","duration_ts","duration","bit_rate","filepath") values ('0','mp3','MP3 (MPEG audio layer 3)','audio','1/44100','[0][0][0][0]','0x0000','fltp','44100','2','stereo','0','0/0','0/0','1/14112000','0','0','3389644800','240.195918','160082','/media/pi/ZUKE/MUSIC/MMs/MM 34/03 - Ain''t Nobody - Salsa.mp3');
insert into format ("filename","nb_streams","nb_programs","format_name","format_long_name","start_time","duration","size","bit_rate","probe_score","filepath") values ('/media/pi/ZUKE/MUSIC/MMs/MM 34/03 - Ain''t Nobody - Salsa.mp3','1','0','mp3','MP2/3 (MPEG audio layer 2/3)','0','240.195918','4806784','160095','51','/media/pi/ZUKE/MUSIC/MMs/MM 34/03 - Ain''t Nobody - Salsa.mp3');
insert into disposition ("default","dub","original","comment","lyrics","karaoke","forced","hearing_impaired","visual_impaired","clean_effects","attached_pic","timed_thumbnails","filepath") values ('0','0','0','0','0','0','0','0','0','0','0','0','/media/pi/ZUKE/MUSIC/MMs/MM 34/03 - Ain''t Nobody - Salsa.mp3');
insert into tags ("album","composer","genre","title","artist","disc","track","filepath") values ('Mega Mix 34','Zumba Fitness','Salsa','Ain''t Nobody','Zumba Fitness','1/1','03/10','/media/pi/ZUKE/MUSIC/MMs/MM 34/03 - Ain''t Nobody - Salsa.mp3');
insert into mp3s ("filepath") values ('/media/pi/ZUKE/MUSIC/MMs/MM 34/03 - Ain''t Nobody - Salsa.mp3');
insert into streams ("index","codec_name","codec_long_name","codec_type","codec_time_base","codec_tag_string","codec_tag","sample_fmt","sample_rate","channels","channel_layout","bits_per_sample","r_frame_rate","avg_frame_rate","time_base","start_pts","start_time","duration_ts","duration","bit_rate","filepath") values ('0','mp3','MP3 (MPEG audio layer 3)','audio','1/44100','[0][0][0][0]','0x0000','fltp','44100','2','stereo','0','0/0','0/0','1/14112000','0','0','3039436800','215.379592','145933','/media/pi/ZUKE/MUSIC/MMs/MM 34/04 - Siguelo - Reggaeton Pop.mp3');
insert into format ("filename","nb_streams","nb_programs","format_name","format_long_name","start_time","duration","size","bit_rate","probe_score","filepath") values ('/media/pi/ZUKE/MUSIC/MMs/MM 34/04 - Siguelo - Reggaeton Pop.mp3','1','0','mp3','MP2/3 (MPEG audio layer 2/3)','0','215.379592','3930240','145983','51','/media/pi/ZUKE/MUSIC/MMs/MM 34/04 - Siguelo - Reggaeton Pop.mp3');
insert into disposition ("default","dub","original","comment","lyrics","karaoke","forced","hearing_impaired","visual_impaired","clean_effects","attached_pic","timed_thumbnails","filepath") values ('0','0','0','0','0','0','0','0','0','0','0','0','/media/pi/ZUKE/MUSIC/MMs/MM 34/04 - Siguelo - Reggaeton Pop.mp3');
insert into tags ("album","composer","genre","title","artist","disc","track","filepath") values ('Mega Mix 34','Zumba Fitness','Reggaeton Pop','Siguelo','Zumba Fitness','1/1','04/10','/media/pi/ZUKE/MUSIC/MMs/MM 34/04 - Siguelo - Reggaeton Pop.mp3');
insert into mp3s ("filepath") values ('/media/pi/ZUKE/MUSIC/MMs/MM 34/04 - Siguelo - Reggaeton Pop.mp3');
insert into streams ("index","codec_name","codec_long_name","codec_type","codec_time_base","codec_tag_string","codec_tag","sample_fmt","sample_rate","channels","channel_layout","bits_per_sample","r_frame_rate","avg_frame_rate","time_base","start_pts","start_time","duration_ts","duration","bit_rate","filepath") values ('0','mp3','MP3 (MPEG audio layer 3)','audio','1/44100','[0][0][0][0]','0x0000','fltp','44100','2','stereo','0','0/0','0/0','1/14112000','0','0','3424296960','242.651429','161063','/media/pi/ZUKE/MUSIC/MMs/MM 34/05 - Fiesta en America - Latin Pop.mp3');
insert into format ("filename","nb_streams","nb_programs","format_name","format_long_name","start_time","duration","size","bit_rate","probe_score","filepath") values ('/media/pi/ZUKE/MUSIC/MMs/MM 34/05 - Fiesta en America - Latin Pop.mp3','1','0','mp3','MP2/3 (MPEG audio layer 2/3)','0','242.651429','4886656','161108','51','/media/pi/ZUKE/MUSIC/MMs/MM 34/05 - Fiesta en America - Latin Pop.mp3');
insert into disposition ("default","dub","original","comment","lyrics","karaoke","forced","hearing_impaired","visual_impaired","clean_effects","attached_pic","timed_thumbnails","filepath") values ('0','0','0','0','0','0','0','0','0','0','0','0','/media/pi/ZUKE/MUSIC/MMs/MM 34/05 - Fiesta en America - Latin Pop.mp3');
insert into tags ("album","composer","genre","title","artist","disc","track","filepath") values ('Mega Mix 34','Zumba Fitness','Latin Pop','Fiesta en America','Zumba Fitness','1/1','05/10','/media/pi/ZUKE/MUSIC/MMs/MM 34/05 - Fiesta en America - Latin Pop.mp3');
insert into mp3s ("filepath") values ('/media/pi/ZUKE/MUSIC/MMs/MM 34/05 - Fiesta en America - Latin Pop.mp3');
insert into streams ("index","codec_name","codec_long_name","codec_type","codec_time_base","codec_tag_string","codec_tag","sample_fmt","sample_rate","channels","channel_layout","bits_per_sample","r_frame_rate","avg_frame_rate","time_base","start_pts","start_time","duration_ts","duration","bit_rate","filepath") values ('0','mp3','MP3 (MPEG audio layer 3)','audio','1/44100','[0][0][0][0]','0x0000','fltp','44100','2','stereo','0','0/0','0/0','1/14112000','0','0','2968289280','210.337959','156337','/media/pi/ZUKE/MUSIC/MMs/MM 34/06 - Por que les Mientes - Cumbia.mp3');
insert into format ("filename","nb_streams","nb_programs","format_name","format_long_name","start_time","duration","size","bit_rate","probe_score","filepath") values ('/media/pi/ZUKE/MUSIC/MMs/MM 34/06 - Por que les Mientes - Cumbia.mp3','1','0','mp3','MP2/3 (MPEG audio layer 2/3)','0','210.337959','4112512','156415','51','/media/pi/ZUKE/MUSIC/MMs/MM 34/06 - Por que les Mientes - Cumbia.mp3');
insert into disposition ("default","dub","original","comment","lyrics","karaoke","forced","hearing_impaired","visual_impaired","clean_effects","attached_pic","timed_thumbnails","filepath") values ('0','0','0','0','0','0','0','0','0','0','0','0','/media/pi/ZUKE/MUSIC/MMs/MM 34/06 - Por que les Mientes - Cumbia.mp3');
insert into tags ("album","composer","genre","title","artist","disc","track","filepath") values ('Mega Mix 34','Zumba Fitness','Cumbia','Por que les Mientes','Zumba Fitness','1/1','06/10','/media/pi/ZUKE/MUSIC/MMs/MM 34/06 - Por que les Mientes - Cumbia.mp3');
insert into mp3s ("filepath") values ('/media/pi/ZUKE/MUSIC/MMs/MM 34/06 - Por que les Mientes - Cumbia.mp3');
insert into streams ("index","codec_name","codec_long_name","codec_type","codec_time_base","codec_tag_string","codec_tag","sample_fmt","sample_rate","channels","channel_layout","bits_per_sample","r_frame_rate","avg_frame_rate","time_base","start_pts","start_time","duration_ts","duration","bit_rate","filepath") values ('0','mp3','MP3 (MPEG audio layer 3)','audio','1/44100','[0][0][0][0]','0x0000','fltp','44100','2','stereo','0','0/0','0/0','1/14112000','0','0','2769960960','196.284082','167408','/media/pi/ZUKE/MUSIC/MMs/MM 34/07 - Rikytona - Reggaeton.mp3');
insert into format ("filename","nb_streams","nb_programs","format_name","format_long_name","start_time","duration","size","bit_rate","probe_score","filepath") values ('/media/pi/ZUKE/MUSIC/MMs/MM 34/07 - Rikytona - Reggaeton.mp3','1','0','mp3','MP2/3 (MPEG audio layer 2/3)','0','196.284082','4108416','167447','51','/media/pi/ZUKE/MUSIC/MMs/MM 34/07 - Rikytona - Reggaeton.mp3');
insert into disposition ("default","dub","original","comment","lyrics","karaoke","forced","hearing_impaired","visual_impaired","clean_effects","attached_pic","timed_thumbnails","filepath") values ('0','0','0','0','0','0','0','0','0','0','0','0','/media/pi/ZUKE/MUSIC/MMs/MM 34/07 - Rikytona - Reggaeton.mp3');
insert into tags ("album","composer","genre","title","artist","disc","track","filepath") values ('Mega Mix 34','Zumba Fitness','Reggaeton','Rikytona','Zumba Fitness','1/1','07/10','/media/pi/ZUKE/MUSIC/MMs/MM 34/07 - Rikytona - Reggaeton.mp3');
insert into mp3s ("filepath") values ('/media/pi/ZUKE/MUSIC/MMs/MM 34/07 - Rikytona - Reggaeton.mp3');
insert into streams ("index","codec_name","codec_long_name","codec_type","codec_time_base","codec_tag_string","codec_tag","sample_fmt","sample_rate","channels","channel_layout","bits_per_sample","r_frame_rate","avg_frame_rate","time_base","start_pts","start_time","duration_ts","duration","bit_rate","filepath") values ('0','mp3','MP3 (MPEG audio layer 3)','audio','1/44100','[0][0][0][0]','0x0000','fltp','44100','2','stereo','0','0/0','0/0','1/14112000','0','0','3353886720','237.662041','163942','/media/pi/ZUKE/MUSIC/MMs/MM 34/08 - Mambo Yo Yo - Mambo.mp3');
insert into format ("filename","nb_streams","nb_programs","format_name","format_long_name","start_time","duration","size","bit_rate","probe_score","filepath") values ('/media/pi/ZUKE/MUSIC/MMs/MM 34/08 - Mambo Yo Yo - Mambo.mp3','1','0','mp3','MP2/3 (MPEG audio layer 2/3)','0','237.662041','4872320','164008','51','/media/pi/ZUKE/MUSIC/MMs/MM 34/08 - Mambo Yo Yo - Mambo.mp3');
insert into disposition ("default","dub","original","comment","lyrics","karaoke","forced","hearing_impaired","visual_impaired","clean_effects","attached_pic","timed_thumbnails","filepath") values ('0','0','0','0','0','0','0','0','0','0','0','0','/media/pi/ZUKE/MUSIC/MMs/MM 34/08 - Mambo Yo Yo - Mambo.mp3');
insert into tags ("album","composer","genre","title","artist","disc","track","filepath") values ('Mega Mix 34','Zumba Fitness','Mambo','Mambo Yo Yo','Zumba Fitness','1/1','08/10','/media/pi/ZUKE/MUSIC/MMs/MM 34/08 - Mambo Yo Yo - Mambo.mp3');
insert into mp3s ("filepath") values ('/media/pi/ZUKE/MUSIC/MMs/MM 34/08 - Mambo Yo Yo - Mambo.mp3');
insert into streams ("index","codec_name","codec_long_name","codec_type","codec_time_base","codec_tag_string","codec_tag","sample_fmt","sample_rate","channels","channel_layout","bits_per_sample","r_frame_rate","avg_frame_rate","time_base","start_pts","start_time","duration_ts","duration","bit_rate","filepath") values ('0','mp3','MP3 (MPEG audio layer 3)','audio','1/44100','[0][0][0][0]','0x0000','fltp','44100','2','stereo','0','0/0','0/0','1/14112000','0','0','3016581120','213.760000','155515','/media/pi/ZUKE/MUSIC/MMs/MM 34/09 - Eto eh Pa Tiguere - Merengue.mp3');
insert into format ("filename","nb_streams","nb_programs","format_name","format_long_name","start_time","duration","size","bit_rate","probe_score","filepath") values ('/media/pi/ZUKE/MUSIC/MMs/MM 34/09 - Eto eh Pa Tiguere - Merengue.mp3','1','0','mp3','MP2/3 (MPEG audio layer 2/3)','0','213.760000','4157568','155597','51','/media/pi/ZUKE/MUSIC/MMs/MM 34/09 - Eto eh Pa Tiguere - Merengue.mp3');
insert into disposition ("default","dub","original","comment","lyrics","karaoke","forced","hearing_impaired","visual_impaired","clean_effects","attached_pic","timed_thumbnails","filepath") values ('0','0','0','0','0','0','0','0','0','0','0','0','/media/pi/ZUKE/MUSIC/MMs/MM 34/09 - Eto eh Pa Tiguere - Merengue.mp3');
insert into tags ("album","composer","genre","title","artist","disc","track","filepath") values ('Mega Mix 34','Zumba Fitness','Merengue','Eto eh Pa Tiguere','Zumba Fitness','1/1','09/10','/media/pi/ZUKE/MUSIC/MMs/MM 34/09 - Eto eh Pa Tiguere - Merengue.mp3');
insert into mp3s ("filepath") values ('/media/pi/ZUKE/MUSIC/MMs/MM 34/09 - Eto eh Pa Tiguere - Merengue.mp3');
insert into streams ("index","codec_name","codec_long_name","codec_type","codec_time_base","codec_tag_string","codec_tag","sample_fmt","sample_rate","channels","channel_layout","bits_per_sample","r_frame_rate","avg_frame_rate","time_base","start_pts","start_time","duration_ts","duration","bit_rate","filepath") values ('0','mp3','MP3 (MPEG audio layer 3)','audio','1/44100','[0][0][0][0]','0x0000','fltp','44100','2','stereo','0','0/0','0/0','1/14112000','0','0','3248455680','230.191020','142422','/media/pi/ZUKE/MUSIC/MMs/MM 34/10 - Baracundera - Brazilian Ragga - Cooldown.mp3');
insert into format ("filename","nb_streams","nb_programs","format_name","format_long_name","start_time","duration","size","bit_rate","probe_score","filepath") values ('/media/pi/ZUKE/MUSIC/MMs/MM 34/10 - Baracundera - Brazilian Ragga - Cooldown.mp3','1','0','mp3','MP2/3 (MPEG audio layer 2/3)','0','230.191020','4100224','142498','51','/media/pi/ZUKE/MUSIC/MMs/MM 34/10 - Baracundera - Brazilian Ragga - Cooldown.mp3');
insert into disposition ("default","dub","original","comment","lyrics","karaoke","forced","hearing_impaired","visual_impaired","clean_effects","attached_pic","timed_thumbnails","filepath") values ('0','0','0','0','0','0','0','0','0','0','0','0','/media/pi/ZUKE/MUSIC/MMs/MM 34/10 - Baracundera - Brazilian Ragga - Cooldown.mp3');
insert into tags ("album","composer","genre","title","artist","disc","track","filepath") values ('Mega Mix 34','Zumba Fitness','Brazilian Ragga,Cooldown','Baracundera','Zumba Fitness','1/1','10/10','/media/pi/ZUKE/MUSIC/MMs/MM 34/10 - Baracundera - Brazilian Ragga - Cooldown.mp3');
insert into mp3s ("filepath") values ('/media/pi/ZUKE/MUSIC/MMs/MM 34/10 - Baracundera - Brazilian Ragga - Cooldown.mp3');
insert into streams ("index","codec_name","codec_long_name","codec_type","codec_time_base","codec_tag_string","codec_tag","sample_fmt","sample_rate","channels","channel_layout","bits_per_sample","r_frame_rate","avg_frame_rate","time_base","start_pts","start_time","duration_ts","duration","bit_rate","filepath") values ('0','mp3','MP3 (MPEG audio layer 3)','audio','1/44100','[0][0][0][0]','0x0000','fltp','44100','2','stereo','0','0/0','0/0','1/14112000','0','0','2967183360','210.259592','156347','/media/pi/ZUKE/MUSIC/MMs/MM 35/01 - Estoy Enamorao - Merengue.mp3');
insert into format ("filename","nb_streams","nb_programs","format_name","format_long_name","start_time","duration","size","bit_rate","probe_score","filepath") values ('/media/pi/ZUKE/MUSIC/MMs/MM 35/01 - Estoy Enamorao - Merengue.mp3','1','0','mp3','MP2/3 (MPEG audio layer 2/3)','0','210.259592','4110464','156395','51','/media/pi/ZUKE/MUSIC/MMs/MM 35/01 - Estoy Enamorao - Merengue.mp3');
insert into disposition ("default","dub","original","comment","lyrics","karaoke","forced","hearing_impaired","visual_impaired","clean_effects","attached_pic","timed_thumbnails","filepath") values ('0','0','0','0','0','0','0','0','0','0','0','0','/media/pi/ZUKE/MUSIC/MMs/MM 35/01 - Estoy Enamorao - Merengue.mp3');
insert into tags ("album","composer","genre","title","artist","disc","track","filepath") values ('Mega Mix 35','Zumba Fitness','Merengue','Estoy Enamorao','Zumba Fitness','1/1','01/10','/media/pi/ZUKE/MUSIC/MMs/MM 35/01 - Estoy Enamorao - Merengue.mp3');
insert into mp3s ("filepath") values ('/media/pi/ZUKE/MUSIC/MMs/MM 35/01 - Estoy Enamorao - Merengue.mp3');
insert into streams ("index","codec_name","codec_long_name","codec_type","codec_time_base","codec_tag_string","codec_tag","sample_fmt","sample_rate","channels","channel_layout","bits_per_sample","r_frame_rate","avg_frame_rate","time_base","start_pts","start_time","duration_ts","duration","bit_rate","filepath") values ('0','mp3','MP3 (MPEG audio layer 3)','audio','1/44100','[0][0][0][0]','0x0000','fltp','44100','2','stereo','0','0/0','0/0','1/14112000','0','0','3189473280','226.011429','174817','/media/pi/ZUKE/MUSIC/MMs/MM 35/02 - Mambo Lives - Mambo.mp3');
insert into format ("filename","nb_streams","nb_programs","format_name","format_long_name","start_time","duration","size","bit_rate","probe_score","filepath") values ('/media/pi/ZUKE/MUSIC/MMs/MM 35/02 - Mambo Lives - Mambo.mp3','1','0','mp3','MP2/3 (MPEG audio layer 2/3)','0','226.011429','4939904','174855','51','/media/pi/ZUKE/MUSIC/MMs/MM 35/02 - Mambo Lives - Mambo.mp3');
insert into disposition ("default","dub","original","comment","lyrics","karaoke","forced","hearing_impaired","visual_impaired","clean_effects","attached_pic","timed_thumbnails","filepath") values ('0','0','0','0','0','0','0','0','0','0','0','0','/media/pi/ZUKE/MUSIC/MMs/MM 35/02 - Mambo Lives - Mambo.mp3');
insert into tags ("album","composer","genre","title","artist","disc","track","filepath") values ('Mega Mix 35','Zumba Fitness','Mambo','Mambo Lives','Zumba Fitness','1/1','02/10','/media/pi/ZUKE/MUSIC/MMs/MM 35/02 - Mambo Lives - Mambo.mp3');
insert into mp3s ("filepath") values ('/media/pi/ZUKE/MUSIC/MMs/MM 35/02 - Mambo Lives - Mambo.mp3');
insert into streams ("index","codec_name","codec_long_name","codec_type","codec_time_base","codec_tag_string","codec_tag","sample_fmt","sample_rate","channels","channel_layout","bits_per_sample","r_frame_rate","avg_frame_rate","time_base","start_pts","start_time","duration_ts","duration","bit_rate","filepath") values ('0','mp3','MP3 (MPEG audio layer 3)','audio','1/44100','[0][0][0][0]','0x0000','fltp','44100','2','stereo','0','0/0','0/0','1/14112000','0','0','4092641280','290.011429','157698','/media/pi/ZUKE/MUSIC/MMs/MM 35/03 - No te Veo (Remix) - Reggaeton.mp3');
insert into format ("filename","nb_streams","nb_programs","format_name","format_long_name","start_time","duration","size","bit_rate","probe_score","filepath") values ('/media/pi/ZUKE/MUSIC/MMs/MM 35/03 - No te Veo (Remix) - Reggaeton.mp3','1','0','mp3','MP2/3 (MPEG audio layer 2/3)','0','290.011429','5718144','157735','51','/media/pi/ZUKE/MUSIC/MMs/MM 35/03 - No te Veo (Remix) - Reggaeton.mp3');
insert into disposition ("default","dub","original","comment","lyrics","karaoke","forced","hearing_impaired","visual_impaired","clean_effects","attached_pic","timed_thumbnails","filepath") values ('0','0','0','0','0','0','0','0','0','0','0','0','/media/pi/ZUKE/MUSIC/MMs/MM 35/03 - No te Veo (Remix) - Reggaeton.mp3');
insert into tags ("album","composer","genre","title","artist","disc","track","filepath") values ('Mega Mix 35','Zumba Fitness','Reggaeton','No te Veo (Remix)','Zumba Fitness','1/1','03/10','/media/pi/ZUKE/MUSIC/MMs/MM 35/03 - No te Veo (Remix) - Reggaeton.mp3');
insert into mp3s ("filepath") values ('/media/pi/ZUKE/MUSIC/MMs/MM 35/03 - No te Veo (Remix) - Reggaeton.mp3');
insert into streams ("index","codec_name","codec_long_name","codec_type","codec_time_base","codec_tag_string","codec_tag","sample_fmt","sample_rate","channels","channel_layout","bits_per_sample","r_frame_rate","avg_frame_rate","time_base","start_pts","start_time","duration_ts","duration","bit_rate","filepath") values ('0','mp3','MP3 (MPEG audio layer 3)','audio','1/44100','[0][0][0][0]','0x0000','fltp','44100','2','stereo','0','0/0','0/0','1/14112000','0','0','2389524480','169.325714','133829','/media/pi/ZUKE/MUSIC/MMs/MM 35/04 - Tu no te Sabe Mover - Dembow.mp3');
insert into format ("filename","nb_streams","nb_programs","format_name","format_long_name","start_time","duration","size","bit_rate","probe_score","filepath") values ('/media/pi/ZUKE/MUSIC/MMs/MM 35/04 - Tu no te Sabe Mover - Dembow.mp3','1','0','mp3','MP2/3 (MPEG audio layer 2/3)','0','169.325714','2834560','133922','51','/media/pi/ZUKE/MUSIC/MMs/MM 35/04 - Tu no te Sabe Mover - Dembow.mp3');
insert into disposition ("default","dub","original","comment","lyrics","karaoke","forced","hearing_impaired","visual_impaired","clean_effects","attached_pic","timed_thumbnails","filepath") values ('0','0','0','0','0','0','0','0','0','0','0','0','/media/pi/ZUKE/MUSIC/MMs/MM 35/04 - Tu no te Sabe Mover - Dembow.mp3');
insert into tags ("album","composer","genre","title","artist","disc","track","filepath") values ('Mega Mix 35','Zumba Fitness','Dembow','Tu no te Sabe Mover','Zumba Fitness','1/1','04/10','/media/pi/ZUKE/MUSIC/MMs/MM 35/04 - Tu no te Sabe Mover - Dembow.mp3');
insert into mp3s ("filepath") values ('/media/pi/ZUKE/MUSIC/MMs/MM 35/04 - Tu no te Sabe Mover - Dembow.mp3');
insert into streams ("index","codec_name","codec_long_name","codec_type","codec_time_base","codec_tag_string","codec_tag","sample_fmt","sample_rate","channels","channel_layout","bits_per_sample","r_frame_rate","avg_frame_rate","time_base","start_pts","start_time","duration_ts","duration","bit_rate","filepath") values ('0','mp3','MP3 (MPEG audio layer 3)','audio','1/44100','[0][0][0][0]','0x0000','fltp','44100','2','stereo','0','0/0','0/0','1/14112000','0','0','3201269760','226.847347','160777','/media/pi/ZUKE/MUSIC/MMs/MM 35/05 - 99 Luftballons - New Wave.mp3');
insert into format ("filename","nb_streams","nb_programs","format_name","format_long_name","start_time","duration","size","bit_rate","probe_score","filepath") values ('/media/pi/ZUKE/MUSIC/MMs/MM 35/05 - 99 Luftballons - New Wave.mp3','1','0','mp3','MP2/3 (MPEG audio layer 2/3)','0','226.847347','4561024','160849','51','/media/pi/ZUKE/MUSIC/MMs/MM 35/05 - 99 Luftballons - New Wave.mp3');
insert into disposition ("default","dub","original","comment","lyrics","karaoke","forced","hearing_impaired","visual_impaired","clean_effects","attached_pic","timed_thumbnails","filepath") values ('0','0','0','0','0','0','0','0','0','0','0','0','/media/pi/ZUKE/MUSIC/MMs/MM 35/05 - 99 Luftballons - New Wave.mp3');
insert into tags ("album","composer","genre","title","artist","disc","track","filepath") values ('Mega Mix 35','Zumba Fitness','New Wave','99 Luftballons','Zumba Fitness','1/1','05/10','/media/pi/ZUKE/MUSIC/MMs/MM 35/05 - 99 Luftballons - New Wave.mp3');
insert into mp3s ("filepath") values ('/media/pi/ZUKE/MUSIC/MMs/MM 35/05 - 99 Luftballons - New Wave.mp3');
insert into streams ("index","codec_name","codec_long_name","codec_type","codec_time_base","codec_tag_string","codec_tag","sample_fmt","sample_rate","channels","channel_layout","bits_per_sample","r_frame_rate","avg_frame_rate","time_base","start_pts","start_time","duration_ts","duration","bit_rate","filepath") values ('0','mp3','MP3 (MPEG audio layer 3)','audio','1/44100','[0][0][0][0]','0x0000','fltp','44100','2','stereo','0','0/0','0/0','1/14112000','0','0','3184680960','225.671837','165122','/media/pi/ZUKE/MUSIC/MMs/MM 35/06 - Como Le Gusta a tu Cuerpo - Vallenato.mp3');
insert into format ("filename","nb_streams","nb_programs","format_name","format_long_name","start_time","duration","size","bit_rate","probe_score","filepath") values ('/media/pi/ZUKE/MUSIC/MMs/MM 35/06 - Como Le Gusta a tu Cuerpo - Vallenato.mp3','1','0','mp3','MP2/3 (MPEG audio layer 2/3)','0','225.671837','4659328','165171','51','/media/pi/ZUKE/MUSIC/MMs/MM 35/06 - Como Le Gusta a tu Cuerpo - Vallenato.mp3');
insert into disposition ("default","dub","original","comment","lyrics","karaoke","forced","hearing_impaired","visual_impaired","clean_effects","attached_pic","timed_thumbnails","filepath") values ('0','0','0','0','0','0','0','0','0','0','0','0','/media/pi/ZUKE/MUSIC/MMs/MM 35/06 - Como Le Gusta a tu Cuerpo - Vallenato.mp3');
insert into tags ("album","composer","genre","title","artist","disc","track","filepath") values ('Mega Mix 35','Zumba Fitness','Vallenato','Como Le Gusta a tu Cuerpo','Zumba Fitness','1/1','06/10','/media/pi/ZUKE/MUSIC/MMs/MM 35/06 - Como Le Gusta a tu Cuerpo - Vallenato.mp3');
insert into mp3s ("filepath") values ('/media/pi/ZUKE/MUSIC/MMs/MM 35/06 - Como Le Gusta a tu Cuerpo - Vallenato.mp3');
insert into streams ("index","codec_name","codec_long_name","codec_type","codec_time_base","codec_tag_string","codec_tag","sample_fmt","sample_rate","channels","channel_layout","bits_per_sample","r_frame_rate","avg_frame_rate","time_base","start_pts","start_time","duration_ts","duration","bit_rate","filepath") values ('0','mp3','MP3 (MPEG audio layer 3)','audio','1/44100','[0][0][0][0]','0x0000','fltp','44100','2','stereo','0','0/0','0/0','1/14112000','0','0','2830786560','200.594286','160770','/media/pi/ZUKE/MUSIC/MMs/MM 35/07 - Me, Myself and Music - Club-Dance.mp3');
insert into format ("filename","nb_streams","nb_programs","format_name","format_long_name","start_time","duration","size","bit_rate","probe_score","filepath") values ('/media/pi/ZUKE/MUSIC/MMs/MM 35/07 - Me, Myself and Music - Club-Dance.mp3','1','0','mp3','MP2/3 (MPEG audio layer 2/3)','0','200.594286','4032640','160827','51','/media/pi/ZUKE/MUSIC/MMs/MM 35/07 - Me, Myself and Music - Club-Dance.mp3');
insert into disposition ("default","dub","original","comment","lyrics","karaoke","forced","hearing_impaired","visual_impaired","clean_effects","attached_pic","timed_thumbnails","filepath") values ('0','0','0','0','0','0','0','0','0','0','0','0','/media/pi/ZUKE/MUSIC/MMs/MM 35/07 - Me, Myself and Music - Club-Dance.mp3');
insert into tags ("album","composer","genre","title","artist","disc","track","filepath") values ('Mega Mix 35','Zumba Fitness','Club','Me, Myself and Music','Zumba Fitness','1/1','07/10','/media/pi/ZUKE/MUSIC/MMs/MM 35/07 - Me, Myself and Music - Club-Dance.mp3');
insert into mp3s ("filepath") values ('/media/pi/ZUKE/MUSIC/MMs/MM 35/07 - Me, Myself and Music - Club-Dance.mp3');
insert into streams ("index","codec_name","codec_long_name","codec_type","codec_time_base","codec_tag_string","codec_tag","sample_fmt","sample_rate","channels","channel_layout","bits_per_sample","r_frame_rate","avg_frame_rate","time_base","start_pts","start_time","duration_ts","duration","bit_rate","filepath") values ('0','mp3','MP3 (MPEG audio layer 3)','audio','1/44100','[0][0][0][0]','0x0000','fltp','44100','2','stereo','0','0/0','0/0','1/14112000','0','0','3842703360','272.300408','159156','/media/pi/ZUKE/MUSIC/MMs/MM 35/08 - Banjaara - Hindi Pop.mp3');
insert into format ("filename","nb_streams","nb_programs","format_name","format_long_name","start_time","duration","size","bit_rate","probe_score","filepath") values ('/media/pi/ZUKE/MUSIC/MMs/MM 35/08 - Banjaara - Hindi Pop.mp3','1','0','mp3','MP2/3 (MPEG audio layer 2/3)','0','272.300408','5419136','159210','51','/media/pi/ZUKE/MUSIC/MMs/MM 35/08 - Banjaara - Hindi Pop.mp3');
insert into disposition ("default","dub","original","comment","lyrics","karaoke","forced","hearing_impaired","visual_impaired","clean_effects","attached_pic","timed_thumbnails","filepath") values ('0','0','0','0','0','0','0','0','0','0','0','0','/media/pi/ZUKE/MUSIC/MMs/MM 35/08 - Banjaara - Hindi Pop.mp3');
insert into tags ("album","composer","genre","title","artist","disc","track","filepath") values ('Mega Mix 35','Zumba Fitness','Hindi Pop','Banjaara','Zumba Fitness','1/1','08/10','/media/pi/ZUKE/MUSIC/MMs/MM 35/08 - Banjaara - Hindi Pop.mp3');
insert into mp3s ("filepath") values ('/media/pi/ZUKE/MUSIC/MMs/MM 35/08 - Banjaara - Hindi Pop.mp3');
insert into streams ("index","codec_name","codec_long_name","codec_type","codec_time_base","codec_tag_string","codec_tag","sample_fmt","sample_rate","channels","channel_layout","bits_per_sample","r_frame_rate","avg_frame_rate","time_base","start_pts","start_time","duration_ts","duration","bit_rate","filepath") values ('0','mp3','MP3 (MPEG audio layer 3)','audio','1/44100','[0][0][0][0]','0x0000','fltp','44100','2','stereo','0','0/0','0/0','1/14112000','0','0','3097681920','219.506939','157827','/media/pi/ZUKE/MUSIC/MMs/MM 35/09 - Si tu Quieres - Techno Merengue.mp3');
insert into format ("filename","nb_streams","nb_programs","format_name","format_long_name","start_time","duration","size","bit_rate","probe_score","filepath") values ('/media/pi/ZUKE/MUSIC/MMs/MM 35/09 - Si tu Quieres - Techno Merengue.mp3','1','0','mp3','MP2/3 (MPEG audio layer 2/3)','0','219.506939','4331648','157868','51','/media/pi/ZUKE/MUSIC/MMs/MM 35/09 - Si tu Quieres - Techno Merengue.mp3');
insert into disposition ("default","dub","original","comment","lyrics","karaoke","forced","hearing_impaired","visual_impaired","clean_effects","attached_pic","timed_thumbnails","filepath") values ('0','0','0','0','0','0','0','0','0','0','0','0','/media/pi/ZUKE/MUSIC/MMs/MM 35/09 - Si tu Quieres - Techno Merengue.mp3');
insert into tags ("album","composer","genre","title","artist","disc","track","filepath") values ('Mega Mix 35','Zumba Fitness','Techno Merengue','Si tu Quieres','Zumba Fitness','1/1','09/10','/media/pi/ZUKE/MUSIC/MMs/MM 35/09 - Si tu Quieres - Techno Merengue.mp3');
insert into mp3s ("filepath") values ('/media/pi/ZUKE/MUSIC/MMs/MM 35/09 - Si tu Quieres - Techno Merengue.mp3');
insert into streams ("index","codec_name","codec_long_name","codec_type","codec_time_base","codec_tag_string","codec_tag","sample_fmt","sample_rate","channels","channel_layout","bits_per_sample","r_frame_rate","avg_frame_rate","time_base","start_pts","start_time","duration_ts","duration","bit_rate","filepath") values ('0','mp3','MP3 (MPEG audio layer 3)','audio','1/44100','[0][0][0][0]','0x0000','fltp','44100','2','stereo','0','0/0','0/0','1/14112000','0','0','3558113280','252.133878','165609','/media/pi/ZUKE/MUSIC/MMs/MM 35/10 - Promise - Bachata.mp3');
insert into format ("filename","nb_streams","nb_programs","format_name","format_long_name","start_time","duration","size","bit_rate","probe_score","filepath") values ('/media/pi/ZUKE/MUSIC/MMs/MM 35/10 - Promise - Bachata.mp3','1','0','mp3','MP2/3 (MPEG audio layer 2/3)','0','252.133878','5220480','165641','51','/media/pi/ZUKE/MUSIC/MMs/MM 35/10 - Promise - Bachata.mp3');
insert into disposition ("default","dub","original","comment","lyrics","karaoke","forced","hearing_impaired","visual_impaired","clean_effects","attached_pic","timed_thumbnails","filepath") values ('0','0','0','0','0','0','0','0','0','0','0','0','/media/pi/ZUKE/MUSIC/MMs/MM 35/10 - Promise - Bachata.mp3');
insert into tags ("album","composer","genre","title","artist","disc","track","filepath") values ('Mega Mix 35','Zumba Fitness','Bachata','Promise','Zumba Fitness','1/1','10/10','/media/pi/ZUKE/MUSIC/MMs/MM 35/10 - Promise - Bachata.mp3');
insert into mp3s ("filepath") values ('/media/pi/ZUKE/MUSIC/MMs/MM 35/10 - Promise - Bachata.mp3');
insert into streams ("index","codec_name","codec_long_name","codec_type","codec_time_base","codec_tag_string","codec_tag","sample_fmt","sample_rate","channels","channel_layout","bits_per_sample","r_frame_rate","avg_frame_rate","time_base","start_pts","start_time","duration_ts","duration","bit_rate","filepath") values ('0','mp3','MP3 (MPEG audio layer 3)','audio','1/44100','[0][0][0][0]','0x0000','fltp','44100','2','stereo','0','0/0','0/0','1/14112000','0','0','5522964480','391.366531','158456','/media/pi/ZUKE/MUSIC/MMs/MM 36/01 - Orion - Electronic - Warm-up.mp3');
insert into format ("filename","nb_streams","nb_programs","format_name","format_long_name","start_time","duration","size","bit_rate","probe_score","filepath") values ('/media/pi/ZUKE/MUSIC/MMs/MM 36/01 - Orion - Electronic - Warm-up.mp3','1','0','mp3','MP2/3 (MPEG audio layer 2/3)','0','391.366531','7753856','158498','51','/media/pi/ZUKE/MUSIC/MMs/MM 36/01 - Orion - Electronic - Warm-up.mp3');
insert into disposition ("default","dub","original","comment","lyrics","karaoke","forced","hearing_impaired","visual_impaired","clean_effects","attached_pic","timed_thumbnails","filepath") values ('0','0','0','0','0','0','0','0','0','0','0','0','/media/pi/ZUKE/MUSIC/MMs/MM 36/01 - Orion - Electronic - Warm-up.mp3');
insert into tags ("album","composer","genre","title","artist","disc","track","filepath") values ('Mega Mix 36','Zumba Fitness','Electronic,Warm-up','Orion','Zumba Fitness','1/1','01/10','/media/pi/ZUKE/MUSIC/MMs/MM 36/01 - Orion - Electronic - Warm-up.mp3');
insert into mp3s ("filepath") values ('/media/pi/ZUKE/MUSIC/MMs/MM 36/01 - Orion - Electronic - Warm-up.mp3');
insert into streams ("index","codec_name","codec_long_name","codec_type","codec_time_base","codec_tag_string","codec_tag","sample_fmt","sample_rate","channels","channel_layout","bits_per_sample","r_frame_rate","avg_frame_rate","time_base","start_pts","start_time","duration_ts","duration","bit_rate","filepath") values ('0','mp3','MP3 (MPEG audio layer 3)','audio','1/44100','[0][0][0][0]','0x0000','fltp','44100','2','stereo','0','0/0','0/0','1/14112000','0','0','2476892160','175.516735','157088','/media/pi/ZUKE/MUSIC/MMs/MM 36/02 - El Blablaso - Merengue.mp3');
insert into format ("filename","nb_streams","nb_programs","format_name","format_long_name","start_time","duration","size","bit_rate","probe_score","filepath") values ('/media/pi/ZUKE/MUSIC/MMs/MM 36/02 - El Blablaso - Merengue.mp3','1','0','mp3','MP2/3 (MPEG audio layer 2/3)','0','175.516735','3446912','157109','51','/media/pi/ZUKE/MUSIC/MMs/MM 36/02 - El Blablaso - Merengue.mp3');
insert into disposition ("default","dub","original","comment","lyrics","karaoke","forced","hearing_impaired","visual_impaired","clean_effects","attached_pic","timed_thumbnails","filepath") values ('0','0','0','0','0','0','0','0','0','0','0','0','/media/pi/ZUKE/MUSIC/MMs/MM 36/02 - El Blablaso - Merengue.mp3');
insert into tags ("album","composer","genre","title","artist","disc","track","filepath") values ('Mega Mix 36','Zumba Fitness','Merengue','El Blablaso','Zumba Fitness','1/1','02/10','/media/pi/ZUKE/MUSIC/MMs/MM 36/02 - El Blablaso - Merengue.mp3');
insert into mp3s ("filepath") values ('/media/pi/ZUKE/MUSIC/MMs/MM 36/02 - El Blablaso - Merengue.mp3');
insert into streams ("index","codec_name","codec_long_name","codec_type","codec_time_base","codec_tag_string","codec_tag","sample_fmt","sample_rate","channels","channel_layout","bits_per_sample","r_frame_rate","avg_frame_rate","time_base","start_pts","start_time","duration_ts","duration","bit_rate","filepath") values ('0','mp3','MP3 (MPEG audio layer 3)','audio','1/44100','[0][0][0][0]','0x0000','fltp','44100','2','stereo','0','0/0','0/0','1/14112000','0','0','4044349440','286.589388','172790','/media/pi/ZUKE/MUSIC/MMs/MM 36/03 - La Rumba Buena - Salsa.mp3');
insert into format ("filename","nb_streams","nb_programs","format_name","format_long_name","start_time","duration","size","bit_rate","probe_score","filepath") values ('/media/pi/ZUKE/MUSIC/MMs/MM 36/03 - La Rumba Buena - Salsa.mp3','1','0','mp3','MP2/3 (MPEG audio layer 2/3)','0','286.589388','6191232','172825','51','/media/pi/ZUKE/MUSIC/MMs/MM 36/03 - La Rumba Buena - Salsa.mp3');
insert into disposition ("default","dub","original","comment","lyrics","karaoke","forced","hearing_impaired","visual_impaired","clean_effects","attached_pic","timed_thumbnails","filepath") values ('0','0','0','0','0','0','0','0','0','0','0','0','/media/pi/ZUKE/MUSIC/MMs/MM 36/03 - La Rumba Buena - Salsa.mp3');
insert into tags ("album","composer","genre","title","artist","disc","track","filepath") values ('Mega Mix 36','Zumba Fitness','Salsa','La Rumba Buena','Zumba Fitness','1/1','03/10','/media/pi/ZUKE/MUSIC/MMs/MM 36/03 - La Rumba Buena - Salsa.mp3');
insert into mp3s ("filepath") values ('/media/pi/ZUKE/MUSIC/MMs/MM 36/03 - La Rumba Buena - Salsa.mp3');
insert into streams ("index","codec_name","codec_long_name","codec_type","codec_time_base","codec_tag_string","codec_tag","sample_fmt","sample_rate","channels","channel_layout","bits_per_sample","r_frame_rate","avg_frame_rate","time_base","start_pts","start_time","duration_ts","duration","bit_rate","filepath") values ('0','mp3','MP3 (MPEG audio layer 3)','audio','1/44100','[0][0][0][0]','0x0000','fltp','44100','2','stereo','0','0/0','0/0','1/14112000','0','0','2226954240','157.805714','148178','/media/pi/ZUKE/MUSIC/MMs/MM 36/04 - Vamos a Pasarla Bien - Reggaeton.mp3');
insert into format ("filename","nb_streams","nb_programs","format_name","format_long_name","start_time","duration","size","bit_rate","probe_score","filepath") values ('/media/pi/ZUKE/MUSIC/MMs/MM 36/04 - Vamos a Pasarla Bien - Reggaeton.mp3','1','0','mp3','MP2/3 (MPEG audio layer 2/3)','0','157.805714','2924672','148266','51','/media/pi/ZUKE/MUSIC/MMs/MM 36/04 - Vamos a Pasarla Bien - Reggaeton.mp3');
insert into disposition ("default","dub","original","comment","lyrics","karaoke","forced","hearing_impaired","visual_impaired","clean_effects","attached_pic","timed_thumbnails","filepath") values ('0','0','0','0','0','0','0','0','0','0','0','0','/media/pi/ZUKE/MUSIC/MMs/MM 36/04 - Vamos a Pasarla Bien - Reggaeton.mp3');
insert into tags ("album","composer","genre","title","artist","disc","track","filepath") values ('Mega Mix 36','Zumba Fitness','Reggaeton','Vamos a Pasarla Bien','Zumba Fitness','1/1','04/10','/media/pi/ZUKE/MUSIC/MMs/MM 36/04 - Vamos a Pasarla Bien - Reggaeton.mp3');
insert into mp3s ("filepath") values ('/media/pi/ZUKE/MUSIC/MMs/MM 36/04 - Vamos a Pasarla Bien - Reggaeton.mp3');
insert into streams ("index","codec_name","codec_long_name","codec_type","codec_time_base","codec_tag_string","codec_tag","sample_fmt","sample_rate","channels","channel_layout","bits_per_sample","r_frame_rate","avg_frame_rate","time_base","start_pts","start_time","duration_ts","duration","bit_rate","filepath") values ('0','mp3','MP3 (MPEG audio layer 3)','audio','1/44100','[0][0][0][0]','0x0000','fltp','44100','2','stereo','0','0/0','0/0','1/14112000','0','0','2949857280','209.031837','168079','/media/pi/ZUKE/MUSIC/MMs/MM 36/05 - El Baile de la Vela - Cumbia.mp3');
insert into format ("filename","nb_streams","nb_programs","format_name","format_long_name","start_time","duration","size","bit_rate","probe_score","filepath") values ('/media/pi/ZUKE/MUSIC/MMs/MM 36/05 - El Baile de la Vela - Cumbia.mp3','1','0','mp3','MP2/3 (MPEG audio layer 2/3)','0','209.031837','4393088','168130','51','/media/pi/ZUKE/MUSIC/MMs/MM 36/05 - El Baile de la Vela - Cumbia.mp3');
insert into disposition ("default","dub","original","comment","lyrics","karaoke","forced","hearing_impaired","visual_impaired","clean_effects","attached_pic","timed_thumbnails","filepath") values ('0','0','0','0','0','0','0','0','0','0','0','0','/media/pi/ZUKE/MUSIC/MMs/MM 36/05 - El Baile de la Vela - Cumbia.mp3');
insert into tags ("album","composer","genre","title","artist","disc","track","filepath") values ('Mega Mix 36','Zumba Fitness','Cumbia','El Baile de la Vela','Zumba Fitness','1/1','05/10','/media/pi/ZUKE/MUSIC/MMs/MM 36/05 - El Baile de la Vela - Cumbia.mp3');
insert into mp3s ("filepath") values ('/media/pi/ZUKE/MUSIC/MMs/MM 36/05 - El Baile de la Vela - Cumbia.mp3');
insert into streams ("index","codec_name","codec_long_name","codec_type","codec_time_base","codec_tag_string","codec_tag","sample_fmt","sample_rate","channels","channel_layout","bits_per_sample","r_frame_rate","avg_frame_rate","time_base","start_pts","start_time","duration_ts","duration","bit_rate","filepath") values ('0','mp3','MP3 (MPEG audio layer 3)','audio','1/44100','[0][0][0][0]','0x0000','fltp','44100','2','stereo','0','0/0','0/0','1/14112000','0','0','3139706880','222.484898','158233','/media/pi/ZUKE/MUSIC/MMs/MM 36/06 - So no Love - Axe.mp3');
insert into format ("filename","nb_streams","nb_programs","format_name","format_long_name","start_time","duration","size","bit_rate","probe_score","filepath") values ('/media/pi/ZUKE/MUSIC/MMs/MM 36/06 - So no Love - Axe.mp3','1','0','mp3','MP2/3 (MPEG audio layer 2/3)','0','222.484898','4401280','158259','51','/media/pi/ZUKE/MUSIC/MMs/MM 36/06 - So no Love - Axe.mp3');
insert into disposition ("default","dub","original","comment","lyrics","karaoke","forced","hearing_impaired","visual_impaired","clean_effects","attached_pic","timed_thumbnails","filepath") values ('0','0','0','0','0','0','0','0','0','0','0','0','/media/pi/ZUKE/MUSIC/MMs/MM 36/06 - So no Love - Axe.mp3');
insert into tags ("album","composer","genre","title","artist","disc","track","filepath") values ('Mega Mix 36','Zumba Fitness','Axe','So no Love','Zumba Fitness','1/1','06/10','/media/pi/ZUKE/MUSIC/MMs/MM 36/06 - So no Love - Axe.mp3');
insert into mp3s ("filepath") values ('/media/pi/ZUKE/MUSIC/MMs/MM 36/06 - So no Love - Axe.mp3');
insert into streams ("index","codec_name","codec_long_name","codec_type","codec_time_base","codec_tag_string","codec_tag","sample_fmt","sample_rate","channels","channel_layout","bits_per_sample","r_frame_rate","avg_frame_rate","time_base","start_pts","start_time","duration_ts","duration","bit_rate","filepath") values ('0','mp3','MP3 (MPEG audio layer 3)','audio','1/44100','[0][0][0][0]','0x0000','fltp','44100','2','stereo','0','0/0','0/0','1/14112000','0','0','3022848000','214.204082','162248','/media/pi/ZUKE/MUSIC/MMs/MM 36/07 - Ay Ven Chiquita - Flamenco.mp3');
insert into format ("filename","nb_streams","nb_programs","format_name","format_long_name","start_time","duration","size","bit_rate","probe_score","filepath") values ('/media/pi/ZUKE/MUSIC/MMs/MM 36/07 - Ay Ven Chiquita - Flamenco.mp3','1','0','mp3','MP2/3 (MPEG audio layer 2/3)','0','214.204082','4345984','162311','51','/media/pi/ZUKE/MUSIC/MMs/MM 36/07 - Ay Ven Chiquita - Flamenco.mp3');
insert into disposition ("default","dub","original","comment","lyrics","karaoke","forced","hearing_impaired","visual_impaired","clean_effects","attached_pic","timed_thumbnails","filepath") values ('0','0','0','0','0','0','0','0','0','0','0','0','/media/pi/ZUKE/MUSIC/MMs/MM 36/07 - Ay Ven Chiquita - Flamenco.mp3');
insert into tags ("album","composer","genre","title","artist","disc","track","filepath") values ('Mega Mix 36','Zumba Fitness','Flamenco','Ay Ven Chiquita','Zumba Fitness','1/1','07/10','/media/pi/ZUKE/MUSIC/MMs/MM 36/07 - Ay Ven Chiquita - Flamenco.mp3');
insert into mp3s ("filepath") values ('/media/pi/ZUKE/MUSIC/MMs/MM 36/07 - Ay Ven Chiquita - Flamenco.mp3');
insert into streams ("index","codec_name","codec_long_name","codec_type","codec_time_base","codec_tag_string","codec_tag","sample_fmt","sample_rate","channels","channel_layout","bits_per_sample","r_frame_rate","avg_frame_rate","time_base","start_pts","start_time","duration_ts","duration","bit_rate","filepath") values ('0','mp3','MP3 (MPEG audio layer 3)','audio','1/44100','[0][0][0][0]','0x0000','fltp','44100','2','stereo','0','0/0','0/0','1/14112000','0','0','3234078720','229.172245','148869','/media/pi/ZUKE/MUSIC/MMs/MM 36/08 - Feel This Moment - Dance Pop.mp3');
insert into format ("filename","nb_streams","nb_programs","format_name","format_long_name","start_time","duration","size","bit_rate","probe_score","filepath") values ('/media/pi/ZUKE/MUSIC/MMs/MM 36/08 - Feel This Moment - Dance Pop.mp3','1','0','mp3','MP2/3 (MPEG audio layer 2/3)','0','229.172245','4266112','148922','51','/media/pi/ZUKE/MUSIC/MMs/MM 36/08 - Feel This Moment - Dance Pop.mp3');
insert into disposition ("default","dub","original","comment","lyrics","karaoke","forced","hearing_impaired","visual_impaired","clean_effects","attached_pic","timed_thumbnails","filepath") values ('0','0','0','0','0','0','0','0','0','0','0','0','/media/pi/ZUKE/MUSIC/MMs/MM 36/08 - Feel This Moment - Dance Pop.mp3');
insert into tags ("album","composer","genre","title","artist","disc","track","filepath") values ('Mega Mix 36','Zumba Fitness','Pop','Feel This Moment','Zumba Fitness','1/1','08/10','/media/pi/ZUKE/MUSIC/MMs/MM 36/08 - Feel This Moment - Dance Pop.mp3');
insert into mp3s ("filepath") values ('/media/pi/ZUKE/MUSIC/MMs/MM 36/08 - Feel This Moment - Dance Pop.mp3');
insert into streams ("index","codec_name","codec_long_name","codec_type","codec_time_base","codec_tag_string","codec_tag","sample_fmt","sample_rate","channels","channel_layout","bits_per_sample","r_frame_rate","avg_frame_rate","time_base","start_pts","start_time","duration_ts","duration","bit_rate","filepath") values ('0','mp3','MP3 (MPEG audio layer 3)','audio','1/44100','[0][0][0][0]','0x0000','fltp','44100','2','stereo','0','0/0','0/0','1/14112000','0','0','3211960320','227.604898','162862','/media/pi/ZUKE/MUSIC/MMs/MM 36/09 - Balma - Filmi.mp3');
insert into format ("filename","nb_streams","nb_programs","format_name","format_long_name","start_time","duration","size","bit_rate","probe_score","filepath") values ('/media/pi/ZUKE/MUSIC/MMs/MM 36/09 - Balma - Filmi.mp3','1','0','mp3','MP2/3 (MPEG audio layer 2/3)','0','227.604898','4634752','162905','51','/media/pi/ZUKE/MUSIC/MMs/MM 36/09 - Balma - Filmi.mp3');
insert into disposition ("default","dub","original","comment","lyrics","karaoke","forced","hearing_impaired","visual_impaired","clean_effects","attached_pic","timed_thumbnails","filepath") values ('0','0','0','0','0','0','0','0','0','0','0','0','/media/pi/ZUKE/MUSIC/MMs/MM 36/09 - Balma - Filmi.mp3');
insert into tags ("album","composer","genre","title","artist","disc","track","filepath") values ('Mega Mix 36','Zumba Fitness','Filmi','Balma','Zumba Fitness','1/1','09/10','/media/pi/ZUKE/MUSIC/MMs/MM 36/09 - Balma - Filmi.mp3');
insert into mp3s ("filepath") values ('/media/pi/ZUKE/MUSIC/MMs/MM 36/09 - Balma - Filmi.mp3');
insert into streams ("index","codec_name","codec_long_name","codec_type","codec_time_base","codec_tag_string","codec_tag","sample_fmt","sample_rate","channels","channel_layout","bits_per_sample","r_frame_rate","avg_frame_rate","time_base","start_pts","start_time","duration_ts","duration","bit_rate","filepath") values ('0','mp3','MP3 (MPEG audio layer 3)','audio','1/44100','[0][0][0][0]','0x0000','fltp','44100','2','stereo','0','0/0','0/0','1/14112000','0','0','3004784640','212.924082','152149','/media/pi/ZUKE/MUSIC/MMs/MM 36/10 - I''ll Be There (Alli Estare) - Bachata - Cooldown.mp3');
insert into format ("filename","nb_streams","nb_programs","format_name","format_long_name","start_time","duration","size","bit_rate","probe_score","filepath") values ('/media/pi/ZUKE/MUSIC/MMs/MM 36/10 - I''ll Be There (Alli Estare) - Bachata - Cooldown.mp3','1','0','mp3','MP2/3 (MPEG audio layer 2/3)','0','212.924082','4051072','152207','51','/media/pi/ZUKE/MUSIC/MMs/MM 36/10 - I''ll Be There (Alli Estare) - Bachata - Cooldown.mp3');
insert into disposition ("default","dub","original","comment","lyrics","karaoke","forced","hearing_impaired","visual_impaired","clean_effects","attached_pic","timed_thumbnails","filepath") values ('0','0','0','0','0','0','0','0','0','0','0','0','/media/pi/ZUKE/MUSIC/MMs/MM 36/10 - I''ll Be There (Alli Estare) - Bachata - Cooldown.mp3');
insert into tags ("album","composer","genre","title","artist","disc","track","filepath") values ('Mega Mix 36','Zumba Fitness','Bachata,Cooldown','I''ll Be There (Alli Estare)','Zumba Fitness','1/1','10/10','/media/pi/ZUKE/MUSIC/MMs/MM 36/10 - I''ll Be There (Alli Estare) - Bachata - Cooldown.mp3');
insert into mp3s ("filepath") values ('/media/pi/ZUKE/MUSIC/MMs/MM 36/10 - I''ll Be There (Alli Estare) - Bachata - Cooldown.mp3');
insert into streams ("index","codec_name","codec_long_name","codec_type","codec_time_base","codec_tag_string","codec_tag","sample_fmt","sample_rate","channels","channel_layout","bits_per_sample","r_frame_rate","avg_frame_rate","time_base","start_pts","start_time","duration_ts","duration","bit_rate","filepath") values ('0','mp3','MP3 (MPEG audio layer 3)','audio','1/44100','[0][0][0][0]','0x0000','fltp','44100','2','stereo','0','0/0','0/0','1/14112000','0','0','2709504000','192','162285','/media/pi/ZUKE/MUSIC/MMs/MM 38/01 - Mamafrikalo - African Soca.mp3');
insert into format ("filename","nb_streams","nb_programs","format_name","format_long_name","start_time","duration","size","bit_rate","probe_score","filepath") values ('/media/pi/ZUKE/MUSIC/MMs/MM 38/01 - Mamafrikalo - African Soca.mp3','1','0','mp3','MP2/3 (MPEG audio layer 2/3)','0','192','3895424','162309','51','/media/pi/ZUKE/MUSIC/MMs/MM 38/01 - Mamafrikalo - African Soca.mp3');
insert into disposition ("default","dub","original","comment","lyrics","karaoke","forced","hearing_impaired","visual_impaired","clean_effects","attached_pic","timed_thumbnails","filepath") values ('0','0','0','0','0','0','0','0','0','0','0','0','/media/pi/ZUKE/MUSIC/MMs/MM 38/01 - Mamafrikalo - African Soca.mp3');
insert into tags ("album","composer","genre","title","artist","disc","track","filepath") values ('Mega Mix 38','Zumba Fitness','African Soca','Mamafrikalo','Zumba Fitness','1/1','01/11','/media/pi/ZUKE/MUSIC/MMs/MM 38/01 - Mamafrikalo - African Soca.mp3');
insert into mp3s ("filepath") values ('/media/pi/ZUKE/MUSIC/MMs/MM 38/01 - Mamafrikalo - African Soca.mp3');
insert into streams ("index","codec_name","codec_long_name","codec_type","codec_time_base","codec_tag_string","codec_tag","sample_fmt","sample_rate","channels","channel_layout","bits_per_sample","r_frame_rate","avg_frame_rate","time_base","start_pts","start_time","duration_ts","duration","bit_rate","filepath") values ('0','mp3','MP3 (MPEG audio layer 3)','audio','1/44100','[0][0][0][0]','0x0000','fltp','44100','2','stereo','0','0/0','0/0','1/14112000','0','0','3478855680','246.517551','165334','/media/pi/ZUKE/MUSIC/MMs/MM 38/02 - Hadippa - Bhangra.mp3');
insert into format ("filename","nb_streams","nb_programs","format_name","format_long_name","start_time","duration","size","bit_rate","probe_score","filepath") values ('/media/pi/ZUKE/MUSIC/MMs/MM 38/02 - Hadippa - Bhangra.mp3','1','0','mp3','MP2/3 (MPEG audio layer 2/3)','0','246.517551','5095552','165361','51','/media/pi/ZUKE/MUSIC/MMs/MM 38/02 - Hadippa - Bhangra.mp3');
insert into disposition ("default","dub","original","comment","lyrics","karaoke","forced","hearing_impaired","visual_impaired","clean_effects","attached_pic","timed_thumbnails","filepath") values ('0','0','0','0','0','0','0','0','0','0','0','0','/media/pi/ZUKE/MUSIC/MMs/MM 38/02 - Hadippa - Bhangra.mp3');
insert into tags ("album","composer","genre","title","artist","disc","track","filepath") values ('Mega Mix 38','Zumba Fitness','Bhangra','Hadippa','Zumba Fitness','1/1','02/11','/media/pi/ZUKE/MUSIC/MMs/MM 38/02 - Hadippa - Bhangra.mp3');
insert into mp3s ("filepath") values ('/media/pi/ZUKE/MUSIC/MMs/MM 38/02 - Hadippa - Bhangra.mp3');
insert into streams ("index","codec_name","codec_long_name","codec_type","codec_time_base","codec_tag_string","codec_tag","sample_fmt","sample_rate","channels","channel_layout","bits_per_sample","r_frame_rate","avg_frame_rate","time_base","start_pts","start_time","duration_ts","duration","bit_rate","filepath") values ('0','mp3','MP3 (MPEG audio layer 3)','audio','1/44100','[0][0][0][0]','0x0000','fltp','44100','2','stereo','0','0/0','0/0','1/14112000','0','0','3232972800','229.093878','155110','/media/pi/ZUKE/MUSIC/MMs/MM 38/03 - Dancar com Voce - Samba.mp3');
insert into format ("filename","nb_streams","nb_programs","format_name","format_long_name","start_time","duration","size","bit_rate","probe_score","filepath") values ('/media/pi/ZUKE/MUSIC/MMs/MM 38/03 - Dancar com Voce - Samba.mp3','1','0','mp3','MP2/3 (MPEG audio layer 2/3)','0','229.093878','4442240','155123','51','/media/pi/ZUKE/MUSIC/MMs/MM 38/03 - Dancar com Voce - Samba.mp3');
insert into disposition ("default","dub","original","comment","lyrics","karaoke","forced","hearing_impaired","visual_impaired","clean_effects","attached_pic","timed_thumbnails","filepath") values ('0','0','0','0','0','0','0','0','0','0','0','0','/media/pi/ZUKE/MUSIC/MMs/MM 38/03 - Dancar com Voce - Samba.mp3');
insert into tags ("album","composer","genre","title","artist","disc","track","filepath") values ('Mega Mix 38','Zumba Fitness','Samba','Dancar com Voce','Zumba Fitness','1/1','03/11','/media/pi/ZUKE/MUSIC/MMs/MM 38/03 - Dancar com Voce - Samba.mp3');
insert into mp3s ("filepath") values ('/media/pi/ZUKE/MUSIC/MMs/MM 38/03 - Dancar com Voce - Samba.mp3');
insert into streams ("index","codec_name","codec_long_name","codec_type","codec_time_base","codec_tag_string","codec_tag","sample_fmt","sample_rate","channels","channel_layout","bits_per_sample","r_frame_rate","avg_frame_rate","time_base","start_pts","start_time","duration_ts","duration","bit_rate","filepath") values ('0','mp3','MP3 (MPEG audio layer 3)','audio','1/44100','[0][0][0][0]','0x0000','fltp','44100','2','stereo','0','0/0','0/0','1/14112000','0','0','2759639040','195.552653','154167','/media/pi/ZUKE/MUSIC/MMs/MM 38/04 - Paris (Oh la la) - Burlesque Rock.mp3');
insert into format ("filename","nb_streams","nb_programs","format_name","format_long_name","start_time","duration","size","bit_rate","probe_score","filepath") values ('/media/pi/ZUKE/MUSIC/MMs/MM 38/04 - Paris (Oh la la) - Burlesque Rock.mp3','1','0','mp3','MP2/3 (MPEG audio layer 2/3)','0','195.552653','3770496','154249','51','/media/pi/ZUKE/MUSIC/MMs/MM 38/04 - Paris (Oh la la) - Burlesque Rock.mp3');
insert into disposition ("default","dub","original","comment","lyrics","karaoke","forced","hearing_impaired","visual_impaired","clean_effects","attached_pic","timed_thumbnails","filepath") values ('0','0','0','0','0','0','0','0','0','0','0','0','/media/pi/ZUKE/MUSIC/MMs/MM 38/04 - Paris (Oh la la) - Burlesque Rock.mp3');
insert into tags ("album","composer","genre","title","artist","disc","track","filepath") values ('Mega Mix 38','Zumba Fitness','Burlesque Rock','Paris (Oh la la)','Zumba Fitness','1/1','04/11','/media/pi/ZUKE/MUSIC/MMs/MM 38/04 - Paris (Oh la la) - Burlesque Rock.mp3');
insert into mp3s ("filepath") values ('/media/pi/ZUKE/MUSIC/MMs/MM 38/04 - Paris (Oh la la) - Burlesque Rock.mp3');
insert into streams ("index","codec_name","codec_long_name","codec_type","codec_time_base","codec_tag_string","codec_tag","sample_fmt","sample_rate","channels","channel_layout","bits_per_sample","r_frame_rate","avg_frame_rate","time_base","start_pts","start_time","duration_ts","duration","bit_rate","filepath") values ('0','mp3','MP3 (MPEG audio layer 3)','audio','1/44100','[0][0][0][0]','0x0000','fltp','44100','2','stereo','0','0/0','0/0','1/14112000','0','0','3075194880','217.913469','157837','/media/pi/ZUKE/MUSIC/MMs/MM 38/05 - Pega Pega - Caribbean Hip-Hop.mp3');
insert into format ("filename","nb_streams","nb_programs","format_name","format_long_name","start_time","duration","size","bit_rate","probe_score","filepath") values ('/media/pi/ZUKE/MUSIC/MMs/MM 38/05 - Pega Pega - Caribbean Hip-Hop.mp3','1','0','mp3','MP2/3 (MPEG audio layer 2/3)','0','217.913469','4300928','157894','51','/media/pi/ZUKE/MUSIC/MMs/MM 38/05 - Pega Pega - Caribbean Hip-Hop.mp3');
insert into disposition ("default","dub","original","comment","lyrics","karaoke","forced","hearing_impaired","visual_impaired","clean_effects","attached_pic","timed_thumbnails","filepath") values ('0','0','0','0','0','0','0','0','0','0','0','0','/media/pi/ZUKE/MUSIC/MMs/MM 38/05 - Pega Pega - Caribbean Hip-Hop.mp3');
insert into tags ("album","composer","genre","title","artist","disc","track","filepath") values ('Mega Mix 38','Zumba Fitness','Caribbean Hip-Hop','Pega Pega','Zumba Fitness','1/1','05/11','/media/pi/ZUKE/MUSIC/MMs/MM 38/05 - Pega Pega - Caribbean Hip-Hop.mp3');
insert into mp3s ("filepath") values ('/media/pi/ZUKE/MUSIC/MMs/MM 38/05 - Pega Pega - Caribbean Hip-Hop.mp3');
insert into streams ("index","codec_name","codec_long_name","codec_type","codec_time_base","codec_tag_string","codec_tag","sample_fmt","sample_rate","channels","channel_layout","bits_per_sample","r_frame_rate","avg_frame_rate","time_base","start_pts","start_time","duration_ts","duration","bit_rate","filepath") values ('0','mp3','MP3 (MPEG audio layer 3)','audio','1/44100','[0][0][0][0]','0x0000','fltp','44100','2','stereo','0','0/0','0/0','1/14112000','0','0','3174727680','224.966531','172697','/media/pi/ZUKE/MUSIC/MMs/MM 38/06 - Muchas Flores - Rumba Flamenca.mp3');
insert into format ("filename","nb_streams","nb_programs","format_name","format_long_name","start_time","duration","size","bit_rate","probe_score","filepath") values ('/media/pi/ZUKE/MUSIC/MMs/MM 38/06 - Muchas Flores - Rumba Flamenca.mp3','1','0','mp3','MP2/3 (MPEG audio layer 2/3)','0','224.966531','4857984','172754','51','/media/pi/ZUKE/MUSIC/MMs/MM 38/06 - Muchas Flores - Rumba Flamenca.mp3');
insert into disposition ("default","dub","original","comment","lyrics","karaoke","forced","hearing_impaired","visual_impaired","clean_effects","attached_pic","timed_thumbnails","filepath") values ('0','0','0','0','0','0','0','0','0','0','0','0','/media/pi/ZUKE/MUSIC/MMs/MM 38/06 - Muchas Flores - Rumba Flamenca.mp3');
insert into tags ("album","composer","genre","title","artist","disc","track","filepath") values ('Mega Mix 38','Zumba Fitness','Rumba Flamenca','Muchas Flores','Zumba Fitness','1/1','06/11','/media/pi/ZUKE/MUSIC/MMs/MM 38/06 - Muchas Flores - Rumba Flamenca.mp3');
insert into mp3s ("filepath") values ('/media/pi/ZUKE/MUSIC/MMs/MM 38/06 - Muchas Flores - Rumba Flamenca.mp3');
insert into streams ("index","codec_name","codec_long_name","codec_type","codec_time_base","codec_tag_string","codec_tag","sample_fmt","sample_rate","channels","channel_layout","bits_per_sample","r_frame_rate","avg_frame_rate","time_base","start_pts","start_time","duration_ts","duration","bit_rate","filepath") values ('0','mp3','MP3 (MPEG audio layer 3)','audio','1/44100','[0][0][0][0]','0x0000','fltp','44100','2','stereo','0','0/0','0/0','1/14112000','0','0','3139338240','222.458776','155280','/media/pi/ZUKE/MUSIC/MMs/MM 38/07 - Papi - Dance Pop.mp3');
insert into format ("filename","nb_streams","nb_programs","format_name","format_long_name","start_time","duration","size","bit_rate","probe_score","filepath") values ('/media/pi/ZUKE/MUSIC/MMs/MM 38/07 - Papi - Dance Pop.mp3','1','0','mp3','MP2/3 (MPEG audio layer 2/3)','0','222.458776','4319360','155331','51','/media/pi/ZUKE/MUSIC/MMs/MM 38/07 - Papi - Dance Pop.mp3');
insert into disposition ("default","dub","original","comment","lyrics","karaoke","forced","hearing_impaired","visual_impaired","clean_effects","attached_pic","timed_thumbnails","filepath") values ('0','0','0','0','0','0','0','0','0','0','0','0','/media/pi/ZUKE/MUSIC/MMs/MM 38/07 - Papi - Dance Pop.mp3');
insert into tags ("album","composer","genre","title","artist","disc","track","filepath") values ('Mega Mix 38','Zumba Fitness','Pop','Papi','Zumba Fitness','1/1','07/11','/media/pi/ZUKE/MUSIC/MMs/MM 38/07 - Papi - Dance Pop.mp3');
insert into mp3s ("filepath") values ('/media/pi/ZUKE/MUSIC/MMs/MM 38/07 - Papi - Dance Pop.mp3');
insert into streams ("index","codec_name","codec_long_name","codec_type","codec_time_base","codec_tag_string","codec_tag","sample_fmt","sample_rate","channels","channel_layout","bits_per_sample","r_frame_rate","avg_frame_rate","time_base","start_pts","start_time","duration_ts","duration","bit_rate","filepath") values ('0','mp3','MP3 (MPEG audio layer 3)','audio','1/44100','[0][0][0][0]','0x0000','fltp','44100','2','stereo','0','0/0','0/0','1/14112000','0','0','2856222720','202.396735','163220','/media/pi/ZUKE/MUSIC/MMs/MM 38/08 - Que Bolon Tiburon - Reggaeton.mp3');
insert into format ("filename","nb_streams","nb_programs","format_name","format_long_name","start_time","duration","size","bit_rate","probe_score","filepath") values ('/media/pi/ZUKE/MUSIC/MMs/MM 38/08 - Que Bolon Tiburon - Reggaeton.mp3','1','0','mp3','MP2/3 (MPEG audio layer 2/3)','0','202.396735','4130944','163281','51','/media/pi/ZUKE/MUSIC/MMs/MM 38/08 - Que Bolon Tiburon - Reggaeton.mp3');
insert into disposition ("default","dub","original","comment","lyrics","karaoke","forced","hearing_impaired","visual_impaired","clean_effects","attached_pic","timed_thumbnails","filepath") values ('0','0','0','0','0','0','0','0','0','0','0','0','/media/pi/ZUKE/MUSIC/MMs/MM 38/08 - Que Bolon Tiburon - Reggaeton.mp3');
insert into tags ("album","composer","genre","title","artist","disc","track","filepath") values ('Mega Mix 38','Zumba Fitness','Reggaeton','Que Bolon Tiburon','Zumba Fitness','1/1','08/11','/media/pi/ZUKE/MUSIC/MMs/MM 38/08 - Que Bolon Tiburon - Reggaeton.mp3');
insert into mp3s ("filepath") values ('/media/pi/ZUKE/MUSIC/MMs/MM 38/08 - Que Bolon Tiburon - Reggaeton.mp3');
insert into streams ("index","codec_name","codec_long_name","codec_type","codec_time_base","codec_tag_string","codec_tag","sample_fmt","sample_rate","channels","channel_layout","bits_per_sample","r_frame_rate","avg_frame_rate","time_base","start_pts","start_time","duration_ts","duration","bit_rate","filepath") values ('0','mp3','MP3 (MPEG audio layer 3)','audio','1/44100','[0][0][0][0]','0x0000','fltp','44100','2','stereo','0','0/0','0/0','1/14112000','0','0','2656419840','188.238367','169198','/media/pi/ZUKE/MUSIC/MMs/MM 38/09 - Bass - Hip-Hop Dance.mp3');
insert into format ("filename","nb_streams","nb_programs","format_name","format_long_name","start_time","duration","size","bit_rate","probe_score","filepath") values ('/media/pi/ZUKE/MUSIC/MMs/MM 38/09 - Bass - Hip-Hop Dance.mp3','1','0','mp3','MP2/3 (MPEG audio layer 2/3)','0','188.238367','3983488','169295','51','/media/pi/ZUKE/MUSIC/MMs/MM 38/09 - Bass - Hip-Hop Dance.mp3');
insert into disposition ("default","dub","original","comment","lyrics","karaoke","forced","hearing_impaired","visual_impaired","clean_effects","attached_pic","timed_thumbnails","filepath") values ('0','0','0','0','0','0','0','0','0','0','0','0','/media/pi/ZUKE/MUSIC/MMs/MM 38/09 - Bass - Hip-Hop Dance.mp3');
insert into tags ("album","composer","genre","title","artist","disc","track","filepath") values ('Mega Mix 38','Zumba Fitness','Hip-Hop','Bass','Zumba Fitness','1/1','09/11','/media/pi/ZUKE/MUSIC/MMs/MM 38/09 - Bass - Hip-Hop Dance.mp3');
insert into mp3s ("filepath") values ('/media/pi/ZUKE/MUSIC/MMs/MM 38/09 - Bass - Hip-Hop Dance.mp3');
insert into streams ("index","codec_name","codec_long_name","codec_type","codec_time_base","codec_tag_string","codec_tag","sample_fmt","sample_rate","channels","channel_layout","bits_per_sample","r_frame_rate","avg_frame_rate","time_base","start_pts","start_time","duration_ts","duration","bit_rate","filepath") values ('0','mp3','MP3 (MPEG audio layer 3)','audio','1/44100','[0][0][0][0]','0x0000','fltp','44100','2','stereo','0','0/0','0/0','1/14112000','0','0','3010682880','213.342041','172792','/media/pi/ZUKE/MUSIC/MMs/MM 38/10 - Que No Muera el Boogaloo - Salsa.mp3');
insert into format ("filename","nb_streams","nb_programs","format_name","format_long_name","start_time","duration","size","bit_rate","probe_score","filepath") values ('/media/pi/ZUKE/MUSIC/MMs/MM 38/10 - Que No Muera el Boogaloo - Salsa.mp3','1','0','mp3','MP2/3 (MPEG audio layer 2/3)','0','213.342041','4610176','172874','51','/media/pi/ZUKE/MUSIC/MMs/MM 38/10 - Que No Muera el Boogaloo - Salsa.mp3');
insert into disposition ("default","dub","original","comment","lyrics","karaoke","forced","hearing_impaired","visual_impaired","clean_effects","attached_pic","timed_thumbnails","filepath") values ('0','0','0','0','0','0','0','0','0','0','0','0','/media/pi/ZUKE/MUSIC/MMs/MM 38/10 - Que No Muera el Boogaloo - Salsa.mp3');
insert into tags ("album","composer","genre","title","artist","disc","track","filepath") values ('Mega Mix 38','Zumba Fitness','Salsa','Que No Muera el Boogaloo','Zumba Fitness','1/1','10/11','/media/pi/ZUKE/MUSIC/MMs/MM 38/10 - Que No Muera el Boogaloo - Salsa.mp3');
insert into mp3s ("filepath") values ('/media/pi/ZUKE/MUSIC/MMs/MM 38/10 - Que No Muera el Boogaloo - Salsa.mp3');
insert into streams ("index","codec_name","codec_long_name","codec_type","codec_time_base","codec_tag_string","codec_tag","sample_fmt","sample_rate","channels","channel_layout","bits_per_sample","r_frame_rate","avg_frame_rate","time_base","start_pts","start_time","duration_ts","duration","bit_rate","filepath") values ('0','mp3','MP3 (MPEG audio layer 3)','audio','1/44100','[0][0][0][0]','0x0000','fltp','44100','2','stereo','0','0/0','0/0','1/14112000','0','0','3201638400','226.873469','171970','/media/pi/ZUKE/MUSIC/MMs/MM 38/11 - Besos al Aire - Tribal.mp3');
insert into format ("filename","nb_streams","nb_programs","format_name","format_long_name","start_time","duration","size","bit_rate","probe_score","filepath") values ('/media/pi/ZUKE/MUSIC/MMs/MM 38/11 - Besos al Aire - Tribal.mp3','1','0','mp3','MP2/3 (MPEG audio layer 2/3)','0','226.873469','4878464','172024','51','/media/pi/ZUKE/MUSIC/MMs/MM 38/11 - Besos al Aire - Tribal.mp3');
insert into disposition ("default","dub","original","comment","lyrics","karaoke","forced","hearing_impaired","visual_impaired","clean_effects","attached_pic","timed_thumbnails","filepath") values ('0','0','0','0','0','0','0','0','0','0','0','0','/media/pi/ZUKE/MUSIC/MMs/MM 38/11 - Besos al Aire - Tribal.mp3');
insert into tags ("album","composer","genre","title","artist","disc","track","filepath") values ('Mega Mix 38','Zumba Fitness','Tribal','Besos al Aire','Zumba Fitness','1/1','11/11','/media/pi/ZUKE/MUSIC/MMs/MM 38/11 - Besos al Aire - Tribal.mp3');
insert into mp3s ("filepath") values ('/media/pi/ZUKE/MUSIC/MMs/MM 38/11 - Besos al Aire - Tribal.mp3');
insert into streams ("index","codec_name","codec_long_name","codec_type","codec_time_base","codec_tag_string","codec_tag","sample_fmt","sample_rate","channels","channel_layout","bits_per_sample","r_frame_rate","avg_frame_rate","time_base","start_pts","start_time","duration_ts","duration","bit_rate","filepath") values ('0','mp3','MP3 (MPEG audio layer 3)','audio','1/44100','[0][0][0][0]','0x0000','fltp','44100','2','stereo','0','0/0','0/0','1/14112000','0','0','3033907200','214.987755','154364','/media/pi/ZUKE/MUSIC/MMs/MM 39/01 - Viva la Vida - Warm-up.mp3');
insert into format ("filename","nb_streams","nb_programs","format_name","format_long_name","start_time","duration","size","bit_rate","probe_score","filepath") values ('/media/pi/ZUKE/MUSIC/MMs/MM 39/01 - Viva la Vida - Warm-up.mp3','1','0','mp3','MP2/3 (MPEG audio layer 2/3)','0','214.987755','4149376','154404','51','/media/pi/ZUKE/MUSIC/MMs/MM 39/01 - Viva la Vida - Warm-up.mp3');
insert into disposition ("default","dub","original","comment","lyrics","karaoke","forced","hearing_impaired","visual_impaired","clean_effects","attached_pic","timed_thumbnails","filepath") values ('0','0','0','0','0','0','0','0','0','0','0','0','/media/pi/ZUKE/MUSIC/MMs/MM 39/01 - Viva la Vida - Warm-up.mp3');
insert into tags ("album","composer","genre","title","artist","disc","track","filepath") values ('Mega Mix 39','Zumba Fitness','Warm-up','Viva la Vida','Zumba Fitness','1/1','01/11','/media/pi/ZUKE/MUSIC/MMs/MM 39/01 - Viva la Vida - Warm-up.mp3');
insert into mp3s ("filepath") values ('/media/pi/ZUKE/MUSIC/MMs/MM 39/01 - Viva la Vida - Warm-up.mp3');
insert into streams ("index","codec_name","codec_long_name","codec_type","codec_time_base","codec_tag_string","codec_tag","sample_fmt","sample_rate","channels","channel_layout","bits_per_sample","r_frame_rate","avg_frame_rate","time_base","start_pts","start_time","duration_ts","duration","bit_rate","filepath") values ('0','mp3','MP3 (MPEG audio layer 3)','audio','1/44100','[0][0][0][0]','0x0000','fltp','44100','2','stereo','0','0/0','0/0','1/14112000','0','0','3441623040','243.879184','156211','/media/pi/ZUKE/MUSIC/MMs/MM 39/02 - Vamo'' a Portarnos Mal - Merengue.mp3');
insert into format ("filename","nb_streams","nb_programs","format_name","format_long_name","start_time","duration","size","bit_rate","probe_score","filepath") values ('/media/pi/ZUKE/MUSIC/MMs/MM 39/02 - Vamo'' a Portarnos Mal - Merengue.mp3','1','0','mp3','MP2/3 (MPEG audio layer 2/3)','0','243.879184','4763776','156266','51','/media/pi/ZUKE/MUSIC/MMs/MM 39/02 - Vamo'' a Portarnos Mal - Merengue.mp3');
insert into disposition ("default","dub","original","comment","lyrics","karaoke","forced","hearing_impaired","visual_impaired","clean_effects","attached_pic","timed_thumbnails","filepath") values ('0','0','0','0','0','0','0','0','0','0','0','0','/media/pi/ZUKE/MUSIC/MMs/MM 39/02 - Vamo'' a Portarnos Mal - Merengue.mp3');
insert into tags ("album","composer","genre","title","artist","disc","track","filepath") values ('Mega Mix 39','Zumba Fitness','Merengue','Vamo'' a Portarnos Mal','Zumba Fitness','1/1','02/10','/media/pi/ZUKE/MUSIC/MMs/MM 39/02 - Vamo'' a Portarnos Mal - Merengue.mp3');
insert into mp3s ("filepath") values ('/media/pi/ZUKE/MUSIC/MMs/MM 39/02 - Vamo'' a Portarnos Mal - Merengue.mp3');
insert into streams ("index","codec_name","codec_long_name","codec_type","codec_time_base","codec_tag_string","codec_tag","sample_fmt","sample_rate","channels","channel_layout","bits_per_sample","r_frame_rate","avg_frame_rate","time_base","start_pts","start_time","duration_ts","duration","bit_rate","filepath") values ('0','mp3','MP3 (MPEG audio layer 3)','audio','1/44100','[0][0][0][0]','0x0000','fltp','44100','2','stereo','0','0/0','0/0','1/14112000','0','0','3526778880','249.913469','169716','/media/pi/ZUKE/MUSIC/MMs/MM 39/03 - C''est la Vie a.k.a. Vivir Mi Vida - Salsa.mp3');
insert into format ("filename","nb_streams","nb_programs","format_name","format_long_name","start_time","duration","size","bit_rate","probe_score","filepath") values ('/media/pi/ZUKE/MUSIC/MMs/MM 39/03 - C''est la Vie a.k.a. Vivir Mi Vida - Salsa.mp3','1','0','mp3','MP2/3 (MPEG audio layer 2/3)','0','249.913469','5302400','169735','51','/media/pi/ZUKE/MUSIC/MMs/MM 39/03 - C''est la Vie a.k.a. Vivir Mi Vida - Salsa.mp3');
insert into disposition ("default","dub","original","comment","lyrics","karaoke","forced","hearing_impaired","visual_impaired","clean_effects","attached_pic","timed_thumbnails","filepath") values ('0','0','0','0','0','0','0','0','0','0','0','0','/media/pi/ZUKE/MUSIC/MMs/MM 39/03 - C''est la Vie a.k.a. Vivir Mi Vida - Salsa.mp3');
insert into tags ("album","composer","genre","title","artist","disc","track","filepath") values ('Mega Mix 39','Zumba Fitness','Salsa','C''est la Vie a.k.a. Vivir Mi Vida','Zumba Fitness','1/1','03/10','/media/pi/ZUKE/MUSIC/MMs/MM 39/03 - C''est la Vie a.k.a. Vivir Mi Vida - Salsa.mp3');
insert into mp3s ("filepath") values ('/media/pi/ZUKE/MUSIC/MMs/MM 39/03 - C''est la Vie a.k.a. Vivir Mi Vida - Salsa.mp3');
insert into streams ("index","codec_name","codec_long_name","codec_type","codec_time_base","codec_tag_string","codec_tag","sample_fmt","sample_rate","channels","channel_layout","bits_per_sample","r_frame_rate","avg_frame_rate","time_base","start_pts","start_time","duration_ts","duration","bit_rate","filepath") values ('0','mp3','MP3 (MPEG audio layer 3)','audio','1/44100','[0][0][0][0]','0x0000','fltp','44100','2','stereo','0','0/0','0/0','1/14112000','0','0','2513756160','178.128980','161273','/media/pi/ZUKE/MUSIC/MMs/MM 39/04 - No Naci Pa'' Perder - Reggaeton.mp3');
insert into format ("filename","nb_streams","nb_programs","format_name","format_long_name","start_time","duration","size","bit_rate","probe_score","filepath") values ('/media/pi/ZUKE/MUSIC/MMs/MM 39/04 - No Naci Pa'' Perder - Reggaeton.mp3','1','0','mp3','MP2/3 (MPEG audio layer 2/3)','0','178.128980','3592320','161335','51','/media/pi/ZUKE/MUSIC/MMs/MM 39/04 - No Naci Pa'' Perder - Reggaeton.mp3');
insert into disposition ("default","dub","original","comment","lyrics","karaoke","forced","hearing_impaired","visual_impaired","clean_effects","attached_pic","timed_thumbnails","filepath") values ('0','0','0','0','0','0','0','0','0','0','0','0','/media/pi/ZUKE/MUSIC/MMs/MM 39/04 - No Naci Pa'' Perder - Reggaeton.mp3');
insert into tags ("album","composer","genre","title","artist","disc","track","filepath") values ('Mega Mix 39','Zumba Fitness','Reggaeton','No Naci Pa'' Perder','Zumba Fitness','1/1','04/10','/media/pi/ZUKE/MUSIC/MMs/MM 39/04 - No Naci Pa'' Perder - Reggaeton.mp3');
insert into mp3s ("filepath") values ('/media/pi/ZUKE/MUSIC/MMs/MM 39/04 - No Naci Pa'' Perder - Reggaeton.mp3');
insert into streams ("index","codec_name","codec_long_name","codec_type","codec_time_base","codec_tag_string","codec_tag","sample_fmt","sample_rate","channels","channel_layout","bits_per_sample","r_frame_rate","avg_frame_rate","time_base","start_pts","start_time","duration_ts","duration","bit_rate","filepath") values ('0','mp3','MP3 (MPEG audio layer 3)','audio','1/44100','[0][0][0][0]','0x0000','fltp','44100','2','stereo','0','0/0','0/0','1/14112000','0','0','3294904320','233.482449','163199','/media/pi/ZUKE/MUSIC/MMs/MM 39/05 - El Baile del Gavilan - Cumbia.mp3');
insert into format ("filename","nb_streams","nb_programs","format_name","format_long_name","start_time","duration","size","bit_rate","probe_score","filepath") values ('/media/pi/ZUKE/MUSIC/MMs/MM 39/05 - El Baile del Gavilan - Cumbia.mp3','1','0','mp3','MP2/3 (MPEG audio layer 2/3)','0','233.482449','4763776','163225','51','/media/pi/ZUKE/MUSIC/MMs/MM 39/05 - El Baile del Gavilan - Cumbia.mp3');
insert into disposition ("default","dub","original","comment","lyrics","karaoke","forced","hearing_impaired","visual_impaired","clean_effects","attached_pic","timed_thumbnails","filepath") values ('0','0','0','0','0','0','0','0','0','0','0','0','/media/pi/ZUKE/MUSIC/MMs/MM 39/05 - El Baile del Gavilan - Cumbia.mp3');
insert into tags ("album","composer","genre","title","artist","disc","track","filepath") values ('Mega Mix 39','Zumba Fitness','Cumbia','El Baile del Gavilan','Zumba Fitness','1/1','05/10','/media/pi/ZUKE/MUSIC/MMs/MM 39/05 - El Baile del Gavilan - Cumbia.mp3');
insert into mp3s ("filepath") values ('/media/pi/ZUKE/MUSIC/MMs/MM 39/05 - El Baile del Gavilan - Cumbia.mp3');
insert into streams ("index","codec_name","codec_long_name","codec_type","codec_time_base","codec_tag_string","codec_tag","sample_fmt","sample_rate","channels","channel_layout","bits_per_sample","r_frame_rate","avg_frame_rate","time_base","start_pts","start_time","duration_ts","duration","bit_rate","filepath") values ('0','mp3','MP3 (MPEG audio layer 3)','audio','1/44100','[0][0][0][0]','0x0000','fltp','44100','2','stereo','0','0/0','0/0','1/14112000','0','0','2689228800','190.563265','162639','/media/pi/ZUKE/MUSIC/MMs/MM 39/06 - Mi Mi Mi - Electronica.mp3');
insert into format ("filename","nb_streams","nb_programs","format_name","format_long_name","start_time","duration","size","bit_rate","probe_score","filepath") values ('/media/pi/ZUKE/MUSIC/MMs/MM 39/06 - Mi Mi Mi - Electronica.mp3','1','0','mp3','MP2/3 (MPEG audio layer 2/3)','0','190.563265','3874944','162673','51','/media/pi/ZUKE/MUSIC/MMs/MM 39/06 - Mi Mi Mi - Electronica.mp3');
insert into disposition ("default","dub","original","comment","lyrics","karaoke","forced","hearing_impaired","visual_impaired","clean_effects","attached_pic","timed_thumbnails","filepath") values ('0','0','0','0','0','0','0','0','0','0','0','0','/media/pi/ZUKE/MUSIC/MMs/MM 39/06 - Mi Mi Mi - Electronica.mp3');
insert into tags ("album","composer","genre","title","artist","disc","track","filepath") values ('Mega Mix 39','Zumba Fitness','Electronica','Mi Mi Mi','Zumba Fitness','1/1','06/10','/media/pi/ZUKE/MUSIC/MMs/MM 39/06 - Mi Mi Mi - Electronica.mp3');
insert into mp3s ("filepath") values ('/media/pi/ZUKE/MUSIC/MMs/MM 39/06 - Mi Mi Mi - Electronica.mp3');
insert into streams ("index","codec_name","codec_long_name","codec_type","codec_time_base","codec_tag_string","codec_tag","sample_fmt","sample_rate","channels","channel_layout","bits_per_sample","r_frame_rate","avg_frame_rate","time_base","start_pts","start_time","duration_ts","duration","bit_rate","filepath") values ('0','mp3','MP3 (MPEG audio layer 3)','audio','1/44100','[0][0][0][0]','0x0000','fltp','44100','2','stereo','0','0/0','0/0','1/14112000','0','0','3690823680','261.537959','163658','/media/pi/ZUKE/MUSIC/MMs/MM 39/07 - Suit Tera Laal Rang Da - Hindi Pop.mp3');
insert into format ("filename","nb_streams","nb_programs","format_name","format_long_name","start_time","duration","size","bit_rate","probe_score","filepath") values ('/media/pi/ZUKE/MUSIC/MMs/MM 39/07 - Suit Tera Laal Rang Da - Hindi Pop.mp3','1','0','mp3','MP2/3 (MPEG audio layer 2/3)','0','261.537959','5351552','163694','51','/media/pi/ZUKE/MUSIC/MMs/MM 39/07 - Suit Tera Laal Rang Da - Hindi Pop.mp3');
insert into disposition ("default","dub","original","comment","lyrics","karaoke","forced","hearing_impaired","visual_impaired","clean_effects","attached_pic","timed_thumbnails","filepath") values ('0','0','0','0','0','0','0','0','0','0','0','0','/media/pi/ZUKE/MUSIC/MMs/MM 39/07 - Suit Tera Laal Rang Da - Hindi Pop.mp3');
insert into tags ("album","composer","genre","title","artist","disc","track","filepath") values ('Mega Mix 39','Zumba Fitness','Hindi Pop','Suit Tera Laal Rang Da','Zumba Fitness','1/1','07/10','/media/pi/ZUKE/MUSIC/MMs/MM 39/07 - Suit Tera Laal Rang Da - Hindi Pop.mp3');
insert into mp3s ("filepath") values ('/media/pi/ZUKE/MUSIC/MMs/MM 39/07 - Suit Tera Laal Rang Da - Hindi Pop.mp3');
insert into streams ("index","codec_name","codec_long_name","codec_type","codec_time_base","codec_tag_string","codec_tag","sample_fmt","sample_rate","channels","channel_layout","bits_per_sample","r_frame_rate","avg_frame_rate","time_base","start_pts","start_time","duration_ts","duration","bit_rate","filepath") values ('0','mp3','MP3 (MPEG audio layer 3)','audio','1/44100','[0][0][0][0]','0x0000','fltp','44100','2','stereo','0','0/0','0/0','1/14112000','0','0','2633932800','186.644898','157760','/media/pi/ZUKE/MUSIC/MMs/MM 39/08 - My Songs Know What You Did In The Dark (Light Em Up).mp3');
insert into format ("filename","nb_streams","nb_programs","format_name","format_long_name","start_time","duration","size","bit_rate","probe_score","filepath") values ('/media/pi/ZUKE/MUSIC/MMs/MM 39/08 - My Songs Know What You Did In The Dark (Light Em Up).mp3','1','0','mp3','MP2/3 (MPEG audio layer 2/3)','0','186.644898','3682432','157836','51','/media/pi/ZUKE/MUSIC/MMs/MM 39/08 - My Songs Know What You Did In The Dark (Light Em Up).mp3');
insert into disposition ("default","dub","original","comment","lyrics","karaoke","forced","hearing_impaired","visual_impaired","clean_effects","attached_pic","timed_thumbnails","filepath") values ('0','0','0','0','0','0','0','0','0','0','0','0','/media/pi/ZUKE/MUSIC/MMs/MM 39/08 - My Songs Know What You Did In The Dark (Light Em Up).mp3');
insert into tags ("album","composer","genre","title","artist","disc","track","filepath") values ('Mega Mix 39','Zumba Fitness','Pop','My Songs Know What You Did In The Dark (Light Em Up)','Zumba Fitness','1/1','08/10','/media/pi/ZUKE/MUSIC/MMs/MM 39/08 - My Songs Know What You Did In The Dark (Light Em Up).mp3');
insert into mp3s ("filepath") values ('/media/pi/ZUKE/MUSIC/MMs/MM 39/08 - My Songs Know What You Did In The Dark (Light Em Up).mp3');
insert into streams ("index","codec_name","codec_long_name","codec_type","codec_time_base","codec_tag_string","codec_tag","sample_fmt","sample_rate","channels","channel_layout","bits_per_sample","r_frame_rate","avg_frame_rate","time_base","start_pts","start_time","duration_ts","duration","bit_rate","filepath") values ('0','mp3','MP3 (MPEG audio layer 3)','audio','1/44100','[0][0][0][0]','0x0000','fltp','44100','2','stereo','0','0/0','0/0','1/14112000','0','0','2824151040','200.124082','167590','/media/pi/ZUKE/MUSIC/MMs/MM 39/09 - El Cheke Cheke - Tropipop.mp3');
insert into format ("filename","nb_streams","nb_programs","format_name","format_long_name","start_time","duration","size","bit_rate","probe_score","filepath") values ('/media/pi/ZUKE/MUSIC/MMs/MM 39/09 - El Cheke Cheke - Tropipop.mp3','1','0','mp3','MP2/3 (MPEG audio layer 2/3)','0','200.124082','4194432','167673','51','/media/pi/ZUKE/MUSIC/MMs/MM 39/09 - El Cheke Cheke - Tropipop.mp3');
insert into disposition ("default","dub","original","comment","lyrics","karaoke","forced","hearing_impaired","visual_impaired","clean_effects","attached_pic","timed_thumbnails","filepath") values ('0','0','0','0','0','0','0','0','0','0','0','0','/media/pi/ZUKE/MUSIC/MMs/MM 39/09 - El Cheke Cheke - Tropipop.mp3');
insert into tags ("album","composer","genre","title","artist","disc","track","filepath") values ('Mega Mix 39','Zumba Fitness','Tropipop','El Cheke Cheke','Zumba Fitness','1/1','09/10','/media/pi/ZUKE/MUSIC/MMs/MM 39/09 - El Cheke Cheke - Tropipop.mp3');
insert into mp3s ("filepath") values ('/media/pi/ZUKE/MUSIC/MMs/MM 39/09 - El Cheke Cheke - Tropipop.mp3');
insert into streams ("index","codec_name","codec_long_name","codec_type","codec_time_base","codec_tag_string","codec_tag","sample_fmt","sample_rate","channels","channel_layout","bits_per_sample","r_frame_rate","avg_frame_rate","time_base","start_pts","start_time","duration_ts","duration","bit_rate","filepath") values ('0','mp3','MP3 (MPEG audio layer 3)','audio','1/44100','[0][0][0][0]','0x0000','fltp','44100','2','stereo','0','0/0','0/0','1/14112000','0','0','2918891520','206.837551','163387','/media/pi/ZUKE/MUSIC/MMs/MM 39/10 - Darte un Beso - Bachata.mp3');
insert into format ("filename","nb_streams","nb_programs","format_name","format_long_name","start_time","duration","size","bit_rate","probe_score","filepath") values ('/media/pi/ZUKE/MUSIC/MMs/MM 39/10 - Darte un Beso - Bachata.mp3','1','0','mp3','MP2/3 (MPEG audio layer 2/3)','0','206.837551','4225152','163419','51','/media/pi/ZUKE/MUSIC/MMs/MM 39/10 - Darte un Beso - Bachata.mp3');
insert into disposition ("default","dub","original","comment","lyrics","karaoke","forced","hearing_impaired","visual_impaired","clean_effects","attached_pic","timed_thumbnails","filepath") values ('0','0','0','0','0','0','0','0','0','0','0','0','/media/pi/ZUKE/MUSIC/MMs/MM 39/10 - Darte un Beso - Bachata.mp3');
insert into tags ("album","composer","genre","title","artist","disc","track","filepath") values ('Mega Mix 39','Zumba Fitness','Bachata','Darte un Beso','Zumba Fitness','1/1','10/10','/media/pi/ZUKE/MUSIC/MMs/MM 39/10 - Darte un Beso - Bachata.mp3');
insert into mp3s ("filepath") values ('/media/pi/ZUKE/MUSIC/MMs/MM 39/10 - Darte un Beso - Bachata.mp3');
insert into streams ("index","codec_name","codec_long_name","codec_type","codec_time_base","codec_tag_string","codec_tag","sample_fmt","sample_rate","channels","channel_layout","bits_per_sample","r_frame_rate","avg_frame_rate","time_base","start_pts","start_time","duration_ts","duration","bit_rate","filepath") values ('0','mp3','MP3 (MPEG audio layer 3)','audio','1/44100','[0][0][0][0]','0x0000','fltp','44100','2','stereo','0','0/0','0/0','1/14112000','0','0','3165143040','224.287347','165182','/media/pi/ZUKE/MUSIC/MMs/MM 40/01 - Despierta - Warm-up.mp3');
insert into format ("filename","nb_streams","nb_programs","format_name","format_long_name","start_time","duration","size","bit_rate","probe_score","filepath") values ('/media/pi/ZUKE/MUSIC/MMs/MM 40/01 - Despierta - Warm-up.mp3','1','0','mp3','MP2/3 (MPEG audio layer 2/3)','0','224.287347','4632704','165241','51','/media/pi/ZUKE/MUSIC/MMs/MM 40/01 - Despierta - Warm-up.mp3');
insert into disposition ("default","dub","original","comment","lyrics","karaoke","forced","hearing_impaired","visual_impaired","clean_effects","attached_pic","timed_thumbnails","filepath") values ('0','0','0','0','0','0','0','0','0','0','0','0','/media/pi/ZUKE/MUSIC/MMs/MM 40/01 - Despierta - Warm-up.mp3');
insert into tags ("album","composer","genre","title","artist","disc","track","filepath") values ('Mega Mix 40','Zumba Fitness','Warm-up','Despierta','Zumba Fitness','1/1','01/10','/media/pi/ZUKE/MUSIC/MMs/MM 40/01 - Despierta - Warm-up.mp3');
insert into mp3s ("filepath") values ('/media/pi/ZUKE/MUSIC/MMs/MM 40/01 - Despierta - Warm-up.mp3');
insert into streams ("index","codec_name","codec_long_name","codec_type","codec_time_base","codec_tag_string","codec_tag","sample_fmt","sample_rate","channels","channel_layout","bits_per_sample","r_frame_rate","avg_frame_rate","time_base","start_pts","start_time","duration_ts","duration","bit_rate","filepath") values ('0','mp3','MP3 (MPEG audio layer 3)','audio','1/44100','[0][0][0][0]','0x0000','fltp','44100','2','stereo','0','0/0','0/0','1/14112000','0','0','3506872320','248.502857','150240','/media/pi/ZUKE/MUSIC/MMs/MM 40/02 - Wicked - Urban Pop.mp3');
insert into format ("filename","nb_streams","nb_programs","format_name","format_long_name","start_time","duration","size","bit_rate","probe_score","filepath") values ('/media/pi/ZUKE/MUSIC/MMs/MM 40/02 - Wicked - Urban Pop.mp3','1','0','mp3','MP2/3 (MPEG audio layer 2/3)','0','248.502857','4667520','150260','51','/media/pi/ZUKE/MUSIC/MMs/MM 40/02 - Wicked - Urban Pop.mp3');
insert into disposition ("default","dub","original","comment","lyrics","karaoke","forced","hearing_impaired","visual_impaired","clean_effects","attached_pic","timed_thumbnails","filepath") values ('0','0','0','0','0','0','0','0','0','0','0','0','/media/pi/ZUKE/MUSIC/MMs/MM 40/02 - Wicked - Urban Pop.mp3');
insert into tags ("album","composer","genre","title","artist","disc","track","filepath") values ('Mega Mix 40','Zumba Fitness','Urban Pop','Wicked','Zumba Fitness','1/1','02/10','/media/pi/ZUKE/MUSIC/MMs/MM 40/02 - Wicked - Urban Pop.mp3');
insert into mp3s ("filepath") values ('/media/pi/ZUKE/MUSIC/MMs/MM 40/02 - Wicked - Urban Pop.mp3');
insert into streams ("index","codec_name","codec_long_name","codec_type","codec_time_base","codec_tag_string","codec_tag","sample_fmt","sample_rate","channels","channel_layout","bits_per_sample","r_frame_rate","avg_frame_rate","time_base","start_pts","start_time","duration_ts","duration","bit_rate","filepath") values ('0','mp3','MP3 (MPEG audio layer 3)','audio','1/44100','[0][0][0][0]','0x0000','fltp','44100','2','stereo','0','0/0','0/0','1/14112000','0','0','2849955840','201.952653','152246','/media/pi/ZUKE/MUSIC/MMs/MM 40/03 - Que Viva la Vida - Reggaeton.mp3');
insert into format ("filename","nb_streams","nb_programs","format_name","format_long_name","start_time","duration","size","bit_rate","probe_score","filepath") values ('/media/pi/ZUKE/MUSIC/MMs/MM 40/03 - Que Viva la Vida - Reggaeton.mp3','1','0','mp3','MP2/3 (MPEG audio layer 2/3)','0','201.952653','3844224','152282','51','/media/pi/ZUKE/MUSIC/MMs/MM 40/03 - Que Viva la Vida - Reggaeton.mp3');
insert into disposition ("default","dub","original","comment","lyrics","karaoke","forced","hearing_impaired","visual_impaired","clean_effects","attached_pic","timed_thumbnails","filepath") values ('0','0','0','0','0','0','0','0','0','0','0','0','/media/pi/ZUKE/MUSIC/MMs/MM 40/03 - Que Viva la Vida - Reggaeton.mp3');
insert into tags ("album","composer","genre","title","artist","disc","track","filepath") values ('Mega Mix 40','Zumba Fitness','Reggaeton','Que Viva la Vida','Zumba Fitness','1/1','03/10','/media/pi/ZUKE/MUSIC/MMs/MM 40/03 - Que Viva la Vida - Reggaeton.mp3');
insert into mp3s ("filepath") values ('/media/pi/ZUKE/MUSIC/MMs/MM 40/03 - Que Viva la Vida - Reggaeton.mp3');
insert into streams ("index","codec_name","codec_long_name","codec_type","codec_time_base","codec_tag_string","codec_tag","sample_fmt","sample_rate","channels","channel_layout","bits_per_sample","r_frame_rate","avg_frame_rate","time_base","start_pts","start_time","duration_ts","duration","bit_rate","filepath") values ('0','mp3','MP3 (MPEG audio layer 3)','audio','1/44100','[0][0][0][0]','0x0000','fltp','44100','2','stereo','0','0/0','0/0','1/14112000','0','0','3430195200','243.069388','163268','/media/pi/ZUKE/MUSIC/MMs/MM 40/04 - Ella lo Que Quiere es Salsa - Salsa.mp3');
insert into format ("filename","nb_streams","nb_programs","format_name","format_long_name","start_time","duration","size","bit_rate","probe_score","filepath") values ('/media/pi/ZUKE/MUSIC/MMs/MM 40/04 - Ella lo Que Quiere es Salsa - Salsa.mp3','1','0','mp3','MP2/3 (MPEG audio layer 2/3)','0','243.069388','4962432','163325','51','/media/pi/ZUKE/MUSIC/MMs/MM 40/04 - Ella lo Que Quiere es Salsa - Salsa.mp3');
insert into disposition ("default","dub","original","comment","lyrics","karaoke","forced","hearing_impaired","visual_impaired","clean_effects","attached_pic","timed_thumbnails","filepath") values ('0','0','0','0','0','0','0','0','0','0','0','0','/media/pi/ZUKE/MUSIC/MMs/MM 40/04 - Ella lo Que Quiere es Salsa - Salsa.mp3');
insert into tags ("album","composer","genre","title","artist","disc","track","filepath") values ('Mega Mix 40','Zumba Fitness','Salsa','Ella lo Que Quiere es Salsa','Zumba Fitness','1/1','04/10','/media/pi/ZUKE/MUSIC/MMs/MM 40/04 - Ella lo Que Quiere es Salsa - Salsa.mp3');
insert into mp3s ("filepath") values ('/media/pi/ZUKE/MUSIC/MMs/MM 40/04 - Ella lo Que Quiere es Salsa - Salsa.mp3');
insert into streams ("index","codec_name","codec_long_name","codec_type","codec_time_base","codec_tag_string","codec_tag","sample_fmt","sample_rate","channels","channel_layout","bits_per_sample","r_frame_rate","avg_frame_rate","time_base","start_pts","start_time","duration_ts","duration","bit_rate","filepath") values ('0','mp3','MP3 (MPEG audio layer 3)','audio','1/44100','[0][0][0][0]','0x0000','fltp','44100','2','stereo','0','0/0','0/0','1/14112000','0','0','2452193280','173.766531','152682','/media/pi/ZUKE/MUSIC/MMs/MM 40/05 - Shaki Riddim - EuroTon.mp3');
insert into format ("filename","nb_streams","nb_programs","format_name","format_long_name","start_time","duration","size","bit_rate","probe_score","filepath") values ('/media/pi/ZUKE/MUSIC/MMs/MM 40/05 - Shaki Riddim - EuroTon.mp3','1','0','mp3','MP2/3 (MPEG audio layer 2/3)','0','173.766531','3317888','152751','51','/media/pi/ZUKE/MUSIC/MMs/MM 40/05 - Shaki Riddim - EuroTon.mp3');
insert into disposition ("default","dub","original","comment","lyrics","karaoke","forced","hearing_impaired","visual_impaired","clean_effects","attached_pic","timed_thumbnails","filepath") values ('0','0','0','0','0','0','0','0','0','0','0','0','/media/pi/ZUKE/MUSIC/MMs/MM 40/05 - Shaki Riddim - EuroTon.mp3');
insert into tags ("album","composer","genre","title","artist","disc","track","filepath") values ('Mega Mix 40','Zumba Fitness','EuroTon','Shaki Riddim','Zumba Fitness','1/1','05/10','/media/pi/ZUKE/MUSIC/MMs/MM 40/05 - Shaki Riddim - EuroTon.mp3');
insert into mp3s ("filepath") values ('/media/pi/ZUKE/MUSIC/MMs/MM 40/05 - Shaki Riddim - EuroTon.mp3');
insert into streams ("index","codec_name","codec_long_name","codec_type","codec_time_base","codec_tag_string","codec_tag","sample_fmt","sample_rate","channels","channel_layout","bits_per_sample","r_frame_rate","avg_frame_rate","time_base","start_pts","start_time","duration_ts","duration","bit_rate","filepath") values ('0','mp3','MP3 (MPEG audio layer 3)','audio','1/44100','[0][0][0][0]','0x0000','fltp','44100','2','stereo','0','0/0','0/0','1/14112000','0','0','3054182400','216.424490','151479','/media/pi/ZUKE/MUSIC/MMs/MM 40/06 - Electro Cumbia - Electro Cumbia.mp3');
insert into format ("filename","nb_streams","nb_programs","format_name","format_long_name","start_time","duration","size","bit_rate","probe_score","filepath") values ('/media/pi/ZUKE/MUSIC/MMs/MM 40/06 - Electro Cumbia - Electro Cumbia.mp3','1','0','mp3','MP2/3 (MPEG audio layer 2/3)','0','216.424490','4100224','151562','51','/media/pi/ZUKE/MUSIC/MMs/MM 40/06 - Electro Cumbia - Electro Cumbia.mp3');
insert into disposition ("default","dub","original","comment","lyrics","karaoke","forced","hearing_impaired","visual_impaired","clean_effects","attached_pic","timed_thumbnails","filepath") values ('0','0','0','0','0','0','0','0','0','0','0','0','/media/pi/ZUKE/MUSIC/MMs/MM 40/06 - Electro Cumbia - Electro Cumbia.mp3');
insert into tags ("album","composer","genre","title","artist","disc","track","filepath") values ('Mega Mix 40','Zumba Fitness','Electro Cumbia','Electro Cumbia','Zumba Fitness','1/1','06/10','/media/pi/ZUKE/MUSIC/MMs/MM 40/06 - Electro Cumbia - Electro Cumbia.mp3');
insert into mp3s ("filepath") values ('/media/pi/ZUKE/MUSIC/MMs/MM 40/06 - Electro Cumbia - Electro Cumbia.mp3');
insert into streams ("index","codec_name","codec_long_name","codec_type","codec_time_base","codec_tag_string","codec_tag","sample_fmt","sample_rate","channels","channel_layout","bits_per_sample","r_frame_rate","avg_frame_rate","time_base","start_pts","start_time","duration_ts","duration","bit_rate","filepath") values ('0','mp3','MP3 (MPEG audio layer 3)','audio','1/44100','[0][0][0][0]','0x0000','fltp','44100','2','stereo','0','0/0','0/0','1/14112000','0','0','2854379520','202.266122','155448','/media/pi/ZUKE/MUSIC/MMs/MM 40/07 - Ela Samba Ela Mexe - Axe.mp3');
insert into format ("filename","nb_streams","nb_programs","format_name","format_long_name","start_time","duration","size","bit_rate","probe_score","filepath") values ('/media/pi/ZUKE/MUSIC/MMs/MM 40/07 - Ela Samba Ela Mexe - Axe.mp3','1','0','mp3','MP2/3 (MPEG audio layer 2/3)','0','202.266122','3932288','155529','51','/media/pi/ZUKE/MUSIC/MMs/MM 40/07 - Ela Samba Ela Mexe - Axe.mp3');
insert into disposition ("default","dub","original","comment","lyrics","karaoke","forced","hearing_impaired","visual_impaired","clean_effects","attached_pic","timed_thumbnails","filepath") values ('0','0','0','0','0','0','0','0','0','0','0','0','/media/pi/ZUKE/MUSIC/MMs/MM 40/07 - Ela Samba Ela Mexe - Axe.mp3');
insert into tags ("album","composer","genre","title","artist","disc","track","filepath") values ('Mega Mix 40','Zumba Fitness','Axe','Ela Samba Ela Mexe','Zumba Fitness','1/1','07/10','/media/pi/ZUKE/MUSIC/MMs/MM 40/07 - Ela Samba Ela Mexe - Axe.mp3');
insert into mp3s ("filepath") values ('/media/pi/ZUKE/MUSIC/MMs/MM 40/07 - Ela Samba Ela Mexe - Axe.mp3');
insert into streams ("index","codec_name","codec_long_name","codec_type","codec_time_base","codec_tag_string","codec_tag","sample_fmt","sample_rate","channels","channel_layout","bits_per_sample","r_frame_rate","avg_frame_rate","time_base","start_pts","start_time","duration_ts","duration","bit_rate","filepath") values ('0','mp3','MP3 (MPEG audio layer 3)','audio','1/44100','[0][0][0][0]','0x0000','fltp','44100','2','stereo','0','0/0','0/0','1/14112000','0','0','2616238080','185.391020','160939','/media/pi/ZUKE/MUSIC/MMs/MM 40/08 - Wall to Wall - R&B.mp3');
insert into format ("filename","nb_streams","nb_programs","format_name","format_long_name","start_time","duration","size","bit_rate","probe_score","filepath") values ('/media/pi/ZUKE/MUSIC/MMs/MM 40/08 - Wall to Wall - R&B.mp3','1','0','mp3','MP2/3 (MPEG audio layer 2/3)','0','185.391020','3731584','161025','51','/media/pi/ZUKE/MUSIC/MMs/MM 40/08 - Wall to Wall - R&B.mp3');
insert into disposition ("default","dub","original","comment","lyrics","karaoke","forced","hearing_impaired","visual_impaired","clean_effects","attached_pic","timed_thumbnails","filepath") values ('0','0','0','0','0','0','0','0','0','0','0','0','/media/pi/ZUKE/MUSIC/MMs/MM 40/08 - Wall to Wall - R&B.mp3');
insert into tags ("album","composer","genre","title","artist","disc","track","filepath") values ('Mega Mix 40','Zumba Fitness','R&B','Wall to Wall','Zumba Fitness','1/1','08/10','/media/pi/ZUKE/MUSIC/MMs/MM 40/08 - Wall to Wall - R&B.mp3');
insert into mp3s ("filepath") values ('/media/pi/ZUKE/MUSIC/MMs/MM 40/08 - Wall to Wall - R&B.mp3');
insert into streams ("index","codec_name","codec_long_name","codec_type","codec_time_base","codec_tag_string","codec_tag","sample_fmt","sample_rate","channels","channel_layout","bits_per_sample","r_frame_rate","avg_frame_rate","time_base","start_pts","start_time","duration_ts","duration","bit_rate","filepath") values ('0','mp3','MP3 (MPEG audio layer 3)','audio','1/44100','[0][0][0][0]','0x0000','fltp','44100','2','stereo','0','0/0','0/0','1/14112000','0','0','3180625920','225.384490','155572','/media/pi/ZUKE/MUSIC/MMs/MM 40/09 - La Botella - Tropipop.mp3');
insert into format ("filename","nb_streams","nb_programs","format_name","format_long_name","start_time","duration","size","bit_rate","probe_score","filepath") values ('/media/pi/ZUKE/MUSIC/MMs/MM 40/09 - La Botella - Tropipop.mp3','1','0','mp3','MP2/3 (MPEG audio layer 2/3)','0','225.384490','4384896','155641','51','/media/pi/ZUKE/MUSIC/MMs/MM 40/09 - La Botella - Tropipop.mp3');
insert into disposition ("default","dub","original","comment","lyrics","karaoke","forced","hearing_impaired","visual_impaired","clean_effects","attached_pic","timed_thumbnails","filepath") values ('0','0','0','0','0','0','0','0','0','0','0','0','/media/pi/ZUKE/MUSIC/MMs/MM 40/09 - La Botella - Tropipop.mp3');
insert into tags ("album","composer","genre","title","artist","disc","track","filepath") values ('Mega Mix 40','Zumba Fitness','Tropipop','La Botella','Zumba Fitness','1/1','09/10','/media/pi/ZUKE/MUSIC/MMs/MM 40/09 - La Botella - Tropipop.mp3');
insert into mp3s ("filepath") values ('/media/pi/ZUKE/MUSIC/MMs/MM 40/09 - La Botella - Tropipop.mp3');
insert into streams ("index","codec_name","codec_long_name","codec_type","codec_time_base","codec_tag_string","codec_tag","sample_fmt","sample_rate","channels","channel_layout","bits_per_sample","r_frame_rate","avg_frame_rate","time_base","start_pts","start_time","duration_ts","duration","bit_rate","filepath") values ('0','mp3','MP3 (MPEG audio layer 3)','audio','1/44100','[0][0][0][0]','0x0000','fltp','44100','2','stereo','0','0/0','0/0','1/14112000','0','0','3260989440','231.079184','158432','/media/pi/ZUKE/MUSIC/MMs/MM 40/10 - Colgando en tus Manos - Cooldown.mp3');
insert into format ("filename","nb_streams","nb_programs","format_name","format_long_name","start_time","duration","size","bit_rate","probe_score","filepath") values ('/media/pi/ZUKE/MUSIC/MMs/MM 40/10 - Colgando en tus Manos - Cooldown.mp3','1','0','mp3','MP2/3 (MPEG audio layer 2/3)','0','231.079184','4577408','158470','51','/media/pi/ZUKE/MUSIC/MMs/MM 40/10 - Colgando en tus Manos - Cooldown.mp3');
insert into disposition ("default","dub","original","comment","lyrics","karaoke","forced","hearing_impaired","visual_impaired","clean_effects","attached_pic","timed_thumbnails","filepath") values ('0','0','0','0','0','0','0','0','0','0','0','0','/media/pi/ZUKE/MUSIC/MMs/MM 40/10 - Colgando en tus Manos - Cooldown.mp3');
insert into tags ("album","composer","genre","title","artist","disc","track","filepath") values ('Mega Mix 40','Zumba Fitness','Cooldown','Colgando en tus Manos','Zumba Fitness','1/1','10/10','/media/pi/ZUKE/MUSIC/MMs/MM 40/10 - Colgando en tus Manos - Cooldown.mp3');
insert into mp3s ("filepath") values ('/media/pi/ZUKE/MUSIC/MMs/MM 40/10 - Colgando en tus Manos - Cooldown.mp3');
insert into streams ("index","codec_name","codec_long_name","codec_type","codec_time_base","codec_tag_string","codec_tag","sample_fmt","sample_rate","channels","channel_layout","bits_per_sample","r_frame_rate","avg_frame_rate","time_base","start_pts","start_time","duration_ts","duration","bit_rate","filepath") values ('0','mp3','MP3 (MPEG audio layer 3)','audio','1/44100','[0][0][0][0]','0x0000','fltp','44100','2','stereo','0','0/0','0/0','1/14112000','0','0','4854988800','344.032653','161982','/media/pi/ZUKE/MUSIC/MMs/MM 41/01 - Shake It - Warm-up.mp3');
insert into format ("filename","nb_streams","nb_programs","format_name","format_long_name","start_time","duration","size","bit_rate","probe_score","filepath") values ('/media/pi/ZUKE/MUSIC/MMs/MM 41/01 - Shake It - Warm-up.mp3','1','0','mp3','MP2/3 (MPEG audio layer 2/3)','0','344.032653','6967424','162017','51','/media/pi/ZUKE/MUSIC/MMs/MM 41/01 - Shake It - Warm-up.mp3');
insert into disposition ("default","dub","original","comment","lyrics","karaoke","forced","hearing_impaired","visual_impaired","clean_effects","attached_pic","timed_thumbnails","filepath") values ('0','0','0','0','0','0','0','0','0','0','0','0','/media/pi/ZUKE/MUSIC/MMs/MM 41/01 - Shake It - Warm-up.mp3');
insert into tags ("album","composer","genre","title","artist","disc","track","filepath") values ('Mega Mix 41','Zumba Fitness','Warm-up','Shake It','Zumba Fitness','1/1','01/10','/media/pi/ZUKE/MUSIC/MMs/MM 41/01 - Shake It - Warm-up.mp3');
insert into mp3s ("filepath") values ('/media/pi/ZUKE/MUSIC/MMs/MM 41/01 - Shake It - Warm-up.mp3');
insert into streams ("index","codec_name","codec_long_name","codec_type","codec_time_base","codec_tag_string","codec_tag","sample_fmt","sample_rate","channels","channel_layout","bits_per_sample","r_frame_rate","avg_frame_rate","time_base","start_pts","start_time","duration_ts","duration","bit_rate","filepath") values ('0','mp3','MP3 (MPEG audio layer 3)','audio','1/44100','[0][0][0][0]','0x0000','fltp','44100','2','stereo','0','0/0','0/0','1/14112000','0','0','2594119680','183.823673','156964','/media/pi/ZUKE/MUSIC/MMs/MM 41/02 - Selfie - Electropop.mp3');
insert into format ("filename","nb_streams","nb_programs","format_name","format_long_name","start_time","duration","size","bit_rate","probe_score","filepath") values ('/media/pi/ZUKE/MUSIC/MMs/MM 41/02 - Selfie - Electropop.mp3','1','0','mp3','MP2/3 (MPEG audio layer 2/3)','0','183.823673','3608704','157050','51','/media/pi/ZUKE/MUSIC/MMs/MM 41/02 - Selfie - Electropop.mp3');
insert into disposition ("default","dub","original","comment","lyrics","karaoke","forced","hearing_impaired","visual_impaired","clean_effects","attached_pic","timed_thumbnails","filepath") values ('0','0','0','0','0','0','0','0','0','0','0','0','/media/pi/ZUKE/MUSIC/MMs/MM 41/02 - Selfie - Electropop.mp3');
insert into tags ("album","composer","genre","title","artist","disc","track","filepath") values ('Mega Mix 41','Zumba Fitness','Electropop','Selfie','Zumba Fitness','1/1','02/10','/media/pi/ZUKE/MUSIC/MMs/MM 41/02 - Selfie - Electropop.mp3');
insert into mp3s ("filepath") values ('/media/pi/ZUKE/MUSIC/MMs/MM 41/02 - Selfie - Electropop.mp3');
insert into streams ("index","codec_name","codec_long_name","codec_type","codec_time_base","codec_tag_string","codec_tag","sample_fmt","sample_rate","channels","channel_layout","bits_per_sample","r_frame_rate","avg_frame_rate","time_base","start_pts","start_time","duration_ts","duration","bit_rate","filepath") values ('0','mp3','MP3 (MPEG audio layer 3)','audio','1/44100','[0][0][0][0]','0x0000','fltp','44100','2','stereo','0','0/0','0/0','1/14112000','0','0','2696970240','191.111837','154184','/media/pi/ZUKE/MUSIC/MMs/MM 41/03 - Te Veo Bailando - Merengue Urbano.mp3');
insert into format ("filename","nb_streams","nb_programs","format_name","format_long_name","start_time","duration","size","bit_rate","probe_score","filepath") values ('/media/pi/ZUKE/MUSIC/MMs/MM 41/03 - Te Veo Bailando - Merengue Urbano.mp3','1','0','mp3','MP2/3 (MPEG audio layer 2/3)','0','191.111837','3684480','154233','51','/media/pi/ZUKE/MUSIC/MMs/MM 41/03 - Te Veo Bailando - Merengue Urbano.mp3');
insert into disposition ("default","dub","original","comment","lyrics","karaoke","forced","hearing_impaired","visual_impaired","clean_effects","attached_pic","timed_thumbnails","filepath") values ('0','0','0','0','0','0','0','0','0','0','0','0','/media/pi/ZUKE/MUSIC/MMs/MM 41/03 - Te Veo Bailando - Merengue Urbano.mp3');
insert into tags ("album","composer","genre","title","artist","disc","track","filepath") values ('Mega Mix 41','Zumba Fitness','Merengue Urbano','Te Veo Bailando','Zumba Fitness','1/1','03/10','/media/pi/ZUKE/MUSIC/MMs/MM 41/03 - Te Veo Bailando - Merengue Urbano.mp3');
insert into mp3s ("filepath") values ('/media/pi/ZUKE/MUSIC/MMs/MM 41/03 - Te Veo Bailando - Merengue Urbano.mp3');
insert into streams ("index","codec_name","codec_long_name","codec_type","codec_time_base","codec_tag_string","codec_tag","sample_fmt","sample_rate","channels","channel_layout","bits_per_sample","r_frame_rate","avg_frame_rate","time_base","start_pts","start_time","duration_ts","duration","bit_rate","filepath") values ('0','mp3','MP3 (MPEG audio layer 3)','audio','1/44100','[0][0][0][0]','0x0000','fltp','44100','2','stereo','0','0/0','0/0','1/14112000','0','0','3180625920','225.384490','166494','/media/pi/ZUKE/MUSIC/MMs/MM 41/04 - Ay Cosita Linda - Salsa.mp3');
insert into format ("filename","nb_streams","nb_programs","format_name","format_long_name","start_time","duration","size","bit_rate","probe_score","filepath") values ('/media/pi/ZUKE/MUSIC/MMs/MM 41/04 - Ay Cosita Linda - Salsa.mp3','1','0','mp3','MP2/3 (MPEG audio layer 2/3)','0','225.384490','4692096','166545','51','/media/pi/ZUKE/MUSIC/MMs/MM 41/04 - Ay Cosita Linda - Salsa.mp3');
insert into disposition ("default","dub","original","comment","lyrics","karaoke","forced","hearing_impaired","visual_impaired","clean_effects","attached_pic","timed_thumbnails","filepath") values ('0','0','0','0','0','0','0','0','0','0','0','0','/media/pi/ZUKE/MUSIC/MMs/MM 41/04 - Ay Cosita Linda - Salsa.mp3');
insert into tags ("album","composer","genre","title","artist","disc","track","filepath") values ('Mega Mix 41','Zumba Fitness','Salsa','Ay Cosita Linda','Zumba Fitness','1/1','04/10','/media/pi/ZUKE/MUSIC/MMs/MM 41/04 - Ay Cosita Linda - Salsa.mp3');
insert into mp3s ("filepath") values ('/media/pi/ZUKE/MUSIC/MMs/MM 41/04 - Ay Cosita Linda - Salsa.mp3');
insert into streams ("index","codec_name","codec_long_name","codec_type","codec_time_base","codec_tag_string","codec_tag","sample_fmt","sample_rate","channels","channel_layout","bits_per_sample","r_frame_rate","avg_frame_rate","time_base","start_pts","start_time","duration_ts","duration","bit_rate","filepath") values ('0','mp3','MP3 (MPEG audio layer 3)','audio','1/44100','[0][0][0][0]','0x0000','fltp','44100','2','stereo','0','0/0','0/0','1/14112000','0','0','3820216320','270.706939','148116','/media/pi/ZUKE/MUSIC/MMs/MM 41/05 - La Pregunta - Reggaeton.mp3');
insert into format ("filename","nb_streams","nb_programs","format_name","format_long_name","start_time","duration","size","bit_rate","probe_score","filepath") values ('/media/pi/ZUKE/MUSIC/MMs/MM 41/05 - La Pregunta - Reggaeton.mp3','1','0','mp3','MP2/3 (MPEG audio layer 2/3)','0','270.706939','5013632','148164','51','/media/pi/ZUKE/MUSIC/MMs/MM 41/05 - La Pregunta - Reggaeton.mp3');
insert into disposition ("default","dub","original","comment","lyrics","karaoke","forced","hearing_impaired","visual_impaired","clean_effects","attached_pic","timed_thumbnails","filepath") values ('0','0','0','0','0','0','0','0','0','0','0','0','/media/pi/ZUKE/MUSIC/MMs/MM 41/05 - La Pregunta - Reggaeton.mp3');
insert into tags ("album","composer","genre","title","artist","disc","track","filepath") values ('Mega Mix 41','Zumba Fitness','Reggaeton','La Pregunta','Zumba Fitness','1/1','05/10','/media/pi/ZUKE/MUSIC/MMs/MM 41/05 - La Pregunta - Reggaeton.mp3');
insert into mp3s ("filepath") values ('/media/pi/ZUKE/MUSIC/MMs/MM 41/05 - La Pregunta - Reggaeton.mp3');
insert into streams ("index","codec_name","codec_long_name","codec_type","codec_time_base","codec_tag_string","codec_tag","sample_fmt","sample_rate","channels","channel_layout","bits_per_sample","r_frame_rate","avg_frame_rate","time_base","start_pts","start_time","duration_ts","duration","bit_rate","filepath") values ('0','mp3','MP3 (MPEG audio layer 3)','audio','1/44100','[0][0][0][0]','0x0000','fltp','44100','2','stereo','0','0/0','0/0','1/14112000','0','0','3893944320','275.931429','170304','/media/pi/ZUKE/MUSIC/MMs/MM 41/06 - United for the Cup - Latin Pop.mp3');
insert into format ("filename","nb_streams","nb_programs","format_name","format_long_name","start_time","duration","size","bit_rate","probe_score","filepath") values ('/media/pi/ZUKE/MUSIC/MMs/MM 41/06 - United for the Cup - Latin Pop.mp3','1','0','mp3','MP2/3 (MPEG audio layer 2/3)','0','275.931429','5875840','170356','51','/media/pi/ZUKE/MUSIC/MMs/MM 41/06 - United for the Cup - Latin Pop.mp3');
insert into disposition ("default","dub","original","comment","lyrics","karaoke","forced","hearing_impaired","visual_impaired","clean_effects","attached_pic","timed_thumbnails","filepath") values ('0','0','0','0','0','0','0','0','0','0','0','0','/media/pi/ZUKE/MUSIC/MMs/MM 41/06 - United for the Cup - Latin Pop.mp3');
insert into tags ("album","composer","genre","title","artist","disc","track","filepath") values ('Mega Mix 41','Zumba Fitness','Latin Pop','United for the Cup','Zumba Fitness','1/1','06/10','/media/pi/ZUKE/MUSIC/MMs/MM 41/06 - United for the Cup - Latin Pop.mp3');
insert into mp3s ("filepath") values ('/media/pi/ZUKE/MUSIC/MMs/MM 41/06 - United for the Cup - Latin Pop.mp3');
insert into streams ("index","codec_name","codec_long_name","codec_type","codec_time_base","codec_tag_string","codec_tag","sample_fmt","sample_rate","channels","channel_layout","bits_per_sample","r_frame_rate","avg_frame_rate","time_base","start_pts","start_time","duration_ts","duration","bit_rate","filepath") values ('0','mp3','MP3 (MPEG audio layer 3)','audio','1/44100','[0][0][0][0]','0x0000','fltp','44100','2','stereo','0','0/0','0/0','1/14112000','0','0','2345656320','166.217143','170546','/media/pi/ZUKE/MUSIC/MMs/MM 41/07 - Bambalam - Dancehall.mp3');
insert into format ("filename","nb_streams","nb_programs","format_name","format_long_name","start_time","duration","size","bit_rate","probe_score","filepath") values ('/media/pi/ZUKE/MUSIC/MMs/MM 41/07 - Bambalam - Dancehall.mp3','1','0','mp3','MP2/3 (MPEG audio layer 2/3)','0','166.217143','3545216','170630','51','/media/pi/ZUKE/MUSIC/MMs/MM 41/07 - Bambalam - Dancehall.mp3');
insert into disposition ("default","dub","original","comment","lyrics","karaoke","forced","hearing_impaired","visual_impaired","clean_effects","attached_pic","timed_thumbnails","filepath") values ('0','0','0','0','0','0','0','0','0','0','0','0','/media/pi/ZUKE/MUSIC/MMs/MM 41/07 - Bambalam - Dancehall.mp3');
insert into tags ("album","composer","genre","title","artist","disc","track","filepath") values ('Mega Mix 41','Zumba Fitness','Dancehall','Bambalam','Zumba Fitness','1/1','07/10','/media/pi/ZUKE/MUSIC/MMs/MM 41/07 - Bambalam - Dancehall.mp3');
insert into mp3s ("filepath") values ('/media/pi/ZUKE/MUSIC/MMs/MM 41/07 - Bambalam - Dancehall.mp3');
insert into streams ("index","codec_name","codec_long_name","codec_type","codec_time_base","codec_tag_string","codec_tag","sample_fmt","sample_rate","channels","channel_layout","bits_per_sample","r_frame_rate","avg_frame_rate","time_base","start_pts","start_time","duration_ts","duration","bit_rate","filepath") values ('0','mp3','MP3 (MPEG audio layer 3)','audio','1/44100','[0][0][0][0]','0x0000','fltp','44100','2','stereo','0','0/0','0/0','1/14112000','0','0','3286794240','232.907755','159572','/media/pi/ZUKE/MUSIC/MMs/MM 41/08 - Sexy Ladies - Urban Pop.mp3');
insert into format ("filename","nb_streams","nb_programs","format_name","format_long_name","start_time","duration","size","bit_rate","probe_score","filepath") values ('/media/pi/ZUKE/MUSIC/MMs/MM 41/08 - Sexy Ladies - Urban Pop.mp3','1','0','mp3','MP2/3 (MPEG audio layer 2/3)','0','232.907755','4647040','159618','51','/media/pi/ZUKE/MUSIC/MMs/MM 41/08 - Sexy Ladies - Urban Pop.mp3');
insert into disposition ("default","dub","original","comment","lyrics","karaoke","forced","hearing_impaired","visual_impaired","clean_effects","attached_pic","timed_thumbnails","filepath") values ('0','0','0','0','0','0','0','0','0','0','0','0','/media/pi/ZUKE/MUSIC/MMs/MM 41/08 - Sexy Ladies - Urban Pop.mp3');
insert into tags ("album","composer","genre","title","artist","disc","track","filepath") values ('Mega Mix 41','Zumba Fitness','Urban Pop','Sexy Ladies','Zumba Fitness','1/1','08/10','/media/pi/ZUKE/MUSIC/MMs/MM 41/08 - Sexy Ladies - Urban Pop.mp3');
insert into mp3s ("filepath") values ('/media/pi/ZUKE/MUSIC/MMs/MM 41/08 - Sexy Ladies - Urban Pop.mp3');
insert into streams ("index","codec_name","codec_long_name","codec_type","codec_time_base","codec_tag_string","codec_tag","sample_fmt","sample_rate","channels","channel_layout","bits_per_sample","r_frame_rate","avg_frame_rate","time_base","start_pts","start_time","duration_ts","duration","bit_rate","filepath") values ('0','mp3','MP3 (MPEG audio layer 3)','audio','1/44100','[0][0][0][0]','0x0000','fltp','44100','2','stereo','0','0/0','0/0','1/14112000','0','0','2976030720','210.886531','157260','/media/pi/ZUKE/MUSIC/MMs/MM 41/09 - Me Vuelvo Loco - Tropipop.mp3');
insert into format ("filename","nb_streams","nb_programs","format_name","format_long_name","start_time","duration","size","bit_rate","probe_score","filepath") values ('/media/pi/ZUKE/MUSIC/MMs/MM 41/09 - Me Vuelvo Loco - Tropipop.mp3','1','0','mp3','MP2/3 (MPEG audio layer 2/3)','0','210.886531','4147328','157329','51','/media/pi/ZUKE/MUSIC/MMs/MM 41/09 - Me Vuelvo Loco - Tropipop.mp3');
insert into disposition ("default","dub","original","comment","lyrics","karaoke","forced","hearing_impaired","visual_impaired","clean_effects","attached_pic","timed_thumbnails","filepath") values ('0','0','0','0','0','0','0','0','0','0','0','0','/media/pi/ZUKE/MUSIC/MMs/MM 41/09 - Me Vuelvo Loco - Tropipop.mp3');
insert into tags ("album","composer","genre","title","artist","disc","track","filepath") values ('Mega Mix 41','Zumba Fitness','Tropipop','Me Vuelvo Loco','Zumba Fitness','1/1','09/10','/media/pi/ZUKE/MUSIC/MMs/MM 41/09 - Me Vuelvo Loco - Tropipop.mp3');
insert into mp3s ("filepath") values ('/media/pi/ZUKE/MUSIC/MMs/MM 41/09 - Me Vuelvo Loco - Tropipop.mp3');
insert into streams ("index","codec_name","codec_long_name","codec_type","codec_time_base","codec_tag_string","codec_tag","sample_fmt","sample_rate","channels","channel_layout","bits_per_sample","r_frame_rate","avg_frame_rate","time_base","start_pts","start_time","duration_ts","duration","bit_rate","filepath") values ('0','mp3','MP3 (MPEG audio layer 3)','audio','1/44100','[0][0][0][0]','0x0000','fltp','44100','2','stereo','0','0/0','0/0','1/14112000','0','0','3249192960','230.243265','160714','/media/pi/ZUKE/MUSIC/MMs/MM 41/10 - La Morocha - Tango Electronico.mp3');
insert into format ("filename","nb_streams","nb_programs","format_name","format_long_name","start_time","duration","size","bit_rate","probe_score","filepath") values ('/media/pi/ZUKE/MUSIC/MMs/MM 41/10 - La Morocha - Tango Electronico.mp3','1','0','mp3','MP2/3 (MPEG audio layer 2/3)','0','230.243265','4626560','160753','51','/media/pi/ZUKE/MUSIC/MMs/MM 41/10 - La Morocha - Tango Electronico.mp3');
insert into disposition ("default","dub","original","comment","lyrics","karaoke","forced","hearing_impaired","visual_impaired","clean_effects","attached_pic","timed_thumbnails","filepath") values ('0','0','0','0','0','0','0','0','0','0','0','0','/media/pi/ZUKE/MUSIC/MMs/MM 41/10 - La Morocha - Tango Electronico.mp3');
insert into tags ("album","composer","genre","title","artist","disc","track","filepath") values ('Mega Mix 41','Zumba Fitness','Tango Electronico','La Morocha','Zumba Fitness','1/1','10/10','/media/pi/ZUKE/MUSIC/MMs/MM 41/10 - La Morocha - Tango Electronico.mp3');
insert into mp3s ("filepath") values ('/media/pi/ZUKE/MUSIC/MMs/MM 41/10 - La Morocha - Tango Electronico.mp3');
insert into streams ("index","codec_name","codec_long_name","codec_type","codec_time_base","codec_tag_string","codec_tag","sample_fmt","sample_rate","channels","channel_layout","bits_per_sample","r_frame_rate","avg_frame_rate","time_base","start_pts","start_time","duration_ts","duration","bit_rate","filepath") values ('0','mp3','MP3 (MPEG audio layer 3)','audio','1/44100','[0][0][0][0]','0x0000','fltp','44100','2','stereo','0','0/0','0/0','1/14112000','0','0','3374530560','239.124898','151428','/media/pi/ZUKE/MUSIC/MMs/MM 42/01 - Mi Gente - Latin Dance.mp3');
insert into format ("filename","nb_streams","nb_programs","format_name","format_long_name","start_time","duration","size","bit_rate","probe_score","filepath") values ('/media/pi/ZUKE/MUSIC/MMs/MM 42/01 - Mi Gente - Latin Dance.mp3','1','0','mp3','MP2/3 (MPEG audio layer 2/3)','0','239.124898','4528256','151494','51','/media/pi/ZUKE/MUSIC/MMs/MM 42/01 - Mi Gente - Latin Dance.mp3');
insert into disposition ("default","dub","original","comment","lyrics","karaoke","forced","hearing_impaired","visual_impaired","clean_effects","attached_pic","timed_thumbnails","filepath") values ('0','0','0','0','0','0','0','0','0','0','0','0','/media/pi/ZUKE/MUSIC/MMs/MM 42/01 - Mi Gente - Latin Dance.mp3');
insert into tags ("album","composer","genre","title","artist","disc","track","filepath") values ('Mega Mix 42','Zumba Fitness','Latin','Mi Gente','Zumba Fitness','1/1','01/10','/media/pi/ZUKE/MUSIC/MMs/MM 42/01 - Mi Gente - Latin Dance.mp3');
insert into mp3s ("filepath") values ('/media/pi/ZUKE/MUSIC/MMs/MM 42/01 - Mi Gente - Latin Dance.mp3');
insert into streams ("index","codec_name","codec_long_name","codec_type","codec_time_base","codec_tag_string","codec_tag","sample_fmt","sample_rate","channels","channel_layout","bits_per_sample","r_frame_rate","avg_frame_rate","time_base","start_pts","start_time","duration_ts","duration","bit_rate","filepath") values ('0','mp3','MP3 (MPEG audio layer 3)','audio','1/44100','[0][0][0][0]','0x0000','fltp','44100','2','stereo','0','0/0','0/0','1/14112000','0','0','2477260800','175.542857','155326','/media/pi/ZUKE/MUSIC/MMs/MM 42/02 - Brasil Brasil - Samba.mp3');
insert into format ("filename","nb_streams","nb_programs","format_name","format_long_name","start_time","duration","size","bit_rate","probe_score","filepath") values ('/media/pi/ZUKE/MUSIC/MMs/MM 42/02 - Brasil Brasil - Samba.mp3','1','0','mp3','MP2/3 (MPEG audio layer 2/3)','0','175.542857','3410048','155405','51','/media/pi/ZUKE/MUSIC/MMs/MM 42/02 - Brasil Brasil - Samba.mp3');
insert into disposition ("default","dub","original","comment","lyrics","karaoke","forced","hearing_impaired","visual_impaired","clean_effects","attached_pic","timed_thumbnails","filepath") values ('0','0','0','0','0','0','0','0','0','0','0','0','/media/pi/ZUKE/MUSIC/MMs/MM 42/02 - Brasil Brasil - Samba.mp3');
insert into tags ("album","composer","genre","title","artist","disc","track","filepath") values ('Mega Mix 42','Zumba Fitness','Samba','Brasil Brasil','Zumba Fitness','1/1','02/10','/media/pi/ZUKE/MUSIC/MMs/MM 42/02 - Brasil Brasil - Samba.mp3');
insert into mp3s ("filepath") values ('/media/pi/ZUKE/MUSIC/MMs/MM 42/02 - Brasil Brasil - Samba.mp3');
insert into streams ("index","codec_name","codec_long_name","codec_type","codec_time_base","codec_tag_string","codec_tag","sample_fmt","sample_rate","channels","channel_layout","bits_per_sample","r_frame_rate","avg_frame_rate","time_base","start_pts","start_time","duration_ts","duration","bit_rate","filepath") values ('0','mp3','MP3 (MPEG audio layer 3)','audio','1/44100','[0][0][0][0]','0x0000','fltp','44100','2','stereo','0','0/0','0/0','1/14112000','0','0','2970869760','210.520816','160085','/media/pi/ZUKE/MUSIC/MMs/MM 42/03 - Ole Brazil - Merengue.mp3');
insert into format ("filename","nb_streams","nb_programs","format_name","format_long_name","start_time","duration","size","bit_rate","probe_score","filepath") values ('/media/pi/ZUKE/MUSIC/MMs/MM 42/03 - Ole Brazil - Merengue.mp3','1','0','mp3','MP2/3 (MPEG audio layer 2/3)','0','210.520816','4214912','160170','51','/media/pi/ZUKE/MUSIC/MMs/MM 42/03 - Ole Brazil - Merengue.mp3');
insert into disposition ("default","dub","original","comment","lyrics","karaoke","forced","hearing_impaired","visual_impaired","clean_effects","attached_pic","timed_thumbnails","filepath") values ('0','0','0','0','0','0','0','0','0','0','0','0','/media/pi/ZUKE/MUSIC/MMs/MM 42/03 - Ole Brazil - Merengue.mp3');
insert into tags ("album","composer","genre","title","artist","disc","track","filepath") values ('Mega Mix 42','Zumba Fitness','Merengue','Ole Brazil','Zumba Fitness','1/1','03/10','/media/pi/ZUKE/MUSIC/MMs/MM 42/03 - Ole Brazil - Merengue.mp3');
insert into mp3s ("filepath") values ('/media/pi/ZUKE/MUSIC/MMs/MM 42/03 - Ole Brazil - Merengue.mp3');
insert into streams ("index","codec_name","codec_long_name","codec_type","codec_time_base","codec_tag_string","codec_tag","sample_fmt","sample_rate","channels","channel_layout","bits_per_sample","r_frame_rate","avg_frame_rate","time_base","start_pts","start_time","duration_ts","duration","bit_rate","filepath") values ('0','mp3','MP3 (MPEG audio layer 3)','audio','1/44100','[0][0][0][0]','0x0000','fltp','44100','2','stereo','0','0/0','0/0','1/14112000','0','0','3447889920','244.323265','170625','/media/pi/ZUKE/MUSIC/MMs/MM 42/04 - Bajo la Tormenta - Salsa.mp3');
insert into format ("filename","nb_streams","nb_programs","format_name","format_long_name","start_time","duration","size","bit_rate","probe_score","filepath") values ('/media/pi/ZUKE/MUSIC/MMs/MM 42/04 - Bajo la Tormenta - Salsa.mp3','1','0','mp3','MP2/3 (MPEG audio layer 2/3)','0','244.323265','5212288','170668','51','/media/pi/ZUKE/MUSIC/MMs/MM 42/04 - Bajo la Tormenta - Salsa.mp3');
insert into disposition ("default","dub","original","comment","lyrics","karaoke","forced","hearing_impaired","visual_impaired","clean_effects","attached_pic","timed_thumbnails","filepath") values ('0','0','0','0','0','0','0','0','0','0','0','0','/media/pi/ZUKE/MUSIC/MMs/MM 42/04 - Bajo la Tormenta - Salsa.mp3');
insert into tags ("album","composer","genre","title","artist","disc","track","filepath") values ('Mega Mix 42','Zumba Fitness','Salsa','Bajo la Tormenta','Zumba Fitness','1/1','04/10','/media/pi/ZUKE/MUSIC/MMs/MM 42/04 - Bajo la Tormenta - Salsa.mp3');
insert into mp3s ("filepath") values ('/media/pi/ZUKE/MUSIC/MMs/MM 42/04 - Bajo la Tormenta - Salsa.mp3');
insert into streams ("index","codec_name","codec_long_name","codec_type","codec_time_base","codec_tag_string","codec_tag","sample_fmt","sample_rate","channels","channel_layout","bits_per_sample","r_frame_rate","avg_frame_rate","time_base","start_pts","start_time","duration_ts","duration","bit_rate","filepath") values ('0','mp3','MP3 (MPEG audio layer 3)','audio','1/44100','[0][0][0][0]','0x0000','fltp','44100','2','stereo','0','0/0','0/0','1/14112000','0','0','2513018880','178.076735','150691','/media/pi/ZUKE/MUSIC/MMs/MM 42/05 - Wine it Up - Moombahton.mp3');
insert into format ("filename","nb_streams","nb_programs","format_name","format_long_name","start_time","duration","size","bit_rate","probe_score","filepath") values ('/media/pi/ZUKE/MUSIC/MMs/MM 42/05 - Wine it Up - Moombahton.mp3','1','0','mp3','MP2/3 (MPEG audio layer 2/3)','0','178.076735','3354752','150710','51','/media/pi/ZUKE/MUSIC/MMs/MM 42/05 - Wine it Up - Moombahton.mp3');
insert into disposition ("default","dub","original","comment","lyrics","karaoke","forced","hearing_impaired","visual_impaired","clean_effects","attached_pic","timed_thumbnails","filepath") values ('0','0','0','0','0','0','0','0','0','0','0','0','/media/pi/ZUKE/MUSIC/MMs/MM 42/05 - Wine it Up - Moombahton.mp3');
insert into tags ("album","composer","genre","title","artist","disc","track","filepath") values ('Mega Mix 42','Zumba Fitness','Moombahton','Wine it Up','Zumba Fitness','1/1','05/10','/media/pi/ZUKE/MUSIC/MMs/MM 42/05 - Wine it Up - Moombahton.mp3');
insert into mp3s ("filepath") values ('/media/pi/ZUKE/MUSIC/MMs/MM 42/05 - Wine it Up - Moombahton.mp3');
insert into streams ("index","codec_name","codec_long_name","codec_type","codec_time_base","codec_tag_string","codec_tag","sample_fmt","sample_rate","channels","channel_layout","bits_per_sample","r_frame_rate","avg_frame_rate","time_base","start_pts","start_time","duration_ts","duration","bit_rate","filepath") values ('0','mp3','MP3 (MPEG audio layer 3)','audio','1/44100','[0][0][0][0]','0x0000','fltp','44100','2','stereo','0','0/0','0/0','1/14112000','0','0','2913730560','206.471837','169021','/media/pi/ZUKE/MUSIC/MMs/MM 42/06 - Te Vivi - Cumbia.mp3');
insert into format ("filename","nb_streams","nb_programs","format_name","format_long_name","start_time","duration","size","bit_rate","probe_score","filepath") values ('/media/pi/ZUKE/MUSIC/MMs/MM 42/06 - Te Vivi - Cumbia.mp3','1','0','mp3','MP2/3 (MPEG audio layer 2/3)','0','206.471837','4364416','169104','51','/media/pi/ZUKE/MUSIC/MMs/MM 42/06 - Te Vivi - Cumbia.mp3');
insert into disposition ("default","dub","original","comment","lyrics","karaoke","forced","hearing_impaired","visual_impaired","clean_effects","attached_pic","timed_thumbnails","filepath") values ('0','0','0','0','0','0','0','0','0','0','0','0','/media/pi/ZUKE/MUSIC/MMs/MM 42/06 - Te Vivi - Cumbia.mp3');
insert into tags ("album","composer","genre","title","artist","disc","track","filepath") values ('Mega Mix 42','Zumba Fitness','Cumbia','Te Vivi','Zumba Fitness','1/1','06/10','/media/pi/ZUKE/MUSIC/MMs/MM 42/06 - Te Vivi - Cumbia.mp3');
insert into mp3s ("filepath") values ('/media/pi/ZUKE/MUSIC/MMs/MM 42/06 - Te Vivi - Cumbia.mp3');
insert into streams ("index","codec_name","codec_long_name","codec_type","codec_time_base","codec_tag_string","codec_tag","sample_fmt","sample_rate","channels","channel_layout","bits_per_sample","r_frame_rate","avg_frame_rate","time_base","start_pts","start_time","duration_ts","duration","bit_rate","filepath") values ('0','mp3','MP3 (MPEG audio layer 3)','audio','1/44100','[0][0][0][0]','0x0000','fltp','44100','2','stereo','0','0/0','0/0','1/14112000','0','0','2548408320','180.584490','157427','/media/pi/ZUKE/MUSIC/MMs/MM 42/07 - En Brecheo - Dembow.mp3');
insert into format ("filename","nb_streams","nb_programs","format_name","format_long_name","start_time","duration","size","bit_rate","probe_score","filepath") values ('/media/pi/ZUKE/MUSIC/MMs/MM 42/07 - En Brecheo - Dembow.mp3','1','0','mp3','MP2/3 (MPEG audio layer 2/3)','0','180.584490','3555456','157508','51','/media/pi/ZUKE/MUSIC/MMs/MM 42/07 - En Brecheo - Dembow.mp3');
insert into disposition ("default","dub","original","comment","lyrics","karaoke","forced","hearing_impaired","visual_impaired","clean_effects","attached_pic","timed_thumbnails","filepath") values ('0','0','0','0','0','0','0','0','0','0','0','0','/media/pi/ZUKE/MUSIC/MMs/MM 42/07 - En Brecheo - Dembow.mp3');
insert into tags ("album","composer","genre","title","artist","disc","track","filepath") values ('Mega Mix 42','Zumba Fitness','Dembow','En Brecheo','Zumba Fitness','1/1','07/10','/media/pi/ZUKE/MUSIC/MMs/MM 42/07 - En Brecheo - Dembow.mp3');
insert into mp3s ("filepath") values ('/media/pi/ZUKE/MUSIC/MMs/MM 42/07 - En Brecheo - Dembow.mp3');
insert into streams ("index","codec_name","codec_long_name","codec_type","codec_time_base","codec_tag_string","codec_tag","sample_fmt","sample_rate","channels","channel_layout","bits_per_sample","r_frame_rate","avg_frame_rate","time_base","start_pts","start_time","duration_ts","duration","bit_rate","filepath") values ('0','mp3','MP3 (MPEG audio layer 3)','audio','1/44100','[0][0][0][0]','0x0000','fltp','44100','2','stereo','0','0/0','0/0','1/14112000','0','0','3180257280','225.358367','151101','/media/pi/ZUKE/MUSIC/MMs/MM 42/08 - Hoy lo Siento - Reggaeton.mp3');
insert into format ("filename","nb_streams","nb_programs","format_name","format_long_name","start_time","duration","size","bit_rate","probe_score","filepath") values ('/media/pi/ZUKE/MUSIC/MMs/MM 42/08 - Hoy lo Siento - Reggaeton.mp3','1','0','mp3','MP2/3 (MPEG audio layer 2/3)','0','225.358367','4257920','151151','51','/media/pi/ZUKE/MUSIC/MMs/MM 42/08 - Hoy lo Siento - Reggaeton.mp3');
insert into disposition ("default","dub","original","comment","lyrics","karaoke","forced","hearing_impaired","visual_impaired","clean_effects","attached_pic","timed_thumbnails","filepath") values ('0','0','0','0','0','0','0','0','0','0','0','0','/media/pi/ZUKE/MUSIC/MMs/MM 42/08 - Hoy lo Siento - Reggaeton.mp3');
insert into tags ("album","composer","genre","title","artist","disc","track","filepath") values ('Mega Mix 42','Zumba Fitness','Reggaeton','Hoy lo Siento','Zumba Fitness','1/1','08/10','/media/pi/ZUKE/MUSIC/MMs/MM 42/08 - Hoy lo Siento - Reggaeton.mp3');
insert into mp3s ("filepath") values ('/media/pi/ZUKE/MUSIC/MMs/MM 42/08 - Hoy lo Siento - Reggaeton.mp3');
insert into streams ("index","codec_name","codec_long_name","codec_type","codec_time_base","codec_tag_string","codec_tag","sample_fmt","sample_rate","channels","channel_layout","bits_per_sample","r_frame_rate","avg_frame_rate","time_base","start_pts","start_time","duration_ts","duration","bit_rate","filepath") values ('0','mp3','MP3 (MPEG audio layer 3)','audio','1/44100','[0][0][0][0]','0x0000','fltp','44100','2','stereo','0','0/0','0/0','1/14112000','0','0','3139338240','222.458776','154882','/media/pi/ZUKE/MUSIC/MMs/MM 42/09 - Maionese (Mayonesa) - Axe.mp3');
insert into format ("filename","nb_streams","nb_programs","format_name","format_long_name","start_time","duration","size","bit_rate","probe_score","filepath") values ('/media/pi/ZUKE/MUSIC/MMs/MM 42/09 - Maionese (Mayonesa) - Axe.mp3','1','0','mp3','MP2/3 (MPEG audio layer 2/3)','0','222.458776','4309120','154963','51','/media/pi/ZUKE/MUSIC/MMs/MM 42/09 - Maionese (Mayonesa) - Axe.mp3');
insert into disposition ("default","dub","original","comment","lyrics","karaoke","forced","hearing_impaired","visual_impaired","clean_effects","attached_pic","timed_thumbnails","filepath") values ('0','0','0','0','0','0','0','0','0','0','0','0','/media/pi/ZUKE/MUSIC/MMs/MM 42/09 - Maionese (Mayonesa) - Axe.mp3');
insert into tags ("album","composer","genre","title","artist","disc","track","filepath") values ('Mega Mix 42','Zumba Fitness','Axe','Maionese (Mayonesa)','Zumba Fitness','1/1','09/10','/media/pi/ZUKE/MUSIC/MMs/MM 42/09 - Maionese (Mayonesa) - Axe.mp3');
insert into mp3s ("filepath") values ('/media/pi/ZUKE/MUSIC/MMs/MM 42/09 - Maionese (Mayonesa) - Axe.mp3');
insert into streams ("index","codec_name","codec_long_name","codec_type","codec_time_base","codec_tag_string","codec_tag","sample_fmt","sample_rate","channels","channel_layout","bits_per_sample","r_frame_rate","avg_frame_rate","time_base","start_pts","start_time","duration_ts","duration","bit_rate","filepath") values ('0','mp3','MP3 (MPEG audio layer 3)','audio','1/44100','[0][0][0][0]','0x0000','fltp','44100','2','stereo','0','0/0','0/0','1/14112000','0','0','3110584320','220.421224','155001','/media/pi/ZUKE/MUSIC/MMs/MM 42/10 - Finally Found You - Cooldown.mp3');
insert into format ("filename","nb_streams","nb_programs","format_name","format_long_name","start_time","duration","size","bit_rate","probe_score","filepath") values ('/media/pi/ZUKE/MUSIC/MMs/MM 42/10 - Finally Found You - Cooldown.mp3','1','0','mp3','MP2/3 (MPEG audio layer 2/3)','0','220.421224','4272256','155057','51','/media/pi/ZUKE/MUSIC/MMs/MM 42/10 - Finally Found You - Cooldown.mp3');
insert into disposition ("default","dub","original","comment","lyrics","karaoke","forced","hearing_impaired","visual_impaired","clean_effects","attached_pic","timed_thumbnails","filepath") values ('0','0','0','0','0','0','0','0','0','0','0','0','/media/pi/ZUKE/MUSIC/MMs/MM 42/10 - Finally Found You - Cooldown.mp3');
insert into tags ("album","composer","genre","title","artist","disc","track","filepath") values ('Mega Mix 42','Zumba Fitness','Cooldown','Finally Found You','Zumba Fitness','1/1','10/10','/media/pi/ZUKE/MUSIC/MMs/MM 42/10 - Finally Found You - Cooldown.mp3');
insert into mp3s ("filepath") values ('/media/pi/ZUKE/MUSIC/MMs/MM 42/10 - Finally Found You - Cooldown.mp3');
insert into streams ("index","codec_name","codec_long_name","codec_type","codec_time_base","codec_tag_string","codec_tag","sample_fmt","sample_rate","channels","channel_layout","bits_per_sample","r_frame_rate","avg_frame_rate","time_base","start_pts","start_time","duration_ts","duration","bit_rate","filepath") values ('0','mp3','MP3 (MPEG audio layer 3)','audio','1/44100','[0][0][0][0]','0x0000','fltp','44100','2','stereo','0','0/0','0/0','1/14112000','0','0','2932899840','207.830204','154121','/media/pi/ZUKE/MUSIC/MMs/MM 43/01 - Break Free - Electropop - Warm-up.mp3');
insert into format ("filename","nb_streams","nb_programs","format_name","format_long_name","start_time","duration","size","bit_rate","probe_score","filepath") values ('/media/pi/ZUKE/MUSIC/MMs/MM 43/01 - Break Free - Electropop - Warm-up.mp3','1','0','mp3','MP2/3 (MPEG audio layer 2/3)','0','207.830204','4006016','154203','51','/media/pi/ZUKE/MUSIC/MMs/MM 43/01 - Break Free - Electropop - Warm-up.mp3');
insert into disposition ("default","dub","original","comment","lyrics","karaoke","forced","hearing_impaired","visual_impaired","clean_effects","attached_pic","timed_thumbnails","filepath") values ('0','0','0','0','0','0','0','0','0','0','0','0','/media/pi/ZUKE/MUSIC/MMs/MM 43/01 - Break Free - Electropop - Warm-up.mp3');
insert into tags ("album","composer","genre","title","artist","disc","track","filepath") values ('Mega Mix 43','Zumba Fitness','Electropop,Warm-up','Break Free','Zumba Fitness','1/1','01/10','/media/pi/ZUKE/MUSIC/MMs/MM 43/01 - Break Free - Electropop - Warm-up.mp3');
insert into mp3s ("filepath") values ('/media/pi/ZUKE/MUSIC/MMs/MM 43/01 - Break Free - Electropop - Warm-up.mp3');
insert into streams ("index","codec_name","codec_long_name","codec_type","codec_time_base","codec_tag_string","codec_tag","sample_fmt","sample_rate","channels","channel_layout","bits_per_sample","r_frame_rate","avg_frame_rate","time_base","start_pts","start_time","duration_ts","duration","bit_rate","filepath") values ('0','mp3','MP3 (MPEG audio layer 3)','audio','1/44100','[0][0][0][0]','0x0000','fltp','44100','2','stereo','0','0/0','0/0','1/14112000','0','0','3411394560','241.737143','168626','/media/pi/ZUKE/MUSIC/MMs/MM 43/02 - Por Ahi Maria Se Va - Merengue.mp3');
insert into format ("filename","nb_streams","nb_programs","format_name","format_long_name","start_time","duration","size","bit_rate","probe_score","filepath") values ('/media/pi/ZUKE/MUSIC/MMs/MM 43/02 - Por Ahi Maria Se Va - Merengue.mp3','1','0','mp3','MP2/3 (MPEG audio layer 2/3)','0','241.737143','5097600','168698','51','/media/pi/ZUKE/MUSIC/MMs/MM 43/02 - Por Ahi Maria Se Va - Merengue.mp3');
insert into disposition ("default","dub","original","comment","lyrics","karaoke","forced","hearing_impaired","visual_impaired","clean_effects","attached_pic","timed_thumbnails","filepath") values ('0','0','0','0','0','0','0','0','0','0','0','0','/media/pi/ZUKE/MUSIC/MMs/MM 43/02 - Por Ahi Maria Se Va - Merengue.mp3');
insert into tags ("album","composer","genre","title","artist","disc","track","filepath") values ('Mega Mix 43','Zumba Fitness','Merengue','Por Ahi Maria Se Va','Zumba Fitness','1/1','02/10','/media/pi/ZUKE/MUSIC/MMs/MM 43/02 - Por Ahi Maria Se Va - Merengue.mp3');
insert into mp3s ("filepath") values ('/media/pi/ZUKE/MUSIC/MMs/MM 43/02 - Por Ahi Maria Se Va - Merengue.mp3');
insert into streams ("index","codec_name","codec_long_name","codec_type","codec_time_base","codec_tag_string","codec_tag","sample_fmt","sample_rate","channels","channel_layout","bits_per_sample","r_frame_rate","avg_frame_rate","time_base","start_pts","start_time","duration_ts","duration","bit_rate","filepath") values ('0','mp3','MP3 (MPEG audio layer 3)','audio','1/44100','[0][0][0][0]','0x0000','fltp','44100','2','stereo','0','0/0','0/0','1/14112000','0','0','2793553920','197.955918','169273','/media/pi/ZUKE/MUSIC/MMs/MM 43/03 - Baila Mi Tumbao - Salsa.mp3');
insert into format ("filename","nb_streams","nb_programs","format_name","format_long_name","start_time","duration","size","bit_rate","probe_score","filepath") values ('/media/pi/ZUKE/MUSIC/MMs/MM 43/03 - Baila Mi Tumbao - Salsa.mp3','1','0','mp3','MP2/3 (MPEG audio layer 2/3)','0','197.955918','4190336','169344','51','/media/pi/ZUKE/MUSIC/MMs/MM 43/03 - Baila Mi Tumbao - Salsa.mp3');
insert into disposition ("default","dub","original","comment","lyrics","karaoke","forced","hearing_impaired","visual_impaired","clean_effects","attached_pic","timed_thumbnails","filepath") values ('0','0','0','0','0','0','0','0','0','0','0','0','/media/pi/ZUKE/MUSIC/MMs/MM 43/03 - Baila Mi Tumbao - Salsa.mp3');
insert into tags ("album","composer","genre","title","artist","disc","track","filepath") values ('Mega Mix 43','Zumba Fitness','Salsa','Baila Mi Tumbao','Zumba Fitness','1/1','03/10','/media/pi/ZUKE/MUSIC/MMs/MM 43/03 - Baila Mi Tumbao - Salsa.mp3');
insert into mp3s ("filepath") values ('/media/pi/ZUKE/MUSIC/MMs/MM 43/03 - Baila Mi Tumbao - Salsa.mp3');
insert into streams ("index","codec_name","codec_long_name","codec_type","codec_time_base","codec_tag_string","codec_tag","sample_fmt","sample_rate","channels","channel_layout","bits_per_sample","r_frame_rate","avg_frame_rate","time_base","start_pts","start_time","duration_ts","duration","bit_rate","filepath") values ('0','mp3','MP3 (MPEG audio layer 3)','audio','1/44100','[0][0][0][0]','0x0000','fltp','44100','2','stereo','0','0/0','0/0','1/14112000','0','0','3371212800','238.889796','161345','/media/pi/ZUKE/MUSIC/MMs/MM 43/04 - 6,00 A.M. - Reggaeton.mp3');
insert into format ("filename","nb_streams","nb_programs","format_name","format_long_name","start_time","duration","size","bit_rate","probe_score","filepath") values ('/media/pi/ZUKE/MUSIC/MMs/MM 43/04 - 6,00 A.M. - Reggaeton.mp3','1','0','mp3','MP2/3 (MPEG audio layer 2/3)','0','238.889796','4819072','161382','51','/media/pi/ZUKE/MUSIC/MMs/MM 43/04 - 6,00 A.M. - Reggaeton.mp3');
insert into disposition ("default","dub","original","comment","lyrics","karaoke","forced","hearing_impaired","visual_impaired","clean_effects","attached_pic","timed_thumbnails","filepath") values ('0','0','0','0','0','0','0','0','0','0','0','0','/media/pi/ZUKE/MUSIC/MMs/MM 43/04 - 6,00 A.M. - Reggaeton.mp3');
insert into tags ("album","composer","genre","title","artist","disc","track","filepath") values ('Mega Mix 43','Zumba Fitness','Reggaeton','6,00 A.M.','Zumba Fitness','1/1','04/10','/media/pi/ZUKE/MUSIC/MMs/MM 43/04 - 6,00 A.M. - Reggaeton.mp3');
insert into mp3s ("filepath") values ('/media/pi/ZUKE/MUSIC/MMs/MM 43/04 - 6,00 A.M. - Reggaeton.mp3');
insert into streams ("index","codec_name","codec_long_name","codec_type","codec_time_base","codec_tag_string","codec_tag","sample_fmt","sample_rate","channels","channel_layout","bits_per_sample","r_frame_rate","avg_frame_rate","time_base","start_pts","start_time","duration_ts","duration","bit_rate","filepath") values ('0','mp3','MP3 (MPEG audio layer 3)','audio','1/44100','[0][0][0][0]','0x0000','fltp','44100','2','stereo','0','0/0','0/0','1/14112000','0','0','2549514240','180.662857','176390','/media/pi/ZUKE/MUSIC/MMs/MM 43/05 - Luna Barranquillera - Cumbia.mp3');
insert into format ("filename","nb_streams","nb_programs","format_name","format_long_name","start_time","duration","size","bit_rate","probe_score","filepath") values ('/media/pi/ZUKE/MUSIC/MMs/MM 43/05 - Luna Barranquillera - Cumbia.mp3','1','0','mp3','MP2/3 (MPEG audio layer 2/3)','0','180.662857','3985536','176485','51','/media/pi/ZUKE/MUSIC/MMs/MM 43/05 - Luna Barranquillera - Cumbia.mp3');
insert into disposition ("default","dub","original","comment","lyrics","karaoke","forced","hearing_impaired","visual_impaired","clean_effects","attached_pic","timed_thumbnails","filepath") values ('0','0','0','0','0','0','0','0','0','0','0','0','/media/pi/ZUKE/MUSIC/MMs/MM 43/05 - Luna Barranquillera - Cumbia.mp3');
insert into tags ("album","composer","genre","title","artist","disc","track","filepath") values ('Mega Mix 43','Zumba Fitness','Cumbia','Luna Barranquillera','Zumba Fitness','1/1','05/10','/media/pi/ZUKE/MUSIC/MMs/MM 43/05 - Luna Barranquillera - Cumbia.mp3');
insert into mp3s ("filepath") values ('/media/pi/ZUKE/MUSIC/MMs/MM 43/05 - Luna Barranquillera - Cumbia.mp3');
insert into streams ("index","codec_name","codec_long_name","codec_type","codec_time_base","codec_tag_string","codec_tag","sample_fmt","sample_rate","channels","channel_layout","bits_per_sample","r_frame_rate","avg_frame_rate","time_base","start_pts","start_time","duration_ts","duration","bit_rate","filepath") values ('0','mp3','MP3 (MPEG audio layer 3)','audio','1/44100','[0][0][0][0]','0x0000','fltp','44100','2','stereo','0','0/0','0/0','1/14112000','0','0','3090309120','218.984490','158271','/media/pi/ZUKE/MUSIC/MMs/MM 43/06 - Translation - Electronic.mp3');
insert into format ("filename","nb_streams","nb_programs","format_name","format_long_name","start_time","duration","size","bit_rate","probe_score","filepath") values ('/media/pi/ZUKE/MUSIC/MMs/MM 43/06 - Translation - Electronic.mp3','1','0','mp3','MP2/3 (MPEG audio layer 2/3)','0','218.984490','4333696','158319','51','/media/pi/ZUKE/MUSIC/MMs/MM 43/06 - Translation - Electronic.mp3');
insert into disposition ("default","dub","original","comment","lyrics","karaoke","forced","hearing_impaired","visual_impaired","clean_effects","attached_pic","timed_thumbnails","filepath") values ('0','0','0','0','0','0','0','0','0','0','0','0','/media/pi/ZUKE/MUSIC/MMs/MM 43/06 - Translation - Electronic.mp3');
insert into tags ("album","composer","genre","title","artist","disc","track","filepath") values ('Mega Mix 43','Zumba Fitness','Electronic','Translation','Zumba Fitness','1/1','06/10','/media/pi/ZUKE/MUSIC/MMs/MM 43/06 - Translation - Electronic.mp3');
insert into mp3s ("filepath") values ('/media/pi/ZUKE/MUSIC/MMs/MM 43/06 - Translation - Electronic.mp3');
insert into streams ("index","codec_name","codec_long_name","codec_type","codec_time_base","codec_tag_string","codec_tag","sample_fmt","sample_rate","channels","channel_layout","bits_per_sample","r_frame_rate","avg_frame_rate","time_base","start_pts","start_time","duration_ts","duration","bit_rate","filepath") values ('0','mp3','MP3 (MPEG audio layer 3)','audio','1/44100','[0][0][0][0]','0x0000','fltp','44100','2','stereo','0','0/0','0/0','1/14112000','0','0','2928844800','207.542857','162018','/media/pi/ZUKE/MUSIC/MMs/MM 43/07 - Mexe as Cadeira Ai - Axe.mp3');
insert into format ("filename","nb_streams","nb_programs","format_name","format_long_name","start_time","duration","size","bit_rate","probe_score","filepath") values ('/media/pi/ZUKE/MUSIC/MMs/MM 43/07 - Mexe as Cadeira Ai - Axe.mp3','1','0','mp3','MP2/3 (MPEG audio layer 2/3)','0','207.542857','4204672','162074','51','/media/pi/ZUKE/MUSIC/MMs/MM 43/07 - Mexe as Cadeira Ai - Axe.mp3');
insert into disposition ("default","dub","original","comment","lyrics","karaoke","forced","hearing_impaired","visual_impaired","clean_effects","attached_pic","timed_thumbnails","filepath") values ('0','0','0','0','0','0','0','0','0','0','0','0','/media/pi/ZUKE/MUSIC/MMs/MM 43/07 - Mexe as Cadeira Ai - Axe.mp3');
insert into tags ("album","composer","genre","title","artist","disc","track","filepath") values ('Mega Mix 43','Zumba Fitness','Axe','Mexe as Cadeira Ai','Zumba Fitness','1/1','07/10','/media/pi/ZUKE/MUSIC/MMs/MM 43/07 - Mexe as Cadeira Ai - Axe.mp3');
insert into mp3s ("filepath") values ('/media/pi/ZUKE/MUSIC/MMs/MM 43/07 - Mexe as Cadeira Ai - Axe.mp3');
insert into streams ("index","codec_name","codec_long_name","codec_type","codec_time_base","codec_tag_string","codec_tag","sample_fmt","sample_rate","channels","channel_layout","bits_per_sample","r_frame_rate","avg_frame_rate","time_base","start_pts","start_time","duration_ts","duration","bit_rate","filepath") values ('0','mp3','MP3 (MPEG audio layer 3)','audio','1/44100','[0][0][0][0]','0x0000','fltp','44100','2','stereo','0','0/0','0/0','1/14112000','0','0','2147696640','152.189388','162835','/media/pi/ZUKE/MUSIC/MMs/MM 43/08 - Cuadro Flamenco - Rumba Flamenca.mp3');
insert into format ("filename","nb_streams","nb_programs","format_name","format_long_name","start_time","duration","size","bit_rate","probe_score","filepath") values ('/media/pi/ZUKE/MUSIC/MMs/MM 43/08 - Cuadro Flamenco - Rumba Flamenca.mp3','1','0','mp3','MP2/3 (MPEG audio layer 2/3)','0','152.189388','3098752','162889','51','/media/pi/ZUKE/MUSIC/MMs/MM 43/08 - Cuadro Flamenco - Rumba Flamenca.mp3');
insert into disposition ("default","dub","original","comment","lyrics","karaoke","forced","hearing_impaired","visual_impaired","clean_effects","attached_pic","timed_thumbnails","filepath") values ('0','0','0','0','0','0','0','0','0','0','0','0','/media/pi/ZUKE/MUSIC/MMs/MM 43/08 - Cuadro Flamenco - Rumba Flamenca.mp3');
insert into tags ("album","composer","genre","title","artist","disc","track","filepath") values ('Mega Mix 43','Zumba Fitness','Rumba Flamenca','Cuadro Flamenco','Zumba Fitness','1/1','08/10','/media/pi/ZUKE/MUSIC/MMs/MM 43/08 - Cuadro Flamenco - Rumba Flamenca.mp3');
insert into mp3s ("filepath") values ('/media/pi/ZUKE/MUSIC/MMs/MM 43/08 - Cuadro Flamenco - Rumba Flamenca.mp3');
insert into streams ("index","codec_name","codec_long_name","codec_type","codec_time_base","codec_tag_string","codec_tag","sample_fmt","sample_rate","channels","channel_layout","bits_per_sample","r_frame_rate","avg_frame_rate","time_base","start_pts","start_time","duration_ts","duration","bit_rate","filepath") values ('0','mp3','MP3 (MPEG audio layer 3)','audio','1/44100','[0][0][0][0]','0x0000','fltp','44100','2','stereo','0','0/0','0/0','1/14112000','0','0','2160230400','153.077551','159155','/media/pi/ZUKE/MUSIC/MMs/MM 43/09 - Rockin'' Robin - Rock and Roll.mp3');
insert into format ("filename","nb_streams","nb_programs","format_name","format_long_name","start_time","duration","size","bit_rate","probe_score","filepath") values ('/media/pi/ZUKE/MUSIC/MMs/MM 43/09 - Rockin'' Robin - Rock and Roll.mp3','1','0','mp3','MP2/3 (MPEG audio layer 2/3)','0','153.077551','3047552','159268','51','/media/pi/ZUKE/MUSIC/MMs/MM 43/09 - Rockin'' Robin - Rock and Roll.mp3');
insert into disposition ("default","dub","original","comment","lyrics","karaoke","forced","hearing_impaired","visual_impaired","clean_effects","attached_pic","timed_thumbnails","filepath") values ('0','0','0','0','0','0','0','0','0','0','0','0','/media/pi/ZUKE/MUSIC/MMs/MM 43/09 - Rockin'' Robin - Rock and Roll.mp3');
insert into tags ("album","composer","genre","title","artist","disc","track","filepath") values ('Mega Mix 43','Zumba Fitness','Rock and Roll','Rockin'' Robin','Zumba Fitness','1/1','09/10','/media/pi/ZUKE/MUSIC/MMs/MM 43/09 - Rockin'' Robin - Rock and Roll.mp3');
insert into mp3s ("filepath") values ('/media/pi/ZUKE/MUSIC/MMs/MM 43/09 - Rockin'' Robin - Rock and Roll.mp3');
insert into streams ("index","codec_name","codec_long_name","codec_type","codec_time_base","codec_tag_string","codec_tag","sample_fmt","sample_rate","channels","channel_layout","bits_per_sample","r_frame_rate","avg_frame_rate","time_base","start_pts","start_time","duration_ts","duration","bit_rate","filepath") values ('0','mp3','MP3 (MPEG audio layer 3)','audio','1/44100','[0][0][0][0]','0x0000','fltp','44100','2','stereo','0','0/0','0/0','1/14112000','0','0','2770329600','196.310204','150668','/media/pi/ZUKE/MUSIC/MMs/MM 43/10 - Vamos Pa'' La Calle - Merengue Urbano.mp3');
insert into format ("filename","nb_streams","nb_programs","format_name","format_long_name","start_time","duration","size","bit_rate","probe_score","filepath") values ('/media/pi/ZUKE/MUSIC/MMs/MM 43/10 - Vamos Pa'' La Calle - Merengue Urbano.mp3','1','0','mp3','MP2/3 (MPEG audio layer 2/3)','0','196.310204','3698816','150733','51','/media/pi/ZUKE/MUSIC/MMs/MM 43/10 - Vamos Pa'' La Calle - Merengue Urbano.mp3');
insert into disposition ("default","dub","original","comment","lyrics","karaoke","forced","hearing_impaired","visual_impaired","clean_effects","attached_pic","timed_thumbnails","filepath") values ('0','0','0','0','0','0','0','0','0','0','0','0','/media/pi/ZUKE/MUSIC/MMs/MM 43/10 - Vamos Pa'' La Calle - Merengue Urbano.mp3');
insert into tags ("album","composer","genre","title","artist","disc","track","filepath") values ('Mega Mix 43','Zumba Fitness','Merengue Urbano','Vamos Pa'' La Calle','Zumba Fitness','1/1','10/10','/media/pi/ZUKE/MUSIC/MMs/MM 43/10 - Vamos Pa'' La Calle - Merengue Urbano.mp3');
insert into mp3s ("filepath") values ('/media/pi/ZUKE/MUSIC/MMs/MM 43/10 - Vamos Pa'' La Calle - Merengue Urbano.mp3');
insert into streams ("index","codec_name","codec_long_name","codec_type","codec_time_base","codec_tag_string","codec_tag","sample_fmt","sample_rate","channels","channel_layout","bits_per_sample","r_frame_rate","avg_frame_rate","time_base","start_pts","start_time","duration_ts","duration","bit_rate","filepath") values ('0','mp3','MP3 (MPEG audio layer 3)','audio','1/44100','[0][0][0][0]','0x0000','fltp','44100','2','stereo','0','0/0','0/0','1/14112000','0','0','3445309440','244.140408','165928','/media/pi/ZUKE/MUSIC/MMs/MM 44/01 - Sunny Sunny - Hindi Pop.mp3');
insert into format ("filename","nb_streams","nb_programs","format_name","format_long_name","start_time","duration","size","bit_rate","probe_score","filepath") values ('/media/pi/ZUKE/MUSIC/MMs/MM 44/01 - Sunny Sunny - Hindi Pop.mp3','1','0','mp3','MP2/3 (MPEG audio layer 2/3)','0','244.140408','5064832','165964','51','/media/pi/ZUKE/MUSIC/MMs/MM 44/01 - Sunny Sunny - Hindi Pop.mp3');
insert into disposition ("default","dub","original","comment","lyrics","karaoke","forced","hearing_impaired","visual_impaired","clean_effects","attached_pic","timed_thumbnails","filepath") values ('0','0','0','0','0','0','0','0','0','0','0','0','/media/pi/ZUKE/MUSIC/MMs/MM 44/01 - Sunny Sunny - Hindi Pop.mp3');
insert into tags ("album","composer","genre","title","artist","disc","track","filepath") values ('Mega Mix 44','Zumba Fitness','Hindi Pop','Sunny Sunny','Zumba Fitness','1/1','01/13','/media/pi/ZUKE/MUSIC/MMs/MM 44/01 - Sunny Sunny - Hindi Pop.mp3');
insert into mp3s ("filepath") values ('/media/pi/ZUKE/MUSIC/MMs/MM 44/01 - Sunny Sunny - Hindi Pop.mp3');
insert into streams ("index","codec_name","codec_long_name","codec_type","codec_time_base","codec_tag_string","codec_tag","sample_fmt","sample_rate","channels","channel_layout","bits_per_sample","r_frame_rate","avg_frame_rate","time_base","start_pts","start_time","duration_ts","duration","bit_rate","filepath") values ('0','mp3','MP3 (MPEG audio layer 3)','audio','1/44100','[0][0][0][0]','0x0000','fltp','44100','2','stereo','0','0/0','0/0','1/14112000','0','0','2753740800','195.134694','154751','/media/pi/ZUKE/MUSIC/MMs/MM 44/02 - Accordion Dance - Russian Folk.mp3');
insert into format ("filename","nb_streams","nb_programs","format_name","format_long_name","start_time","duration","size","bit_rate","probe_score","filepath") values ('/media/pi/ZUKE/MUSIC/MMs/MM 44/02 - Accordion Dance - Russian Folk.mp3','1','0','mp3','MP2/3 (MPEG audio layer 2/3)','0','195.134694','3776640','154832','51','/media/pi/ZUKE/MUSIC/MMs/MM 44/02 - Accordion Dance - Russian Folk.mp3');
insert into disposition ("default","dub","original","comment","lyrics","karaoke","forced","hearing_impaired","visual_impaired","clean_effects","attached_pic","timed_thumbnails","filepath") values ('0','0','0','0','0','0','0','0','0','0','0','0','/media/pi/ZUKE/MUSIC/MMs/MM 44/02 - Accordion Dance - Russian Folk.mp3');
insert into tags ("album","composer","genre","title","artist","disc","track","filepath") values ('Mega Mix 44','Zumba Fitness','Russian Folk','Accordion Dance','Zumba Fitness','1/1','02/13','/media/pi/ZUKE/MUSIC/MMs/MM 44/02 - Accordion Dance - Russian Folk.mp3');
insert into mp3s ("filepath") values ('/media/pi/ZUKE/MUSIC/MMs/MM 44/02 - Accordion Dance - Russian Folk.mp3');
insert into streams ("index","codec_name","codec_long_name","codec_type","codec_time_base","codec_tag_string","codec_tag","sample_fmt","sample_rate","channels","channel_layout","bits_per_sample","r_frame_rate","avg_frame_rate","time_base","start_pts","start_time","duration_ts","duration","bit_rate","filepath") values ('0','mp3','MP3 (MPEG audio layer 3)','audio','1/44100','[0][0][0][0]','0x0000','fltp','44100','2','stereo','0','0/0','0/0','1/14112000','0','0','2899722240','205.479184','156497','/media/pi/ZUKE/MUSIC/MMs/MM 44/03 - Swing - Country.mp3');
insert into format ("filename","nb_streams","nb_programs","format_name","format_long_name","start_time","duration","size","bit_rate","probe_score","filepath") values ('/media/pi/ZUKE/MUSIC/MMs/MM 44/03 - Swing - Country.mp3','1','0','mp3','MP2/3 (MPEG audio layer 2/3)','0','205.479184','4020352','156525','51','/media/pi/ZUKE/MUSIC/MMs/MM 44/03 - Swing - Country.mp3');
insert into disposition ("default","dub","original","comment","lyrics","karaoke","forced","hearing_impaired","visual_impaired","clean_effects","attached_pic","timed_thumbnails","filepath") values ('0','0','0','0','0','0','0','0','0','0','0','0','/media/pi/ZUKE/MUSIC/MMs/MM 44/03 - Swing - Country.mp3');
insert into tags ("album","composer","genre","title","artist","disc","track","filepath") values ('Mega Mix 44','Zumba Fitness','Country','Swing','Zumba Fitness','1/1','03/13','/media/pi/ZUKE/MUSIC/MMs/MM 44/03 - Swing - Country.mp3');
insert into mp3s ("filepath") values ('/media/pi/ZUKE/MUSIC/MMs/MM 44/03 - Swing - Country.mp3');
insert into streams ("index","codec_name","codec_long_name","codec_type","codec_time_base","codec_tag_string","codec_tag","sample_fmt","sample_rate","channels","channel_layout","bits_per_sample","r_frame_rate","avg_frame_rate","time_base","start_pts","start_time","duration_ts","duration","bit_rate","filepath") values ('0','mp3','MP3 (MPEG audio layer 3)','audio','1/44100','[0][0][0][0]','0x0000','fltp','44100','2','stereo','0','0/0','0/0','1/14112000','0','0','2779914240','196.989388','157674','/media/pi/ZUKE/MUSIC/MMs/MM 44/04 - Tangled Up - Tango.mp3');
insert into format ("filename","nb_streams","nb_programs","format_name","format_long_name","start_time","duration","size","bit_rate","probe_score","filepath") values ('/media/pi/ZUKE/MUSIC/MMs/MM 44/04 - Tangled Up - Tango.mp3','1','0','mp3','MP2/3 (MPEG audio layer 2/3)','0','196.989388','3883136','157699','51','/media/pi/ZUKE/MUSIC/MMs/MM 44/04 - Tangled Up - Tango.mp3');
insert into disposition ("default","dub","original","comment","lyrics","karaoke","forced","hearing_impaired","visual_impaired","clean_effects","attached_pic","timed_thumbnails","filepath") values ('0','0','0','0','0','0','0','0','0','0','0','0','/media/pi/ZUKE/MUSIC/MMs/MM 44/04 - Tangled Up - Tango.mp3');
insert into tags ("album","composer","genre","title","artist","disc","track","filepath") values ('Mega Mix 44','Zumba Fitness','Tango','Tangled Up','Zumba Fitness','1/1','04/13','/media/pi/ZUKE/MUSIC/MMs/MM 44/04 - Tangled Up - Tango.mp3');
insert into mp3s ("filepath") values ('/media/pi/ZUKE/MUSIC/MMs/MM 44/04 - Tangled Up - Tango.mp3');
insert into streams ("index","codec_name","codec_long_name","codec_type","codec_time_base","codec_tag_string","codec_tag","sample_fmt","sample_rate","channels","channel_layout","bits_per_sample","r_frame_rate","avg_frame_rate","time_base","start_pts","start_time","duration_ts","duration","bit_rate","filepath") values ('0','mp3','MP3 (MPEG audio layer 3)','audio','1/44100','[0][0][0][0]','0x0000','fltp','44100','2','stereo','0','0/0','0/0','1/14112000','0','0','2775859200','196.702041','126852','/media/pi/ZUKE/MUSIC/MMs/MM 44/05 - Lepo Lepo - Axe.mp3');
insert into format ("filename","nb_streams","nb_programs","format_name","format_long_name","start_time","duration","size","bit_rate","probe_score","filepath") values ('/media/pi/ZUKE/MUSIC/MMs/MM 44/05 - Lepo Lepo - Axe.mp3','1','0','mp3','MP2/3 (MPEG audio layer 2/3)','0','196.702041','3121280','126944','51','/media/pi/ZUKE/MUSIC/MMs/MM 44/05 - Lepo Lepo - Axe.mp3');
insert into disposition ("default","dub","original","comment","lyrics","karaoke","forced","hearing_impaired","visual_impaired","clean_effects","attached_pic","timed_thumbnails","filepath") values ('0','0','0','0','0','0','0','0','0','0','0','0','/media/pi/ZUKE/MUSIC/MMs/MM 44/05 - Lepo Lepo - Axe.mp3');
insert into tags ("album","composer","genre","title","artist","disc","track","filepath") values ('Mega Mix 44','Zumba Fitness','Axe','Lepo Lepo','Zumba Fitness','1/1','05/13','/media/pi/ZUKE/MUSIC/MMs/MM 44/05 - Lepo Lepo - Axe.mp3');
insert into mp3s ("filepath") values ('/media/pi/ZUKE/MUSIC/MMs/MM 44/05 - Lepo Lepo - Axe.mp3');
insert into streams ("index","codec_name","codec_long_name","codec_type","codec_time_base","codec_tag_string","codec_tag","sample_fmt","sample_rate","channels","channel_layout","bits_per_sample","r_frame_rate","avg_frame_rate","time_base","start_pts","start_time","duration_ts","duration","bit_rate","filepath") values ('0','mp3','MP3 (MPEG audio layer 3)','audio','1/44100','[0][0][0][0]','0x0000','fltp','44100','2','stereo','0','0/0','0/0','1/14112000','0','0','2804981760','198.765714','165676','/media/pi/ZUKE/MUSIC/MMs/MM 44/06 - Big Spender - Urban Burlesque.mp3');
insert into format ("filename","nb_streams","nb_programs","format_name","format_long_name","start_time","duration","size","bit_rate","probe_score","filepath") values ('/media/pi/ZUKE/MUSIC/MMs/MM 44/06 - Big Spender - Urban Burlesque.mp3','1','0','mp3','MP2/3 (MPEG audio layer 2/3)','0','198.765714','4118656','165769','51','/media/pi/ZUKE/MUSIC/MMs/MM 44/06 - Big Spender - Urban Burlesque.mp3');
insert into disposition ("default","dub","original","comment","lyrics","karaoke","forced","hearing_impaired","visual_impaired","clean_effects","attached_pic","timed_thumbnails","filepath") values ('0','0','0','0','0','0','0','0','0','0','0','0','/media/pi/ZUKE/MUSIC/MMs/MM 44/06 - Big Spender - Urban Burlesque.mp3');
insert into tags ("album","composer","genre","title","artist","disc","track","filepath") values ('Mega Mix 44','Zumba Fitness','Urban Burlesque','Big Spender','Zumba Fitness','1/1','06/13','/media/pi/ZUKE/MUSIC/MMs/MM 44/06 - Big Spender - Urban Burlesque.mp3');
insert into mp3s ("filepath") values ('/media/pi/ZUKE/MUSIC/MMs/MM 44/06 - Big Spender - Urban Burlesque.mp3');
insert into streams ("index","codec_name","codec_long_name","codec_type","codec_time_base","codec_tag_string","codec_tag","sample_fmt","sample_rate","channels","channel_layout","bits_per_sample","r_frame_rate","avg_frame_rate","time_base","start_pts","start_time","duration_ts","duration","bit_rate","filepath") values ('0','mp3','MP3 (MPEG audio layer 3)','audio','1/44100','[0][0][0][0]','0x0000','fltp','44100','2','stereo','0','0/0','0/0','1/14112000','0','0','1997660160','141.557551','131537','/media/pi/ZUKE/MUSIC/MMs/MM 44/07 - Tutti Frutti - Rock and Roll.mp3');
insert into format ("filename","nb_streams","nb_programs","format_name","format_long_name","start_time","duration","size","bit_rate","probe_score","filepath") values ('/media/pi/ZUKE/MUSIC/MMs/MM 44/07 - Tutti Frutti - Rock and Roll.mp3','1','0','mp3','MP2/3 (MPEG audio layer 2/3)','0','141.557551','2328704','131604','51','/media/pi/ZUKE/MUSIC/MMs/MM 44/07 - Tutti Frutti - Rock and Roll.mp3');
insert into disposition ("default","dub","original","comment","lyrics","karaoke","forced","hearing_impaired","visual_impaired","clean_effects","attached_pic","timed_thumbnails","filepath") values ('0','0','0','0','0','0','0','0','0','0','0','0','/media/pi/ZUKE/MUSIC/MMs/MM 44/07 - Tutti Frutti - Rock and Roll.mp3');
insert into tags ("album","composer","genre","title","artist","disc","track","filepath") values ('Mega Mix 44','Zumba Fitness','Rock and Roll','Tutti Frutti','Zumba Fitness','1/1','07/13','/media/pi/ZUKE/MUSIC/MMs/MM 44/07 - Tutti Frutti - Rock and Roll.mp3');
insert into mp3s ("filepath") values ('/media/pi/ZUKE/MUSIC/MMs/MM 44/07 - Tutti Frutti - Rock and Roll.mp3');
insert into streams ("index","codec_name","codec_long_name","codec_type","codec_time_base","codec_tag_string","codec_tag","sample_fmt","sample_rate","channels","channel_layout","bits_per_sample","r_frame_rate","avg_frame_rate","time_base","start_pts","start_time","duration_ts","duration","bit_rate","filepath") values ('0','mp3','MP3 (MPEG audio layer 3)','audio','1/44100','[0][0][0][0]','0x0000','fltp','44100','2','stereo','0','0/0','0/0','1/14112000','0','0','3227811840','228.728163','162296','/media/pi/ZUKE/MUSIC/MMs/MM 44/08 - Adicto - Reggaeton.mp3');
insert into format ("filename","nb_streams","nb_programs","format_name","format_long_name","start_time","duration","size","bit_rate","probe_score","filepath") values ('/media/pi/ZUKE/MUSIC/MMs/MM 44/08 - Adicto - Reggaeton.mp3','1','0','mp3','MP2/3 (MPEG audio layer 2/3)','0','228.728163','4640896','162320','51','/media/pi/ZUKE/MUSIC/MMs/MM 44/08 - Adicto - Reggaeton.mp3');
insert into disposition ("default","dub","original","comment","lyrics","karaoke","forced","hearing_impaired","visual_impaired","clean_effects","attached_pic","timed_thumbnails","filepath") values ('0','0','0','0','0','0','0','0','0','0','0','0','/media/pi/ZUKE/MUSIC/MMs/MM 44/08 - Adicto - Reggaeton.mp3');
insert into tags ("album","composer","genre","title","artist","disc","track","filepath") values ('Mega Mix 44','Zumba Fitness','Reggaeton','Adicto','Zumba Fitness','1/1','08/13','/media/pi/ZUKE/MUSIC/MMs/MM 44/08 - Adicto - Reggaeton.mp3');
insert into mp3s ("filepath") values ('/media/pi/ZUKE/MUSIC/MMs/MM 44/08 - Adicto - Reggaeton.mp3');
insert into streams ("index","codec_name","codec_long_name","codec_type","codec_time_base","codec_tag_string","codec_tag","sample_fmt","sample_rate","channels","channel_layout","bits_per_sample","r_frame_rate","avg_frame_rate","time_base","start_pts","start_time","duration_ts","duration","bit_rate","filepath") values ('0','mp3','MP3 (MPEG audio layer 3)','audio','1/44100','[0][0][0][0]','0x0000','fltp','44100','2','stereo','0','0/0','0/0','1/14112000','0','0','3641794560','258.063673','152348','/media/pi/ZUKE/MUSIC/MMs/MM 44/09 - Zumbalo - Couple Decale.mp3');
insert into format ("filename","nb_streams","nb_programs","format_name","format_long_name","start_time","duration","size","bit_rate","probe_score","filepath") values ('/media/pi/ZUKE/MUSIC/MMs/MM 44/09 - Zumbalo - Couple Decale.mp3','1','0','mp3','MP2/3 (MPEG audio layer 2/3)','0','258.063673','4915328','152375','51','/media/pi/ZUKE/MUSIC/MMs/MM 44/09 - Zumbalo - Couple Decale.mp3');
insert into disposition ("default","dub","original","comment","lyrics","karaoke","forced","hearing_impaired","visual_impaired","clean_effects","attached_pic","timed_thumbnails","filepath") values ('0','0','0','0','0','0','0','0','0','0','0','0','/media/pi/ZUKE/MUSIC/MMs/MM 44/09 - Zumbalo - Couple Decale.mp3');
insert into tags ("album","composer","genre","title","artist","disc","track","filepath") values ('Mega Mix 44','Zumba Fitness','Couple Decale','Zumbalo','Zumba Fitness','1/1','09/13','/media/pi/ZUKE/MUSIC/MMs/MM 44/09 - Zumbalo - Couple Decale.mp3');
insert into mp3s ("filepath") values ('/media/pi/ZUKE/MUSIC/MMs/MM 44/09 - Zumbalo - Couple Decale.mp3');
insert into streams ("index","codec_name","codec_long_name","codec_type","codec_time_base","codec_tag_string","codec_tag","sample_fmt","sample_rate","channels","channel_layout","bits_per_sample","r_frame_rate","avg_frame_rate","time_base","start_pts","start_time","duration_ts","duration","bit_rate","filepath") values ('0','mp3','MP3 (MPEG audio layer 3)','audio','1/44100','[0][0][0][0]','0x0000','fltp','44100','2','stereo','0','0/0','0/0','1/14112000','0','0','2857328640','202.475102','187175','/media/pi/ZUKE/MUSIC/MMs/MM 44/10 - Good Time - French Dancehall.mp3');
insert into format ("filename","nb_streams","nb_programs","format_name","format_long_name","start_time","duration","size","bit_rate","probe_score","filepath") values ('/media/pi/ZUKE/MUSIC/MMs/MM 44/10 - Good Time - French Dancehall.mp3','1','0','mp3','MP2/3 (MPEG audio layer 2/3)','0','202.475102','4739200','187250','51','/media/pi/ZUKE/MUSIC/MMs/MM 44/10 - Good Time - French Dancehall.mp3');
insert into disposition ("default","dub","original","comment","lyrics","karaoke","forced","hearing_impaired","visual_impaired","clean_effects","attached_pic","timed_thumbnails","filepath") values ('0','0','0','0','0','0','0','0','0','0','0','0','/media/pi/ZUKE/MUSIC/MMs/MM 44/10 - Good Time - French Dancehall.mp3');
insert into tags ("album","composer","genre","title","artist","disc","track","filepath") values ('Mega Mix 44','Zumba Fitness','French Dancehall','Good Time','Zumba Fitness','1/1','10/13','/media/pi/ZUKE/MUSIC/MMs/MM 44/10 - Good Time - French Dancehall.mp3');
insert into mp3s ("filepath") values ('/media/pi/ZUKE/MUSIC/MMs/MM 44/10 - Good Time - French Dancehall.mp3');
insert into streams ("index","codec_name","codec_long_name","codec_type","codec_time_base","codec_tag_string","codec_tag","sample_fmt","sample_rate","channels","channel_layout","bits_per_sample","r_frame_rate","avg_frame_rate","time_base","start_pts","start_time","duration_ts","duration","bit_rate","filepath") values ('0','mp3','MP3 (MPEG audio layer 3)','audio','1/44100','[0][0][0][0]','0x0000','fltp','44100','2','stereo','0','0/0','0/0','1/14112000','0','0','3339141120','236.617143','151310','/media/pi/ZUKE/MUSIC/MMs/MM 44/11 - Come Baby Come - Hop-Hop.mp3');
insert into format ("filename","nb_streams","nb_programs","format_name","format_long_name","start_time","duration","size","bit_rate","probe_score","filepath") values ('/media/pi/ZUKE/MUSIC/MMs/MM 44/11 - Come Baby Come - Hop-Hop.mp3','1','0','mp3','MP2/3 (MPEG audio layer 2/3)','0','236.617143','4477056','151368','51','/media/pi/ZUKE/MUSIC/MMs/MM 44/11 - Come Baby Come - Hop-Hop.mp3');
insert into disposition ("default","dub","original","comment","lyrics","karaoke","forced","hearing_impaired","visual_impaired","clean_effects","attached_pic","timed_thumbnails","filepath") values ('0','0','0','0','0','0','0','0','0','0','0','0','/media/pi/ZUKE/MUSIC/MMs/MM 44/11 - Come Baby Come - Hop-Hop.mp3');
insert into tags ("album","composer","genre","title","artist","disc","track","filepath") values ('Mega Mix 44','Zumba Fitness','Hop-Hop','Come Baby Come','Zumba Fitness','1/1','11/13','/media/pi/ZUKE/MUSIC/MMs/MM 44/11 - Come Baby Come - Hop-Hop.mp3');
insert into mp3s ("filepath") values ('/media/pi/ZUKE/MUSIC/MMs/MM 44/11 - Come Baby Come - Hop-Hop.mp3');
insert into streams ("index","codec_name","codec_long_name","codec_type","codec_time_base","codec_tag_string","codec_tag","sample_fmt","sample_rate","channels","channel_layout","bits_per_sample","r_frame_rate","avg_frame_rate","time_base","start_pts","start_time","duration_ts","duration","bit_rate","filepath") values ('0','mp3','MP3 (MPEG audio layer 3)','audio','1/44100','[0][0][0][0]','0x0000','fltp','44100','2','stereo','0','0/0','0/0','1/14112000','0','0','3299696640','233.822041','162771','/media/pi/ZUKE/MUSIC/MMs/MM 44/12 - Yemaya - Merengue - Salsa.mp3');
insert into format ("filename","nb_streams","nb_programs","format_name","format_long_name","start_time","duration","size","bit_rate","probe_score","filepath") values ('/media/pi/ZUKE/MUSIC/MMs/MM 44/12 - Yemaya - Merengue - Salsa.mp3','1','0','mp3','MP2/3 (MPEG audio layer 2/3)','0','233.822041','4759680','162847','51','/media/pi/ZUKE/MUSIC/MMs/MM 44/12 - Yemaya - Merengue - Salsa.mp3');
insert into disposition ("default","dub","original","comment","lyrics","karaoke","forced","hearing_impaired","visual_impaired","clean_effects","attached_pic","timed_thumbnails","filepath") values ('0','0','0','0','0','0','0','0','0','0','0','0','/media/pi/ZUKE/MUSIC/MMs/MM 44/12 - Yemaya - Merengue - Salsa.mp3');
insert into tags ("album","composer","genre","title","artist","disc","track","filepath") values ('Mega Mix 44','Zumba Fitness','Merengue,Salsa','Yemaya','Zumba Fitness','1/1','12/13','/media/pi/ZUKE/MUSIC/MMs/MM 44/12 - Yemaya - Merengue - Salsa.mp3');
insert into mp3s ("filepath") values ('/media/pi/ZUKE/MUSIC/MMs/MM 44/12 - Yemaya - Merengue - Salsa.mp3');
insert into streams ("index","codec_name","codec_long_name","codec_type","codec_time_base","codec_tag_string","codec_tag","sample_fmt","sample_rate","channels","channel_layout","bits_per_sample","r_frame_rate","avg_frame_rate","time_base","start_pts","start_time","duration_ts","duration","bit_rate","filepath") values ('0','mp3','MP3 (MPEG audio layer 3)','audio','1/44100','[0][0][0][0]','0x0000','fltp','44100','2','stereo','0','0/0','0/0','1/14112000','0','0','3426140160','242.782041','156838','/media/pi/ZUKE/MUSIC/MMs/MM 44/13 - Jumping - Soca.mp3');
insert into format ("filename","nb_streams","nb_programs","format_name","format_long_name","start_time","duration","size","bit_rate","probe_score","filepath") values ('/media/pi/ZUKE/MUSIC/MMs/MM 44/13 - Jumping - Soca.mp3','1','0','mp3','MP2/3 (MPEG audio layer 2/3)','0','242.782041','4761728','156905','51','/media/pi/ZUKE/MUSIC/MMs/MM 44/13 - Jumping - Soca.mp3');
insert into disposition ("default","dub","original","comment","lyrics","karaoke","forced","hearing_impaired","visual_impaired","clean_effects","attached_pic","timed_thumbnails","filepath") values ('0','0','0','0','0','0','0','0','0','0','0','0','/media/pi/ZUKE/MUSIC/MMs/MM 44/13 - Jumping - Soca.mp3');
insert into tags ("album","composer","genre","title","artist","disc","track","filepath") values ('Mega Mix 44','Zumba Fitness','Soca','Jumping','Zumba Fitness','1/1','13/13','/media/pi/ZUKE/MUSIC/MMs/MM 44/13 - Jumping - Soca.mp3');
insert into mp3s ("filepath") values ('/media/pi/ZUKE/MUSIC/MMs/MM 44/13 - Jumping - Soca.mp3');
insert into streams ("index","codec_name","codec_long_name","codec_type","codec_time_base","codec_tag_string","codec_tag","sample_fmt","sample_rate","channels","channel_layout","bits_per_sample","r_frame_rate","avg_frame_rate","time_base","start_pts","start_time","duration_ts","duration","bit_rate","filepath") values ('0','mp3','MP3 (MPEG audio layer 3)','audio','1/44100','[0][0][0][0]','0x0000','fltp','44100','2','stereo','0','0/0','0/0','1/14112000','0','0','2771066880','196.362449','157551','/media/pi/ZUKE/MUSIC/MMs/MM 45/01 - Lo Lo-Love - Warm-up.mp3');
insert into format ("filename","nb_streams","nb_programs","format_name","format_long_name","start_time","duration","size","bit_rate","probe_score","filepath") values ('/media/pi/ZUKE/MUSIC/MMs/MM 45/01 - Lo Lo-Love - Warm-up.mp3','1','0','mp3','MP2/3 (MPEG audio layer 2/3)','0','196.362449','3868800','157618','51','/media/pi/ZUKE/MUSIC/MMs/MM 45/01 - Lo Lo-Love - Warm-up.mp3');
insert into disposition ("default","dub","original","comment","lyrics","karaoke","forced","hearing_impaired","visual_impaired","clean_effects","attached_pic","timed_thumbnails","filepath") values ('0','0','0','0','0','0','0','0','0','0','0','0','/media/pi/ZUKE/MUSIC/MMs/MM 45/01 - Lo Lo-Love - Warm-up.mp3');
insert into tags ("album","composer","genre","title","artist","disc","track","filepath") values ('Mega Mix 45','Zumba Fitness','Warm-up','Lo Lo-Love','Zumba Fitness','1/1','01/10','/media/pi/ZUKE/MUSIC/MMs/MM 45/01 - Lo Lo-Love - Warm-up.mp3');
insert into mp3s ("filepath") values ('/media/pi/ZUKE/MUSIC/MMs/MM 45/01 - Lo Lo-Love - Warm-up.mp3');
insert into streams ("index","codec_name","codec_long_name","codec_type","codec_time_base","codec_tag_string","codec_tag","sample_fmt","sample_rate","channels","channel_layout","bits_per_sample","r_frame_rate","avg_frame_rate","time_base","start_pts","start_time","duration_ts","duration","bit_rate","filepath") values ('0','mp3','MP3 (MPEG audio layer 3)','audio','1/44100','[0][0][0][0]','0x0000','fltp','44100','2','stereo','0','0/0','0/0','1/14112000','0','0','3104686080','220.003265','162555','/media/pi/ZUKE/MUSIC/MMs/MM 45/02 - A Escondidas - Merengue.mp3');
insert into format ("filename","nb_streams","nb_programs","format_name","format_long_name","start_time","duration","size","bit_rate","probe_score","filepath") values ('/media/pi/ZUKE/MUSIC/MMs/MM 45/02 - A Escondidas - Merengue.mp3','1','0','mp3','MP2/3 (MPEG audio layer 2/3)','0','220.003265','4470912','162576','51','/media/pi/ZUKE/MUSIC/MMs/MM 45/02 - A Escondidas - Merengue.mp3');
insert into disposition ("default","dub","original","comment","lyrics","karaoke","forced","hearing_impaired","visual_impaired","clean_effects","attached_pic","timed_thumbnails","filepath") values ('0','0','0','0','0','0','0','0','0','0','0','0','/media/pi/ZUKE/MUSIC/MMs/MM 45/02 - A Escondidas - Merengue.mp3');
insert into tags ("album","composer","genre","title","artist","disc","track","filepath") values ('Mega Mix 45','Zumba Fitness','Merengue','A Escondidas','Zumba Fitness','1/1','02/10','/media/pi/ZUKE/MUSIC/MMs/MM 45/02 - A Escondidas - Merengue.mp3');
insert into mp3s ("filepath") values ('/media/pi/ZUKE/MUSIC/MMs/MM 45/02 - A Escondidas - Merengue.mp3');
insert into streams ("index","codec_name","codec_long_name","codec_type","codec_time_base","codec_tag_string","codec_tag","sample_fmt","sample_rate","channels","channel_layout","bits_per_sample","r_frame_rate","avg_frame_rate","time_base","start_pts","start_time","duration_ts","duration","bit_rate","filepath") values ('0','mp3','MP3 (MPEG audio layer 3)','audio','1/44100','[0][0][0][0]','0x0000','fltp','44100','2','stereo','0','0/0','0/0','1/14112000','0','0','2949857280','209.031837','165917','/media/pi/ZUKE/MUSIC/MMs/MM 45/03 - Noche de Copas - Salsa.mp3');
insert into format ("filename","nb_streams","nb_programs","format_name","format_long_name","start_time","duration","size","bit_rate","probe_score","filepath") values ('/media/pi/ZUKE/MUSIC/MMs/MM 45/03 - Noche de Copas - Salsa.mp3','1','0','mp3','MP2/3 (MPEG audio layer 2/3)','0','209.031837','4335744','165936','51','/media/pi/ZUKE/MUSIC/MMs/MM 45/03 - Noche de Copas - Salsa.mp3');
insert into disposition ("default","dub","original","comment","lyrics","karaoke","forced","hearing_impaired","visual_impaired","clean_effects","attached_pic","timed_thumbnails","filepath") values ('0','0','0','0','0','0','0','0','0','0','0','0','/media/pi/ZUKE/MUSIC/MMs/MM 45/03 - Noche de Copas - Salsa.mp3');
insert into tags ("album","composer","genre","title","artist","disc","track","filepath") values ('Mega Mix 45','Zumba Fitness','Salsa','Noche de Copas','Zumba Fitness','1/1','03/10','/media/pi/ZUKE/MUSIC/MMs/MM 45/03 - Noche de Copas - Salsa.mp3');
insert into mp3s ("filepath") values ('/media/pi/ZUKE/MUSIC/MMs/MM 45/03 - Noche de Copas - Salsa.mp3');
insert into streams ("index","codec_name","codec_long_name","codec_type","codec_time_base","codec_tag_string","codec_tag","sample_fmt","sample_rate","channels","channel_layout","bits_per_sample","r_frame_rate","avg_frame_rate","time_base","start_pts","start_time","duration_ts","duration","bit_rate","filepath") values ('0','mp3','MP3 (MPEG audio layer 3)','audio','1/44100','[0][0][0][0]','0x0000','fltp','44100','2','stereo','0','0/0','0/0','1/14112000','0','0','3017318400','213.812245','149046','/media/pi/ZUKE/MUSIC/MMs/MM 45/04 - Humanos a Marte (Urbano Remix) - Reggaeton.mp3');
insert into format ("filename","nb_streams","nb_programs","format_name","format_long_name","start_time","duration","size","bit_rate","probe_score","filepath") values ('/media/pi/ZUKE/MUSIC/MMs/MM 45/04 - Humanos a Marte (Urbano Remix) - Reggaeton.mp3','1','0','mp3','MP2/3 (MPEG audio layer 2/3)','0','213.812245','3985536','149122','51','/media/pi/ZUKE/MUSIC/MMs/MM 45/04 - Humanos a Marte (Urbano Remix) - Reggaeton.mp3');
insert into disposition ("default","dub","original","comment","lyrics","karaoke","forced","hearing_impaired","visual_impaired","clean_effects","attached_pic","timed_thumbnails","filepath") values ('0','0','0','0','0','0','0','0','0','0','0','0','/media/pi/ZUKE/MUSIC/MMs/MM 45/04 - Humanos a Marte (Urbano Remix) - Reggaeton.mp3');
insert into tags ("album","composer","genre","title","artist","disc","track","filepath") values ('Mega Mix 45','Zumba Fitness','Reggaeton','Humanos a Marte (Urbano Remix)','Zumba Fitness','1/1','04/10','/media/pi/ZUKE/MUSIC/MMs/MM 45/04 - Humanos a Marte (Urbano Remix) - Reggaeton.mp3');
insert into mp3s ("filepath") values ('/media/pi/ZUKE/MUSIC/MMs/MM 45/04 - Humanos a Marte (Urbano Remix) - Reggaeton.mp3');
insert into streams ("index","codec_name","codec_long_name","codec_type","codec_time_base","codec_tag_string","codec_tag","sample_fmt","sample_rate","channels","channel_layout","bits_per_sample","r_frame_rate","avg_frame_rate","time_base","start_pts","start_time","duration_ts","duration","bit_rate","filepath") values ('0','mp3','MP3 (MPEG audio layer 3)','audio','1/44100','[0][0][0][0]','0x0000','fltp','44100','2','stereo','0','0/0','0/0','1/14112000','0','0','3060080640','216.842449','161746','/media/pi/ZUKE/MUSIC/MMs/MM 45/05 - Shake it Off - Pop.mp3');
insert into format ("filename","nb_streams","nb_programs","format_name","format_long_name","start_time","duration","size","bit_rate","probe_score","filepath") values ('/media/pi/ZUKE/MUSIC/MMs/MM 45/05 - Shake it Off - Pop.mp3','1','0','mp3','MP2/3 (MPEG audio layer 2/3)','0','216.842449','4384896','161772','51','/media/pi/ZUKE/MUSIC/MMs/MM 45/05 - Shake it Off - Pop.mp3');
insert into disposition ("default","dub","original","comment","lyrics","karaoke","forced","hearing_impaired","visual_impaired","clean_effects","attached_pic","timed_thumbnails","filepath") values ('0','0','0','0','0','0','0','0','0','0','0','0','/media/pi/ZUKE/MUSIC/MMs/MM 45/05 - Shake it Off - Pop.mp3');
insert into tags ("album","composer","genre","title","artist","disc","track","filepath") values ('Mega Mix 45','Zumba Fitness','Pop','Shake it Off','Zumba Fitness','1/1','05/10','/media/pi/ZUKE/MUSIC/MMs/MM 45/05 - Shake it Off - Pop.mp3');
insert into mp3s ("filepath") values ('/media/pi/ZUKE/MUSIC/MMs/MM 45/05 - Shake it Off - Pop.mp3');
insert into streams ("index","codec_name","codec_long_name","codec_type","codec_time_base","codec_tag_string","codec_tag","sample_fmt","sample_rate","channels","channel_layout","bits_per_sample","r_frame_rate","avg_frame_rate","time_base","start_pts","start_time","duration_ts","duration","bit_rate","filepath") values ('0','mp3','MP3 (MPEG audio layer 3)','audio','1/44100','[0][0][0][0]','0x0000','fltp','44100','2','stereo','0','0/0','0/0','1/14112000','0','0','3404021760','241.214694','163217','/media/pi/ZUKE/MUSIC/MMs/MM 45/06 - Blanco y Negro - Cumbia Electronica.mp3');
insert into format ("filename","nb_streams","nb_programs","format_name","format_long_name","start_time","duration","size","bit_rate","probe_score","filepath") values ('/media/pi/ZUKE/MUSIC/MMs/MM 45/06 - Blanco y Negro - Cumbia Electronica.mp3','1','0','mp3','MP2/3 (MPEG audio layer 2/3)','0','241.214694','4923520','163290','51','/media/pi/ZUKE/MUSIC/MMs/MM 45/06 - Blanco y Negro - Cumbia Electronica.mp3');
insert into disposition ("default","dub","original","comment","lyrics","karaoke","forced","hearing_impaired","visual_impaired","clean_effects","attached_pic","timed_thumbnails","filepath") values ('0','0','0','0','0','0','0','0','0','0','0','0','/media/pi/ZUKE/MUSIC/MMs/MM 45/06 - Blanco y Negro - Cumbia Electronica.mp3');
insert into tags ("album","composer","genre","title","artist","disc","track","filepath") values ('Mega Mix 45','Zumba Fitness','Cumbia Electronica','Blanco y Negro','Zumba Fitness','1/1','06/10','/media/pi/ZUKE/MUSIC/MMs/MM 45/06 - Blanco y Negro - Cumbia Electronica.mp3');
insert into mp3s ("filepath") values ('/media/pi/ZUKE/MUSIC/MMs/MM 45/06 - Blanco y Negro - Cumbia Electronica.mp3');
insert into streams ("index","codec_name","codec_long_name","codec_type","codec_time_base","codec_tag_string","codec_tag","sample_fmt","sample_rate","channels","channel_layout","bits_per_sample","r_frame_rate","avg_frame_rate","time_base","start_pts","start_time","duration_ts","duration","bit_rate","filepath") values ('0','mp3','MP3 (MPEG audio layer 3)','audio','1/44100','[0][0][0][0]','0x0000','fltp','44100','2','stereo','0','0/0','0/0','1/14112000','0','0','2802032640','198.556735','151936','/media/pi/ZUKE/MUSIC/MMs/MM 45/07 - Broad Our - Dancehall.mp3');
insert into format ("filename","nb_streams","nb_programs","format_name","format_long_name","start_time","duration","size","bit_rate","probe_score","filepath") values ('/media/pi/ZUKE/MUSIC/MMs/MM 45/07 - Broad Our - Dancehall.mp3','1','0','mp3','MP2/3 (MPEG audio layer 2/3)','0','198.556735','3772544','151998','51','/media/pi/ZUKE/MUSIC/MMs/MM 45/07 - Broad Our - Dancehall.mp3');
insert into disposition ("default","dub","original","comment","lyrics","karaoke","forced","hearing_impaired","visual_impaired","clean_effects","attached_pic","timed_thumbnails","filepath") values ('0','0','0','0','0','0','0','0','0','0','0','0','/media/pi/ZUKE/MUSIC/MMs/MM 45/07 - Broad Our - Dancehall.mp3');
insert into tags ("album","composer","genre","title","artist","disc","track","filepath") values ('Mega Mix 45','Zumba Fitness','Dancehall','Broad Our','Zumba Fitness','1/1','07/10','/media/pi/ZUKE/MUSIC/MMs/MM 45/07 - Broad Our - Dancehall.mp3');
insert into mp3s ("filepath") values ('/media/pi/ZUKE/MUSIC/MMs/MM 45/07 - Broad Our - Dancehall.mp3');
insert into streams ("index","codec_name","codec_long_name","codec_type","codec_time_base","codec_tag_string","codec_tag","sample_fmt","sample_rate","channels","channel_layout","bits_per_sample","r_frame_rate","avg_frame_rate","time_base","start_pts","start_time","duration_ts","duration","bit_rate","filepath") values ('0','mp3','MP3 (MPEG audio layer 3)','audio','1/44100','[0][0][0][0]','0x0000','fltp','44100','2','stereo','0','0/0','0/0','1/14112000','0','0','3051601920','216.241633','147281','/media/pi/ZUKE/MUSIC/MMs/MM 45/08 - Maldita Primavera - Merengue Plancha.mp3');
insert into format ("filename","nb_streams","nb_programs","format_name","format_long_name","start_time","duration","size","bit_rate","probe_score","filepath") values ('/media/pi/ZUKE/MUSIC/MMs/MM 45/08 - Maldita Primavera - Merengue Plancha.mp3','1','0','mp3','MP2/3 (MPEG audio layer 2/3)','0','216.241633','3981440','147295','51','/media/pi/ZUKE/MUSIC/MMs/MM 45/08 - Maldita Primavera - Merengue Plancha.mp3');
insert into disposition ("default","dub","original","comment","lyrics","karaoke","forced","hearing_impaired","visual_impaired","clean_effects","attached_pic","timed_thumbnails","filepath") values ('0','0','0','0','0','0','0','0','0','0','0','0','/media/pi/ZUKE/MUSIC/MMs/MM 45/08 - Maldita Primavera - Merengue Plancha.mp3');
insert into tags ("album","composer","genre","title","artist","disc","track","filepath") values ('Mega Mix 45','Zumba Fitness','Merengue Plancha','Maldita Primavera','Zumba Fitness','1/1','08/10','/media/pi/ZUKE/MUSIC/MMs/MM 45/08 - Maldita Primavera - Merengue Plancha.mp3');
insert into mp3s ("filepath") values ('/media/pi/ZUKE/MUSIC/MMs/MM 45/08 - Maldita Primavera - Merengue Plancha.mp3');
insert into streams ("index","codec_name","codec_long_name","codec_type","codec_time_base","codec_tag_string","codec_tag","sample_fmt","sample_rate","channels","channel_layout","bits_per_sample","r_frame_rate","avg_frame_rate","time_base","start_pts","start_time","duration_ts","duration","bit_rate","filepath") values ('0','mp3','MP3 (MPEG audio layer 3)','audio','1/44100','[0][0][0][0]','0x0000','fltp','44100','2','stereo','0','0/0','0/0','1/14112000','0','0','3188367360','225.933061','160573','/media/pi/ZUKE/MUSIC/MMs/MM 45/09 - Tu Compania - Reggae.mp3');
insert into format ("filename","nb_streams","nb_programs","format_name","format_long_name","start_time","duration","size","bit_rate","probe_score","filepath") values ('/media/pi/ZUKE/MUSIC/MMs/MM 45/09 - Tu Compania - Reggae.mp3','1','0','mp3','MP2/3 (MPEG audio layer 2/3)','0','225.933061','4536448','160629','51','/media/pi/ZUKE/MUSIC/MMs/MM 45/09 - Tu Compania - Reggae.mp3');
insert into disposition ("default","dub","original","comment","lyrics","karaoke","forced","hearing_impaired","visual_impaired","clean_effects","attached_pic","timed_thumbnails","filepath") values ('0','0','0','0','0','0','0','0','0','0','0','0','/media/pi/ZUKE/MUSIC/MMs/MM 45/09 - Tu Compania - Reggae.mp3');
insert into tags ("album","composer","genre","title","artist","disc","track","filepath") values ('Mega Mix 45','Zumba Fitness','Reggae','Tu Compania','Zumba Fitness','1/1','09/10','/media/pi/ZUKE/MUSIC/MMs/MM 45/09 - Tu Compania - Reggae.mp3');
insert into mp3s ("filepath") values ('/media/pi/ZUKE/MUSIC/MMs/MM 45/09 - Tu Compania - Reggae.mp3');
insert into streams ("index","codec_name","codec_long_name","codec_type","codec_time_base","codec_tag_string","codec_tag","sample_fmt","sample_rate","channels","channel_layout","bits_per_sample","r_frame_rate","avg_frame_rate","time_base","start_pts","start_time","duration_ts","duration","bit_rate","filepath") values ('0','mp3','MP3 (MPEG audio layer 3)','audio','1/44100','[0][0][0][0]','0x0000','fltp','44100','2','stereo','0','0/0','0/0','1/14112000','0','0','3126067200','221.518367','157933','/media/pi/ZUKE/MUSIC/MMs/MM 45/10 - Zumba High - Dance Pop.mp3');
insert into format ("filename","nb_streams","nb_programs","format_name","format_long_name","start_time","duration","size","bit_rate","probe_score","filepath") values ('/media/pi/ZUKE/MUSIC/MMs/MM 45/10 - Zumba High - Dance Pop.mp3','1','0','mp3','MP2/3 (MPEG audio layer 2/3)','0','221.518367','4374656','157988','51','/media/pi/ZUKE/MUSIC/MMs/MM 45/10 - Zumba High - Dance Pop.mp3');
insert into disposition ("default","dub","original","comment","lyrics","karaoke","forced","hearing_impaired","visual_impaired","clean_effects","attached_pic","timed_thumbnails","filepath") values ('0','0','0','0','0','0','0','0','0','0','0','0','/media/pi/ZUKE/MUSIC/MMs/MM 45/10 - Zumba High - Dance Pop.mp3');
insert into tags ("album","composer","genre","title","artist","disc","track","filepath") values ('Mega Mix 45','Zumba Fitness','Pop','Zumba High','Zumba Fitness','1/1','10/10','/media/pi/ZUKE/MUSIC/MMs/MM 45/10 - Zumba High - Dance Pop.mp3');
insert into mp3s ("filepath") values ('/media/pi/ZUKE/MUSIC/MMs/MM 45/10 - Zumba High - Dance Pop.mp3');
insert into streams ("index","codec_name","codec_long_name","codec_type","codec_time_base","codec_tag_string","codec_tag","sample_fmt","sample_rate","channels","channel_layout","bits_per_sample","r_frame_rate","avg_frame_rate","time_base","start_pts","start_time","duration_ts","duration","bit_rate","filepath") values ('0','mp3','MP3 (MPEG audio layer 3)','audio','1/44100','[0][0][0][0]','0x0000','fltp','44100','2','stereo','0','0/0','0/0','1/14112000','0','0','2376990720','168.437551','162095','/media/pi/ZUKE/MUSIC/MMs/MM 46/01 - Mal de Amores - Dance.mp3');
insert into format ("filename","nb_streams","nb_programs","format_name","format_long_name","start_time","duration","size","bit_rate","probe_score","filepath") values ('/media/pi/ZUKE/MUSIC/MMs/MM 46/01 - Mal de Amores - Dance.mp3','1','0','mp3','MP2/3 (MPEG audio layer 2/3)','0','168.437551','3414144','162155','51','/media/pi/ZUKE/MUSIC/MMs/MM 46/01 - Mal de Amores - Dance.mp3');
insert into disposition ("default","dub","original","comment","lyrics","karaoke","forced","hearing_impaired","visual_impaired","clean_effects","attached_pic","timed_thumbnails","filepath") values ('0','0','0','0','0','0','0','0','0','0','0','0','/media/pi/ZUKE/MUSIC/MMs/MM 46/01 - Mal de Amores - Dance.mp3');
insert into tags ("album","composer","genre","title","artist","disc","track","filepath") values ('Mega Mix 46','Zumba Fitness','Dance','Mal de Amores','Zumba Fitness','1/1','01/10','/media/pi/ZUKE/MUSIC/MMs/MM 46/01 - Mal de Amores - Dance.mp3');
insert into mp3s ("filepath") values ('/media/pi/ZUKE/MUSIC/MMs/MM 46/01 - Mal de Amores - Dance.mp3');
insert into streams ("index","codec_name","codec_long_name","codec_type","codec_time_base","codec_tag_string","codec_tag","sample_fmt","sample_rate","channels","channel_layout","bits_per_sample","r_frame_rate","avg_frame_rate","time_base","start_pts","start_time","duration_ts","duration","bit_rate","filepath") values ('0','mp3','MP3 (MPEG audio layer 3)','audio','1/44100','[0][0][0][0]','0x0000','fltp','44100','2','stereo','0','0/0','0/0','1/14112000','0','0','3808788480','269.897143','165070','/media/pi/ZUKE/MUSIC/MMs/MM 46/02 - La Pastila - Merengue.mp3');
insert into format ("filename","nb_streams","nb_programs","format_name","format_long_name","start_time","duration","size","bit_rate","probe_score","filepath") values ('/media/pi/ZUKE/MUSIC/MMs/MM 46/02 - La Pastila - Merengue.mp3','1','0','mp3','MP2/3 (MPEG audio layer 2/3)','0','269.897143','5570688','165120','51','/media/pi/ZUKE/MUSIC/MMs/MM 46/02 - La Pastila - Merengue.mp3');
insert into disposition ("default","dub","original","comment","lyrics","karaoke","forced","hearing_impaired","visual_impaired","clean_effects","attached_pic","timed_thumbnails","filepath") values ('0','0','0','0','0','0','0','0','0','0','0','0','/media/pi/ZUKE/MUSIC/MMs/MM 46/02 - La Pastila - Merengue.mp3');
insert into tags ("album","composer","genre","title","artist","disc","track","filepath") values ('Mega Mix 46','Zumba Fitness','Merengue','La Pastila','Zumba Fitness','1/1','02/10','/media/pi/ZUKE/MUSIC/MMs/MM 46/02 - La Pastila - Merengue.mp3');
insert into mp3s ("filepath") values ('/media/pi/ZUKE/MUSIC/MMs/MM 46/02 - La Pastila - Merengue.mp3');
insert into streams ("index","codec_name","codec_long_name","codec_type","codec_time_base","codec_tag_string","codec_tag","sample_fmt","sample_rate","channels","channel_layout","bits_per_sample","r_frame_rate","avg_frame_rate","time_base","start_pts","start_time","duration_ts","duration","bit_rate","filepath") values ('0','mp3','MP3 (MPEG audio layer 3)','audio','1/44100','[0][0][0][0]','0x0000','fltp','44100','2','stereo','0','0/0','0/0','1/14112000','0','0','3598663680','255.007347','162922','/media/pi/ZUKE/MUSIC/MMs/MM 46/03 - Que Suenen los Tambores - Salsa.mp3');
insert into format ("filename","nb_streams","nb_programs","format_name","format_long_name","start_time","duration","size","bit_rate","probe_score","filepath") values ('/media/pi/ZUKE/MUSIC/MMs/MM 46/03 - Que Suenen los Tambores - Salsa.mp3','1','0','mp3','MP2/3 (MPEG audio layer 2/3)','0','255.007347','5193856','162939','51','/media/pi/ZUKE/MUSIC/MMs/MM 46/03 - Que Suenen los Tambores - Salsa.mp3');
insert into disposition ("default","dub","original","comment","lyrics","karaoke","forced","hearing_impaired","visual_impaired","clean_effects","attached_pic","timed_thumbnails","filepath") values ('0','0','0','0','0','0','0','0','0','0','0','0','/media/pi/ZUKE/MUSIC/MMs/MM 46/03 - Que Suenen los Tambores - Salsa.mp3');
insert into tags ("album","composer","genre","title","artist","disc","track","filepath") values ('Mega Mix 46','Zumba Fitness','Salsa','Que Suenen los Tambores','Zumba Fitness','1/1','03/10','/media/pi/ZUKE/MUSIC/MMs/MM 46/03 - Que Suenen los Tambores - Salsa.mp3');
insert into mp3s ("filepath") values ('/media/pi/ZUKE/MUSIC/MMs/MM 46/03 - Que Suenen los Tambores - Salsa.mp3');
insert into streams ("index","codec_name","codec_long_name","codec_type","codec_time_base","codec_tag_string","codec_tag","sample_fmt","sample_rate","channels","channel_layout","bits_per_sample","r_frame_rate","avg_frame_rate","time_base","start_pts","start_time","duration_ts","duration","bit_rate","filepath") values ('0','mp3','MP3 (MPEG audio layer 3)','audio','1/44100','[0][0][0][0]','0x0000','fltp','44100','2','stereo','0','0/0','0/0','1/14112000','0','0','3319971840','235.258776','163951','/media/pi/ZUKE/MUSIC/MMs/MM 46/04 - Caramelo - Reggaeton.mp3');
insert into format ("filename","nb_streams","nb_programs","format_name","format_long_name","start_time","duration","size","bit_rate","probe_score","filepath") values ('/media/pi/ZUKE/MUSIC/MMs/MM 46/04 - Caramelo - Reggaeton.mp3','1','0','mp3','MP2/3 (MPEG audio layer 2/3)','0','235.258776','4823168','164012','51','/media/pi/ZUKE/MUSIC/MMs/MM 46/04 - Caramelo - Reggaeton.mp3');
insert into disposition ("default","dub","original","comment","lyrics","karaoke","forced","hearing_impaired","visual_impaired","clean_effects","attached_pic","timed_thumbnails","filepath") values ('0','0','0','0','0','0','0','0','0','0','0','0','/media/pi/ZUKE/MUSIC/MMs/MM 46/04 - Caramelo - Reggaeton.mp3');
insert into tags ("album","composer","genre","title","artist","disc","track","filepath") values ('Mega Mix 46','Zumba Fitness','Reggaeton','Caramelo','Zumba Fitness','1/1','04/10','/media/pi/ZUKE/MUSIC/MMs/MM 46/04 - Caramelo - Reggaeton.mp3');
insert into mp3s ("filepath") values ('/media/pi/ZUKE/MUSIC/MMs/MM 46/04 - Caramelo - Reggaeton.mp3');
insert into streams ("index","codec_name","codec_long_name","codec_type","codec_time_base","codec_tag_string","codec_tag","sample_fmt","sample_rate","channels","channel_layout","bits_per_sample","r_frame_rate","avg_frame_rate","time_base","start_pts","start_time","duration_ts","duration","bit_rate","filepath") values ('0','mp3','MP3 (MPEG audio layer 3)','audio','1/44100','[0][0][0][0]','0x0000','fltp','44100','2','stereo','0','0/0','0/0','1/14112000','0','0','2839265280','201.195102','160420','/media/pi/ZUKE/MUSIC/MMs/MM 46/05 - T.I.N.A. - Caribbean.mp3');
insert into format ("filename","nb_streams","nb_programs","format_name","format_long_name","start_time","duration","size","bit_rate","probe_score","filepath") values ('/media/pi/ZUKE/MUSIC/MMs/MM 46/05 - T.I.N.A. - Caribbean.mp3','1','0','mp3','MP2/3 (MPEG audio layer 2/3)','0','201.195102','4036736','160510','51','/media/pi/ZUKE/MUSIC/MMs/MM 46/05 - T.I.N.A. - Caribbean.mp3');
insert into disposition ("default","dub","original","comment","lyrics","karaoke","forced","hearing_impaired","visual_impaired","clean_effects","attached_pic","timed_thumbnails","filepath") values ('0','0','0','0','0','0','0','0','0','0','0','0','/media/pi/ZUKE/MUSIC/MMs/MM 46/05 - T.I.N.A. - Caribbean.mp3');
insert into tags ("album","composer","genre","title","artist","disc","track","filepath") values ('Mega Mix 46','Zumba Fitness','Caribbean','T.I.N.A.','Zumba Fitness','1/1','05/10','/media/pi/ZUKE/MUSIC/MMs/MM 46/05 - T.I.N.A. - Caribbean.mp3');
insert into mp3s ("filepath") values ('/media/pi/ZUKE/MUSIC/MMs/MM 46/05 - T.I.N.A. - Caribbean.mp3');
insert into streams ("index","codec_name","codec_long_name","codec_type","codec_time_base","codec_tag_string","codec_tag","sample_fmt","sample_rate","channels","channel_layout","bits_per_sample","r_frame_rate","avg_frame_rate","time_base","start_pts","start_time","duration_ts","duration","bit_rate","filepath") values ('0','mp3','MP3 (MPEG audio layer 3)','audio','1/44100','[0][0][0][0]','0x0000','fltp','44100','2','stereo','0','0/0','0/0','1/14112000','0','0','2666373120','188.943673','169615','/media/pi/ZUKE/MUSIC/MMs/MM 46/06 - Camel''s Rhythm - Bellydance.mp3');
insert into format ("filename","nb_streams","nb_programs","format_name","format_long_name","start_time","duration","size","bit_rate","probe_score","filepath") values ('/media/pi/ZUKE/MUSIC/MMs/MM 46/06 - Camel''s Rhythm - Bellydance.mp3','1','0','mp3','MP2/3 (MPEG audio layer 2/3)','0','188.943673','4008064','169704','51','/media/pi/ZUKE/MUSIC/MMs/MM 46/06 - Camel''s Rhythm - Bellydance.mp3');
insert into disposition ("default","dub","original","comment","lyrics","karaoke","forced","hearing_impaired","visual_impaired","clean_effects","attached_pic","timed_thumbnails","filepath") values ('0','0','0','0','0','0','0','0','0','0','0','0','/media/pi/ZUKE/MUSIC/MMs/MM 46/06 - Camel''s Rhythm - Bellydance.mp3');
insert into tags ("album","composer","genre","title","artist","disc","track","filepath") values ('Mega Mix 46','Zumba Fitness','Bellydance','Camel''s Rhythm','Zumba Fitness','1/1','06/10','/media/pi/ZUKE/MUSIC/MMs/MM 46/06 - Camel''s Rhythm - Bellydance.mp3');
insert into mp3s ("filepath") values ('/media/pi/ZUKE/MUSIC/MMs/MM 46/06 - Camel''s Rhythm - Bellydance.mp3');
insert into streams ("index","codec_name","codec_long_name","codec_type","codec_time_base","codec_tag_string","codec_tag","sample_fmt","sample_rate","channels","channel_layout","bits_per_sample","r_frame_rate","avg_frame_rate","time_base","start_pts","start_time","duration_ts","duration","bit_rate","filepath") values ('0','mp3','MP3 (MPEG audio layer 3)','audio','1/44100','[0][0][0][0]','0x0000','fltp','44100','2','stereo','0','0/0','0/0','1/14112000','0','0','3428352000','242.938776','160510','/media/pi/ZUKE/MUSIC/MMs/MM 46/07 - Toca o Tambor - Axe.mp3');
insert into format ("filename","nb_streams","nb_programs","format_name","format_long_name","start_time","duration","size","bit_rate","probe_score","filepath") values ('/media/pi/ZUKE/MUSIC/MMs/MM 46/07 - Toca o Tambor - Axe.mp3','1','0','mp3','MP2/3 (MPEG audio layer 2/3)','0','242.938776','4876416','160580','51','/media/pi/ZUKE/MUSIC/MMs/MM 46/07 - Toca o Tambor - Axe.mp3');
insert into disposition ("default","dub","original","comment","lyrics","karaoke","forced","hearing_impaired","visual_impaired","clean_effects","attached_pic","timed_thumbnails","filepath") values ('0','0','0','0','0','0','0','0','0','0','0','0','/media/pi/ZUKE/MUSIC/MMs/MM 46/07 - Toca o Tambor - Axe.mp3');
insert into tags ("album","composer","genre","title","artist","disc","track","filepath") values ('Mega Mix 46','Zumba Fitness','Axe','Toca o Tambor','Zumba Fitness','1/1','07/10','/media/pi/ZUKE/MUSIC/MMs/MM 46/07 - Toca o Tambor - Axe.mp3');
insert into mp3s ("filepath") values ('/media/pi/ZUKE/MUSIC/MMs/MM 46/07 - Toca o Tambor - Axe.mp3');
insert into streams ("index","codec_name","codec_long_name","codec_type","codec_time_base","codec_tag_string","codec_tag","sample_fmt","sample_rate","channels","channel_layout","bits_per_sample","r_frame_rate","avg_frame_rate","time_base","start_pts","start_time","duration_ts","duration","bit_rate","filepath") values ('0','mp3','MP3 (MPEG audio layer 3)','audio','1/44100','[0][0][0][0]','0x0000','fltp','44100','2','stereo','0','0/0','0/0','1/14112000','0','0','2977505280','210.991020','163827','/media/pi/ZUKE/MUSIC/MMs/MM 46/08 - Muevelo - Dance.mp3');
insert into format ("filename","nb_streams","nb_programs","format_name","format_long_name","start_time","duration","size","bit_rate","probe_score","filepath") values ('/media/pi/ZUKE/MUSIC/MMs/MM 46/08 - Muevelo - Dance.mp3','1','0','mp3','MP2/3 (MPEG audio layer 2/3)','0','210.991020','4321408','163851','51','/media/pi/ZUKE/MUSIC/MMs/MM 46/08 - Muevelo - Dance.mp3');
insert into disposition ("default","dub","original","comment","lyrics","karaoke","forced","hearing_impaired","visual_impaired","clean_effects","attached_pic","timed_thumbnails","filepath") values ('0','0','0','0','0','0','0','0','0','0','0','0','/media/pi/ZUKE/MUSIC/MMs/MM 46/08 - Muevelo - Dance.mp3');
insert into tags ("album","composer","genre","title","artist","disc","track","filepath") values ('Mega Mix 46','Zumba Fitness','Dance','Muevelo','Zumba Fitness','1/1','08/10','/media/pi/ZUKE/MUSIC/MMs/MM 46/08 - Muevelo - Dance.mp3');
insert into mp3s ("filepath") values ('/media/pi/ZUKE/MUSIC/MMs/MM 46/08 - Muevelo - Dance.mp3');
insert into streams ("index","codec_name","codec_long_name","codec_type","codec_time_base","codec_tag_string","codec_tag","sample_fmt","sample_rate","channels","channel_layout","bits_per_sample","r_frame_rate","avg_frame_rate","time_base","start_pts","start_time","duration_ts","duration","bit_rate","filepath") values ('0','mp3','MP3 (MPEG audio layer 3)','audio','1/44100','[0][0][0][0]','0x0000','fltp','44100','2','stereo','0','0/0','0/0','1/14112000','0','0','2889400320','204.747755','157319','/media/pi/ZUKE/MUSIC/MMs/MM 46/09 - Good Morning - French Reggaeton.mp3');
insert into format ("filename","nb_streams","nb_programs","format_name","format_long_name","start_time","duration","size","bit_rate","probe_score","filepath") values ('/media/pi/ZUKE/MUSIC/MMs/MM 46/09 - Good Morning - French Reggaeton.mp3','1','0','mp3','MP2/3 (MPEG audio layer 2/3)','0','204.747755','4028544','157405','51','/media/pi/ZUKE/MUSIC/MMs/MM 46/09 - Good Morning - French Reggaeton.mp3');
insert into disposition ("default","dub","original","comment","lyrics","karaoke","forced","hearing_impaired","visual_impaired","clean_effects","attached_pic","timed_thumbnails","filepath") values ('0','0','0','0','0','0','0','0','0','0','0','0','/media/pi/ZUKE/MUSIC/MMs/MM 46/09 - Good Morning - French Reggaeton.mp3');
insert into tags ("album","composer","genre","title","artist","disc","track","filepath") values ('Mega Mix 46','Zumba Fitness','French Reggaeton','Good Morning','Zumba Fitness','1/1','09/10','/media/pi/ZUKE/MUSIC/MMs/MM 46/09 - Good Morning - French Reggaeton.mp3');
insert into mp3s ("filepath") values ('/media/pi/ZUKE/MUSIC/MMs/MM 46/09 - Good Morning - French Reggaeton.mp3');
insert into streams ("index","codec_name","codec_long_name","codec_type","codec_time_base","codec_tag_string","codec_tag","sample_fmt","sample_rate","channels","channel_layout","bits_per_sample","r_frame_rate","avg_frame_rate","time_base","start_pts","start_time","duration_ts","duration","bit_rate","filepath") values ('0','mp3','MP3 (MPEG audio layer 3)','audio','1/44100','[0][0][0][0]','0x0000','fltp','44100','2','stereo','0','0/0','0/0','1/14112000','0','0','2646097920','187.506939','152831','/media/pi/ZUKE/MUSIC/MMs/MM 46/10 - Baila Mim Soca - Soca.mp3');
insert into format ("filename","nb_streams","nb_programs","format_name","format_long_name","start_time","duration","size","bit_rate","probe_score","filepath") values ('/media/pi/ZUKE/MUSIC/MMs/MM 46/10 - Baila Mim Soca - Soca.mp3','1','0','mp3','MP2/3 (MPEG audio layer 2/3)','0','187.506939','3584128','152917','51','/media/pi/ZUKE/MUSIC/MMs/MM 46/10 - Baila Mim Soca - Soca.mp3');
insert into disposition ("default","dub","original","comment","lyrics","karaoke","forced","hearing_impaired","visual_impaired","clean_effects","attached_pic","timed_thumbnails","filepath") values ('0','0','0','0','0','0','0','0','0','0','0','0','/media/pi/ZUKE/MUSIC/MMs/MM 46/10 - Baila Mim Soca - Soca.mp3');
insert into tags ("album","composer","genre","title","artist","disc","track","filepath") values ('Mega Mix 46','Zumba Fitness','Soca','Baila Mim Soca','Zumba Fitness','1/1','10/10','/media/pi/ZUKE/MUSIC/MMs/MM 46/10 - Baila Mim Soca - Soca.mp3');
insert into mp3s ("filepath") values ('/media/pi/ZUKE/MUSIC/MMs/MM 46/10 - Baila Mim Soca - Soca.mp3');
insert into streams ("index","codec_name","codec_long_name","codec_type","codec_time_base","codec_tag_string","codec_tag","sample_fmt","sample_rate","channels","channel_layout","bits_per_sample","r_frame_rate","avg_frame_rate","time_base","start_pts","start_time","duration_ts","duration","bit_rate","filepath") values ('0','mp3','MP3 (MPEG audio layer 3)','audio','1/44100','[0][0][0][0]','0x0000','fltp','44100','2','stereo','0','0/0','0/0','1/14112000','0','0','3465584640','245.577143','155642','/media/pi/ZUKE/MUSIC/MMs/MM 47/01 - Life is Cool - Warm-up - Dance.mp3');
insert into format ("filename","nb_streams","nb_programs","format_name","format_long_name","start_time","duration","size","bit_rate","probe_score","filepath") values ('/media/pi/ZUKE/MUSIC/MMs/MM 47/01 - Life is Cool - Warm-up - Dance.mp3','1','0','mp3','MP2/3 (MPEG audio layer 2/3)','0','245.577143','4778112','155653','51','/media/pi/ZUKE/MUSIC/MMs/MM 47/01 - Life is Cool - Warm-up - Dance.mp3');
insert into disposition ("default","dub","original","comment","lyrics","karaoke","forced","hearing_impaired","visual_impaired","clean_effects","attached_pic","timed_thumbnails","filepath") values ('0','0','0','0','0','0','0','0','0','0','0','0','/media/pi/ZUKE/MUSIC/MMs/MM 47/01 - Life is Cool - Warm-up - Dance.mp3');
insert into tags ("album","composer","genre","title","artist","disc","track","filepath") values ('Mega Mix 47','Zumba Fitness','Warm-up','Life is Cool','Zumba Fitness','1/1','01/10','/media/pi/ZUKE/MUSIC/MMs/MM 47/01 - Life is Cool - Warm-up - Dance.mp3');
insert into mp3s ("filepath") values ('/media/pi/ZUKE/MUSIC/MMs/MM 47/01 - Life is Cool - Warm-up - Dance.mp3');
insert into streams ("index","codec_name","codec_long_name","codec_type","codec_time_base","codec_tag_string","codec_tag","sample_fmt","sample_rate","channels","channel_layout","bits_per_sample","r_frame_rate","avg_frame_rate","time_base","start_pts","start_time","duration_ts","duration","bit_rate","filepath") values ('0','mp3','MP3 (MPEG audio layer 3)','audio','1/44100','[0][0][0][0]','0x0000','fltp','44100','2','stereo','0','0/0','0/0','1/14112000','0','0','2561310720','181.498776','156547','/media/pi/ZUKE/MUSIC/MMs/MM 47/02 - Shenai (Radio Edit) - Electronic.mp3');
insert into format ("filename","nb_streams","nb_programs","format_name","format_long_name","start_time","duration","size","bit_rate","probe_score","filepath") values ('/media/pi/ZUKE/MUSIC/MMs/MM 47/02 - Shenai (Radio Edit) - Electronic.mp3','1','0','mp3','MP2/3 (MPEG audio layer 2/3)','0','181.498776','3553408','156625','51','/media/pi/ZUKE/MUSIC/MMs/MM 47/02 - Shenai (Radio Edit) - Electronic.mp3');
insert into disposition ("default","dub","original","comment","lyrics","karaoke","forced","hearing_impaired","visual_impaired","clean_effects","attached_pic","timed_thumbnails","filepath") values ('0','0','0','0','0','0','0','0','0','0','0','0','/media/pi/ZUKE/MUSIC/MMs/MM 47/02 - Shenai (Radio Edit) - Electronic.mp3');
insert into tags ("album","composer","genre","title","artist","disc","track","filepath") values ('Mega Mix 47','Zumba Fitness','Electronic','Shenai (Radio Edit)','Zumba Fitness','1/1','02/10','/media/pi/ZUKE/MUSIC/MMs/MM 47/02 - Shenai (Radio Edit) - Electronic.mp3');
insert into mp3s ("filepath") values ('/media/pi/ZUKE/MUSIC/MMs/MM 47/02 - Shenai (Radio Edit) - Electronic.mp3');
insert into streams ("index","codec_name","codec_long_name","codec_type","codec_time_base","codec_tag_string","codec_tag","sample_fmt","sample_rate","channels","channel_layout","bits_per_sample","r_frame_rate","avg_frame_rate","time_base","start_pts","start_time","duration_ts","duration","bit_rate","filepath") values ('0','mp3','MP3 (MPEG audio layer 3)','audio','1/44100','[0][0][0][0]','0x0000','fltp','44100','2','stereo','0','0/0','0/0','1/14112000','0','0','3385221120','239.882449','169539','/media/pi/ZUKE/MUSIC/MMs/MM 47/03 - Agua Bendita - Salsa.mp3');
insert into format ("filename","nb_streams","nb_programs","format_name","format_long_name","start_time","duration","size","bit_rate","probe_score","filepath") values ('/media/pi/ZUKE/MUSIC/MMs/MM 47/03 - Agua Bendita - Salsa.mp3','1','0','mp3','MP2/3 (MPEG audio layer 2/3)','0','239.882449','5085312','169593','51','/media/pi/ZUKE/MUSIC/MMs/MM 47/03 - Agua Bendita - Salsa.mp3');
insert into disposition ("default","dub","original","comment","lyrics","karaoke","forced","hearing_impaired","visual_impaired","clean_effects","attached_pic","timed_thumbnails","filepath") values ('0','0','0','0','0','0','0','0','0','0','0','0','/media/pi/ZUKE/MUSIC/MMs/MM 47/03 - Agua Bendita - Salsa.mp3');
insert into tags ("album","composer","genre","title","artist","disc","track","filepath") values ('Mega Mix 47','Zumba Fitness','Salsa','Agua Bendita','Zumba Fitness','1/1','03/10','/media/pi/ZUKE/MUSIC/MMs/MM 47/03 - Agua Bendita - Salsa.mp3');
insert into mp3s ("filepath") values ('/media/pi/ZUKE/MUSIC/MMs/MM 47/03 - Agua Bendita - Salsa.mp3');
insert into streams ("index","codec_name","codec_long_name","codec_type","codec_time_base","codec_tag_string","codec_tag","sample_fmt","sample_rate","channels","channel_layout","bits_per_sample","r_frame_rate","avg_frame_rate","time_base","start_pts","start_time","duration_ts","duration","bit_rate","filepath") values ('0','mp3','MP3 (MPEG audio layer 3)','audio','1/44100','[0][0][0][0]','0x0000','fltp','44100','2','stereo','0','0/0','0/0','1/14112000','0','0','3006996480','213.080816','153880','/media/pi/ZUKE/MUSIC/MMs/MM 47/04 - Jaque Mate - Merengue Urbano.mp3');
insert into format ("filename","nb_streams","nb_programs","format_name","format_long_name","start_time","duration","size","bit_rate","probe_score","filepath") values ('/media/pi/ZUKE/MUSIC/MMs/MM 47/04 - Jaque Mate - Merengue Urbano.mp3','1','0','mp3','MP2/3 (MPEG audio layer 2/3)','0','213.080816','4100224','153940','51','/media/pi/ZUKE/MUSIC/MMs/MM 47/04 - Jaque Mate - Merengue Urbano.mp3');
insert into disposition ("default","dub","original","comment","lyrics","karaoke","forced","hearing_impaired","visual_impaired","clean_effects","attached_pic","timed_thumbnails","filepath") values ('0','0','0','0','0','0','0','0','0','0','0','0','/media/pi/ZUKE/MUSIC/MMs/MM 47/04 - Jaque Mate - Merengue Urbano.mp3');
insert into tags ("album","composer","genre","title","artist","disc","track","filepath") values ('Mega Mix 47','Zumba Fitness','Merengue Urbano','Jaque Mate','Zumba Fitness','1/1','04/10','/media/pi/ZUKE/MUSIC/MMs/MM 47/04 - Jaque Mate - Merengue Urbano.mp3');
insert into mp3s ("filepath") values ('/media/pi/ZUKE/MUSIC/MMs/MM 47/04 - Jaque Mate - Merengue Urbano.mp3');
insert into streams ("index","codec_name","codec_long_name","codec_type","codec_time_base","codec_tag_string","codec_tag","sample_fmt","sample_rate","channels","channel_layout","bits_per_sample","r_frame_rate","avg_frame_rate","time_base","start_pts","start_time","duration_ts","duration","bit_rate","filepath") values ('0','mp3','MP3 (MPEG audio layer 3)','audio','1/44100','[0][0][0][0]','0x0000','fltp','44100','2','stereo','0','0/0','0/0','1/14112000','0','0','3095838720','219.376327','156185','/media/pi/ZUKE/MUSIC/MMs/MM 47/05 - Pierdo la Cabeza - Reggaeton.mp3');
insert into format ("filename","nb_streams","nb_programs","format_name","format_long_name","start_time","duration","size","bit_rate","probe_score","filepath") values ('/media/pi/ZUKE/MUSIC/MMs/MM 47/05 - Pierdo la Cabeza - Reggaeton.mp3','1','0','mp3','MP2/3 (MPEG audio layer 2/3)','0','219.376327','4284544','156244','51','/media/pi/ZUKE/MUSIC/MMs/MM 47/05 - Pierdo la Cabeza - Reggaeton.mp3');
insert into disposition ("default","dub","original","comment","lyrics","karaoke","forced","hearing_impaired","visual_impaired","clean_effects","attached_pic","timed_thumbnails","filepath") values ('0','0','0','0','0','0','0','0','0','0','0','0','/media/pi/ZUKE/MUSIC/MMs/MM 47/05 - Pierdo la Cabeza - Reggaeton.mp3');
insert into tags ("album","composer","genre","title","artist","disc","track","filepath") values ('Mega Mix 47','Zumba Fitness','Reggaeton','Pierdo la Cabeza','Zumba Fitness','1/1','05/10','/media/pi/ZUKE/MUSIC/MMs/MM 47/05 - Pierdo la Cabeza - Reggaeton.mp3');
insert into mp3s ("filepath") values ('/media/pi/ZUKE/MUSIC/MMs/MM 47/05 - Pierdo la Cabeza - Reggaeton.mp3');
insert into streams ("index","codec_name","codec_long_name","codec_type","codec_time_base","codec_tag_string","codec_tag","sample_fmt","sample_rate","channels","channel_layout","bits_per_sample","r_frame_rate","avg_frame_rate","time_base","start_pts","start_time","duration_ts","duration","bit_rate","filepath") values ('0','mp3','MP3 (MPEG audio layer 3)','audio','1/44100','[0][0][0][0]','0x0000','fltp','44100','2','stereo','0','0/0','0/0','1/14112000','0','0','2448138240','173.479184','158211','/media/pi/ZUKE/MUSIC/MMs/MM 47/06 - Bailan Rochas y Chetas - Cumba.mp3');
insert into format ("filename","nb_streams","nb_programs","format_name","format_long_name","start_time","duration","size","bit_rate","probe_score","filepath") values ('/media/pi/ZUKE/MUSIC/MMs/MM 47/06 - Bailan Rochas y Chetas - Cumba.mp3','1','0','mp3','MP2/3 (MPEG audio layer 2/3)','0','173.479184','3432576','158293','51','/media/pi/ZUKE/MUSIC/MMs/MM 47/06 - Bailan Rochas y Chetas - Cumba.mp3');
insert into disposition ("default","dub","original","comment","lyrics","karaoke","forced","hearing_impaired","visual_impaired","clean_effects","attached_pic","timed_thumbnails","filepath") values ('0','0','0','0','0','0','0','0','0','0','0','0','/media/pi/ZUKE/MUSIC/MMs/MM 47/06 - Bailan Rochas y Chetas - Cumba.mp3');
insert into tags ("album","composer","genre","title","artist","disc","track","filepath") values ('Mega Mix 47','Zumba Fitness','Cumba','Bailan Rochas y Chetas','Zumba Fitness','1/1','06/10','/media/pi/ZUKE/MUSIC/MMs/MM 47/06 - Bailan Rochas y Chetas - Cumba.mp3');
insert into mp3s ("filepath") values ('/media/pi/ZUKE/MUSIC/MMs/MM 47/06 - Bailan Rochas y Chetas - Cumba.mp3');
insert into streams ("index","codec_name","codec_long_name","codec_type","codec_time_base","codec_tag_string","codec_tag","sample_fmt","sample_rate","channels","channel_layout","bits_per_sample","r_frame_rate","avg_frame_rate","time_base","start_pts","start_time","duration_ts","duration","bit_rate","filepath") values ('0','mp3','MP3 (MPEG audio layer 3)','audio','1/44100','[0][0][0][0]','0x0000','fltp','44100','2','stereo','0','0/0','0/0','1/14112000','0','0','3209748480','227.448163','156857','/media/pi/ZUKE/MUSIC/MMs/MM 47/07 - Ti Lezanj - Caribbean Dance.mp3');
insert into format ("filename","nb_streams","nb_programs","format_name","format_long_name","start_time","duration","size","bit_rate","probe_score","filepath") values ('/media/pi/ZUKE/MUSIC/MMs/MM 47/07 - Ti Lezanj - Caribbean Dance.mp3','1','0','mp3','MP2/3 (MPEG audio layer 2/3)','0','227.448163','4460672','156894','51','/media/pi/ZUKE/MUSIC/MMs/MM 47/07 - Ti Lezanj - Caribbean Dance.mp3');
insert into disposition ("default","dub","original","comment","lyrics","karaoke","forced","hearing_impaired","visual_impaired","clean_effects","attached_pic","timed_thumbnails","filepath") values ('0','0','0','0','0','0','0','0','0','0','0','0','/media/pi/ZUKE/MUSIC/MMs/MM 47/07 - Ti Lezanj - Caribbean Dance.mp3');
insert into tags ("album","composer","genre","title","artist","disc","track","filepath") values ('Mega Mix 47','Zumba Fitness','Caribbean','Ti Lezanj','Zumba Fitness','1/1','07/10','/media/pi/ZUKE/MUSIC/MMs/MM 47/07 - Ti Lezanj - Caribbean Dance.mp3');
insert into mp3s ("filepath") values ('/media/pi/ZUKE/MUSIC/MMs/MM 47/07 - Ti Lezanj - Caribbean Dance.mp3');
insert into streams ("index","codec_name","codec_long_name","codec_type","codec_time_base","codec_tag_string","codec_tag","sample_fmt","sample_rate","channels","channel_layout","bits_per_sample","r_frame_rate","avg_frame_rate","time_base","start_pts","start_time","duration_ts","duration","bit_rate","filepath") values ('0','mp3','MP3 (MPEG audio layer 3)','audio','1/44100','[0][0][0][0]','0x0000','fltp','44100','2','stereo','0','0/0','0/0','1/14112000','0','0','2405376000','170.448980','158445','/media/pi/ZUKE/MUSIC/MMs/MM 47/08 - Labdiyan - Punjabi.mp3');
insert into format ("filename","nb_streams","nb_programs","format_name","format_long_name","start_time","duration","size","bit_rate","probe_score","filepath") values ('/media/pi/ZUKE/MUSIC/MMs/MM 47/08 - Labdiyan - Punjabi.mp3','1','0','mp3','MP2/3 (MPEG audio layer 2/3)','0','170.448980','3377280','158512','51','/media/pi/ZUKE/MUSIC/MMs/MM 47/08 - Labdiyan - Punjabi.mp3');
insert into disposition ("default","dub","original","comment","lyrics","karaoke","forced","hearing_impaired","visual_impaired","clean_effects","attached_pic","timed_thumbnails","filepath") values ('0','0','0','0','0','0','0','0','0','0','0','0','/media/pi/ZUKE/MUSIC/MMs/MM 47/08 - Labdiyan - Punjabi.mp3');
insert into tags ("album","composer","genre","title","artist","disc","track","filepath") values ('Mega Mix 47','Zumba Fitness','Punjabi','Labdiyan','Zumba Fitness','1/1','08/10','/media/pi/ZUKE/MUSIC/MMs/MM 47/08 - Labdiyan - Punjabi.mp3');
insert into mp3s ("filepath") values ('/media/pi/ZUKE/MUSIC/MMs/MM 47/08 - Labdiyan - Punjabi.mp3');
insert into streams ("index","codec_name","codec_long_name","codec_type","codec_time_base","codec_tag_string","codec_tag","sample_fmt","sample_rate","channels","channel_layout","bits_per_sample","r_frame_rate","avg_frame_rate","time_base","start_pts","start_time","duration_ts","duration","bit_rate","filepath") values ('0','mp3','MP3 (MPEG audio layer 3)','audio','1/44100','[0][0][0][0]','0x0000','fltp','44100','2','stereo','0','0/0','0/0','1/14112000','0','0','3434987520','243.408980','157384','/media/pi/ZUKE/MUSIC/MMs/MM 47/09 - Shake Your Body - Merengue Electronico.mp3');
insert into format ("filename","nb_streams","nb_programs","format_name","format_long_name","start_time","duration","size","bit_rate","probe_score","filepath") values ('/media/pi/ZUKE/MUSIC/MMs/MM 47/09 - Shake Your Body - Merengue Electronico.mp3','1','0','mp3','MP2/3 (MPEG audio layer 2/3)','0','243.408980','4790400','157443','51','/media/pi/ZUKE/MUSIC/MMs/MM 47/09 - Shake Your Body - Merengue Electronico.mp3');
insert into disposition ("default","dub","original","comment","lyrics","karaoke","forced","hearing_impaired","visual_impaired","clean_effects","attached_pic","timed_thumbnails","filepath") values ('0','0','0','0','0','0','0','0','0','0','0','0','/media/pi/ZUKE/MUSIC/MMs/MM 47/09 - Shake Your Body - Merengue Electronico.mp3');
insert into tags ("album","composer","genre","title","artist","disc","track","filepath") values ('Mega Mix 47','Zumba Fitness','Merengue Electronico','Shake Your Body','Zumba Fitness','1/1','09/10','/media/pi/ZUKE/MUSIC/MMs/MM 47/09 - Shake Your Body - Merengue Electronico.mp3');
insert into mp3s ("filepath") values ('/media/pi/ZUKE/MUSIC/MMs/MM 47/09 - Shake Your Body - Merengue Electronico.mp3');
insert into streams ("index","codec_name","codec_long_name","codec_type","codec_time_base","codec_tag_string","codec_tag","sample_fmt","sample_rate","channels","channel_layout","bits_per_sample","r_frame_rate","avg_frame_rate","time_base","start_pts","start_time","duration_ts","duration","bit_rate","filepath") values ('0','mp3','MP3 (MPEG audio layer 3)','audio','1/44100','[0][0][0][0]','0x0000','fltp','44100','2','stereo','0','0/0','0/0','1/14112000','0','0','2852904960','202.161633','158217','/media/pi/ZUKE/MUSIC/MMs/MM 47/10 - Bailando Mi Amor - Cooldown.mp3');
insert into format ("filename","nb_streams","nb_programs","format_name","format_long_name","start_time","duration","size","bit_rate","probe_score","filepath") values ('/media/pi/ZUKE/MUSIC/MMs/MM 47/10 - Bailando Mi Amor - Cooldown.mp3','1','0','mp3','MP2/3 (MPEG audio layer 2/3)','0','202.161633','3999872','158284','51','/media/pi/ZUKE/MUSIC/MMs/MM 47/10 - Bailando Mi Amor - Cooldown.mp3');
insert into disposition ("default","dub","original","comment","lyrics","karaoke","forced","hearing_impaired","visual_impaired","clean_effects","attached_pic","timed_thumbnails","filepath") values ('0','0','0','0','0','0','0','0','0','0','0','0','/media/pi/ZUKE/MUSIC/MMs/MM 47/10 - Bailando Mi Amor - Cooldown.mp3');
insert into tags ("album","composer","genre","title","artist","disc","track","filepath") values ('Mega Mix 47','Zumba Fitness','Cooldown','Bailando Mi Amor','Zumba Fitness','1/1','10/10','/media/pi/ZUKE/MUSIC/MMs/MM 47/10 - Bailando Mi Amor - Cooldown.mp3');
insert into mp3s ("filepath") values ('/media/pi/ZUKE/MUSIC/MMs/MM 47/10 - Bailando Mi Amor - Cooldown.mp3');
insert into streams ("index","codec_name","codec_long_name","codec_type","codec_time_base","codec_tag_string","codec_tag","sample_fmt","sample_rate","channels","channel_layout","bits_per_sample","r_frame_rate","avg_frame_rate","time_base","start_pts","start_time","duration_ts","duration","bit_rate","filepath") values ('0','mp3','MP3 (MPEG audio layer 3)','audio','1/44100','[0][0][0][0]','0x0000','fltp','44100','2','stereo','0','0/0','0/0','1/14112000','0','0','4229038080','299.676735','146734','/media/pi/ZUKE/MUSIC/MMs/MM 48/01 - Canned Heat - Warm-up - Disco Rock.mp3');
insert into format ("filename","nb_streams","nb_programs","format_name","format_long_name","start_time","duration","size","bit_rate","probe_score","filepath") values ('/media/pi/ZUKE/MUSIC/MMs/MM 48/01 - Canned Heat - Warm-up - Disco Rock.mp3','1','0','mp3','MP2/3 (MPEG audio layer 2/3)','0','299.676735','5496960','146743','51','/media/pi/ZUKE/MUSIC/MMs/MM 48/01 - Canned Heat - Warm-up - Disco Rock.mp3');
insert into disposition ("default","dub","original","comment","lyrics","karaoke","forced","hearing_impaired","visual_impaired","clean_effects","attached_pic","timed_thumbnails","filepath") values ('0','0','0','0','0','0','0','0','0','0','0','0','/media/pi/ZUKE/MUSIC/MMs/MM 48/01 - Canned Heat - Warm-up - Disco Rock.mp3');
insert into tags ("album","composer","genre","title","artist","disc","track","filepath") values ('Mega Mix 48','Zumba Fitness','Warm-up,Disco Rock','Canned Heat','Zumba Fitness','1/1','01/10','/media/pi/ZUKE/MUSIC/MMs/MM 48/01 - Canned Heat - Warm-up - Disco Rock.mp3');
insert into mp3s ("filepath") values ('/media/pi/ZUKE/MUSIC/MMs/MM 48/01 - Canned Heat - Warm-up - Disco Rock.mp3');
insert into streams ("index","codec_name","codec_long_name","codec_type","codec_time_base","codec_tag_string","codec_tag","sample_fmt","sample_rate","channels","channel_layout","bits_per_sample","r_frame_rate","avg_frame_rate","time_base","start_pts","start_time","duration_ts","duration","bit_rate","filepath") values ('0','mp3','MP3 (MPEG audio layer 3)','audio','1/44100','[0][0][0][0]','0x0000','fltp','44100','2','stereo','0','0/0','0/0','1/14112000','0','0','2347130880','166.321633','156027','/media/pi/ZUKE/MUSIC/MMs/MM 48/02 - Party (Radio Edit) - Electronic.mp3');
insert into format ("filename","nb_streams","nb_programs","format_name","format_long_name","start_time","duration","size","bit_rate","probe_score","filepath") values ('/media/pi/ZUKE/MUSIC/MMs/MM 48/02 - Party (Radio Edit) - Electronic.mp3','1','0','mp3','MP2/3 (MPEG audio layer 2/3)','0','166.321633','3244160','156042','51','/media/pi/ZUKE/MUSIC/MMs/MM 48/02 - Party (Radio Edit) - Electronic.mp3');
insert into disposition ("default","dub","original","comment","lyrics","karaoke","forced","hearing_impaired","visual_impaired","clean_effects","attached_pic","timed_thumbnails","filepath") values ('0','0','0','0','0','0','0','0','0','0','0','0','/media/pi/ZUKE/MUSIC/MMs/MM 48/02 - Party (Radio Edit) - Electronic.mp3');
insert into tags ("album","composer","genre","title","artist","disc","track","filepath") values ('Mega Mix 48','Zumba Fitness','Electronic','Party (Radio Edit)','Zumba Fitness','1/1','02/10','/media/pi/ZUKE/MUSIC/MMs/MM 48/02 - Party (Radio Edit) - Electronic.mp3');
insert into mp3s ("filepath") values ('/media/pi/ZUKE/MUSIC/MMs/MM 48/02 - Party (Radio Edit) - Electronic.mp3');
insert into streams ("index","codec_name","codec_long_name","codec_type","codec_time_base","codec_tag_string","codec_tag","sample_fmt","sample_rate","channels","channel_layout","bits_per_sample","r_frame_rate","avg_frame_rate","time_base","start_pts","start_time","duration_ts","duration","bit_rate","filepath") values ('0','mp3','MP3 (MPEG audio layer 3)','audio','1/44100','[0][0][0][0]','0x0000','fltp','44100','2','stereo','0','0/0','0/0','1/14112000','0','0','3464110080','245.472653','163166','/media/pi/ZUKE/MUSIC/MMs/MM 48/03 - Ice Cream and Cake - Merengue.mp3');
insert into format ("filename","nb_streams","nb_programs","format_name","format_long_name","start_time","duration","size","bit_rate","probe_score","filepath") values ('/media/pi/ZUKE/MUSIC/MMs/MM 48/03 - Ice Cream and Cake - Merengue.mp3','1','0','mp3','MP2/3 (MPEG audio layer 2/3)','0','245.472653','5007488','163194','51','/media/pi/ZUKE/MUSIC/MMs/MM 48/03 - Ice Cream and Cake - Merengue.mp3');
insert into disposition ("default","dub","original","comment","lyrics","karaoke","forced","hearing_impaired","visual_impaired","clean_effects","attached_pic","timed_thumbnails","filepath") values ('0','0','0','0','0','0','0','0','0','0','0','0','/media/pi/ZUKE/MUSIC/MMs/MM 48/03 - Ice Cream and Cake - Merengue.mp3');
insert into tags ("album","composer","genre","title","artist","disc","track","filepath") values ('Mega Mix 48','Zumba Fitness','Merengue','Ice Cream and Cake','Zumba Fitness','1/1','03/10','/media/pi/ZUKE/MUSIC/MMs/MM 48/03 - Ice Cream and Cake - Merengue.mp3');
insert into mp3s ("filepath") values ('/media/pi/ZUKE/MUSIC/MMs/MM 48/03 - Ice Cream and Cake - Merengue.mp3');
insert into streams ("index","codec_name","codec_long_name","codec_type","codec_time_base","codec_tag_string","codec_tag","sample_fmt","sample_rate","channels","channel_layout","bits_per_sample","r_frame_rate","avg_frame_rate","time_base","start_pts","start_time","duration_ts","duration","bit_rate","filepath") values ('0','mp3','MP3 (MPEG audio layer 3)','audio','1/44100','[0][0][0][0]','0x0000','fltp','44100','2','stereo','0','0/0','0/0','1/14112000','0','0','3482542080','246.778776','174631','/media/pi/ZUKE/MUSIC/MMs/MM 48/04 - Te Equivocas - Salsa.mp3');
insert into format ("filename","nb_streams","nb_programs","format_name","format_long_name","start_time","duration","size","bit_rate","probe_score","filepath") values ('/media/pi/ZUKE/MUSIC/MMs/MM 48/04 - Te Equivocas - Salsa.mp3','1','0','mp3','MP2/3 (MPEG audio layer 2/3)','0','246.778776','5388416','174680','51','/media/pi/ZUKE/MUSIC/MMs/MM 48/04 - Te Equivocas - Salsa.mp3');
insert into disposition ("default","dub","original","comment","lyrics","karaoke","forced","hearing_impaired","visual_impaired","clean_effects","attached_pic","timed_thumbnails","filepath") values ('0','0','0','0','0','0','0','0','0','0','0','0','/media/pi/ZUKE/MUSIC/MMs/MM 48/04 - Te Equivocas - Salsa.mp3');
insert into tags ("album","composer","genre","title","artist","disc","track","filepath") values ('Mega Mix 48','Zumba Fitness','Salsa','Te Equivocas','Zumba Fitness','1/1','04/10','/media/pi/ZUKE/MUSIC/MMs/MM 48/04 - Te Equivocas - Salsa.mp3');
insert into mp3s ("filepath") values ('/media/pi/ZUKE/MUSIC/MMs/MM 48/04 - Te Equivocas - Salsa.mp3');
insert into streams ("index","codec_name","codec_long_name","codec_type","codec_time_base","codec_tag_string","codec_tag","sample_fmt","sample_rate","channels","channel_layout","bits_per_sample","r_frame_rate","avg_frame_rate","time_base","start_pts","start_time","duration_ts","duration","bit_rate","filepath") values ('0','mp3','MP3 (MPEG audio layer 3)','audio','1/44100','[0][0][0][0]','0x0000','fltp','44100','2','stereo','0','0/0','0/0','1/14112000','0','0','2918154240','206.785306','159939','/media/pi/ZUKE/MUSIC/MMs/MM 48/05 - Sigueme y Te Sigo - Reggaeton.mp3');
insert into format ("filename","nb_streams","nb_programs","format_name","format_long_name","start_time","duration","size","bit_rate","probe_score","filepath") values ('/media/pi/ZUKE/MUSIC/MMs/MM 48/05 - Sigueme y Te Sigo - Reggaeton.mp3','1','0','mp3','MP2/3 (MPEG audio layer 2/3)','0','206.785306','4135040','159974','51','/media/pi/ZUKE/MUSIC/MMs/MM 48/05 - Sigueme y Te Sigo - Reggaeton.mp3');
insert into disposition ("default","dub","original","comment","lyrics","karaoke","forced","hearing_impaired","visual_impaired","clean_effects","attached_pic","timed_thumbnails","filepath") values ('0','0','0','0','0','0','0','0','0','0','0','0','/media/pi/ZUKE/MUSIC/MMs/MM 48/05 - Sigueme y Te Sigo - Reggaeton.mp3');
insert into tags ("album","composer","genre","title","artist","disc","track","filepath") values ('Mega Mix 48','Zumba Fitness','Reggaeton','Sigueme y Te Sigo','Zumba Fitness','1/1','05/10','/media/pi/ZUKE/MUSIC/MMs/MM 48/05 - Sigueme y Te Sigo - Reggaeton.mp3');
insert into mp3s ("filepath") values ('/media/pi/ZUKE/MUSIC/MMs/MM 48/05 - Sigueme y Te Sigo - Reggaeton.mp3');
insert into streams ("index","codec_name","codec_long_name","codec_type","codec_time_base","codec_tag_string","codec_tag","sample_fmt","sample_rate","channels","channel_layout","bits_per_sample","r_frame_rate","avg_frame_rate","time_base","start_pts","start_time","duration_ts","duration","bit_rate","filepath") values ('0','mp3','MP3 (MPEG audio layer 3)','audio','1/44100','[0][0][0][0]','0x0000','fltp','44100','2','stereo','0','0/0','0/0','1/14112000','0','0','2916311040','206.654694','156259','/media/pi/ZUKE/MUSIC/MMs/MM 48/06 - Muevete - Cumbia.mp3');
insert into format ("filename","nb_streams","nb_programs","format_name","format_long_name","start_time","duration","size","bit_rate","probe_score","filepath") values ('/media/pi/ZUKE/MUSIC/MMs/MM 48/06 - Muevete - Cumbia.mp3','1','0','mp3','MP2/3 (MPEG audio layer 2/3)','0','206.654694','4036736','156269','51','/media/pi/ZUKE/MUSIC/MMs/MM 48/06 - Muevete - Cumbia.mp3');
insert into disposition ("default","dub","original","comment","lyrics","karaoke","forced","hearing_impaired","visual_impaired","clean_effects","attached_pic","timed_thumbnails","filepath") values ('0','0','0','0','0','0','0','0','0','0','0','0','/media/pi/ZUKE/MUSIC/MMs/MM 48/06 - Muevete - Cumbia.mp3');
insert into tags ("album","composer","genre","title","artist","disc","track","filepath") values ('Mega Mix 48','Zumba Fitness','Cumbia','Muevete','Zumba Fitness','1/1','06/10','/media/pi/ZUKE/MUSIC/MMs/MM 48/06 - Muevete - Cumbia.mp3');
insert into mp3s ("filepath") values ('/media/pi/ZUKE/MUSIC/MMs/MM 48/06 - Muevete - Cumbia.mp3');
insert into streams ("index","codec_name","codec_long_name","codec_type","codec_time_base","codec_tag_string","codec_tag","sample_fmt","sample_rate","channels","channel_layout","bits_per_sample","r_frame_rate","avg_frame_rate","time_base","start_pts","start_time","duration_ts","duration","bit_rate","filepath") values ('0','mp3','MP3 (MPEG audio layer 3)','audio','1/44100','[0][0][0][0]','0x0000','fltp','44100','2','stereo','0','0/0','0/0','1/14112000','0','0','3292323840','233.299592','161115','/media/pi/ZUKE/MUSIC/MMs/MM 48/07 - Habibi Min Zaman - Balkanic.mp3');
insert into format ("filename","nb_streams","nb_programs","format_name","format_long_name","start_time","duration","size","bit_rate","probe_score","filepath") values ('/media/pi/ZUKE/MUSIC/MMs/MM 48/07 - Habibi Min Zaman - Balkanic.mp3','1','0','mp3','MP2/3 (MPEG audio layer 2/3)','0','233.299592','4700288','161176','51','/media/pi/ZUKE/MUSIC/MMs/MM 48/07 - Habibi Min Zaman - Balkanic.mp3');
insert into disposition ("default","dub","original","comment","lyrics","karaoke","forced","hearing_impaired","visual_impaired","clean_effects","attached_pic","timed_thumbnails","filepath") values ('0','0','0','0','0','0','0','0','0','0','0','0','/media/pi/ZUKE/MUSIC/MMs/MM 48/07 - Habibi Min Zaman - Balkanic.mp3');
insert into tags ("album","composer","genre","title","artist","disc","track","filepath") values ('Mega Mix 48','Zumba Fitness','Balkanic','Habibi Min Zaman','Zumba Fitness','1/1','07/10','/media/pi/ZUKE/MUSIC/MMs/MM 48/07 - Habibi Min Zaman - Balkanic.mp3');
insert into mp3s ("filepath") values ('/media/pi/ZUKE/MUSIC/MMs/MM 48/07 - Habibi Min Zaman - Balkanic.mp3');
insert into streams ("index","codec_name","codec_long_name","codec_type","codec_time_base","codec_tag_string","codec_tag","sample_fmt","sample_rate","channels","channel_layout","bits_per_sample","r_frame_rate","avg_frame_rate","time_base","start_pts","start_time","duration_ts","duration","bit_rate","filepath") values ('0','mp3','MP3 (MPEG audio layer 3)','audio','1/44100','[0][0][0][0]','0x0000','fltp','44100','2','stereo','0','0/0','0/0','1/14112000','0','0','3376005120','239.229388','147166','/media/pi/ZUKE/MUSIC/MMs/MM 48/08 - Ministry of Road (M.O.R) - Reggae - Soca.mp3');
insert into format ("filename","nb_streams","nb_programs","format_name","format_long_name","start_time","duration","size","bit_rate","probe_score","filepath") values ('/media/pi/ZUKE/MUSIC/MMs/MM 48/08 - Ministry of Road (M.O.R) - Reggae - Soca.mp3','1','0','mp3','MP2/3 (MPEG audio layer 2/3)','0','239.229388','4401280','147181','51','/media/pi/ZUKE/MUSIC/MMs/MM 48/08 - Ministry of Road (M.O.R) - Reggae - Soca.mp3');
insert into disposition ("default","dub","original","comment","lyrics","karaoke","forced","hearing_impaired","visual_impaired","clean_effects","attached_pic","timed_thumbnails","filepath") values ('0','0','0','0','0','0','0','0','0','0','0','0','/media/pi/ZUKE/MUSIC/MMs/MM 48/08 - Ministry of Road (M.O.R) - Reggae - Soca.mp3');
insert into tags ("album","composer","genre","title","artist","disc","track","filepath") values ('Mega Mix 48','Zumba Fitness','Reggae,Soca','Ministry of Road (M.O.R)','Zumba Fitness','1/1','08/10','/media/pi/ZUKE/MUSIC/MMs/MM 48/08 - Ministry of Road (M.O.R) - Reggae - Soca.mp3');
insert into mp3s ("filepath") values ('/media/pi/ZUKE/MUSIC/MMs/MM 48/08 - Ministry of Road (M.O.R) - Reggae - Soca.mp3');
insert into streams ("index","codec_name","codec_long_name","codec_type","codec_time_base","codec_tag_string","codec_tag","sample_fmt","sample_rate","channels","channel_layout","bits_per_sample","r_frame_rate","avg_frame_rate","time_base","start_pts","start_time","duration_ts","duration","bit_rate","filepath") values ('0','mp3','MP3 (MPEG audio layer 3)','audio','1/44100','[0][0][0][0]','0x0000','fltp','44100','2','stereo','0','0/0','0/0','1/14112000','0','0','3275735040','232.124082','158937','/media/pi/ZUKE/MUSIC/MMs/MM 48/09 - Mira Esa Mujer - Reggaeton - Merengue - Cumbia.mp3');
insert into format ("filename","nb_streams","nb_programs","format_name","format_long_name","start_time","duration","size","bit_rate","probe_score","filepath") values ('/media/pi/ZUKE/MUSIC/MMs/MM 48/09 - Mira Esa Mujer - Reggaeton - Merengue - Cumbia.mp3','1','0','mp3','MP2/3 (MPEG audio layer 2/3)','0','232.124082','4612224','158957','51','/media/pi/ZUKE/MUSIC/MMs/MM 48/09 - Mira Esa Mujer - Reggaeton - Merengue - Cumbia.mp3');
insert into disposition ("default","dub","original","comment","lyrics","karaoke","forced","hearing_impaired","visual_impaired","clean_effects","attached_pic","timed_thumbnails","filepath") values ('0','0','0','0','0','0','0','0','0','0','0','0','/media/pi/ZUKE/MUSIC/MMs/MM 48/09 - Mira Esa Mujer - Reggaeton - Merengue - Cumbia.mp3');
insert into tags ("album","composer","genre","title","artist","disc","track","filepath") values ('Mega Mix 48','Zumba Fitness','Reggaeton,Merengue,Cumbia','Mira Esa Mujer','Zumba Fitness','1/1','09/10','/media/pi/ZUKE/MUSIC/MMs/MM 48/09 - Mira Esa Mujer - Reggaeton - Merengue - Cumbia.mp3');
insert into mp3s ("filepath") values ('/media/pi/ZUKE/MUSIC/MMs/MM 48/09 - Mira Esa Mujer - Reggaeton - Merengue - Cumbia.mp3');
insert into streams ("index","codec_name","codec_long_name","codec_type","codec_time_base","codec_tag_string","codec_tag","sample_fmt","sample_rate","channels","channel_layout","bits_per_sample","r_frame_rate","avg_frame_rate","time_base","start_pts","start_time","duration_ts","duration","bit_rate","filepath") values ('0','mp3','MP3 (MPEG audio layer 3)','audio','1/44100','[0][0][0][0]','0x0000','fltp','44100','2','stereo','0','0/0','0/0','1/14112000','0','0','3143024640','222.720000','164100','/media/pi/ZUKE/MUSIC/MMs/MM 48/10 - Pensando en Ti - Cooldown - Bachata.mp3');
insert into format ("filename","nb_streams","nb_programs","format_name","format_long_name","start_time","duration","size","bit_rate","probe_score","filepath") values ('/media/pi/ZUKE/MUSIC/MMs/MM 48/10 - Pensando en Ti - Cooldown - Bachata.mp3','1','0','mp3','MP2/3 (MPEG audio layer 2/3)','0','222.720000','4569216','164124','51','/media/pi/ZUKE/MUSIC/MMs/MM 48/10 - Pensando en Ti - Cooldown - Bachata.mp3');
insert into disposition ("default","dub","original","comment","lyrics","karaoke","forced","hearing_impaired","visual_impaired","clean_effects","attached_pic","timed_thumbnails","filepath") values ('0','0','0','0','0','0','0','0','0','0','0','0','/media/pi/ZUKE/MUSIC/MMs/MM 48/10 - Pensando en Ti - Cooldown - Bachata.mp3');
insert into tags ("album","composer","genre","title","artist","disc","track","filepath") values ('Mega Mix 48','Zumba Fitness','Cooldown,Bachata','Pensando en Ti','Zumba Fitness','1/1','10/10','/media/pi/ZUKE/MUSIC/MMs/MM 48/10 - Pensando en Ti - Cooldown - Bachata.mp3');
insert into mp3s ("filepath") values ('/media/pi/ZUKE/MUSIC/MMs/MM 48/10 - Pensando en Ti - Cooldown - Bachata.mp3');
insert into streams ("index","codec_name","codec_long_name","codec_type","codec_time_base","codec_tag_string","codec_tag","sample_fmt","sample_rate","channels","channel_layout","bits_per_sample","r_frame_rate","avg_frame_rate","time_base","start_pts","start_time","duration_ts","duration","bit_rate","filepath") values ('0','mp3','MP3 (MPEG audio layer 3)','audio','1/44100','[0][0][0][0]','0x0000','fltp','44100','2','stereo','0','0/0','0/0','1/14112000','0','0','3419136000','242.285714','161332','/media/pi/ZUKE/MUSIC/MMs/MM 49/01 - Azumbo - Warm-up.mp3');
insert into format ("filename","nb_streams","nb_programs","format_name","format_long_name","start_time","duration","size","bit_rate","probe_score","filepath") values ('/media/pi/ZUKE/MUSIC/MMs/MM 49/01 - Azumbo - Warm-up.mp3','1','0','mp3','MP2/3 (MPEG audio layer 2/3)','0','242.285714','4886656','161351','51','/media/pi/ZUKE/MUSIC/MMs/MM 49/01 - Azumbo - Warm-up.mp3');
insert into disposition ("default","dub","original","comment","lyrics","karaoke","forced","hearing_impaired","visual_impaired","clean_effects","attached_pic","timed_thumbnails","filepath") values ('0','0','0','0','0','0','0','0','0','0','0','0','/media/pi/ZUKE/MUSIC/MMs/MM 49/01 - Azumbo - Warm-up.mp3');
insert into tags ("album","composer","genre","title","artist","disc","track","filepath") values ('Mega Mix 49','Zumba Fitness','Warm-up','Azumbo','Zumba Fitness','1/1','01/10','/media/pi/ZUKE/MUSIC/MMs/MM 49/01 - Azumbo - Warm-up.mp3');
insert into mp3s ("filepath") values ('/media/pi/ZUKE/MUSIC/MMs/MM 49/01 - Azumbo - Warm-up.mp3');
insert into streams ("index","codec_name","codec_long_name","codec_type","codec_time_base","codec_tag_string","codec_tag","sample_fmt","sample_rate","channels","channel_layout","bits_per_sample","r_frame_rate","avg_frame_rate","time_base","start_pts","start_time","duration_ts","duration","bit_rate","filepath") values ('0','mp3','MP3 (MPEG audio layer 3)','audio','1/44100','[0][0][0][0]','0x0000','fltp','44100','2','stereo','0','0/0','0/0','1/14112000','0','0','2755952640','195.291429','152877','/media/pi/ZUKE/MUSIC/MMs/MM 49/02 - Mr. Put It Down - Disco Pop.mp3');
insert into format ("filename","nb_streams","nb_programs","format_name","format_long_name","start_time","duration","size","bit_rate","probe_score","filepath") values ('/media/pi/ZUKE/MUSIC/MMs/MM 49/02 - Mr. Put It Down - Disco Pop.mp3','1','0','mp3','MP2/3 (MPEG audio layer 2/3)','0','195.291429','3733632','152946','51','/media/pi/ZUKE/MUSIC/MMs/MM 49/02 - Mr. Put It Down - Disco Pop.mp3');
insert into disposition ("default","dub","original","comment","lyrics","karaoke","forced","hearing_impaired","visual_impaired","clean_effects","attached_pic","timed_thumbnails","filepath") values ('0','0','0','0','0','0','0','0','0','0','0','0','/media/pi/ZUKE/MUSIC/MMs/MM 49/02 - Mr. Put It Down - Disco Pop.mp3');
insert into tags ("album","composer","genre","title","artist","disc","track","filepath") values ('Mega Mix 49','Zumba Fitness','Disco Pop','Mr. Put It Down','Zumba Fitness','1/1','02/10','/media/pi/ZUKE/MUSIC/MMs/MM 49/02 - Mr. Put It Down - Disco Pop.mp3');
insert into mp3s ("filepath") values ('/media/pi/ZUKE/MUSIC/MMs/MM 49/02 - Mr. Put It Down - Disco Pop.mp3');
insert into streams ("index","codec_name","codec_long_name","codec_type","codec_time_base","codec_tag_string","codec_tag","sample_fmt","sample_rate","channels","channel_layout","bits_per_sample","r_frame_rate","avg_frame_rate","time_base","start_pts","start_time","duration_ts","duration","bit_rate","filepath") values ('0','mp3','MP3 (MPEG audio layer 3)','audio','1/44100','[0][0][0][0]','0x0000','fltp','44100','2','stereo','0','0/0','0/0','1/14112000','0','0','3312230400','234.710204','165393','/media/pi/ZUKE/MUSIC/MMs/MM 49/03 - DJ Dame Mambo - Merengue.mp3');
insert into format ("filename","nb_streams","nb_programs","format_name","format_long_name","start_time","duration","size","bit_rate","probe_score","filepath") values ('/media/pi/ZUKE/MUSIC/MMs/MM 49/03 - DJ Dame Mambo - Merengue.mp3','1','0','mp3','MP2/3 (MPEG audio layer 2/3)','0','234.710204','4853888','165442','51','/media/pi/ZUKE/MUSIC/MMs/MM 49/03 - DJ Dame Mambo - Merengue.mp3');
insert into disposition ("default","dub","original","comment","lyrics","karaoke","forced","hearing_impaired","visual_impaired","clean_effects","attached_pic","timed_thumbnails","filepath") values ('0','0','0','0','0','0','0','0','0','0','0','0','/media/pi/ZUKE/MUSIC/MMs/MM 49/03 - DJ Dame Mambo - Merengue.mp3');
insert into tags ("album","composer","genre","title","artist","disc","track","filepath") values ('Mega Mix 49','Zumba Fitness','Merengue','DJ Dame Mambo','Zumba Fitness','1/1','03/10','/media/pi/ZUKE/MUSIC/MMs/MM 49/03 - DJ Dame Mambo - Merengue.mp3');
insert into mp3s ("filepath") values ('/media/pi/ZUKE/MUSIC/MMs/MM 49/03 - DJ Dame Mambo - Merengue.mp3');
insert into streams ("index","codec_name","codec_long_name","codec_type","codec_time_base","codec_tag_string","codec_tag","sample_fmt","sample_rate","channels","channel_layout","bits_per_sample","r_frame_rate","avg_frame_rate","time_base","start_pts","start_time","duration_ts","duration","bit_rate","filepath") values ('0','mp3','MP3 (MPEG audio layer 3)','audio','1/44100','[0][0][0][0]','0x0000','fltp','44100','2','stereo','0','0/0','0/0','1/14112000','0','0','3504660480','248.346122','170222','/media/pi/ZUKE/MUSIC/MMs/MM 49/04 - Prende el Party - Salsa Choke.mp3');
insert into format ("filename","nb_streams","nb_programs","format_name","format_long_name","start_time","duration","size","bit_rate","probe_score","filepath") values ('/media/pi/ZUKE/MUSIC/MMs/MM 49/04 - Prende el Party - Salsa Choke.mp3','1','0','mp3','MP2/3 (MPEG audio layer 2/3)','0','248.346122','5286016','170278','51','/media/pi/ZUKE/MUSIC/MMs/MM 49/04 - Prende el Party - Salsa Choke.mp3');
insert into disposition ("default","dub","original","comment","lyrics","karaoke","forced","hearing_impaired","visual_impaired","clean_effects","attached_pic","timed_thumbnails","filepath") values ('0','0','0','0','0','0','0','0','0','0','0','0','/media/pi/ZUKE/MUSIC/MMs/MM 49/04 - Prende el Party - Salsa Choke.mp3');
insert into tags ("album","composer","genre","title","artist","disc","track","filepath") values ('Mega Mix 49','Zumba Fitness','Salsa Choke','Prende el Party','Zumba Fitness','1/1','04/10','/media/pi/ZUKE/MUSIC/MMs/MM 49/04 - Prende el Party - Salsa Choke.mp3');
insert into mp3s ("filepath") values ('/media/pi/ZUKE/MUSIC/MMs/MM 49/04 - Prende el Party - Salsa Choke.mp3');
insert into streams ("index","codec_name","codec_long_name","codec_type","codec_time_base","codec_tag_string","codec_tag","sample_fmt","sample_rate","channels","channel_layout","bits_per_sample","r_frame_rate","avg_frame_rate","time_base","start_pts","start_time","duration_ts","duration","bit_rate","filepath") values ('0','mp3','MP3 (MPEG audio layer 3)','audio','1/44100','[0][0][0][0]','0x0000','fltp','44100','2','stereo','0','0/0','0/0','1/14112000','0','0','2618818560','185.573878','154989','/media/pi/ZUKE/MUSIC/MMs/MM 49/05 - Everybody Muevelo - Reggaeton.mp3');
insert into format ("filename","nb_streams","nb_programs","format_name","format_long_name","start_time","duration","size","bit_rate","probe_score","filepath") values ('/media/pi/ZUKE/MUSIC/MMs/MM 49/05 - Everybody Muevelo - Reggaeton.mp3','1','0','mp3','MP2/3 (MPEG audio layer 2/3)','0','185.573878','3596416','155039','51','/media/pi/ZUKE/MUSIC/MMs/MM 49/05 - Everybody Muevelo - Reggaeton.mp3');
insert into disposition ("default","dub","original","comment","lyrics","karaoke","forced","hearing_impaired","visual_impaired","clean_effects","attached_pic","timed_thumbnails","filepath") values ('0','0','0','0','0','0','0','0','0','0','0','0','/media/pi/ZUKE/MUSIC/MMs/MM 49/05 - Everybody Muevelo - Reggaeton.mp3');
insert into tags ("album","composer","genre","title","artist","disc","track","filepath") values ('Mega Mix 49','Zumba Fitness','Reggaeton','Everybody Muevelo','Zumba Fitness','1/1','05/10','/media/pi/ZUKE/MUSIC/MMs/MM 49/05 - Everybody Muevelo - Reggaeton.mp3');
insert into mp3s ("filepath") values ('/media/pi/ZUKE/MUSIC/MMs/MM 49/05 - Everybody Muevelo - Reggaeton.mp3');
insert into streams ("index","codec_name","codec_long_name","codec_type","codec_time_base","codec_tag_string","codec_tag","sample_fmt","sample_rate","channels","channel_layout","bits_per_sample","r_frame_rate","avg_frame_rate","time_base","start_pts","start_time","duration_ts","duration","bit_rate","filepath") values ('0','mp3','MP3 (MPEG audio layer 3)','audio','1/44100','[0][0][0][0]','0x0000','fltp','44100','2','stereo','0','0/0','0/0','1/14112000','0','0','2768855040','196.205714','162684','/media/pi/ZUKE/MUSIC/MMs/MM 49/06 - Kandela - Cumbia Electronica.mp3');
insert into format ("filename","nb_streams","nb_programs","format_name","format_long_name","start_time","duration","size","bit_rate","probe_score","filepath") values ('/media/pi/ZUKE/MUSIC/MMs/MM 49/06 - Kandela - Cumbia Electronica.mp3','1','0','mp3','MP2/3 (MPEG audio layer 2/3)','0','196.205714','3991680','162754','51','/media/pi/ZUKE/MUSIC/MMs/MM 49/06 - Kandela - Cumbia Electronica.mp3');
insert into disposition ("default","dub","original","comment","lyrics","karaoke","forced","hearing_impaired","visual_impaired","clean_effects","attached_pic","timed_thumbnails","filepath") values ('0','0','0','0','0','0','0','0','0','0','0','0','/media/pi/ZUKE/MUSIC/MMs/MM 49/06 - Kandela - Cumbia Electronica.mp3');
insert into tags ("album","composer","genre","title","artist","disc","track","filepath") values ('Mega Mix 49','Zumba Fitness','Cumbia Electronica','Kandela','Zumba Fitness','1/1','06/10','/media/pi/ZUKE/MUSIC/MMs/MM 49/06 - Kandela - Cumbia Electronica.mp3');
insert into mp3s ("filepath") values ('/media/pi/ZUKE/MUSIC/MMs/MM 49/06 - Kandela - Cumbia Electronica.mp3');
insert into streams ("index","codec_name","codec_long_name","codec_type","codec_time_base","codec_tag_string","codec_tag","sample_fmt","sample_rate","channels","channel_layout","bits_per_sample","r_frame_rate","avg_frame_rate","time_base","start_pts","start_time","duration_ts","duration","bit_rate","filepath") values ('0','mp3','MP3 (MPEG audio layer 3)','audio','1/44100','[0][0][0][0]','0x0000','fltp','44100','2','stereo','0','0/0','0/0','1/14112000','0','0','2849955840','201.952653','175878','/media/pi/ZUKE/MUSIC/MMs/MM 49/07 - Come Get It Bae - Funk.mp3');
insert into format ("filename","nb_streams","nb_programs","format_name","format_long_name","start_time","duration","size","bit_rate","probe_score","filepath") values ('/media/pi/ZUKE/MUSIC/MMs/MM 49/07 - Come Get It Bae - Funk.mp3','1','0','mp3','MP2/3 (MPEG audio layer 2/3)','0','201.952653','4440192','175890','51','/media/pi/ZUKE/MUSIC/MMs/MM 49/07 - Come Get It Bae - Funk.mp3');
insert into disposition ("default","dub","original","comment","lyrics","karaoke","forced","hearing_impaired","visual_impaired","clean_effects","attached_pic","timed_thumbnails","filepath") values ('0','0','0','0','0','0','0','0','0','0','0','0','/media/pi/ZUKE/MUSIC/MMs/MM 49/07 - Come Get It Bae - Funk.mp3');
insert into tags ("album","composer","genre","title","artist","disc","track","filepath") values ('Mega Mix 49','Zumba Fitness','Funk','Come Get It Bae','Zumba Fitness','1/1','07/10','/media/pi/ZUKE/MUSIC/MMs/MM 49/07 - Come Get It Bae - Funk.mp3');
insert into mp3s ("filepath") values ('/media/pi/ZUKE/MUSIC/MMs/MM 49/07 - Come Get It Bae - Funk.mp3');
insert into streams ("index","codec_name","codec_long_name","codec_type","codec_time_base","codec_tag_string","codec_tag","sample_fmt","sample_rate","channels","channel_layout","bits_per_sample","r_frame_rate","avg_frame_rate","time_base","start_pts","start_time","duration_ts","duration","bit_rate","filepath") values ('0','mp3','MP3 (MPEG audio layer 3)','audio','1/44100','[0][0][0][0]','0x0000','fltp','44100','2','stereo','0','0/0','0/0','1/14112000','0','0','2750054400','194.873469','154146','/media/pi/ZUKE/MUSIC/MMs/MM 49/08 - Cyber Conquista - Dancehall Pop.mp3');
insert into format ("filename","nb_streams","nb_programs","format_name","format_long_name","start_time","duration","size","bit_rate","probe_score","filepath") values ('/media/pi/ZUKE/MUSIC/MMs/MM 49/08 - Cyber Conquista - Dancehall Pop.mp3','1','0','mp3','MP2/3 (MPEG audio layer 2/3)','0','194.873469','3756160','154198','51','/media/pi/ZUKE/MUSIC/MMs/MM 49/08 - Cyber Conquista - Dancehall Pop.mp3');
insert into disposition ("default","dub","original","comment","lyrics","karaoke","forced","hearing_impaired","visual_impaired","clean_effects","attached_pic","timed_thumbnails","filepath") values ('0','0','0','0','0','0','0','0','0','0','0','0','/media/pi/ZUKE/MUSIC/MMs/MM 49/08 - Cyber Conquista - Dancehall Pop.mp3');
insert into tags ("album","composer","genre","title","artist","disc","track","filepath") values ('Mega Mix 49','Zumba Fitness','Dancehall Pop','Cyber Conquista','Zumba Fitness','1/1','08/10','/media/pi/ZUKE/MUSIC/MMs/MM 49/08 - Cyber Conquista - Dancehall Pop.mp3');
insert into mp3s ("filepath") values ('/media/pi/ZUKE/MUSIC/MMs/MM 49/08 - Cyber Conquista - Dancehall Pop.mp3');
insert into streams ("index","codec_name","codec_long_name","codec_type","codec_time_base","codec_tag_string","codec_tag","sample_fmt","sample_rate","channels","channel_layout","bits_per_sample","r_frame_rate","avg_frame_rate","time_base","start_pts","start_time","duration_ts","duration","bit_rate","filepath") values ('0','mp3','MP3 (MPEG audio layer 3)','audio','1/44100','[0][0][0][0]','0x0000','fltp','44100','2','stereo','0','0/0','0/0','1/14112000','0','0','2910412800','206.236735','150253','/media/pi/ZUKE/MUSIC/MMs/MM 49/09 - Boom Boom Dance - Funk Carioca.mp3');
insert into format ("filename","nb_streams","nb_programs","format_name","format_long_name","start_time","duration","size","bit_rate","probe_score","filepath") values ('/media/pi/ZUKE/MUSIC/MMs/MM 49/09 - Boom Boom Dance - Funk Carioca.mp3','1','0','mp3','MP2/3 (MPEG audio layer 2/3)','0','206.236735','3874944','150310','51','/media/pi/ZUKE/MUSIC/MMs/MM 49/09 - Boom Boom Dance - Funk Carioca.mp3');
insert into disposition ("default","dub","original","comment","lyrics","karaoke","forced","hearing_impaired","visual_impaired","clean_effects","attached_pic","timed_thumbnails","filepath") values ('0','0','0','0','0','0','0','0','0','0','0','0','/media/pi/ZUKE/MUSIC/MMs/MM 49/09 - Boom Boom Dance - Funk Carioca.mp3');
insert into tags ("album","composer","genre","title","artist","disc","track","filepath") values ('Mega Mix 49','Zumba Fitness','Funk Carioca','Boom Boom Dance','Zumba Fitness','1/1','09/10','/media/pi/ZUKE/MUSIC/MMs/MM 49/09 - Boom Boom Dance - Funk Carioca.mp3');
insert into mp3s ("filepath") values ('/media/pi/ZUKE/MUSIC/MMs/MM 49/09 - Boom Boom Dance - Funk Carioca.mp3');
insert into streams ("index","codec_name","codec_long_name","codec_type","codec_time_base","codec_tag_string","codec_tag","sample_fmt","sample_rate","channels","channel_layout","bits_per_sample","r_frame_rate","avg_frame_rate","time_base","start_pts","start_time","duration_ts","duration","bit_rate","filepath") values ('0','mp3','MP3 (MPEG audio layer 3)','audio','1/44100','[0][0][0][0]','0x0000','fltp','44100','2','stereo','0','0/0','0/0','1/14112000','0','0','2979348480','211.121633','157191','/media/pi/ZUKE/MUSIC/MMs/MM 49/10 - Suky - Punta.mp3');
insert into format ("filename","nb_streams","nb_programs","format_name","format_long_name","start_time","duration","size","bit_rate","probe_score","filepath") values ('/media/pi/ZUKE/MUSIC/MMs/MM 49/10 - Suky - Punta.mp3','1','0','mp3','MP2/3 (MPEG audio layer 2/3)','0','211.121633','4149376','157231','51','/media/pi/ZUKE/MUSIC/MMs/MM 49/10 - Suky - Punta.mp3');
insert into disposition ("default","dub","original","comment","lyrics","karaoke","forced","hearing_impaired","visual_impaired","clean_effects","attached_pic","timed_thumbnails","filepath") values ('0','0','0','0','0','0','0','0','0','0','0','0','/media/pi/ZUKE/MUSIC/MMs/MM 49/10 - Suky - Punta.mp3');
insert into tags ("album","composer","genre","title","artist","disc","track","filepath") values ('Mega Mix 49','Zumba Fitness','Punta','Suky','Zumba Fitness','1/1','10/10','/media/pi/ZUKE/MUSIC/MMs/MM 49/10 - Suky - Punta.mp3');
insert into mp3s ("filepath") values ('/media/pi/ZUKE/MUSIC/MMs/MM 49/10 - Suky - Punta.mp3');
insert into streams ("index","codec_name","codec_long_name","codec_type","codec_time_base","codec_tag_string","codec_tag","sample_fmt","sample_rate","channels","channel_layout","bits_per_sample","r_frame_rate","avg_frame_rate","time_base","start_pts","start_time","duration_ts","duration","bit_rate","filepath") values ('0','mp3','MP3 (MPEG audio layer 3)','audio','1/44100','[0][0][0][0]','0x0000','fltp','44100','2','stereo','0','0/0','0/0','1/14112000','0','0','2641305600','187.167347','161247','/media/pi/ZUKE/MUSIC/MMs/MM 50/01 - La Machete - Warm-up.mp3');
insert into format ("filename","nb_streams","nb_programs","format_name","format_long_name","start_time","duration","size","bit_rate","probe_score","filepath") values ('/media/pi/ZUKE/MUSIC/MMs/MM 50/01 - La Machete - Warm-up.mp3','1','0','mp3','MP2/3 (MPEG audio layer 2/3)','0','187.167347','3774592','161335','51','/media/pi/ZUKE/MUSIC/MMs/MM 50/01 - La Machete - Warm-up.mp3');
insert into disposition ("default","dub","original","comment","lyrics","karaoke","forced","hearing_impaired","visual_impaired","clean_effects","attached_pic","timed_thumbnails","filepath") values ('0','0','0','0','0','0','0','0','0','0','0','0','/media/pi/ZUKE/MUSIC/MMs/MM 50/01 - La Machete - Warm-up.mp3');
insert into tags ("album","composer","genre","title","artist","disc","track","filepath") values ('Mega Mix 50','Zumba Fitness','Warm-up','La Machete','Zumba Fitness','1/1','01/10','/media/pi/ZUKE/MUSIC/MMs/MM 50/01 - La Machete - Warm-up.mp3');
insert into mp3s ("filepath") values ('/media/pi/ZUKE/MUSIC/MMs/MM 50/01 - La Machete - Warm-up.mp3');
insert into streams ("index","codec_name","codec_long_name","codec_type","codec_time_base","codec_tag_string","codec_tag","sample_fmt","sample_rate","channels","channel_layout","bits_per_sample","r_frame_rate","avg_frame_rate","time_base","start_pts","start_time","duration_ts","duration","bit_rate","filepath") values ('0','mp3','MP3 (MPEG audio layer 3)','audio','1/44100','[0][0][0][0]','0x0000','fltp','44100','2','stereo','0','0/0','0/0','1/14112000','0','0','2945064960','208.692245','160312','/media/pi/ZUKE/MUSIC/MMs/MM 50/02 - Aqui Nadie Toca - Merengue Urbano.mp3');
insert into format ("filename","nb_streams","nb_programs","format_name","format_long_name","start_time","duration","size","bit_rate","probe_score","filepath") values ('/media/pi/ZUKE/MUSIC/MMs/MM 50/02 - Aqui Nadie Toca - Merengue Urbano.mp3','1','0','mp3','MP2/3 (MPEG audio layer 2/3)','0','208.692245','4184192','160396','51','/media/pi/ZUKE/MUSIC/MMs/MM 50/02 - Aqui Nadie Toca - Merengue Urbano.mp3');
insert into disposition ("default","dub","original","comment","lyrics","karaoke","forced","hearing_impaired","visual_impaired","clean_effects","attached_pic","timed_thumbnails","filepath") values ('0','0','0','0','0','0','0','0','0','0','0','0','/media/pi/ZUKE/MUSIC/MMs/MM 50/02 - Aqui Nadie Toca - Merengue Urbano.mp3');
insert into tags ("album","composer","genre","title","artist","disc","track","filepath") values ('Mega Mix 50','Zumba Fitness','Merengue Urbano','Aqui Nadie Toca','Zumba Fitness','1/1','02/10','/media/pi/ZUKE/MUSIC/MMs/MM 50/02 - Aqui Nadie Toca - Merengue Urbano.mp3');
insert into mp3s ("filepath") values ('/media/pi/ZUKE/MUSIC/MMs/MM 50/02 - Aqui Nadie Toca - Merengue Urbano.mp3');
insert into streams ("index","codec_name","codec_long_name","codec_type","codec_time_base","codec_tag_string","codec_tag","sample_fmt","sample_rate","channels","channel_layout","bits_per_sample","r_frame_rate","avg_frame_rate","time_base","start_pts","start_time","duration_ts","duration","bit_rate","filepath") values ('0','mp3','MP3 (MPEG audio layer 3)','audio','1/44100','[0][0][0][0]','0x0000','fltp','44100','2','stereo','0','0/0','0/0','1/14112000','0','0','3243663360','229.851429','175386','/media/pi/ZUKE/MUSIC/MMs/MM 50/03 - El Pasado - Salsa - Cumbia.mp3');
insert into format ("filename","nb_streams","nb_programs","format_name","format_long_name","start_time","duration","size","bit_rate","probe_score","filepath") values ('/media/pi/ZUKE/MUSIC/MMs/MM 50/03 - El Pasado - Salsa - Cumbia.mp3','1','0','mp3','MP2/3 (MPEG audio layer 2/3)','0','229.851429','5040256','175426','51','/media/pi/ZUKE/MUSIC/MMs/MM 50/03 - El Pasado - Salsa - Cumbia.mp3');
insert into disposition ("default","dub","original","comment","lyrics","karaoke","forced","hearing_impaired","visual_impaired","clean_effects","attached_pic","timed_thumbnails","filepath") values ('0','0','0','0','0','0','0','0','0','0','0','0','/media/pi/ZUKE/MUSIC/MMs/MM 50/03 - El Pasado - Salsa - Cumbia.mp3');
insert into tags ("album","composer","genre","title","artist","disc","track","filepath") values ('Mega Mix 50','Zumba Fitness','Salsa,Cumbia','El Pasado','Zumba Fitness','1/1','03/10','/media/pi/ZUKE/MUSIC/MMs/MM 50/03 - El Pasado - Salsa - Cumbia.mp3');
insert into mp3s ("filepath") values ('/media/pi/ZUKE/MUSIC/MMs/MM 50/03 - El Pasado - Salsa - Cumbia.mp3');
insert into streams ("index","codec_name","codec_long_name","codec_type","codec_time_base","codec_tag_string","codec_tag","sample_fmt","sample_rate","channels","channel_layout","bits_per_sample","r_frame_rate","avg_frame_rate","time_base","start_pts","start_time","duration_ts","duration","bit_rate","filepath") values ('0','mp3','MP3 (MPEG audio layer 3)','audio','1/44100','[0][0][0][0]','0x0000','fltp','44100','2','stereo','0','0/0','0/0','1/14112000','0','0','3019530240','213.968980','167723','/media/pi/ZUKE/MUSIC/MMs/MM 50/04 - El Esqueleto - Urban Latin Pop.mp3');
insert into format ("filename","nb_streams","nb_programs","format_name","format_long_name","start_time","duration","size","bit_rate","probe_score","filepath") values ('/media/pi/ZUKE/MUSIC/MMs/MM 50/04 - El Esqueleto - Urban Latin Pop.mp3','1','0','mp3','MP2/3 (MPEG audio layer 2/3)','0','213.968980','4487296','167773','51','/media/pi/ZUKE/MUSIC/MMs/MM 50/04 - El Esqueleto - Urban Latin Pop.mp3');
insert into disposition ("default","dub","original","comment","lyrics","karaoke","forced","hearing_impaired","visual_impaired","clean_effects","attached_pic","timed_thumbnails","filepath") values ('0','0','0','0','0','0','0','0','0','0','0','0','/media/pi/ZUKE/MUSIC/MMs/MM 50/04 - El Esqueleto - Urban Latin Pop.mp3');
insert into tags ("album","composer","genre","title","artist","disc","track","filepath") values ('Mega Mix 50','Zumba Fitness','Urban Latin Pop','El Esqueleto','Zumba Fitness','1/1','04/10','/media/pi/ZUKE/MUSIC/MMs/MM 50/04 - El Esqueleto - Urban Latin Pop.mp3');
insert into mp3s ("filepath") values ('/media/pi/ZUKE/MUSIC/MMs/MM 50/04 - El Esqueleto - Urban Latin Pop.mp3');
insert into streams ("index","codec_name","codec_long_name","codec_type","codec_time_base","codec_tag_string","codec_tag","sample_fmt","sample_rate","channels","channel_layout","bits_per_sample","r_frame_rate","avg_frame_rate","time_base","start_pts","start_time","duration_ts","duration","bit_rate","filepath") values ('0','mp3','MP3 (MPEG audio layer 3)','audio','1/44100','[0][0][0][0]','0x0000','fltp','44100','2','stereo','0','0/0','0/0','1/14112000','0','0','2874286080','203.676735','151870','/media/pi/ZUKE/MUSIC/MMs/MM 50/05 - Loca - Reggaeton.mp3');
insert into format ("filename","nb_streams","nb_programs","format_name","format_long_name","start_time","duration","size","bit_rate","probe_score","filepath") values ('/media/pi/ZUKE/MUSIC/MMs/MM 50/05 - Loca - Reggaeton.mp3','1','0','mp3','MP2/3 (MPEG audio layer 2/3)','0','203.676735','3868800','151958','51','/media/pi/ZUKE/MUSIC/MMs/MM 50/05 - Loca - Reggaeton.mp3');
insert into disposition ("default","dub","original","comment","lyrics","karaoke","forced","hearing_impaired","visual_impaired","clean_effects","attached_pic","timed_thumbnails","filepath") values ('0','0','0','0','0','0','0','0','0','0','0','0','/media/pi/ZUKE/MUSIC/MMs/MM 50/05 - Loca - Reggaeton.mp3');
insert into tags ("album","composer","genre","title","artist","disc","track","filepath") values ('Mega Mix 50','Zumba Fitness','Reggaeton','Loca','Zumba Fitness','1/1','05/10','/media/pi/ZUKE/MUSIC/MMs/MM 50/05 - Loca - Reggaeton.mp3');
insert into mp3s ("filepath") values ('/media/pi/ZUKE/MUSIC/MMs/MM 50/05 - Loca - Reggaeton.mp3');
insert into streams ("index","codec_name","codec_long_name","codec_type","codec_time_base","codec_tag_string","codec_tag","sample_fmt","sample_rate","channels","channel_layout","bits_per_sample","r_frame_rate","avg_frame_rate","time_base","start_pts","start_time","duration_ts","duration","bit_rate","filepath") values ('0','mp3','MP3 (MPEG audio layer 3)','audio','1/44100','[0][0][0][0]','0x0000','fltp','44100','2','stereo','0','0/0','0/0','1/14112000','0','0','2268979200','160.783673','155363','/media/pi/ZUKE/MUSIC/MMs/MM 50/06 - Party Tun Up - Dancehall.mp3');
insert into format ("filename","nb_streams","nb_programs","format_name","format_long_name","start_time","duration","size","bit_rate","probe_score","filepath") values ('/media/pi/ZUKE/MUSIC/MMs/MM 50/06 - Party Tun Up - Dancehall.mp3','1','0','mp3','MP2/3 (MPEG audio layer 2/3)','0','160.783673','3123328','155405','51','/media/pi/ZUKE/MUSIC/MMs/MM 50/06 - Party Tun Up - Dancehall.mp3');
insert into disposition ("default","dub","original","comment","lyrics","karaoke","forced","hearing_impaired","visual_impaired","clean_effects","attached_pic","timed_thumbnails","filepath") values ('0','0','0','0','0','0','0','0','0','0','0','0','/media/pi/ZUKE/MUSIC/MMs/MM 50/06 - Party Tun Up - Dancehall.mp3');
insert into tags ("album","composer","genre","title","artist","disc","track","filepath") values ('Mega Mix 50','Zumba Fitness','Dancehall','Party Tun Up','Zumba Fitness','1/1','06/10','/media/pi/ZUKE/MUSIC/MMs/MM 50/06 - Party Tun Up - Dancehall.mp3');
insert into mp3s ("filepath") values ('/media/pi/ZUKE/MUSIC/MMs/MM 50/06 - Party Tun Up - Dancehall.mp3');
insert into streams ("index","codec_name","codec_long_name","codec_type","codec_time_base","codec_tag_string","codec_tag","sample_fmt","sample_rate","channels","channel_layout","bits_per_sample","r_frame_rate","avg_frame_rate","time_base","start_pts","start_time","duration_ts","duration","bit_rate","filepath") values ('0','mp3','MP3 (MPEG audio layer 3)','audio','1/44100','[0][0][0][0]','0x0000','fltp','44100','2','stereo','0','0/0','0/0','1/14112000','0','0','2892718080','204.982857','180309','/media/pi/ZUKE/MUSIC/MMs/MM 50/07 - Vyah Oh De Naal (Urban Mix) - Bhangra Pop.mp3');
insert into format ("filename","nb_streams","nb_programs","format_name","format_long_name","start_time","duration","size","bit_rate","probe_score","filepath") values ('/media/pi/ZUKE/MUSIC/MMs/MM 50/07 - Vyah Oh De Naal (Urban Mix) - Bhangra Pop.mp3','1','0','mp3','MP2/3 (MPEG audio layer 2/3)','0','204.982857','4620416','180323','51','/media/pi/ZUKE/MUSIC/MMs/MM 50/07 - Vyah Oh De Naal (Urban Mix) - Bhangra Pop.mp3');
insert into disposition ("default","dub","original","comment","lyrics","karaoke","forced","hearing_impaired","visual_impaired","clean_effects","attached_pic","timed_thumbnails","filepath") values ('0','0','0','0','0','0','0','0','0','0','0','0','/media/pi/ZUKE/MUSIC/MMs/MM 50/07 - Vyah Oh De Naal (Urban Mix) - Bhangra Pop.mp3');
insert into tags ("album","composer","genre","title","artist","disc","track","filepath") values ('Mega Mix 50','Zumba Fitness','Bhangra Pop','Vyah Oh De Naal (Urban Mix)','Zumba Fitness','1/1','07/10','/media/pi/ZUKE/MUSIC/MMs/MM 50/07 - Vyah Oh De Naal (Urban Mix) - Bhangra Pop.mp3');
insert into mp3s ("filepath") values ('/media/pi/ZUKE/MUSIC/MMs/MM 50/07 - Vyah Oh De Naal (Urban Mix) - Bhangra Pop.mp3');
insert into streams ("index","codec_name","codec_long_name","codec_type","codec_time_base","codec_tag_string","codec_tag","sample_fmt","sample_rate","channels","channel_layout","bits_per_sample","r_frame_rate","avg_frame_rate","time_base","start_pts","start_time","duration_ts","duration","bit_rate","filepath") values ('0','mp3','MP3 (MPEG audio layer 3)','audio','1/44100','[0][0][0][0]','0x0000','fltp','44100','2','stereo','0','0/0','0/0','1/14112000','0','0','3143761920','222.772245','158279','/media/pi/ZUKE/MUSIC/MMs/MM 50/08 - Remenea - Merengue.mp3');
insert into format ("filename","nb_streams","nb_programs","format_name","format_long_name","start_time","duration","size","bit_rate","probe_score","filepath") values ('/media/pi/ZUKE/MUSIC/MMs/MM 50/08 - Remenea - Merengue.mp3','1','0','mp3','MP2/3 (MPEG audio layer 2/3)','0','222.772245','4409472','158349','51','/media/pi/ZUKE/MUSIC/MMs/MM 50/08 - Remenea - Merengue.mp3');
insert into disposition ("default","dub","original","comment","lyrics","karaoke","forced","hearing_impaired","visual_impaired","clean_effects","attached_pic","timed_thumbnails","filepath") values ('0','0','0','0','0','0','0','0','0','0','0','0','/media/pi/ZUKE/MUSIC/MMs/MM 50/08 - Remenea - Merengue.mp3');
insert into tags ("album","composer","genre","title","artist","disc","track","filepath") values ('Mega Mix 50','Zumba Fitness','Merengue','Remenea','Zumba Fitness','1/1','08/10','/media/pi/ZUKE/MUSIC/MMs/MM 50/08 - Remenea - Merengue.mp3');
insert into mp3s ("filepath") values ('/media/pi/ZUKE/MUSIC/MMs/MM 50/08 - Remenea - Merengue.mp3');
insert into streams ("index","codec_name","codec_long_name","codec_type","codec_time_base","codec_tag_string","codec_tag","sample_fmt","sample_rate","channels","channel_layout","bits_per_sample","r_frame_rate","avg_frame_rate","time_base","start_pts","start_time","duration_ts","duration","bit_rate","filepath") values ('0','mp3','MP3 (MPEG audio layer 3)','audio','1/44100','[0][0][0][0]','0x0000','fltp','44100','2','stereo','0','0/0','0/0','1/14112000','0','0','3000360960','212.610612','148037','/media/pi/ZUKE/MUSIC/MMs/MM 50/09 - Toy Loco - Dembow.mp3');
insert into format ("filename","nb_streams","nb_programs","format_name","format_long_name","start_time","duration","size","bit_rate","probe_score","filepath") values ('/media/pi/ZUKE/MUSIC/MMs/MM 50/09 - Toy Loco - Dembow.mp3','1','0','mp3','MP2/3 (MPEG audio layer 2/3)','0','212.610612','3936384','148116','51','/media/pi/ZUKE/MUSIC/MMs/MM 50/09 - Toy Loco - Dembow.mp3');
insert into disposition ("default","dub","original","comment","lyrics","karaoke","forced","hearing_impaired","visual_impaired","clean_effects","attached_pic","timed_thumbnails","filepath") values ('0','0','0','0','0','0','0','0','0','0','0','0','/media/pi/ZUKE/MUSIC/MMs/MM 50/09 - Toy Loco - Dembow.mp3');
insert into tags ("album","composer","genre","title","artist","disc","track","filepath") values ('Mega Mix 50','Zumba Fitness','Dembow','Toy Loco','Zumba Fitness','1/1','09/10','/media/pi/ZUKE/MUSIC/MMs/MM 50/09 - Toy Loco - Dembow.mp3');
insert into mp3s ("filepath") values ('/media/pi/ZUKE/MUSIC/MMs/MM 50/09 - Toy Loco - Dembow.mp3');
insert into streams ("index","codec_name","codec_long_name","codec_type","codec_time_base","codec_tag_string","codec_tag","sample_fmt","sample_rate","channels","channel_layout","bits_per_sample","r_frame_rate","avg_frame_rate","time_base","start_pts","start_time","duration_ts","duration","bit_rate","filepath") values ('0','mp3','MP3 (MPEG audio layer 3)','audio','1/44100','[0][0][0][0]','0x0000','fltp','44100','2','stereo','0','0/0','0/0','1/14112000','0','0','2681487360','190.014694','154773','/media/pi/ZUKE/MUSIC/MMs/MM 50/10 - Choose Me - Cooldown.mp3');
insert into format ("filename","nb_streams","nb_programs","format_name","format_long_name","start_time","duration","size","bit_rate","probe_score","filepath") values ('/media/pi/ZUKE/MUSIC/MMs/MM 50/10 - Choose Me - Cooldown.mp3','1','0','mp3','MP2/3 (MPEG audio layer 2/3)','0','190.014694','3678336','154865','51','/media/pi/ZUKE/MUSIC/MMs/MM 50/10 - Choose Me - Cooldown.mp3');
insert into disposition ("default","dub","original","comment","lyrics","karaoke","forced","hearing_impaired","visual_impaired","clean_effects","attached_pic","timed_thumbnails","filepath") values ('0','0','0','0','0','0','0','0','0','0','0','0','/media/pi/ZUKE/MUSIC/MMs/MM 50/10 - Choose Me - Cooldown.mp3');
insert into tags ("album","composer","genre","title","artist","disc","track","filepath") values ('Mega Mix 50','Zumba Fitness','Cooldown','Choose Me','Zumba Fitness','1/1','10/10','/media/pi/ZUKE/MUSIC/MMs/MM 50/10 - Choose Me - Cooldown.mp3');
insert into mp3s ("filepath") values ('/media/pi/ZUKE/MUSIC/MMs/MM 50/10 - Choose Me - Cooldown.mp3');
insert into streams ("index","codec_name","codec_long_name","codec_type","codec_time_base","codec_tag_string","codec_tag","sample_fmt","sample_rate","channels","channel_layout","bits_per_sample","r_frame_rate","avg_frame_rate","time_base","start_pts","start_time","duration_ts","duration","bit_rate","filepath") values ('0','mp3','MP3 (MPEG audio layer 3)','audio','1/44100','[0][0][0][0]','0x0000','fltp','44100','2','stereo','0','0/0','0/0','1/14112000','0','0','3019161600','213.942857','157191','/media/pi/ZUKE/MUSIC/MMs/MM 51/01 - Hacerlo Lento - Warm-up.mp3');
insert into format ("filename","nb_streams","nb_programs","format_name","format_long_name","start_time","duration","size","bit_rate","probe_score","filepath") values ('/media/pi/ZUKE/MUSIC/MMs/MM 51/01 - Hacerlo Lento - Warm-up.mp3','1','0','mp3','MP2/3 (MPEG audio layer 2/3)','0','213.942857','4204672','157225','51','/media/pi/ZUKE/MUSIC/MMs/MM 51/01 - Hacerlo Lento - Warm-up.mp3');
insert into disposition ("default","dub","original","comment","lyrics","karaoke","forced","hearing_impaired","visual_impaired","clean_effects","attached_pic","timed_thumbnails","filepath") values ('0','0','0','0','0','0','0','0','0','0','0','0','/media/pi/ZUKE/MUSIC/MMs/MM 51/01 - Hacerlo Lento - Warm-up.mp3');
insert into tags ("album","composer","genre","title","artist","disc","track","filepath") values ('Mega Mix 51','Zumba Fitness','Warm-up','Hacerlo Lento','Zumba Fitness','1/1','01/10','/media/pi/ZUKE/MUSIC/MMs/MM 51/01 - Hacerlo Lento - Warm-up.mp3');
insert into mp3s ("filepath") values ('/media/pi/ZUKE/MUSIC/MMs/MM 51/01 - Hacerlo Lento - Warm-up.mp3');
insert into streams ("index","codec_name","codec_long_name","codec_type","codec_time_base","codec_tag_string","codec_tag","sample_fmt","sample_rate","channels","channel_layout","bits_per_sample","r_frame_rate","avg_frame_rate","time_base","start_pts","start_time","duration_ts","duration","bit_rate","filepath") values ('0','mp3','MP3 (MPEG audio layer 3)','audio','1/44100','[0][0][0][0]','0x0000','fltp','44100','2','stereo','0','0/0','0/0','1/14112000','0','0','3478487040','246.491429','167167','/media/pi/ZUKE/MUSIC/MMs/MM 51/02 - Nueva York, Nueva York - Merengue.mp3');
insert into format ("filename","nb_streams","nb_programs","format_name","format_long_name","start_time","duration","size","bit_rate","probe_score","filepath") values ('/media/pi/ZUKE/MUSIC/MMs/MM 51/02 - Nueva York, Nueva York - Merengue.mp3','1','0','mp3','MP2/3 (MPEG audio layer 2/3)','0','246.491429','5152896','167239','51','/media/pi/ZUKE/MUSIC/MMs/MM 51/02 - Nueva York, Nueva York - Merengue.mp3');
insert into disposition ("default","dub","original","comment","lyrics","karaoke","forced","hearing_impaired","visual_impaired","clean_effects","attached_pic","timed_thumbnails","filepath") values ('0','0','0','0','0','0','0','0','0','0','0','0','/media/pi/ZUKE/MUSIC/MMs/MM 51/02 - Nueva York, Nueva York - Merengue.mp3');
insert into tags ("album","composer","genre","title","artist","disc","track","filepath") values ('Mega Mix 51','Zumba Fitness','Merengue','Nueva York, Nueva York','Zumba Fitness','1/1','02/10','/media/pi/ZUKE/MUSIC/MMs/MM 51/02 - Nueva York, Nueva York - Merengue.mp3');
insert into mp3s ("filepath") values ('/media/pi/ZUKE/MUSIC/MMs/MM 51/02 - Nueva York, Nueva York - Merengue.mp3');
insert into streams ("index","codec_name","codec_long_name","codec_type","codec_time_base","codec_tag_string","codec_tag","sample_fmt","sample_rate","channels","channel_layout","bits_per_sample","r_frame_rate","avg_frame_rate","time_base","start_pts","start_time","duration_ts","duration","bit_rate","filepath") values ('0','mp3','MP3 (MPEG audio layer 3)','audio','1/44100','[0][0][0][0]','0x0000','fltp','44100','2','stereo','0','0/0','0/0','1/14112000','0','0','3372687360','238.994286','168650','/media/pi/ZUKE/MUSIC/MMs/MM 51/03 - Salsa Soca - Salsa.mp3');
insert into format ("filename","nb_streams","nb_programs","format_name","format_long_name","start_time","duration","size","bit_rate","probe_score","filepath") values ('/media/pi/ZUKE/MUSIC/MMs/MM 51/03 - Salsa Soca - Salsa.mp3','1','0','mp3','MP2/3 (MPEG audio layer 2/3)','0','238.994286','5040256','168715','51','/media/pi/ZUKE/MUSIC/MMs/MM 51/03 - Salsa Soca - Salsa.mp3');
insert into disposition ("default","dub","original","comment","lyrics","karaoke","forced","hearing_impaired","visual_impaired","clean_effects","attached_pic","timed_thumbnails","filepath") values ('0','0','0','0','0','0','0','0','0','0','0','0','/media/pi/ZUKE/MUSIC/MMs/MM 51/03 - Salsa Soca - Salsa.mp3');
insert into tags ("album","composer","genre","title","artist","disc","track","filepath") values ('Mega Mix 51','Zumba Fitness','Salsa','Salsa Soca','Zumba Fitness','1/1','03/10','/media/pi/ZUKE/MUSIC/MMs/MM 51/03 - Salsa Soca - Salsa.mp3');
insert into mp3s ("filepath") values ('/media/pi/ZUKE/MUSIC/MMs/MM 51/03 - Salsa Soca - Salsa.mp3');
insert into streams ("index","codec_name","codec_long_name","codec_type","codec_time_base","codec_tag_string","codec_tag","sample_fmt","sample_rate","channels","channel_layout","bits_per_sample","r_frame_rate","avg_frame_rate","time_base","start_pts","start_time","duration_ts","duration","bit_rate","filepath") values ('0','mp3','MP3 (MPEG audio layer 3)','audio','1/44100','[0][0][0][0]','0x0000','fltp','44100','2','stereo','0','0/0','0/0','1/14112000','0','0','3180994560','225.410612','165297','/media/pi/ZUKE/MUSIC/MMs/MM 51/04 - Vaiven - Reggaeton.mp3');
insert into format ("filename","nb_streams","nb_programs","format_name","format_long_name","start_time","duration","size","bit_rate","probe_score","filepath") values ('/media/pi/ZUKE/MUSIC/MMs/MM 51/04 - Vaiven - Reggaeton.mp3','1','0','mp3','MP2/3 (MPEG audio layer 2/3)','0','225.410612','4659328','165363','51','/media/pi/ZUKE/MUSIC/MMs/MM 51/04 - Vaiven - Reggaeton.mp3');
insert into disposition ("default","dub","original","comment","lyrics","karaoke","forced","hearing_impaired","visual_impaired","clean_effects","attached_pic","timed_thumbnails","filepath") values ('0','0','0','0','0','0','0','0','0','0','0','0','/media/pi/ZUKE/MUSIC/MMs/MM 51/04 - Vaiven - Reggaeton.mp3');
insert into tags ("album","composer","genre","title","artist","disc","track","filepath") values ('Mega Mix 51','Zumba Fitness','Reggaeton','Vaiven','Zumba Fitness','1/1','04/10','/media/pi/ZUKE/MUSIC/MMs/MM 51/04 - Vaiven - Reggaeton.mp3');
insert into mp3s ("filepath") values ('/media/pi/ZUKE/MUSIC/MMs/MM 51/04 - Vaiven - Reggaeton.mp3');
insert into streams ("index","codec_name","codec_long_name","codec_type","codec_time_base","codec_tag_string","codec_tag","sample_fmt","sample_rate","channels","channel_layout","bits_per_sample","r_frame_rate","avg_frame_rate","time_base","start_pts","start_time","duration_ts","duration","bit_rate","filepath") values ('0','mp3','MP3 (MPEG audio layer 3)','audio','1/44100','[0][0][0][0]','0x0000','fltp','44100','2','stereo','0','0/0','0/0','1/14112000','0','0','3310018560','234.553469','160571','/media/pi/ZUKE/MUSIC/MMs/MM 51/05 - Kajalu Chellivaa - South Indian Pop.mp3');
insert into format ("filename","nb_streams","nb_programs","format_name","format_long_name","start_time","duration","size","bit_rate","probe_score","filepath") values ('/media/pi/ZUKE/MUSIC/MMs/MM 51/05 - Kajalu Chellivaa - South Indian Pop.mp3','1','0','mp3','MP2/3 (MPEG audio layer 2/3)','0','234.553469','4708480','160593','51','/media/pi/ZUKE/MUSIC/MMs/MM 51/05 - Kajalu Chellivaa - South Indian Pop.mp3');
insert into disposition ("default","dub","original","comment","lyrics","karaoke","forced","hearing_impaired","visual_impaired","clean_effects","attached_pic","timed_thumbnails","filepath") values ('0','0','0','0','0','0','0','0','0','0','0','0','/media/pi/ZUKE/MUSIC/MMs/MM 51/05 - Kajalu Chellivaa - South Indian Pop.mp3');
insert into tags ("album","composer","genre","title","artist","disc","track","filepath") values ('Mega Mix 51','Zumba Fitness','South Indian Pop','Kajalu Chellivaa','Zumba Fitness','1/1','05/10','/media/pi/ZUKE/MUSIC/MMs/MM 51/05 - Kajalu Chellivaa - South Indian Pop.mp3');
insert into mp3s ("filepath") values ('/media/pi/ZUKE/MUSIC/MMs/MM 51/05 - Kajalu Chellivaa - South Indian Pop.mp3');
insert into streams ("index","codec_name","codec_long_name","codec_type","codec_time_base","codec_tag_string","codec_tag","sample_fmt","sample_rate","channels","channel_layout","bits_per_sample","r_frame_rate","avg_frame_rate","time_base","start_pts","start_time","duration_ts","duration","bit_rate","filepath") values ('0','mp3','MP3 (MPEG audio layer 3)','audio','1/44100','[0][0][0][0]','0x0000','fltp','44100','2','stereo','0','0/0','0/0','1/14112000','0','0','2611445760','185.051429','145478','/media/pi/ZUKE/MUSIC/MMs/MM 51/06 - Doh Tell Mi - Soca.mp3');
insert into format ("filename","nb_streams","nb_programs","format_name","format_long_name","start_time","duration","size","bit_rate","probe_score","filepath") values ('/media/pi/ZUKE/MUSIC/MMs/MM 51/06 - Doh Tell Mi - Soca.mp3','1','0','mp3','MP2/3 (MPEG audio layer 2/3)','0','185.051429','3367040','145561','51','/media/pi/ZUKE/MUSIC/MMs/MM 51/06 - Doh Tell Mi - Soca.mp3');
insert into disposition ("default","dub","original","comment","lyrics","karaoke","forced","hearing_impaired","visual_impaired","clean_effects","attached_pic","timed_thumbnails","filepath") values ('0','0','0','0','0','0','0','0','0','0','0','0','/media/pi/ZUKE/MUSIC/MMs/MM 51/06 - Doh Tell Mi - Soca.mp3');
insert into tags ("album","composer","genre","title","artist","disc","track","filepath") values ('Mega Mix 51','Zumba Fitness','Soca','Doh Tell Mi','Zumba Fitness','1/1','06/10','/media/pi/ZUKE/MUSIC/MMs/MM 51/06 - Doh Tell Mi - Soca.mp3');
insert into mp3s ("filepath") values ('/media/pi/ZUKE/MUSIC/MMs/MM 51/06 - Doh Tell Mi - Soca.mp3');
insert into streams ("index","codec_name","codec_long_name","codec_type","codec_time_base","codec_tag_string","codec_tag","sample_fmt","sample_rate","channels","channel_layout","bits_per_sample","r_frame_rate","avg_frame_rate","time_base","start_pts","start_time","duration_ts","duration","bit_rate","filepath") values ('0','mp3','MP3 (MPEG audio layer 3)','audio','1/44100','[0][0][0][0]','0x0000','fltp','44100','2','stereo','0','0/0','0/0','1/14112000','0','0','2947276800','208.848980','152910','/media/pi/ZUKE/MUSIC/MMs/MM 51/07 - Felicidade - Funk Carioca.mp3');
insert into format ("filename","nb_streams","nb_programs","format_name","format_long_name","start_time","duration","size","bit_rate","probe_score","filepath") values ('/media/pi/ZUKE/MUSIC/MMs/MM 51/07 - Felicidade - Funk Carioca.mp3','1','0','mp3','MP2/3 (MPEG audio layer 2/3)','0','208.848980','3993728','152980','51','/media/pi/ZUKE/MUSIC/MMs/MM 51/07 - Felicidade - Funk Carioca.mp3');
insert into disposition ("default","dub","original","comment","lyrics","karaoke","forced","hearing_impaired","visual_impaired","clean_effects","attached_pic","timed_thumbnails","filepath") values ('0','0','0','0','0','0','0','0','0','0','0','0','/media/pi/ZUKE/MUSIC/MMs/MM 51/07 - Felicidade - Funk Carioca.mp3');
insert into tags ("album","composer","genre","title","artist","disc","track","filepath") values ('Mega Mix 51','Zumba Fitness','Funk Carioca','Felicidade','Zumba Fitness','1/1','07/10','/media/pi/ZUKE/MUSIC/MMs/MM 51/07 - Felicidade - Funk Carioca.mp3');
insert into mp3s ("filepath") values ('/media/pi/ZUKE/MUSIC/MMs/MM 51/07 - Felicidade - Funk Carioca.mp3');
insert into streams ("index","codec_name","codec_long_name","codec_type","codec_time_base","codec_tag_string","codec_tag","sample_fmt","sample_rate","channels","channel_layout","bits_per_sample","r_frame_rate","avg_frame_rate","time_base","start_pts","start_time","duration_ts","duration","bit_rate","filepath") values ('0','mp3','MP3 (MPEG audio layer 3)','audio','1/44100','[0][0][0][0]','0x0000','fltp','44100','2','stereo','0','0/0','0/0','1/14112000','0','0','2873548800','203.624490','173055','/media/pi/ZUKE/MUSIC/MMs/MM 51/08 - A Bongo - Electro-Tribal.mp3');
insert into format ("filename","nb_streams","nb_programs","format_name","format_long_name","start_time","duration","size","bit_rate","probe_score","filepath") values ('/media/pi/ZUKE/MUSIC/MMs/MM 51/08 - A Bongo - Electro-Tribal.mp3','1','0','mp3','MP2/3 (MPEG audio layer 2/3)','0','203.624490','4405376','173078','51','/media/pi/ZUKE/MUSIC/MMs/MM 51/08 - A Bongo - Electro-Tribal.mp3');
insert into disposition ("default","dub","original","comment","lyrics","karaoke","forced","hearing_impaired","visual_impaired","clean_effects","attached_pic","timed_thumbnails","filepath") values ('0','0','0','0','0','0','0','0','0','0','0','0','/media/pi/ZUKE/MUSIC/MMs/MM 51/08 - A Bongo - Electro-Tribal.mp3');
insert into tags ("album","composer","genre","title","artist","disc","track","filepath") values ('Mega Mix 51','Zumba Fitness','Electro-Tribal','A Bongo','Zumba Fitness','1/1','08/10','/media/pi/ZUKE/MUSIC/MMs/MM 51/08 - A Bongo - Electro-Tribal.mp3');
insert into mp3s ("filepath") values ('/media/pi/ZUKE/MUSIC/MMs/MM 51/08 - A Bongo - Electro-Tribal.mp3');
insert into streams ("index","codec_name","codec_long_name","codec_type","codec_time_base","codec_tag_string","codec_tag","sample_fmt","sample_rate","channels","channel_layout","bits_per_sample","r_frame_rate","avg_frame_rate","time_base","start_pts","start_time","duration_ts","duration","bit_rate","filepath") values ('0','mp3','MP3 (MPEG audio layer 3)','audio','1/44100','[0][0][0][0]','0x0000','fltp','44100','2','stereo','0','0/0','0/0','1/14112000','0','0','3089571840','218.932245','169639','/media/pi/ZUKE/MUSIC/MMs/MM 51/09 - Come Back To Me - Merengue.mp3');
insert into format ("filename","nb_streams","nb_programs","format_name","format_long_name","start_time","duration","size","bit_rate","probe_score","filepath") values ('/media/pi/ZUKE/MUSIC/MMs/MM 51/09 - Come Back To Me - Merengue.mp3','1','0','mp3','MP2/3 (MPEG audio layer 2/3)','0','218.932245','4642944','169657','51','/media/pi/ZUKE/MUSIC/MMs/MM 51/09 - Come Back To Me - Merengue.mp3');
insert into disposition ("default","dub","original","comment","lyrics","karaoke","forced","hearing_impaired","visual_impaired","clean_effects","attached_pic","timed_thumbnails","filepath") values ('0','0','0','0','0','0','0','0','0','0','0','0','/media/pi/ZUKE/MUSIC/MMs/MM 51/09 - Come Back To Me - Merengue.mp3');
insert into tags ("album","composer","genre","title","artist","disc","track","filepath") values ('Mega Mix 51','Zumba Fitness','Merengue','Come Back To Me','Zumba Fitness','1/1','09/10','/media/pi/ZUKE/MUSIC/MMs/MM 51/09 - Come Back To Me - Merengue.mp3');
insert into mp3s ("filepath") values ('/media/pi/ZUKE/MUSIC/MMs/MM 51/09 - Come Back To Me - Merengue.mp3');
insert into streams ("index","codec_name","codec_long_name","codec_type","codec_time_base","codec_tag_string","codec_tag","sample_fmt","sample_rate","channels","channel_layout","bits_per_sample","r_frame_rate","avg_frame_rate","time_base","start_pts","start_time","duration_ts","duration","bit_rate","filepath") values ('0','mp3','MP3 (MPEG audio layer 3)','audio','1/44100','[0][0][0][0]','0x0000','fltp','44100','2','stereo','0','0/0','0/0','1/14112000','0','0','2476154880','175.464490','152125','/media/pi/ZUKE/MUSIC/MMs/MM 51/10 - Better When I''m Dancing - Cooldown.mp3');
insert into format ("filename","nb_streams","nb_programs","format_name","format_long_name","start_time","duration","size","bit_rate","probe_score","filepath") values ('/media/pi/ZUKE/MUSIC/MMs/MM 51/10 - Better When I''m Dancing - Cooldown.mp3','1','0','mp3','MP2/3 (MPEG audio layer 2/3)','0','175.464490','3338368','152207','51','/media/pi/ZUKE/MUSIC/MMs/MM 51/10 - Better When I''m Dancing - Cooldown.mp3');
insert into disposition ("default","dub","original","comment","lyrics","karaoke","forced","hearing_impaired","visual_impaired","clean_effects","attached_pic","timed_thumbnails","filepath") values ('0','0','0','0','0','0','0','0','0','0','0','0','/media/pi/ZUKE/MUSIC/MMs/MM 51/10 - Better When I''m Dancing - Cooldown.mp3');
insert into tags ("album","composer","genre","title","artist","disc","track","filepath") values ('Mega Mix 51','Zumba Fitness','Cooldown','Better When I''m Dancing','Zumba Fitness','1/1','10/10','/media/pi/ZUKE/MUSIC/MMs/MM 51/10 - Better When I''m Dancing - Cooldown.mp3');
insert into mp3s ("filepath") values ('/media/pi/ZUKE/MUSIC/MMs/MM 51/10 - Better When I''m Dancing - Cooldown.mp3');
insert into streams ("index","codec_name","codec_long_name","codec_type","codec_time_base","codec_tag_string","codec_tag","sample_fmt","sample_rate","channels","channel_layout","bits_per_sample","r_frame_rate","avg_frame_rate","time_base","start_pts","start_time","duration_ts","duration","bit_rate","filepath") values ('0','mp3','MP3 (MPEG audio layer 3)','audio','1/44100','[0][0][0][0]','0x0000','fltp','44100','2','stereo','0','0/0','0/0','1/14112000','0','0','2946170880','208.770612','157581','/media/pi/ZUKE/MUSIC/MMs/MM 52/01 - La Vida Es Una Fiesta - Warm-up.mp3');
insert into format ("filename","nb_streams","nb_programs","format_name","format_long_name","start_time","duration","size","bit_rate","probe_score","filepath") values ('/media/pi/ZUKE/MUSIC/MMs/MM 52/01 - La Vida Es Una Fiesta - Warm-up.mp3','1','0','mp3','MP2/3 (MPEG audio layer 2/3)','0','208.770612','4114560','157668','51','/media/pi/ZUKE/MUSIC/MMs/MM 52/01 - La Vida Es Una Fiesta - Warm-up.mp3');
insert into disposition ("default","dub","original","comment","lyrics","karaoke","forced","hearing_impaired","visual_impaired","clean_effects","attached_pic","timed_thumbnails","filepath") values ('0','0','0','0','0','0','0','0','0','0','0','0','/media/pi/ZUKE/MUSIC/MMs/MM 52/01 - La Vida Es Una Fiesta - Warm-up.mp3');
insert into tags ("album","composer","genre","title","artist","disc","track","filepath") values ('Mega Mix 52','Zumba Fitness','Warm-up','La Vida Es Una Fiesta','Zumba Fitness','1/1','01/10','/media/pi/ZUKE/MUSIC/MMs/MM 52/01 - La Vida Es Una Fiesta - Warm-up.mp3');
insert into mp3s ("filepath") values ('/media/pi/ZUKE/MUSIC/MMs/MM 52/01 - La Vida Es Una Fiesta - Warm-up.mp3');
insert into streams ("index","codec_name","codec_long_name","codec_type","codec_time_base","codec_tag_string","codec_tag","sample_fmt","sample_rate","channels","channel_layout","bits_per_sample","r_frame_rate","avg_frame_rate","time_base","start_pts","start_time","duration_ts","duration","bit_rate","filepath") values ('0','mp3','MP3 (MPEG audio layer 3)','audio','1/44100','[0][0][0][0]','0x0000','fltp','44100','2','stereo','0','0/0','0/0','1/14112000','0','0','2888663040','204.695510','186471','/media/pi/ZUKE/MUSIC/MMs/MM 52/02 - Taka Taka - Merengue Ripiao.mp3');
insert into format ("filename","nb_streams","nb_programs","format_name","format_long_name","start_time","duration","size","bit_rate","probe_score","filepath") values ('/media/pi/ZUKE/MUSIC/MMs/MM 52/02 - Taka Taka - Merengue Ripiao.mp3','1','0','mp3','MP2/3 (MPEG audio layer 2/3)','0','204.695510','4771968','186500','51','/media/pi/ZUKE/MUSIC/MMs/MM 52/02 - Taka Taka - Merengue Ripiao.mp3');
insert into disposition ("default","dub","original","comment","lyrics","karaoke","forced","hearing_impaired","visual_impaired","clean_effects","attached_pic","timed_thumbnails","filepath") values ('0','0','0','0','0','0','0','0','0','0','0','0','/media/pi/ZUKE/MUSIC/MMs/MM 52/02 - Taka Taka - Merengue Ripiao.mp3');
insert into tags ("album","composer","genre","title","artist","disc","track","filepath") values ('Mega Mix 52','Zumba Fitness','Merengue Ripiao','Taka Taka','Zumba Fitness','1/1','02/10','/media/pi/ZUKE/MUSIC/MMs/MM 52/02 - Taka Taka - Merengue Ripiao.mp3');
insert into mp3s ("filepath") values ('/media/pi/ZUKE/MUSIC/MMs/MM 52/02 - Taka Taka - Merengue Ripiao.mp3');
insert into streams ("index","codec_name","codec_long_name","codec_type","codec_time_base","codec_tag_string","codec_tag","sample_fmt","sample_rate","channels","channel_layout","bits_per_sample","r_frame_rate","avg_frame_rate","time_base","start_pts","start_time","duration_ts","duration","bit_rate","filepath") values ('0','mp3','MP3 (MPEG audio layer 3)','audio','1/44100','[0][0][0][0]','0x0000','fltp','44100','2','stereo','0','0/0','0/0','1/14112000','0','0','3495813120','247.719184','167702','/media/pi/ZUKE/MUSIC/MMs/MM 52/03 - Sal a Bailar - Salsa.mp3');
insert into format ("filename","nb_streams","nb_programs","format_name","format_long_name","start_time","duration","size","bit_rate","probe_score","filepath") values ('/media/pi/ZUKE/MUSIC/MMs/MM 52/03 - Sal a Bailar - Salsa.mp3','1','0','mp3','MP2/3 (MPEG audio layer 2/3)','0','247.719184','5193856','167733','51','/media/pi/ZUKE/MUSIC/MMs/MM 52/03 - Sal a Bailar - Salsa.mp3');
insert into disposition ("default","dub","original","comment","lyrics","karaoke","forced","hearing_impaired","visual_impaired","clean_effects","attached_pic","timed_thumbnails","filepath") values ('0','0','0','0','0','0','0','0','0','0','0','0','/media/pi/ZUKE/MUSIC/MMs/MM 52/03 - Sal a Bailar - Salsa.mp3');
insert into tags ("album","composer","genre","title","artist","disc","track","filepath") values ('Mega Mix 52','Zumba Fitness','Salsa','Sal a Bailar','Zumba Fitness','1/1','03/10','/media/pi/ZUKE/MUSIC/MMs/MM 52/03 - Sal a Bailar - Salsa.mp3');
insert into mp3s ("filepath") values ('/media/pi/ZUKE/MUSIC/MMs/MM 52/03 - Sal a Bailar - Salsa.mp3');
insert into streams ("index","codec_name","codec_long_name","codec_type","codec_time_base","codec_tag_string","codec_tag","sample_fmt","sample_rate","channels","channel_layout","bits_per_sample","r_frame_rate","avg_frame_rate","time_base","start_pts","start_time","duration_ts","duration","bit_rate","filepath") values ('0','mp3','MP3 (MPEG audio layer 3)','audio','1/44100','[0][0][0][0]','0x0000','fltp','44100','2','stereo','0','0/0','0/0','1/14112000','0','0','3156664320','223.686531','164434','/media/pi/ZUKE/MUSIC/MMs/MM 52/04 - Pa'' Que Bailes - Reggaeton.mp3');
insert into format ("filename","nb_streams","nb_programs","format_name","format_long_name","start_time","duration","size","bit_rate","probe_score","filepath") values ('/media/pi/ZUKE/MUSIC/MMs/MM 52/04 - Pa'' Que Bailes - Reggaeton.mp3','1','0','mp3','MP2/3 (MPEG audio layer 2/3)','0','223.686531','4599936','164513','51','/media/pi/ZUKE/MUSIC/MMs/MM 52/04 - Pa'' Que Bailes - Reggaeton.mp3');
insert into disposition ("default","dub","original","comment","lyrics","karaoke","forced","hearing_impaired","visual_impaired","clean_effects","attached_pic","timed_thumbnails","filepath") values ('0','0','0','0','0','0','0','0','0','0','0','0','/media/pi/ZUKE/MUSIC/MMs/MM 52/04 - Pa'' Que Bailes - Reggaeton.mp3');
insert into tags ("album","composer","genre","title","artist","disc","track","filepath") values ('Mega Mix 52','Zumba Fitness','Reggaeton','Pa'' Que Bailes','Zumba Fitness','1/1','04/10','/media/pi/ZUKE/MUSIC/MMs/MM 52/04 - Pa'' Que Bailes - Reggaeton.mp3');
insert into mp3s ("filepath") values ('/media/pi/ZUKE/MUSIC/MMs/MM 52/04 - Pa'' Que Bailes - Reggaeton.mp3');
insert into streams ("index","codec_name","codec_long_name","codec_type","codec_time_base","codec_tag_string","codec_tag","sample_fmt","sample_rate","channels","channel_layout","bits_per_sample","r_frame_rate","avg_frame_rate","time_base","start_pts","start_time","duration_ts","duration","bit_rate","filepath") values ('0','mp3','MP3 (MPEG audio layer 3)','audio','1/44100','[0][0][0][0]','0x0000','fltp','44100','2','stereo','0','0/0','0/0','1/14112000','0','0','2470993920','175.098776','141445','/media/pi/ZUKE/MUSIC/MMs/MM 52/05 - Mar Adentro (II Canto Della Sirena) - Cumbia Electronica.mp3');
insert into format ("filename","nb_streams","nb_programs","format_name","format_long_name","start_time","duration","size","bit_rate","probe_score","filepath") values ('/media/pi/ZUKE/MUSIC/MMs/MM 52/05 - Mar Adentro (II Canto Della Sirena) - Cumbia Electronica.mp3','1','0','mp3','MP2/3 (MPEG audio layer 2/3)','0','175.098776','3096704','141483','51','/media/pi/ZUKE/MUSIC/MMs/MM 52/05 - Mar Adentro (II Canto Della Sirena) - Cumbia Electronica.mp3');
insert into disposition ("default","dub","original","comment","lyrics","karaoke","forced","hearing_impaired","visual_impaired","clean_effects","attached_pic","timed_thumbnails","filepath") values ('0','0','0','0','0','0','0','0','0','0','0','0','/media/pi/ZUKE/MUSIC/MMs/MM 52/05 - Mar Adentro (II Canto Della Sirena) - Cumbia Electronica.mp3');
insert into tags ("album","composer","genre","title","artist","disc","track","filepath") values ('Mega Mix 52','Zumba Fitness','Cumbia Electronica','Mar Adentro (II Canto Della Sirena)','Zumba Fitness','1/1','05/10','/media/pi/ZUKE/MUSIC/MMs/MM 52/05 - Mar Adentro (II Canto Della Sirena) - Cumbia Electronica.mp3');
insert into mp3s ("filepath") values ('/media/pi/ZUKE/MUSIC/MMs/MM 52/05 - Mar Adentro (II Canto Della Sirena) - Cumbia Electronica.mp3');
insert into streams ("index","codec_name","codec_long_name","codec_type","codec_time_base","codec_tag_string","codec_tag","sample_fmt","sample_rate","channels","channel_layout","bits_per_sample","r_frame_rate","avg_frame_rate","time_base","start_pts","start_time","duration_ts","duration","bit_rate","filepath") values ('0','mp3','MP3 (MPEG audio layer 3)','audio','1/44100','[0][0][0][0]','0x0000','fltp','44100','2','stereo','0','0/0','0/0','1/14112000','0','0','2925527040','207.307755','148169','/media/pi/ZUKE/MUSIC/MMs/MM 52/06 - Irresistible - Rock.mp3');
insert into format ("filename","nb_streams","nb_programs","format_name","format_long_name","start_time","duration","size","bit_rate","probe_score","filepath") values ('/media/pi/ZUKE/MUSIC/MMs/MM 52/06 - Irresistible - Rock.mp3','1','0','mp3','MP2/3 (MPEG audio layer 2/3)','0','207.307755','3840128','148190','51','/media/pi/ZUKE/MUSIC/MMs/MM 52/06 - Irresistible - Rock.mp3');
insert into disposition ("default","dub","original","comment","lyrics","karaoke","forced","hearing_impaired","visual_impaired","clean_effects","attached_pic","timed_thumbnails","filepath") values ('0','0','0','0','0','0','0','0','0','0','0','0','/media/pi/ZUKE/MUSIC/MMs/MM 52/06 - Irresistible - Rock.mp3');
insert into tags ("album","composer","genre","title","artist","disc","track","filepath") values ('Mega Mix 52','Zumba Fitness','Rock','Irresistible','Zumba Fitness','1/1','06/10','/media/pi/ZUKE/MUSIC/MMs/MM 52/06 - Irresistible - Rock.mp3');
insert into mp3s ("filepath") values ('/media/pi/ZUKE/MUSIC/MMs/MM 52/06 - Irresistible - Rock.mp3');
insert into streams ("index","codec_name","codec_long_name","codec_type","codec_time_base","codec_tag_string","codec_tag","sample_fmt","sample_rate","channels","channel_layout","bits_per_sample","r_frame_rate","avg_frame_rate","time_base","start_pts","start_time","duration_ts","duration","bit_rate","filepath") values ('0','mp3','MP3 (MPEG audio layer 3)','audio','1/44100','[0][0][0][0]','0x0000','fltp','44100','2','stereo','0','0/0','0/0','1/14112000','0','0','3161456640','224.026122','156060','/media/pi/ZUKE/MUSIC/MMs/MM 52/07 - Kukere - Azonto.mp3');
insert into format ("filename","nb_streams","nb_programs","format_name","format_long_name","start_time","duration","size","bit_rate","probe_score","filepath") values ('/media/pi/ZUKE/MUSIC/MMs/MM 52/07 - Kukere - Azonto.mp3','1','0','mp3','MP2/3 (MPEG audio layer 2/3)','0','224.026122','4370560','156073','51','/media/pi/ZUKE/MUSIC/MMs/MM 52/07 - Kukere - Azonto.mp3');
insert into disposition ("default","dub","original","comment","lyrics","karaoke","forced","hearing_impaired","visual_impaired","clean_effects","attached_pic","timed_thumbnails","filepath") values ('0','0','0','0','0','0','0','0','0','0','0','0','/media/pi/ZUKE/MUSIC/MMs/MM 52/07 - Kukere - Azonto.mp3');
insert into tags ("album","composer","genre","title","artist","disc","track","filepath") values ('Mega Mix 52','Zumba Fitness','Azonto','Kukere','Zumba Fitness','1/1','07/10','/media/pi/ZUKE/MUSIC/MMs/MM 52/07 - Kukere - Azonto.mp3');
insert into mp3s ("filepath") values ('/media/pi/ZUKE/MUSIC/MMs/MM 52/07 - Kukere - Azonto.mp3');
insert into streams ("index","codec_name","codec_long_name","codec_type","codec_time_base","codec_tag_string","codec_tag","sample_fmt","sample_rate","channels","channel_layout","bits_per_sample","r_frame_rate","avg_frame_rate","time_base","start_pts","start_time","duration_ts","duration","bit_rate","filepath") values ('0','mp3','MP3 (MPEG audio layer 3)','audio','1/44100','[0][0][0][0]','0x0000','fltp','44100','2','stereo','0','0/0','0/0','1/14112000','0','0','2530713600','179.330612','166591','/media/pi/ZUKE/MUSIC/MMs/MM 52/08 - Milonga con Azucar - Milonga.mp3');
insert into format ("filename","nb_streams","nb_programs","format_name","format_long_name","start_time","duration","size","bit_rate","probe_score","filepath") values ('/media/pi/ZUKE/MUSIC/MMs/MM 52/08 - Milonga con Azucar - Milonga.mp3','1','0','mp3','MP2/3 (MPEG audio layer 2/3)','0','179.330612','3735680','166649','51','/media/pi/ZUKE/MUSIC/MMs/MM 52/08 - Milonga con Azucar - Milonga.mp3');
insert into disposition ("default","dub","original","comment","lyrics","karaoke","forced","hearing_impaired","visual_impaired","clean_effects","attached_pic","timed_thumbnails","filepath") values ('0','0','0','0','0','0','0','0','0','0','0','0','/media/pi/ZUKE/MUSIC/MMs/MM 52/08 - Milonga con Azucar - Milonga.mp3');
insert into tags ("album","composer","genre","title","artist","disc","track","filepath") values ('Mega Mix 52','Zumba Fitness','Milonga','Milonga con Azucar','Zumba Fitness','1/1','08/10','/media/pi/ZUKE/MUSIC/MMs/MM 52/08 - Milonga con Azucar - Milonga.mp3');
insert into mp3s ("filepath") values ('/media/pi/ZUKE/MUSIC/MMs/MM 52/08 - Milonga con Azucar - Milonga.mp3');
insert into streams ("index","codec_name","codec_long_name","codec_type","codec_time_base","codec_tag_string","codec_tag","sample_fmt","sample_rate","channels","channel_layout","bits_per_sample","r_frame_rate","avg_frame_rate","time_base","start_pts","start_time","duration_ts","duration","bit_rate","filepath") values ('0','mp3','MP3 (MPEG audio layer 3)','audio','1/44100','[0][0][0][0]','0x0000','fltp','44100','2','stereo','0','0/0','0/0','1/14112000','0','0','3313704960','234.814694','158995','/media/pi/ZUKE/MUSIC/MMs/MM 52/09 - La Aspirina - Merengue.mp3');
insert into format ("filename","nb_streams","nb_programs","format_name","format_long_name","start_time","duration","size","bit_rate","probe_score","filepath") values ('/media/pi/ZUKE/MUSIC/MMs/MM 52/09 - La Aspirina - Merengue.mp3','1','0','mp3','MP2/3 (MPEG audio layer 2/3)','0','234.814694','4667520','159019','51','/media/pi/ZUKE/MUSIC/MMs/MM 52/09 - La Aspirina - Merengue.mp3');
insert into disposition ("default","dub","original","comment","lyrics","karaoke","forced","hearing_impaired","visual_impaired","clean_effects","attached_pic","timed_thumbnails","filepath") values ('0','0','0','0','0','0','0','0','0','0','0','0','/media/pi/ZUKE/MUSIC/MMs/MM 52/09 - La Aspirina - Merengue.mp3');
insert into tags ("album","composer","genre","title","artist","disc","track","filepath") values ('Mega Mix 52','Zumba Fitness','Merengue','La Aspirina','Zumba Fitness','1/1','09/10','/media/pi/ZUKE/MUSIC/MMs/MM 52/09 - La Aspirina - Merengue.mp3');
insert into mp3s ("filepath") values ('/media/pi/ZUKE/MUSIC/MMs/MM 52/09 - La Aspirina - Merengue.mp3');
insert into streams ("index","codec_name","codec_long_name","codec_type","codec_time_base","codec_tag_string","codec_tag","sample_fmt","sample_rate","channels","channel_layout","bits_per_sample","r_frame_rate","avg_frame_rate","time_base","start_pts","start_time","duration_ts","duration","bit_rate","filepath") values ('0','mp3','MP3 (MPEG audio layer 3)','audio','1/44100','[0][0][0][0]','0x0000','fltp','44100','2','stereo','0','0/0','0/0','1/14112000','0','0','3236659200','229.355102','156637','/media/pi/ZUKE/MUSIC/MMs/MM 52/10 - Easy Love - Electro Pop.mp3');
insert into format ("filename","nb_streams","nb_programs","format_name","format_long_name","start_time","duration","size","bit_rate","probe_score","filepath") values ('/media/pi/ZUKE/MUSIC/MMs/MM 52/10 - Easy Love - Electro Pop.mp3','1','0','mp3','MP2/3 (MPEG audio layer 2/3)','0','229.355102','4491392','156661','51','/media/pi/ZUKE/MUSIC/MMs/MM 52/10 - Easy Love - Electro Pop.mp3');
insert into disposition ("default","dub","original","comment","lyrics","karaoke","forced","hearing_impaired","visual_impaired","clean_effects","attached_pic","timed_thumbnails","filepath") values ('0','0','0','0','0','0','0','0','0','0','0','0','/media/pi/ZUKE/MUSIC/MMs/MM 52/10 - Easy Love - Electro Pop.mp3');
insert into tags ("album","composer","genre","title","artist","disc","track","filepath") values ('Mega Mix 52','Zumba Fitness','Electro Pop','Easy Love','Zumba Fitness','1/1','10/10','/media/pi/ZUKE/MUSIC/MMs/MM 52/10 - Easy Love - Electro Pop.mp3');
insert into mp3s ("filepath") values ('/media/pi/ZUKE/MUSIC/MMs/MM 52/10 - Easy Love - Electro Pop.mp3');
insert into streams ("index","codec_name","codec_long_name","codec_type","codec_time_base","codec_tag_string","codec_tag","sample_fmt","sample_rate","channels","channel_layout","bits_per_sample","r_frame_rate","avg_frame_rate","time_base","start_pts","start_time","duration_ts","duration","bit_rate","filepath") values ('0','mp3','MP3 (MPEG audio layer 3)','audio','1/44100','[0][0][0][0]','0x0000','fltp','44100','2','stereo','0','0/0','0/0','1/14112000','0','0','3303383040','234.083265','154679','/media/pi/ZUKE/MUSIC/MMs/MM 53/01 - Verano - Merengue.mp3');
insert into format ("filename","nb_streams","nb_programs","format_name","format_long_name","start_time","duration","size","bit_rate","probe_score","filepath") values ('/media/pi/ZUKE/MUSIC/MMs/MM 53/01 - Verano - Merengue.mp3','1','0','mp3','MP2/3 (MPEG audio layer 2/3)','0','234.083265','4528256','154757','51','/media/pi/ZUKE/MUSIC/MMs/MM 53/01 - Verano - Merengue.mp3');
insert into disposition ("default","dub","original","comment","lyrics","karaoke","forced","hearing_impaired","visual_impaired","clean_effects","attached_pic","timed_thumbnails","filepath") values ('0','0','0','0','0','0','0','0','0','0','0','0','/media/pi/ZUKE/MUSIC/MMs/MM 53/01 - Verano - Merengue.mp3');
insert into tags ("album","composer","genre","title","artist","disc","track","filepath") values ('Mega Mix 53','Zumba Fitness','Merengue','Verano','Zumba Fitness','1/1','01/10','/media/pi/ZUKE/MUSIC/MMs/MM 53/01 - Verano - Merengue.mp3');
insert into mp3s ("filepath") values ('/media/pi/ZUKE/MUSIC/MMs/MM 53/01 - Verano - Merengue.mp3');
insert into streams ("index","codec_name","codec_long_name","codec_type","codec_time_base","codec_tag_string","codec_tag","sample_fmt","sample_rate","channels","channel_layout","bits_per_sample","r_frame_rate","avg_frame_rate","time_base","start_pts","start_time","duration_ts","duration","bit_rate","filepath") values ('0','mp3','MP3 (MPEG audio layer 3)','audio','1/44100','[0][0][0][0]','0x0000','fltp','44100','2','stereo','0','0/0','0/0','1/14112000','0','0','3248824320','230.217143','182731','/media/pi/ZUKE/MUSIC/MMs/MM 53/02 - Quiero Verte Bailar - Salsa.mp3');
insert into format ("filename","nb_streams","nb_programs","format_name","format_long_name","start_time","duration","size","bit_rate","probe_score","filepath") values ('/media/pi/ZUKE/MUSIC/MMs/MM 53/02 - Quiero Verte Bailar - Salsa.mp3','1','0','mp3','MP2/3 (MPEG audio layer 2/3)','0','230.217143','5259392','182762','51','/media/pi/ZUKE/MUSIC/MMs/MM 53/02 - Quiero Verte Bailar - Salsa.mp3');
insert into disposition ("default","dub","original","comment","lyrics","karaoke","forced","hearing_impaired","visual_impaired","clean_effects","attached_pic","timed_thumbnails","filepath") values ('0','0','0','0','0','0','0','0','0','0','0','0','/media/pi/ZUKE/MUSIC/MMs/MM 53/02 - Quiero Verte Bailar - Salsa.mp3');
insert into tags ("album","composer","genre","title","artist","disc","track","filepath") values ('Mega Mix 53','Zumba Fitness','Salsa','Quiero Verte Bailar','Zumba Fitness','1/1','02/10','/media/pi/ZUKE/MUSIC/MMs/MM 53/02 - Quiero Verte Bailar - Salsa.mp3');
insert into mp3s ("filepath") values ('/media/pi/ZUKE/MUSIC/MMs/MM 53/02 - Quiero Verte Bailar - Salsa.mp3');
insert into streams ("index","codec_name","codec_long_name","codec_type","codec_time_base","codec_tag_string","codec_tag","sample_fmt","sample_rate","channels","channel_layout","bits_per_sample","r_frame_rate","avg_frame_rate","time_base","start_pts","start_time","duration_ts","duration","bit_rate","filepath") values ('0','mp3','MP3 (MPEG audio layer 3)','audio','1/44100','[0][0][0][0]','0x0000','fltp','44100','2','stereo','0','0/0','0/0','1/14112000','0','0','2806456320','198.870204','157350','/media/pi/ZUKE/MUSIC/MMs/MM 53/03 - Hasta el Amanecer - Reggaeton.mp3');
insert into format ("filename","nb_streams","nb_programs","format_name","format_long_name","start_time","duration","size","bit_rate","probe_score","filepath") values ('/media/pi/ZUKE/MUSIC/MMs/MM 53/03 - Hasta el Amanecer - Reggaeton.mp3','1','0','mp3','MP2/3 (MPEG audio layer 2/3)','0','198.870204','3913856','157443','51','/media/pi/ZUKE/MUSIC/MMs/MM 53/03 - Hasta el Amanecer - Reggaeton.mp3');
insert into disposition ("default","dub","original","comment","lyrics","karaoke","forced","hearing_impaired","visual_impaired","clean_effects","attached_pic","timed_thumbnails","filepath") values ('0','0','0','0','0','0','0','0','0','0','0','0','/media/pi/ZUKE/MUSIC/MMs/MM 53/03 - Hasta el Amanecer - Reggaeton.mp3');
insert into tags ("album","composer","genre","title","artist","disc","track","filepath") values ('Mega Mix 53','Zumba Fitness','Reggaeton','Hasta el Amanecer','Zumba Fitness','1/1','03/10','/media/pi/ZUKE/MUSIC/MMs/MM 53/03 - Hasta el Amanecer - Reggaeton.mp3');
insert into mp3s ("filepath") values ('/media/pi/ZUKE/MUSIC/MMs/MM 53/03 - Hasta el Amanecer - Reggaeton.mp3');
insert into streams ("index","codec_name","codec_long_name","codec_type","codec_time_base","codec_tag_string","codec_tag","sample_fmt","sample_rate","channels","channel_layout","bits_per_sample","r_frame_rate","avg_frame_rate","time_base","start_pts","start_time","duration_ts","duration","bit_rate","filepath") values ('0','mp3','MP3 (MPEG audio layer 3)','audio','1/44100','[0][0][0][0]','0x0000','fltp','44100','2','stereo','0','0/0','0/0','1/14112000','0','0','3056394240','216.581224','153652','/media/pi/ZUKE/MUSIC/MMs/MM 53/04 - No - Hip-Hop.mp3');
insert into format ("filename","nb_streams","nb_programs","format_name","format_long_name","start_time","duration","size","bit_rate","probe_score","filepath") values ('/media/pi/ZUKE/MUSIC/MMs/MM 53/04 - No - Hip-Hop.mp3','1','0','mp3','MP2/3 (MPEG audio layer 2/3)','0','216.581224','4161664','153722','51','/media/pi/ZUKE/MUSIC/MMs/MM 53/04 - No - Hip-Hop.mp3');
insert into disposition ("default","dub","original","comment","lyrics","karaoke","forced","hearing_impaired","visual_impaired","clean_effects","attached_pic","timed_thumbnails","filepath") values ('0','0','0','0','0','0','0','0','0','0','0','0','/media/pi/ZUKE/MUSIC/MMs/MM 53/04 - No - Hip-Hop.mp3');
insert into tags ("album","composer","genre","title","artist","disc","track","filepath") values ('Mega Mix 53','Zumba Fitness','Hip-Hop','No','Zumba Fitness','1/1','04/10','/media/pi/ZUKE/MUSIC/MMs/MM 53/04 - No - Hip-Hop.mp3');
insert into mp3s ("filepath") values ('/media/pi/ZUKE/MUSIC/MMs/MM 53/04 - No - Hip-Hop.mp3');
insert into streams ("index","codec_name","codec_long_name","codec_type","codec_time_base","codec_tag_string","codec_tag","sample_fmt","sample_rate","channels","channel_layout","bits_per_sample","r_frame_rate","avg_frame_rate","time_base","start_pts","start_time","duration_ts","duration","bit_rate","filepath") values ('0','mp3','MP3 (MPEG audio layer 3)','audio','1/44100','[0][0][0][0]','0x0000','fltp','44100','2','stereo','0','0/0','0/0','1/14112000','0','0','2708766720','191.947755','159826','/media/pi/ZUKE/MUSIC/MMs/MM 53/05 - Dale (Radio Edit) - Dance.mp3');
insert into format ("filename","nb_streams","nb_programs","format_name","format_long_name","start_time","duration","size","bit_rate","probe_score","filepath") values ('/media/pi/ZUKE/MUSIC/MMs/MM 53/05 - Dale (Radio Edit) - Dance.mp3','1','0','mp3','MP2/3 (MPEG audio layer 2/3)','0','191.947755','3836032','159878','51','/media/pi/ZUKE/MUSIC/MMs/MM 53/05 - Dale (Radio Edit) - Dance.mp3');
insert into disposition ("default","dub","original","comment","lyrics","karaoke","forced","hearing_impaired","visual_impaired","clean_effects","attached_pic","timed_thumbnails","filepath") values ('0','0','0','0','0','0','0','0','0','0','0','0','/media/pi/ZUKE/MUSIC/MMs/MM 53/05 - Dale (Radio Edit) - Dance.mp3');
insert into tags ("album","composer","genre","title","artist","disc","track","filepath") values ('Mega Mix 53','Zumba Fitness','Dance','Dale (Radio Edit)','Zumba Fitness','1/1','05/10','/media/pi/ZUKE/MUSIC/MMs/MM 53/05 - Dale (Radio Edit) - Dance.mp3');
insert into mp3s ("filepath") values ('/media/pi/ZUKE/MUSIC/MMs/MM 53/05 - Dale (Radio Edit) - Dance.mp3');
insert into streams ("index","codec_name","codec_long_name","codec_type","codec_time_base","codec_tag_string","codec_tag","sample_fmt","sample_rate","channels","channel_layout","bits_per_sample","r_frame_rate","avg_frame_rate","time_base","start_pts","start_time","duration_ts","duration","bit_rate","filepath") values ('0','mp3','MP3 (MPEG audio layer 3)','audio','1/44100','[0][0][0][0]','0x0000','fltp','44100','2','stereo','0','0/0','0/0','1/14112000','0','0','2643517440','187.324082','164224','/media/pi/ZUKE/MUSIC/MMs/MM 53/06 - La Cumbia Del Cucu - Cumbia.mp3');
insert into format ("filename","nb_streams","nb_programs","format_name","format_long_name","start_time","duration","size","bit_rate","probe_score","filepath") values ('/media/pi/ZUKE/MUSIC/MMs/MM 53/06 - La Cumbia Del Cucu - Cumbia.mp3','1','0','mp3','MP2/3 (MPEG audio layer 2/3)','0','187.324082','3846272','164261','51','/media/pi/ZUKE/MUSIC/MMs/MM 53/06 - La Cumbia Del Cucu - Cumbia.mp3');
insert into disposition ("default","dub","original","comment","lyrics","karaoke","forced","hearing_impaired","visual_impaired","clean_effects","attached_pic","timed_thumbnails","filepath") values ('0','0','0','0','0','0','0','0','0','0','0','0','/media/pi/ZUKE/MUSIC/MMs/MM 53/06 - La Cumbia Del Cucu - Cumbia.mp3');
insert into tags ("album","composer","genre","title","artist","disc","track","filepath") values ('Mega Mix 53','Zumba Fitness','Cumbia','La Cumbia Del Cucu','Zumba Fitness','1/1','06/10','/media/pi/ZUKE/MUSIC/MMs/MM 53/06 - La Cumbia Del Cucu - Cumbia.mp3');
insert into mp3s ("filepath") values ('/media/pi/ZUKE/MUSIC/MMs/MM 53/06 - La Cumbia Del Cucu - Cumbia.mp3');
insert into streams ("index","codec_name","codec_long_name","codec_type","codec_time_base","codec_tag_string","codec_tag","sample_fmt","sample_rate","channels","channel_layout","bits_per_sample","r_frame_rate","avg_frame_rate","time_base","start_pts","start_time","duration_ts","duration","bit_rate","filepath") values ('0','mp3','MP3 (MPEG audio layer 3)','audio','1/44100','[0][0][0][0]','0x0000','fltp','44100','2','stereo','0','0/0','0/0','1/14112000','0','0','2827837440','200.385306','155298','/media/pi/ZUKE/MUSIC/MMs/MM 53/07 - La Vida - Soca.mp3');
insert into format ("filename","nb_streams","nb_programs","format_name","format_long_name","start_time","duration","size","bit_rate","probe_score","filepath") values ('/media/pi/ZUKE/MUSIC/MMs/MM 53/07 - La Vida - Soca.mp3','1','0','mp3','MP2/3 (MPEG audio layer 2/3)','0','200.385306','3891328','155353','51','/media/pi/ZUKE/MUSIC/MMs/MM 53/07 - La Vida - Soca.mp3');
insert into disposition ("default","dub","original","comment","lyrics","karaoke","forced","hearing_impaired","visual_impaired","clean_effects","attached_pic","timed_thumbnails","filepath") values ('0','0','0','0','0','0','0','0','0','0','0','0','/media/pi/ZUKE/MUSIC/MMs/MM 53/07 - La Vida - Soca.mp3');
insert into tags ("album","composer","genre","title","artist","disc","track","filepath") values ('Mega Mix 53','Zumba Fitness','Soca','La Vida','Zumba Fitness','1/1','07/10','/media/pi/ZUKE/MUSIC/MMs/MM 53/07 - La Vida - Soca.mp3');
insert into mp3s ("filepath") values ('/media/pi/ZUKE/MUSIC/MMs/MM 53/07 - La Vida - Soca.mp3');
insert into streams ("index","codec_name","codec_long_name","codec_type","codec_time_base","codec_tag_string","codec_tag","sample_fmt","sample_rate","channels","channel_layout","bits_per_sample","r_frame_rate","avg_frame_rate","time_base","start_pts","start_time","duration_ts","duration","bit_rate","filepath") values ('0','mp3','MP3 (MPEG audio layer 3)','audio','1/44100','[0][0][0][0]','0x0000','fltp','44100','2','stereo','0','0/0','0/0','1/14112000','0','0','3068928000','217.469388','151686','/media/pi/ZUKE/MUSIC/MMs/MM 53/08 - Cheap Thrills - Pop.mp3');
insert into format ("filename","nb_streams","nb_programs","format_name","format_long_name","start_time","duration","size","bit_rate","probe_score","filepath") values ('/media/pi/ZUKE/MUSIC/MMs/MM 53/08 - Cheap Thrills - Pop.mp3','1','0','mp3','MP2/3 (MPEG audio layer 2/3)','0','217.469388','4124800','151738','51','/media/pi/ZUKE/MUSIC/MMs/MM 53/08 - Cheap Thrills - Pop.mp3');
insert into disposition ("default","dub","original","comment","lyrics","karaoke","forced","hearing_impaired","visual_impaired","clean_effects","attached_pic","timed_thumbnails","filepath") values ('0','0','0','0','0','0','0','0','0','0','0','0','/media/pi/ZUKE/MUSIC/MMs/MM 53/08 - Cheap Thrills - Pop.mp3');
insert into tags ("album","composer","genre","title","artist","disc","track","filepath") values ('Mega Mix 53','Zumba Fitness','Pop','Cheap Thrills','Zumba Fitness','1/1','08/10','/media/pi/ZUKE/MUSIC/MMs/MM 53/08 - Cheap Thrills - Pop.mp3');
insert into mp3s ("filepath") values ('/media/pi/ZUKE/MUSIC/MMs/MM 53/08 - Cheap Thrills - Pop.mp3');
insert into streams ("index","codec_name","codec_long_name","codec_type","codec_time_base","codec_tag_string","codec_tag","sample_fmt","sample_rate","channels","channel_layout","bits_per_sample","r_frame_rate","avg_frame_rate","time_base","start_pts","start_time","duration_ts","duration","bit_rate","filepath") values ('0','mp3','MP3 (MPEG audio layer 3)','audio','1/44100','[0][0][0][0]','0x0000','fltp','44100','2','stereo','0','0/0','0/0','1/14112000','0','0','4073840640','288.679184','179240','/media/pi/ZUKE/MUSIC/MMs/MM 53/09 - Bolliyan - Bhangra.mp3');
insert into format ("filename","nb_streams","nb_programs","format_name","format_long_name","start_time","duration","size","bit_rate","probe_score","filepath") values ('/media/pi/ZUKE/MUSIC/MMs/MM 53/09 - Bolliyan - Bhangra.mp3','1','0','mp3','MP2/3 (MPEG audio layer 2/3)','0','288.679184','6469760','179292','51','/media/pi/ZUKE/MUSIC/MMs/MM 53/09 - Bolliyan - Bhangra.mp3');
insert into disposition ("default","dub","original","comment","lyrics","karaoke","forced","hearing_impaired","visual_impaired","clean_effects","attached_pic","timed_thumbnails","filepath") values ('0','0','0','0','0','0','0','0','0','0','0','0','/media/pi/ZUKE/MUSIC/MMs/MM 53/09 - Bolliyan - Bhangra.mp3');
insert into tags ("album","composer","genre","title","artist","disc","track","filepath") values ('Mega Mix 53','Zumba Fitness','Bhangra','Bolliyan','Zumba Fitness','1/1','09/10','/media/pi/ZUKE/MUSIC/MMs/MM 53/09 - Bolliyan - Bhangra.mp3');
insert into mp3s ("filepath") values ('/media/pi/ZUKE/MUSIC/MMs/MM 53/09 - Bolliyan - Bhangra.mp3');
insert into streams ("index","codec_name","codec_long_name","codec_type","codec_time_base","codec_tag_string","codec_tag","sample_fmt","sample_rate","channels","channel_layout","bits_per_sample","r_frame_rate","avg_frame_rate","time_base","start_pts","start_time","duration_ts","duration","bit_rate","filepath") values ('0','mp3','MP3 (MPEG audio layer 3)','audio','1/44100','[0][0][0][0]','0x0000','fltp','44100','2','stereo','0','0/0','0/0','1/14112000','0','0','2718720000','192.653061','152410','/media/pi/ZUKE/MUSIC/MMs/MM 53/10 - Dancing Kizomba - Kizomba.mp3');
insert into format ("filename","nb_streams","nb_programs","format_name","format_long_name","start_time","duration","size","bit_rate","probe_score","filepath") values ('/media/pi/ZUKE/MUSIC/MMs/MM 53/10 - Dancing Kizomba - Kizomba.mp3','1','0','mp3','MP2/3 (MPEG audio layer 2/3)','0','192.653061','3672192','152489','51','/media/pi/ZUKE/MUSIC/MMs/MM 53/10 - Dancing Kizomba - Kizomba.mp3');
insert into disposition ("default","dub","original","comment","lyrics","karaoke","forced","hearing_impaired","visual_impaired","clean_effects","attached_pic","timed_thumbnails","filepath") values ('0','0','0','0','0','0','0','0','0','0','0','0','/media/pi/ZUKE/MUSIC/MMs/MM 53/10 - Dancing Kizomba - Kizomba.mp3');
insert into tags ("album","composer","genre","title","artist","disc","track","filepath") values ('Mega Mix 53','Zumba Fitness','Kizomba','Dancing Kizomba','Zumba Fitness','1/1','10/10','/media/pi/ZUKE/MUSIC/MMs/MM 53/10 - Dancing Kizomba - Kizomba.mp3');
insert into mp3s ("filepath") values ('/media/pi/ZUKE/MUSIC/MMs/MM 53/10 - Dancing Kizomba - Kizomba.mp3');
insert into streams ("index","codec_name","codec_long_name","codec_type","codec_time_base","codec_tag_string","codec_tag","sample_fmt","sample_rate","channels","channel_layout","bits_per_sample","r_frame_rate","avg_frame_rate","time_base","start_pts","start_time","duration_ts","duration","bit_rate","filepath") values ('0','mp3','MP3 (MPEG audio layer 3)','audio','1/44100','[0][0][0][0]','0x0000','fltp','44100','2','stereo','0','0/0','0/0','1/14112000','0','0','3061923840','216.973061','161326','/media/pi/ZUKE/MUSIC/MMs/MM 54/01 - Dejenme Vivir - Merengue.mp3');
insert into format ("filename","nb_streams","nb_programs","format_name","format_long_name","start_time","duration","size","bit_rate","probe_score","filepath") values ('/media/pi/ZUKE/MUSIC/MMs/MM 54/01 - Dejenme Vivir - Merengue.mp3','1','0','mp3','MP2/3 (MPEG audio layer 2/3)','0','216.973061','4376704','161373','51','/media/pi/ZUKE/MUSIC/MMs/MM 54/01 - Dejenme Vivir - Merengue.mp3');
insert into disposition ("default","dub","original","comment","lyrics","karaoke","forced","hearing_impaired","visual_impaired","clean_effects","attached_pic","timed_thumbnails","filepath") values ('0','0','0','0','0','0','0','0','0','0','0','0','/media/pi/ZUKE/MUSIC/MMs/MM 54/01 - Dejenme Vivir - Merengue.mp3');
insert into tags ("album","composer","genre","title","artist","disc","track","filepath") values ('Mega Mix 54','Zumba Fitness','Merengue','Dejenme Vivir','Zumba Fitness','1/1','01/10','/media/pi/ZUKE/MUSIC/MMs/MM 54/01 - Dejenme Vivir - Merengue.mp3');
insert into mp3s ("filepath") values ('/media/pi/ZUKE/MUSIC/MMs/MM 54/01 - Dejenme Vivir - Merengue.mp3');
insert into streams ("index","codec_name","codec_long_name","codec_type","codec_time_base","codec_tag_string","codec_tag","sample_fmt","sample_rate","channels","channel_layout","bits_per_sample","r_frame_rate","avg_frame_rate","time_base","start_pts","start_time","duration_ts","duration","bit_rate","filepath") values ('0','mp3','MP3 (MPEG audio layer 3)','audio','1/44100','[0][0][0][0]','0x0000','fltp','44100','2','stereo','0','0/0','0/0','1/14112000','0','0','3538944000','250.775510','168528','/media/pi/ZUKE/MUSIC/MMs/MM 54/02 - Salsa and Choke - Salsa Choke.mp3');
insert into format ("filename","nb_streams","nb_programs","format_name","format_long_name","start_time","duration","size","bit_rate","probe_score","filepath") values ('/media/pi/ZUKE/MUSIC/MMs/MM 54/02 - Salsa and Choke - Salsa Choke.mp3','1','0','mp3','MP2/3 (MPEG audio layer 2/3)','0','250.775510','5283968','168564','51','/media/pi/ZUKE/MUSIC/MMs/MM 54/02 - Salsa and Choke - Salsa Choke.mp3');
insert into disposition ("default","dub","original","comment","lyrics","karaoke","forced","hearing_impaired","visual_impaired","clean_effects","attached_pic","timed_thumbnails","filepath") values ('0','0','0','0','0','0','0','0','0','0','0','0','/media/pi/ZUKE/MUSIC/MMs/MM 54/02 - Salsa and Choke - Salsa Choke.mp3');
insert into tags ("album","composer","genre","title","artist","disc","track","filepath") values ('Mega Mix 54','Zumba Fitness','Salsa Choke','Salsa and Choke','Zumba Fitness','1/1','02/10','/media/pi/ZUKE/MUSIC/MMs/MM 54/02 - Salsa and Choke - Salsa Choke.mp3');
insert into mp3s ("filepath") values ('/media/pi/ZUKE/MUSIC/MMs/MM 54/02 - Salsa and Choke - Salsa Choke.mp3');
insert into streams ("index","codec_name","codec_long_name","codec_type","codec_time_base","codec_tag_string","codec_tag","sample_fmt","sample_rate","channels","channel_layout","bits_per_sample","r_frame_rate","avg_frame_rate","time_base","start_pts","start_time","duration_ts","duration","bit_rate","filepath") values ('0','mp3','MP3 (MPEG audio layer 3)','audio','1/44100','[0][0][0][0]','0x0000','fltp','44100','2','stereo','0','0/0','0/0','1/14112000','0','0','3065241600','217.208163','158711','/media/pi/ZUKE/MUSIC/MMs/MM 54/03 - Pasito Machete - Tribal.mp3');
insert into format ("filename","nb_streams","nb_programs","format_name","format_long_name","start_time","duration","size","bit_rate","probe_score","filepath") values ('/media/pi/ZUKE/MUSIC/MMs/MM 54/03 - Pasito Machete - Tribal.mp3','1','0','mp3','MP2/3 (MPEG audio layer 2/3)','0','217.208163','4311168','158784','51','/media/pi/ZUKE/MUSIC/MMs/MM 54/03 - Pasito Machete - Tribal.mp3');
insert into disposition ("default","dub","original","comment","lyrics","karaoke","forced","hearing_impaired","visual_impaired","clean_effects","attached_pic","timed_thumbnails","filepath") values ('0','0','0','0','0','0','0','0','0','0','0','0','/media/pi/ZUKE/MUSIC/MMs/MM 54/03 - Pasito Machete - Tribal.mp3');
insert into tags ("album","composer","genre","title","artist","disc","track","filepath") values ('Mega Mix 54','Zumba Fitness','Tribal','Pasito Machete','Zumba Fitness','1/1','03/10','/media/pi/ZUKE/MUSIC/MMs/MM 54/03 - Pasito Machete - Tribal.mp3');
insert into mp3s ("filepath") values ('/media/pi/ZUKE/MUSIC/MMs/MM 54/03 - Pasito Machete - Tribal.mp3');
insert into streams ("index","codec_name","codec_long_name","codec_type","codec_time_base","codec_tag_string","codec_tag","sample_fmt","sample_rate","channels","channel_layout","bits_per_sample","r_frame_rate","avg_frame_rate","time_base","start_pts","start_time","duration_ts","duration","bit_rate","filepath") values ('0','mp3','MP3 (MPEG audio layer 3)','audio','1/44100','[0][0][0][0]','0x0000','fltp','44100','2','stereo','0','0/0','0/0','1/14112000','0','0','3928965120','278.413061','158157','/media/pi/ZUKE/MUSIC/MMs/MM 54/04 - Let Me See The Light - Tango - Cumbia.mp3');
insert into format ("filename","nb_streams","nb_programs","format_name","format_long_name","start_time","duration","size","bit_rate","probe_score","filepath") values ('/media/pi/ZUKE/MUSIC/MMs/MM 54/04 - Let Me See The Light - Tango - Cumbia.mp3','1','0','mp3','MP2/3 (MPEG audio layer 2/3)','0','278.413061','5505152','158186','51','/media/pi/ZUKE/MUSIC/MMs/MM 54/04 - Let Me See The Light - Tango - Cumbia.mp3');
insert into disposition ("default","dub","original","comment","lyrics","karaoke","forced","hearing_impaired","visual_impaired","clean_effects","attached_pic","timed_thumbnails","filepath") values ('0','0','0','0','0','0','0','0','0','0','0','0','/media/pi/ZUKE/MUSIC/MMs/MM 54/04 - Let Me See The Light - Tango - Cumbia.mp3');
insert into tags ("album","composer","genre","title","artist","disc","track","filepath") values ('Mega Mix 54','Zumba Fitness','Tango,Cumbia','Let Me See The Light','Zumba Fitness','1/1','04/10','/media/pi/ZUKE/MUSIC/MMs/MM 54/04 - Let Me See The Light - Tango - Cumbia.mp3');
insert into mp3s ("filepath") values ('/media/pi/ZUKE/MUSIC/MMs/MM 54/04 - Let Me See The Light - Tango - Cumbia.mp3');
insert into streams ("index","codec_name","codec_long_name","codec_type","codec_time_base","codec_tag_string","codec_tag","sample_fmt","sample_rate","channels","channel_layout","bits_per_sample","r_frame_rate","avg_frame_rate","time_base","start_pts","start_time","duration_ts","duration","bit_rate","filepath") values ('0','mp3','MP3 (MPEG audio layer 3)','audio','1/44100','[0][0][0][0]','0x0000','fltp','44100','2','stereo','0','0/0','0/0','1/14112000','0','0','3238133760','229.459592','157246','/media/pi/ZUKE/MUSIC/MMs/MM 54/05 - Aftro Techno - Electronic.mp3');
insert into format ("filename","nb_streams","nb_programs","format_name","format_long_name","start_time","duration","size","bit_rate","probe_score","filepath") values ('/media/pi/ZUKE/MUSIC/MMs/MM 54/05 - Aftro Techno - Electronic.mp3','1','0','mp3','MP2/3 (MPEG audio layer 2/3)','0','229.459592','4511872','157304','51','/media/pi/ZUKE/MUSIC/MMs/MM 54/05 - Aftro Techno - Electronic.mp3');
insert into disposition ("default","dub","original","comment","lyrics","karaoke","forced","hearing_impaired","visual_impaired","clean_effects","attached_pic","timed_thumbnails","filepath") values ('0','0','0','0','0','0','0','0','0','0','0','0','/media/pi/ZUKE/MUSIC/MMs/MM 54/05 - Aftro Techno - Electronic.mp3');
insert into tags ("album","composer","genre","title","artist","disc","track","filepath") values ('Mega Mix 54','Zumba Fitness','Electronic','Aftro Techno','Zumba Fitness','1/1','05/10','/media/pi/ZUKE/MUSIC/MMs/MM 54/05 - Aftro Techno - Electronic.mp3');
insert into mp3s ("filepath") values ('/media/pi/ZUKE/MUSIC/MMs/MM 54/05 - Aftro Techno - Electronic.mp3');
insert into streams ("index","codec_name","codec_long_name","codec_type","codec_time_base","codec_tag_string","codec_tag","sample_fmt","sample_rate","channels","channel_layout","bits_per_sample","r_frame_rate","avg_frame_rate","time_base","start_pts","start_time","duration_ts","duration","bit_rate","filepath") values ('0','mp3','MP3 (MPEG audio layer 3)','audio','1/44100','[0][0][0][0]','0x0000','fltp','44100','2','stereo','0','0/0','0/0','1/14112000','0','0','3332505600','236.146939','177363','/media/pi/ZUKE/MUSIC/MMs/MM 54/06 - Nagani Black - Bhangra.mp3');
insert into format ("filename","nb_streams","nb_programs","format_name","format_long_name","start_time","duration","size","bit_rate","probe_score","filepath") values ('/media/pi/ZUKE/MUSIC/MMs/MM 54/06 - Nagani Black - Bhangra.mp3','1','0','mp3','MP2/3 (MPEG audio layer 2/3)','0','236.146939','5236864','177410','51','/media/pi/ZUKE/MUSIC/MMs/MM 54/06 - Nagani Black - Bhangra.mp3');
insert into disposition ("default","dub","original","comment","lyrics","karaoke","forced","hearing_impaired","visual_impaired","clean_effects","attached_pic","timed_thumbnails","filepath") values ('0','0','0','0','0','0','0','0','0','0','0','0','/media/pi/ZUKE/MUSIC/MMs/MM 54/06 - Nagani Black - Bhangra.mp3');
insert into tags ("album","composer","genre","title","artist","disc","track","filepath") values ('Mega Mix 54','Zumba Fitness','Bhangra','Nagani Black','Zumba Fitness','1/1','06/10','/media/pi/ZUKE/MUSIC/MMs/MM 54/06 - Nagani Black - Bhangra.mp3');
insert into mp3s ("filepath") values ('/media/pi/ZUKE/MUSIC/MMs/MM 54/06 - Nagani Black - Bhangra.mp3');
insert into streams ("index","codec_name","codec_long_name","codec_type","codec_time_base","codec_tag_string","codec_tag","sample_fmt","sample_rate","channels","channel_layout","bits_per_sample","r_frame_rate","avg_frame_rate","time_base","start_pts","start_time","duration_ts","duration","bit_rate","filepath") values ('0','mp3','MP3 (MPEG audio layer 3)','audio','1/44100','[0][0][0][0]','0x0000','fltp','44100','2','stereo','0','0/0','0/0','1/14112000','0','0','2958704640','209.658776','146709','/media/pi/ZUKE/MUSIC/MMs/MM 54/07 - La Danza del Vaquero - Country.mp3');
insert into format ("filename","nb_streams","nb_programs","format_name","format_long_name","start_time","duration","size","bit_rate","probe_score","filepath") values ('/media/pi/ZUKE/MUSIC/MMs/MM 54/07 - La Danza del Vaquero - Country.mp3','1','0','mp3','MP2/3 (MPEG audio layer 2/3)','0','209.658776','3846272','146763','51','/media/pi/ZUKE/MUSIC/MMs/MM 54/07 - La Danza del Vaquero - Country.mp3');
insert into disposition ("default","dub","original","comment","lyrics","karaoke","forced","hearing_impaired","visual_impaired","clean_effects","attached_pic","timed_thumbnails","filepath") values ('0','0','0','0','0','0','0','0','0','0','0','0','/media/pi/ZUKE/MUSIC/MMs/MM 54/07 - La Danza del Vaquero - Country.mp3');
insert into tags ("album","composer","genre","title","artist","disc","track","filepath") values ('Mega Mix 54','Zumba Fitness','Country','La Danza del Vaquero','Zumba Fitness','1/1','07/10','/media/pi/ZUKE/MUSIC/MMs/MM 54/07 - La Danza del Vaquero - Country.mp3');
insert into mp3s ("filepath") values ('/media/pi/ZUKE/MUSIC/MMs/MM 54/07 - La Danza del Vaquero - Country.mp3');
insert into streams ("index","codec_name","codec_long_name","codec_type","codec_time_base","codec_tag_string","codec_tag","sample_fmt","sample_rate","channels","channel_layout","bits_per_sample","r_frame_rate","avg_frame_rate","time_base","start_pts","start_time","duration_ts","duration","bit_rate","filepath") values ('0','mp3','MP3 (MPEG audio layer 3)','audio','1/44100','[0][0][0][0]','0x0000','fltp','44100','2','stereo','0','0/0','0/0','1/14112000','0','0','3014737920','213.629388','158082','/media/pi/ZUKE/MUSIC/MMs/MM 54/08 - La Patica - Reggaeton.mp3');
insert into format ("filename","nb_streams","nb_programs","format_name","format_long_name","start_time","duration","size","bit_rate","probe_score","filepath") values ('/media/pi/ZUKE/MUSIC/MMs/MM 54/08 - La Patica - Reggaeton.mp3','1','0','mp3','MP2/3 (MPEG audio layer 2/3)','0','213.629388','4223104','158146','51','/media/pi/ZUKE/MUSIC/MMs/MM 54/08 - La Patica - Reggaeton.mp3');
insert into disposition ("default","dub","original","comment","lyrics","karaoke","forced","hearing_impaired","visual_impaired","clean_effects","attached_pic","timed_thumbnails","filepath") values ('0','0','0','0','0','0','0','0','0','0','0','0','/media/pi/ZUKE/MUSIC/MMs/MM 54/08 - La Patica - Reggaeton.mp3');
insert into tags ("album","composer","genre","title","artist","disc","track","filepath") values ('Mega Mix 54','Zumba Fitness','Reggaeton','La Patica','Zumba Fitness','1/1','08/10','/media/pi/ZUKE/MUSIC/MMs/MM 54/08 - La Patica - Reggaeton.mp3');
insert into mp3s ("filepath") values ('/media/pi/ZUKE/MUSIC/MMs/MM 54/08 - La Patica - Reggaeton.mp3');
insert into streams ("index","codec_name","codec_long_name","codec_type","codec_time_base","codec_tag_string","codec_tag","sample_fmt","sample_rate","channels","channel_layout","bits_per_sample","r_frame_rate","avg_frame_rate","time_base","start_pts","start_time","duration_ts","duration","bit_rate","filepath") values ('0','mp3','MP3 (MPEG audio layer 3)','audio','1/44100','[0][0][0][0]','0x0000','fltp','44100','2','stereo','0','0/0','0/0','1/14112000','0','0','2885345280','204.460408','158024','/media/pi/ZUKE/MUSIC/MMs/MM 54/09 - Soltero - Merengue Urbano.mp3');
insert into format ("filename","nb_streams","nb_programs","format_name","format_long_name","start_time","duration","size","bit_rate","probe_score","filepath") values ('/media/pi/ZUKE/MUSIC/MMs/MM 54/09 - Soltero - Merengue Urbano.mp3','1','0','mp3','MP2/3 (MPEG audio layer 2/3)','0','204.460408','4040832','158107','51','/media/pi/ZUKE/MUSIC/MMs/MM 54/09 - Soltero - Merengue Urbano.mp3');
insert into disposition ("default","dub","original","comment","lyrics","karaoke","forced","hearing_impaired","visual_impaired","clean_effects","attached_pic","timed_thumbnails","filepath") values ('0','0','0','0','0','0','0','0','0','0','0','0','/media/pi/ZUKE/MUSIC/MMs/MM 54/09 - Soltero - Merengue Urbano.mp3');
insert into tags ("album","composer","genre","title","artist","disc","track","filepath") values ('Mega Mix 54','Zumba Fitness','Merengue Urbano','Soltero','Zumba Fitness','1/1','09/10','/media/pi/ZUKE/MUSIC/MMs/MM 54/09 - Soltero - Merengue Urbano.mp3');
insert into mp3s ("filepath") values ('/media/pi/ZUKE/MUSIC/MMs/MM 54/09 - Soltero - Merengue Urbano.mp3');
insert into streams ("index","codec_name","codec_long_name","codec_type","codec_time_base","codec_tag_string","codec_tag","sample_fmt","sample_rate","channels","channel_layout","bits_per_sample","r_frame_rate","avg_frame_rate","time_base","start_pts","start_time","duration_ts","duration","bit_rate","filepath") values ('0','mp3','MP3 (MPEG audio layer 3)','audio','1/44100','[0][0][0][0]','0x0000','fltp','44100','2','stereo','0','0/0','0/0','1/14112000','0','0','2790236160','197.720816','155705','/media/pi/ZUKE/MUSIC/MMs/MM 54/10 - Super Positive.mp3');
insert into format ("filename","nb_streams","nb_programs","format_name","format_long_name","start_time","duration","size","bit_rate","probe_score","filepath") values ('/media/pi/ZUKE/MUSIC/MMs/MM 54/10 - Super Positive.mp3','1','0','mp3','MP2/3 (MPEG audio layer 2/3)','0','197.720816','3850368','155790','51','/media/pi/ZUKE/MUSIC/MMs/MM 54/10 - Super Positive.mp3');
insert into disposition ("default","dub","original","comment","lyrics","karaoke","forced","hearing_impaired","visual_impaired","clean_effects","attached_pic","timed_thumbnails","filepath") values ('0','0','0','0','0','0','0','0','0','0','0','0','/media/pi/ZUKE/MUSIC/MMs/MM 54/10 - Super Positive.mp3');
insert into tags ("album","composer","genre","title","artist","disc","track","filepath") values ('Mega Mix 54','Zumba Fitness','Pop','Super Positive','Zumba Fitness','1/1','10/10','/media/pi/ZUKE/MUSIC/MMs/MM 54/10 - Super Positive.mp3');
insert into mp3s ("filepath") values ('/media/pi/ZUKE/MUSIC/MMs/MM 54/10 - Super Positive.mp3');
insert into streams ("index","codec_name","codec_long_name","codec_type","codec_time_base","codec_tag_string","codec_tag","sample_fmt","sample_rate","channels","channel_layout","bits_per_sample","r_frame_rate","avg_frame_rate","time_base","start_pts","start_time","duration_ts","duration","bit_rate","filepath") values ('0','mp3','MP3 (MPEG audio layer 3)','audio','1/44100','[0][0][0][0]','0x0000','fltp','44100','2','stereo','0','0/0','0/0','1/14112000','0','0','3621150720','256.600816','148454','/media/pi/ZUKE/MUSIC/MMs/MM 55/01 - Mundo Loco (Original Mix) - Warm-up.mp3');
insert into format ("filename","nb_streams","nb_programs","format_name","format_long_name","start_time","duration","size","bit_rate","probe_score","filepath") values ('/media/pi/ZUKE/MUSIC/MMs/MM 55/01 - Mundo Loco (Original Mix) - Warm-up.mp3','1','0','mp3','MP2/3 (MPEG audio layer 2/3)','0','256.600816','4763776','148519','51','/media/pi/ZUKE/MUSIC/MMs/MM 55/01 - Mundo Loco (Original Mix) - Warm-up.mp3');
insert into disposition ("default","dub","original","comment","lyrics","karaoke","forced","hearing_impaired","visual_impaired","clean_effects","attached_pic","timed_thumbnails","filepath") values ('0','0','0','0','0','0','0','0','0','0','0','0','/media/pi/ZUKE/MUSIC/MMs/MM 55/01 - Mundo Loco (Original Mix) - Warm-up.mp3');
insert into tags ("album","composer","genre","title","artist","disc","track","filepath") values ('Mega Mix 55','Zumba Fitness','Warm-up','Mundo Loco (Original Mix)','Zumba Fitness','1/1','01/10','/media/pi/ZUKE/MUSIC/MMs/MM 55/01 - Mundo Loco (Original Mix) - Warm-up.mp3');
insert into mp3s ("filepath") values ('/media/pi/ZUKE/MUSIC/MMs/MM 55/01 - Mundo Loco (Original Mix) - Warm-up.mp3');
insert into streams ("index","codec_name","codec_long_name","codec_type","codec_time_base","codec_tag_string","codec_tag","sample_fmt","sample_rate","channels","channel_layout","bits_per_sample","r_frame_rate","avg_frame_rate","time_base","start_pts","start_time","duration_ts","duration","bit_rate","filepath") values ('0','mp3','MP3 (MPEG audio layer 3)','audio','1/44100','[0][0][0][0]','0x0000','fltp','44100','2','stereo','0','0/0','0/0','1/14112000','0','0','3552952320','251.768163','163932','/media/pi/ZUKE/MUSIC/MMs/MM 55/02 - Brinquemos - Merengue.mp3');
insert into format ("filename","nb_streams","nb_programs","format_name","format_long_name","start_time","duration","size","bit_rate","probe_score","filepath") values ('/media/pi/ZUKE/MUSIC/MMs/MM 55/02 - Brinquemos - Merengue.mp3','1','0','mp3','MP2/3 (MPEG audio layer 2/3)','0','251.768163','5161088','163994','51','/media/pi/ZUKE/MUSIC/MMs/MM 55/02 - Brinquemos - Merengue.mp3');
insert into disposition ("default","dub","original","comment","lyrics","karaoke","forced","hearing_impaired","visual_impaired","clean_effects","attached_pic","timed_thumbnails","filepath") values ('0','0','0','0','0','0','0','0','0','0','0','0','/media/pi/ZUKE/MUSIC/MMs/MM 55/02 - Brinquemos - Merengue.mp3');
insert into tags ("album","composer","genre","title","artist","disc","track","filepath") values ('Mega Mix 55','Zumba Fitness','Merengue','Brinquemos','Zumba Fitness','1/1','02/10','/media/pi/ZUKE/MUSIC/MMs/MM 55/02 - Brinquemos - Merengue.mp3');
insert into mp3s ("filepath") values ('/media/pi/ZUKE/MUSIC/MMs/MM 55/02 - Brinquemos - Merengue.mp3');
insert into streams ("index","codec_name","codec_long_name","codec_type","codec_time_base","codec_tag_string","codec_tag","sample_fmt","sample_rate","channels","channel_layout","bits_per_sample","r_frame_rate","avg_frame_rate","time_base","start_pts","start_time","duration_ts","duration","bit_rate","filepath") values ('0','mp3','MP3 (MPEG audio layer 3)','audio','1/44100','[0][0][0][0]','0x0000','fltp','44100','2','stereo','0','0/0','0/0','1/14112000','0','0','2772541440','196.466939','166136','/media/pi/ZUKE/MUSIC/MMs/MM 55/03 - Que Es Lo Que Dice - Salsa Choke.mp3');
insert into format ("filename","nb_streams","nb_programs","format_name","format_long_name","start_time","duration","size","bit_rate","probe_score","filepath") values ('/media/pi/ZUKE/MUSIC/MMs/MM 55/03 - Que Es Lo Que Dice - Salsa Choke.mp3','1','0','mp3','MP2/3 (MPEG audio layer 2/3)','0','196.466939','4081792','166207','51','/media/pi/ZUKE/MUSIC/MMs/MM 55/03 - Que Es Lo Que Dice - Salsa Choke.mp3');
insert into disposition ("default","dub","original","comment","lyrics","karaoke","forced","hearing_impaired","visual_impaired","clean_effects","attached_pic","timed_thumbnails","filepath") values ('0','0','0','0','0','0','0','0','0','0','0','0','/media/pi/ZUKE/MUSIC/MMs/MM 55/03 - Que Es Lo Que Dice - Salsa Choke.mp3');
insert into tags ("album","composer","genre","title","artist","disc","track","filepath") values ('Mega Mix 55','Zumba Fitness','Salsa Choke','Que Es Lo Que Dice','Zumba Fitness','1/1','03/10','/media/pi/ZUKE/MUSIC/MMs/MM 55/03 - Que Es Lo Que Dice - Salsa Choke.mp3');
insert into mp3s ("filepath") values ('/media/pi/ZUKE/MUSIC/MMs/MM 55/03 - Que Es Lo Que Dice - Salsa Choke.mp3');
insert into streams ("index","codec_name","codec_long_name","codec_type","codec_time_base","codec_tag_string","codec_tag","sample_fmt","sample_rate","channels","channel_layout","bits_per_sample","r_frame_rate","avg_frame_rate","time_base","start_pts","start_time","duration_ts","duration","bit_rate","filepath") values ('0','mp3','MP3 (MPEG audio layer 3)','audio','1/44100','[0][0][0][0]','0x0000','fltp','44100','2','stereo','0','0/0','0/0','1/14112000','0','0','3349463040','237.348571','165537','/media/pi/ZUKE/MUSIC/MMs/MM 55/04 - Siente El Boom - Cumbia.mp3');
insert into format ("filename","nb_streams","nb_programs","format_name","format_long_name","start_time","duration","size","bit_rate","probe_score","filepath") values ('/media/pi/ZUKE/MUSIC/MMs/MM 55/04 - Siente El Boom - Cumbia.mp3','1','0','mp3','MP2/3 (MPEG audio layer 2/3)','0','237.348571','4913280','165605','51','/media/pi/ZUKE/MUSIC/MMs/MM 55/04 - Siente El Boom - Cumbia.mp3');
insert into disposition ("default","dub","original","comment","lyrics","karaoke","forced","hearing_impaired","visual_impaired","clean_effects","attached_pic","timed_thumbnails","filepath") values ('0','0','0','0','0','0','0','0','0','0','0','0','/media/pi/ZUKE/MUSIC/MMs/MM 55/04 - Siente El Boom - Cumbia.mp3');
insert into tags ("album","composer","genre","title","artist","disc","track","filepath") values ('Mega Mix 55','Zumba Fitness','Cumbia','Siente El Boom','Zumba Fitness','1/1','04/10','/media/pi/ZUKE/MUSIC/MMs/MM 55/04 - Siente El Boom - Cumbia.mp3');
insert into mp3s ("filepath") values ('/media/pi/ZUKE/MUSIC/MMs/MM 55/04 - Siente El Boom - Cumbia.mp3');
insert into streams ("index","codec_name","codec_long_name","codec_type","codec_time_base","codec_tag_string","codec_tag","sample_fmt","sample_rate","channels","channel_layout","bits_per_sample","r_frame_rate","avg_frame_rate","time_base","start_pts","start_time","duration_ts","duration","bit_rate","filepath") values ('0','mp3','MP3 (MPEG audio layer 3)','audio','1/44100','[0][0][0][0]','0x0000','fltp','44100','2','stereo','0','0/0','0/0','1/14112000','0','0','3404021760','241.214694','154384','/media/pi/ZUKE/MUSIC/MMs/MM 55/05 - ABA blabla (remix).mp3');
insert into format ("filename","nb_streams","nb_programs","format_name","format_long_name","start_time","duration","size","bit_rate","probe_score","filepath") values ('/media/pi/ZUKE/MUSIC/MMs/MM 55/05 - ABA blabla (remix).mp3','1','0','mp3','MP2/3 (MPEG audio layer 2/3)','0','241.214694','4657280','154460','51','/media/pi/ZUKE/MUSIC/MMs/MM 55/05 - ABA blabla (remix).mp3');
insert into disposition ("default","dub","original","comment","lyrics","karaoke","forced","hearing_impaired","visual_impaired","clean_effects","attached_pic","timed_thumbnails","filepath") values ('0','0','0','0','0','0','0','0','0','0','0','0','/media/pi/ZUKE/MUSIC/MMs/MM 55/05 - ABA blabla (remix).mp3');
insert into tags ("album","composer","genre","title","artist","disc","track","filepath") values ('Mega Mix 55','Zumba Fitness','Latin','ABA blabla (remix)','Zumba Fitness','1/1','05/10','/media/pi/ZUKE/MUSIC/MMs/MM 55/05 - ABA blabla (remix).mp3');
insert into mp3s ("filepath") values ('/media/pi/ZUKE/MUSIC/MMs/MM 55/05 - ABA blabla (remix).mp3');
insert into streams ("index","codec_name","codec_long_name","codec_type","codec_time_base","codec_tag_string","codec_tag","sample_fmt","sample_rate","channels","channel_layout","bits_per_sample","r_frame_rate","avg_frame_rate","time_base","start_pts","start_time","duration_ts","duration","bit_rate","filepath") values ('0','mp3','MP3 (MPEG audio layer 3)','audio','1/44100','[0][0][0][0]','0x0000','fltp','44100','2','stereo','0','0/0','0/0','1/14112000','0','0','2851799040','202.083265','153240','/media/pi/ZUKE/MUSIC/MMs/MM 55/06 - Su Moviemiento - Reggaeton.mp3');
insert into format ("filename","nb_streams","nb_programs","format_name","format_long_name","start_time","duration","size","bit_rate","probe_score","filepath") values ('/media/pi/ZUKE/MUSIC/MMs/MM 55/06 - Su Moviemiento - Reggaeton.mp3','1','0','mp3','MP2/3 (MPEG audio layer 2/3)','0','202.083265','3872896','153318','51','/media/pi/ZUKE/MUSIC/MMs/MM 55/06 - Su Moviemiento - Reggaeton.mp3');
insert into disposition ("default","dub","original","comment","lyrics","karaoke","forced","hearing_impaired","visual_impaired","clean_effects","attached_pic","timed_thumbnails","filepath") values ('0','0','0','0','0','0','0','0','0','0','0','0','/media/pi/ZUKE/MUSIC/MMs/MM 55/06 - Su Moviemiento - Reggaeton.mp3');
insert into tags ("album","composer","genre","title","artist","disc","track","filepath") values ('Mega Mix 55','Zumba Fitness','Reggaeton','Su Moviemiento','Zumba Fitness','1/1','06/10','/media/pi/ZUKE/MUSIC/MMs/MM 55/06 - Su Moviemiento - Reggaeton.mp3');
insert into mp3s ("filepath") values ('/media/pi/ZUKE/MUSIC/MMs/MM 55/06 - Su Moviemiento - Reggaeton.mp3');
insert into streams ("index","codec_name","codec_long_name","codec_type","codec_time_base","codec_tag_string","codec_tag","sample_fmt","sample_rate","channels","channel_layout","bits_per_sample","r_frame_rate","avg_frame_rate","time_base","start_pts","start_time","duration_ts","duration","bit_rate","filepath") values ('0','mp3','MP3 (MPEG audio layer 3)','audio','1/44100','[0][0][0][0]','0x0000','fltp','44100','2','stereo','0','0/0','0/0','1/14112000','0','0','2741944320','194.298776','157094','/media/pi/ZUKE/MUSIC/MMs/MM 55/07 - Hey Hey! - Balkan.mp3');
insert into format ("filename","nb_streams","nb_programs","format_name","format_long_name","start_time","duration","size","bit_rate","probe_score","filepath") values ('/media/pi/ZUKE/MUSIC/MMs/MM 55/07 - Hey Hey! - Balkan.mp3','1','0','mp3','MP2/3 (MPEG audio layer 2/3)','0','194.298776','3817600','157184','51','/media/pi/ZUKE/MUSIC/MMs/MM 55/07 - Hey Hey! - Balkan.mp3');
insert into disposition ("default","dub","original","comment","lyrics","karaoke","forced","hearing_impaired","visual_impaired","clean_effects","attached_pic","timed_thumbnails","filepath") values ('0','0','0','0','0','0','0','0','0','0','0','0','/media/pi/ZUKE/MUSIC/MMs/MM 55/07 - Hey Hey! - Balkan.mp3');
insert into tags ("album","composer","genre","title","artist","disc","track","filepath") values ('Mega Mix 55','Zumba Fitness','Balkan','Hey Hey!','Zumba Fitness','1/1','07/10','/media/pi/ZUKE/MUSIC/MMs/MM 55/07 - Hey Hey! - Balkan.mp3');
insert into mp3s ("filepath") values ('/media/pi/ZUKE/MUSIC/MMs/MM 55/07 - Hey Hey! - Balkan.mp3');
insert into streams ("index","codec_name","codec_long_name","codec_type","codec_time_base","codec_tag_string","codec_tag","sample_fmt","sample_rate","channels","channel_layout","bits_per_sample","r_frame_rate","avg_frame_rate","time_base","start_pts","start_time","duration_ts","duration","bit_rate","filepath") values ('0','mp3','MP3 (MPEG audio layer 3)','audio','1/44100','[0][0][0][0]','0x0000','fltp','44100','2','stereo','0','0/0','0/0','1/14112000','0','0','3462266880','245.342041','155118','/media/pi/ZUKE/MUSIC/MMs/MM 55/08 - Me Gustas Tu - Electro Cha Cha.mp3');
insert into format ("filename","nb_streams","nb_programs","format_name","format_long_name","start_time","duration","size","bit_rate","probe_score","filepath") values ('/media/pi/ZUKE/MUSIC/MMs/MM 55/08 - Me Gustas Tu - Electro Cha Cha.mp3','1','0','mp3','MP2/3 (MPEG audio layer 2/3)','0','245.342041','4757632','155134','51','/media/pi/ZUKE/MUSIC/MMs/MM 55/08 - Me Gustas Tu - Electro Cha Cha.mp3');
insert into disposition ("default","dub","original","comment","lyrics","karaoke","forced","hearing_impaired","visual_impaired","clean_effects","attached_pic","timed_thumbnails","filepath") values ('0','0','0','0','0','0','0','0','0','0','0','0','/media/pi/ZUKE/MUSIC/MMs/MM 55/08 - Me Gustas Tu - Electro Cha Cha.mp3');
insert into tags ("album","composer","genre","title","artist","disc","track","filepath") values ('Mega Mix 55','Zumba Fitness','Electro Cha Cha','Me Gustas Tu','Zumba Fitness','1/1','08/10','/media/pi/ZUKE/MUSIC/MMs/MM 55/08 - Me Gustas Tu - Electro Cha Cha.mp3');
insert into mp3s ("filepath") values ('/media/pi/ZUKE/MUSIC/MMs/MM 55/08 - Me Gustas Tu - Electro Cha Cha.mp3');
insert into streams ("index","codec_name","codec_long_name","codec_type","codec_time_base","codec_tag_string","codec_tag","sample_fmt","sample_rate","channels","channel_layout","bits_per_sample","r_frame_rate","avg_frame_rate","time_base","start_pts","start_time","duration_ts","duration","bit_rate","filepath") values ('0','mp3','MP3 (MPEG audio layer 3)','audio','1/44100','[0][0][0][0]','0x0000','fltp','44100','2','stereo','0','0/0','0/0','1/14112000','0','0','2731991040','193.593469','150661','/media/pi/ZUKE/MUSIC/MMs/MM 55/09 - Eu To Doidinho - Brazilian Funk.mp3');
insert into format ("filename","nb_streams","nb_programs","format_name","format_long_name","start_time","duration","size","bit_rate","probe_score","filepath") values ('/media/pi/ZUKE/MUSIC/MMs/MM 55/09 - Eu To Doidinho - Brazilian Funk.mp3','1','0','mp3','MP2/3 (MPEG audio layer 2/3)','0','193.593469','3647616','150733','51','/media/pi/ZUKE/MUSIC/MMs/MM 55/09 - Eu To Doidinho - Brazilian Funk.mp3');
insert into disposition ("default","dub","original","comment","lyrics","karaoke","forced","hearing_impaired","visual_impaired","clean_effects","attached_pic","timed_thumbnails","filepath") values ('0','0','0','0','0','0','0','0','0','0','0','0','/media/pi/ZUKE/MUSIC/MMs/MM 55/09 - Eu To Doidinho - Brazilian Funk.mp3');
insert into tags ("album","composer","genre","title","artist","disc","track","filepath") values ('Mega Mix 55','Zumba Fitness','Brazilian Funk','Eu To Doidinho','Zumba Fitness','1/1','09/10','/media/pi/ZUKE/MUSIC/MMs/MM 55/09 - Eu To Doidinho - Brazilian Funk.mp3');
insert into mp3s ("filepath") values ('/media/pi/ZUKE/MUSIC/MMs/MM 55/09 - Eu To Doidinho - Brazilian Funk.mp3');
insert into streams ("index","codec_name","codec_long_name","codec_type","codec_time_base","codec_tag_string","codec_tag","sample_fmt","sample_rate","channels","channel_layout","bits_per_sample","r_frame_rate","avg_frame_rate","time_base","start_pts","start_time","duration_ts","duration","bit_rate","filepath") values ('0','mp3','MP3 (MPEG audio layer 3)','audio','1/44100','[0][0][0][0]','0x0000','fltp','44100','2','stereo','0','0/0','0/0','1/14112000','0','0','2235064320','158.380408','154961','/media/pi/ZUKE/MUSIC/MMs/MM 55/10 - Fuego, Fuego - Merengue.mp3');
insert into format ("filename","nb_streams","nb_programs","format_name","format_long_name","start_time","duration","size","bit_rate","probe_score","filepath") values ('/media/pi/ZUKE/MUSIC/MMs/MM 55/10 - Fuego, Fuego - Merengue.mp3','1','0','mp3','MP2/3 (MPEG audio layer 2/3)','0','158.380408','3070080','155073','51','/media/pi/ZUKE/MUSIC/MMs/MM 55/10 - Fuego, Fuego - Merengue.mp3');
insert into disposition ("default","dub","original","comment","lyrics","karaoke","forced","hearing_impaired","visual_impaired","clean_effects","attached_pic","timed_thumbnails","filepath") values ('0','0','0','0','0','0','0','0','0','0','0','0','/media/pi/ZUKE/MUSIC/MMs/MM 55/10 - Fuego, Fuego - Merengue.mp3');
insert into tags ("album","composer","genre","title","artist","disc","track","filepath") values ('Mega Mix 55','Zumba Fitness','Merengue','Fuego, Fuego','Zumba Fitness','1/1','10/10','/media/pi/ZUKE/MUSIC/MMs/MM 55/10 - Fuego, Fuego - Merengue.mp3');
insert into mp3s ("filepath") values ('/media/pi/ZUKE/MUSIC/MMs/MM 55/10 - Fuego, Fuego - Merengue.mp3');
insert into streams ("index","codec_name","codec_long_name","codec_type","codec_time_base","codec_tag_string","codec_tag","sample_fmt","sample_rate","channels","channel_layout","bits_per_sample","r_frame_rate","avg_frame_rate","time_base","start_pts","start_time","duration_ts","duration","bit_rate","filepath") values ('0','mp3','MP3 (MPEG audio layer 3)','audio','1/44100','[0][0][0][0]','0x0000','fltp','44100','2','stereo','0','0/0','0/0','1/14112000','0','0','3182100480','225.488980','151932','/media/pi/ZUKE/MUSIC/MMs/MM 56/01 - Esta Noche Quiero Mas - Merengue.mp3');
insert into format ("filename","nb_streams","nb_programs","format_name","format_long_name","start_time","duration","size","bit_rate","probe_score","filepath") values ('/media/pi/ZUKE/MUSIC/MMs/MM 56/01 - Esta Noche Quiero Mas - Merengue.mp3','1','0','mp3','MP2/3 (MPEG audio layer 2/3)','0','225.488980','4284544','152008','51','/media/pi/ZUKE/MUSIC/MMs/MM 56/01 - Esta Noche Quiero Mas - Merengue.mp3');
insert into disposition ("default","dub","original","comment","lyrics","karaoke","forced","hearing_impaired","visual_impaired","clean_effects","attached_pic","timed_thumbnails","filepath") values ('0','0','0','0','0','0','0','0','0','0','0','0','/media/pi/ZUKE/MUSIC/MMs/MM 56/01 - Esta Noche Quiero Mas - Merengue.mp3');
insert into tags ("album","composer","genre","title","artist","disc","track","filepath") values ('Mega Mix 56','Zumba Fitness','Merengue','Esta Noche Quiero Mas','Zumba Fitness','1/1','01/10','/media/pi/ZUKE/MUSIC/MMs/MM 56/01 - Esta Noche Quiero Mas - Merengue.mp3');
insert into mp3s ("filepath") values ('/media/pi/ZUKE/MUSIC/MMs/MM 56/01 - Esta Noche Quiero Mas - Merengue.mp3');
insert into streams ("index","codec_name","codec_long_name","codec_type","codec_time_base","codec_tag_string","codec_tag","sample_fmt","sample_rate","channels","channel_layout","bits_per_sample","r_frame_rate","avg_frame_rate","time_base","start_pts","start_time","duration_ts","duration","bit_rate","filepath") values ('0','mp3','MP3 (MPEG audio layer 3)','audio','1/44100','[0][0][0][0]','0x0000','fltp','44100','2','stereo','0','0/0','0/0','1/14112000','0','0','2672640000','189.387755','159931','/media/pi/ZUKE/MUSIC/MMs/MM 56/02 - Bailando Todo Se Olvida - Salsaton.mp3');
insert into format ("filename","nb_streams","nb_programs","format_name","format_long_name","start_time","duration","size","bit_rate","probe_score","filepath") values ('/media/pi/ZUKE/MUSIC/MMs/MM 56/02 - Bailando Todo Se Olvida - Salsaton.mp3','1','0','mp3','MP2/3 (MPEG audio layer 2/3)','0','189.387755','3786880','159963','51','/media/pi/ZUKE/MUSIC/MMs/MM 56/02 - Bailando Todo Se Olvida - Salsaton.mp3');
insert into disposition ("default","dub","original","comment","lyrics","karaoke","forced","hearing_impaired","visual_impaired","clean_effects","attached_pic","timed_thumbnails","filepath") values ('0','0','0','0','0','0','0','0','0','0','0','0','/media/pi/ZUKE/MUSIC/MMs/MM 56/02 - Bailando Todo Se Olvida - Salsaton.mp3');
insert into tags ("album","composer","genre","title","artist","disc","track","filepath") values ('Mega Mix 56','Zumba Fitness','Salsaton','Bailando Todo Se Olvida','Zumba Fitness','1/1','02/10','/media/pi/ZUKE/MUSIC/MMs/MM 56/02 - Bailando Todo Se Olvida - Salsaton.mp3');
insert into mp3s ("filepath") values ('/media/pi/ZUKE/MUSIC/MMs/MM 56/02 - Bailando Todo Se Olvida - Salsaton.mp3');
insert into streams ("index","codec_name","codec_long_name","codec_type","codec_time_base","codec_tag_string","codec_tag","sample_fmt","sample_rate","channels","channel_layout","bits_per_sample","r_frame_rate","avg_frame_rate","time_base","start_pts","start_time","duration_ts","duration","bit_rate","filepath") values ('0','mp3','MP3 (MPEG audio layer 3)','audio','1/44100','[0][0][0][0]','0x0000','fltp','44100','2','stereo','0','0/0','0/0','1/14112000','0','0','2878341120','203.964082','162549','/media/pi/ZUKE/MUSIC/MMs/MM 56/03 - La Fila - Reggaeton.mp3');
insert into format ("filename","nb_streams","nb_programs","format_name","format_long_name","start_time","duration","size","bit_rate","probe_score","filepath") values ('/media/pi/ZUKE/MUSIC/MMs/MM 56/03 - La Fila - Reggaeton.mp3','1','0','mp3','MP2/3 (MPEG audio layer 2/3)','0','203.964082','4145280','162588','51','/media/pi/ZUKE/MUSIC/MMs/MM 56/03 - La Fila - Reggaeton.mp3');
insert into disposition ("default","dub","original","comment","lyrics","karaoke","forced","hearing_impaired","visual_impaired","clean_effects","attached_pic","timed_thumbnails","filepath") values ('0','0','0','0','0','0','0','0','0','0','0','0','/media/pi/ZUKE/MUSIC/MMs/MM 56/03 - La Fila - Reggaeton.mp3');
insert into tags ("album","composer","genre","title","artist","disc","track","filepath") values ('Mega Mix 56','Zumba Fitness','Reggaeton','La Fila','Zumba Fitness','1/1','03/10','/media/pi/ZUKE/MUSIC/MMs/MM 56/03 - La Fila - Reggaeton.mp3');
insert into mp3s ("filepath") values ('/media/pi/ZUKE/MUSIC/MMs/MM 56/03 - La Fila - Reggaeton.mp3');
insert into streams ("index","codec_name","codec_long_name","codec_type","codec_time_base","codec_tag_string","codec_tag","sample_fmt","sample_rate","channels","channel_layout","bits_per_sample","r_frame_rate","avg_frame_rate","time_base","start_pts","start_time","duration_ts","duration","bit_rate","filepath") values ('0','mp3','MP3 (MPEG audio layer 3)','audio','1/44100','[0][0][0][0]','0x0000','fltp','44100','2','stereo','0','0/0','0/0','1/14112000','0','0','3162562560','224.104490','166021','/media/pi/ZUKE/MUSIC/MMs/MM 56/04 - Sigue Sigue - Cumbia.mp3');
insert into format ("filename","nb_streams","nb_programs","format_name","format_long_name","start_time","duration","size","bit_rate","probe_score","filepath") values ('/media/pi/ZUKE/MUSIC/MMs/MM 56/04 - Sigue Sigue - Cumbia.mp3','1','0','mp3','MP2/3 (MPEG audio layer 2/3)','0','224.104490','4651136','166034','51','/media/pi/ZUKE/MUSIC/MMs/MM 56/04 - Sigue Sigue - Cumbia.mp3');
insert into disposition ("default","dub","original","comment","lyrics","karaoke","forced","hearing_impaired","visual_impaired","clean_effects","attached_pic","timed_thumbnails","filepath") values ('0','0','0','0','0','0','0','0','0','0','0','0','/media/pi/ZUKE/MUSIC/MMs/MM 56/04 - Sigue Sigue - Cumbia.mp3');
insert into tags ("album","composer","genre","title","artist","disc","track","filepath") values ('Mega Mix 56','Zumba Fitness','Cumbia','Sigue Sigue','Zumba Fitness','1/1','04/10','/media/pi/ZUKE/MUSIC/MMs/MM 56/04 - Sigue Sigue - Cumbia.mp3');
insert into mp3s ("filepath") values ('/media/pi/ZUKE/MUSIC/MMs/MM 56/04 - Sigue Sigue - Cumbia.mp3');
insert into streams ("index","codec_name","codec_long_name","codec_type","codec_time_base","codec_tag_string","codec_tag","sample_fmt","sample_rate","channels","channel_layout","bits_per_sample","r_frame_rate","avg_frame_rate","time_base","start_pts","start_time","duration_ts","duration","bit_rate","filepath") values ('0','mp3','MP3 (MPEG audio layer 3)','audio','1/44100','[0][0][0][0]','0x0000','fltp','44100','2','stereo','0','0/0','0/0','1/14112000','0','0','2646835200','187.559184','157309','/media/pi/ZUKE/MUSIC/MMs/MM 56/05 - Parate - Latin Urban.mp3');
insert into format ("filename","nb_streams","nb_programs","format_name","format_long_name","start_time","duration","size","bit_rate","probe_score","filepath") values ('/media/pi/ZUKE/MUSIC/MMs/MM 56/05 - Parate - Latin Urban.mp3','1','0','mp3','MP2/3 (MPEG audio layer 2/3)','0','187.559184','3688576','157329','51','/media/pi/ZUKE/MUSIC/MMs/MM 56/05 - Parate - Latin Urban.mp3');
insert into disposition ("default","dub","original","comment","lyrics","karaoke","forced","hearing_impaired","visual_impaired","clean_effects","attached_pic","timed_thumbnails","filepath") values ('0','0','0','0','0','0','0','0','0','0','0','0','/media/pi/ZUKE/MUSIC/MMs/MM 56/05 - Parate - Latin Urban.mp3');
insert into tags ("album","composer","genre","title","artist","disc","track","filepath") values ('Mega Mix 56','Zumba Fitness','Latin Urban','Parate','Zumba Fitness','1/1','05/10','/media/pi/ZUKE/MUSIC/MMs/MM 56/05 - Parate - Latin Urban.mp3');
insert into mp3s ("filepath") values ('/media/pi/ZUKE/MUSIC/MMs/MM 56/05 - Parate - Latin Urban.mp3');
insert into streams ("index","codec_name","codec_long_name","codec_type","codec_time_base","codec_tag_string","codec_tag","sample_fmt","sample_rate","channels","channel_layout","bits_per_sample","r_frame_rate","avg_frame_rate","time_base","start_pts","start_time","duration_ts","duration","bit_rate","filepath") values ('0','mp3','MP3 (MPEG audio layer 3)','audio','1/44100','[0][0][0][0]','0x0000','fltp','44100','2','stereo','0','0/0','0/0','1/14112000','0','0','2758164480','195.448163','156015','/media/pi/ZUKE/MUSIC/MMs/MM 56/06 - Provoca (Original Mix) - Eurobrazilian.mp3');
insert into format ("filename","nb_streams","nb_programs","format_name","format_long_name","start_time","duration","size","bit_rate","probe_score","filepath") values ('/media/pi/ZUKE/MUSIC/MMs/MM 56/06 - Provoca (Original Mix) - Eurobrazilian.mp3','1','0','mp3','MP2/3 (MPEG audio layer 2/3)','0','195.448163','3813504','156092','51','/media/pi/ZUKE/MUSIC/MMs/MM 56/06 - Provoca (Original Mix) - Eurobrazilian.mp3');
insert into disposition ("default","dub","original","comment","lyrics","karaoke","forced","hearing_impaired","visual_impaired","clean_effects","attached_pic","timed_thumbnails","filepath") values ('0','0','0','0','0','0','0','0','0','0','0','0','/media/pi/ZUKE/MUSIC/MMs/MM 56/06 - Provoca (Original Mix) - Eurobrazilian.mp3');
insert into tags ("album","composer","genre","title","artist","disc","track","filepath") values ('Mega Mix 56','Zumba Fitness','Eurobrazilian','Provoca (Original Mix)','Zumba Fitness','1/1','06/10','/media/pi/ZUKE/MUSIC/MMs/MM 56/06 - Provoca (Original Mix) - Eurobrazilian.mp3');
insert into mp3s ("filepath") values ('/media/pi/ZUKE/MUSIC/MMs/MM 56/06 - Provoca (Original Mix) - Eurobrazilian.mp3');
insert into streams ("index","codec_name","codec_long_name","codec_type","codec_time_base","codec_tag_string","codec_tag","sample_fmt","sample_rate","channels","channel_layout","bits_per_sample","r_frame_rate","avg_frame_rate","time_base","start_pts","start_time","duration_ts","duration","bit_rate","filepath") values ('0','mp3','MP3 (MPEG audio layer 3)','audio','1/44100','[0][0][0][0]','0x0000','fltp','44100','2','stereo','0','0/0','0/0','1/14112000','0','0','2919260160','206.863673','161857','/media/pi/ZUKE/MUSIC/MMs/MM 56/07 - Mueve La Cintura - Punta.mp3');
insert into format ("filename","nb_streams","nb_programs","format_name","format_long_name","start_time","duration","size","bit_rate","probe_score","filepath") values ('/media/pi/ZUKE/MUSIC/MMs/MM 56/07 - Mueve La Cintura - Punta.mp3','1','0','mp3','MP2/3 (MPEG audio layer 2/3)','0','206.863673','4186240','161893','51','/media/pi/ZUKE/MUSIC/MMs/MM 56/07 - Mueve La Cintura - Punta.mp3');
insert into disposition ("default","dub","original","comment","lyrics","karaoke","forced","hearing_impaired","visual_impaired","clean_effects","attached_pic","timed_thumbnails","filepath") values ('0','0','0','0','0','0','0','0','0','0','0','0','/media/pi/ZUKE/MUSIC/MMs/MM 56/07 - Mueve La Cintura - Punta.mp3');
insert into tags ("album","composer","genre","title","artist","disc","track","filepath") values ('Mega Mix 56','Zumba Fitness','Punta','Mueve La Cintura','Zumba Fitness','1/1','07/10','/media/pi/ZUKE/MUSIC/MMs/MM 56/07 - Mueve La Cintura - Punta.mp3');
insert into mp3s ("filepath") values ('/media/pi/ZUKE/MUSIC/MMs/MM 56/07 - Mueve La Cintura - Punta.mp3');
insert into streams ("index","codec_name","codec_long_name","codec_type","codec_time_base","codec_tag_string","codec_tag","sample_fmt","sample_rate","channels","channel_layout","bits_per_sample","r_frame_rate","avg_frame_rate","time_base","start_pts","start_time","duration_ts","duration","bit_rate","filepath") values ('0','mp3','MP3 (MPEG audio layer 3)','audio','1/44100','[0][0][0][0]','0x0000','fltp','44100','2','stereo','0','0/0','0/0','1/14112000','0','0','4176691200','295.967347','169630','/media/pi/ZUKE/MUSIC/MMs/MM 56/08 - Metalic Moon - Bhangra Bachata.mp3');
insert into format ("filename","nb_streams","nb_programs","format_name","format_long_name","start_time","duration","size","bit_rate","probe_score","filepath") values ('/media/pi/ZUKE/MUSIC/MMs/MM 56/08 - Metalic Moon - Bhangra Bachata.mp3','1','0','mp3','MP2/3 (MPEG audio layer 2/3)','0','295.967347','6277248','169674','51','/media/pi/ZUKE/MUSIC/MMs/MM 56/08 - Metalic Moon - Bhangra Bachata.mp3');
insert into disposition ("default","dub","original","comment","lyrics","karaoke","forced","hearing_impaired","visual_impaired","clean_effects","attached_pic","timed_thumbnails","filepath") values ('0','0','0','0','0','0','0','0','0','0','0','0','/media/pi/ZUKE/MUSIC/MMs/MM 56/08 - Metalic Moon - Bhangra Bachata.mp3');
insert into tags ("album","composer","genre","title","artist","disc","track","filepath") values ('Mega Mix 56','Zumba Fitness','Bhangra Bachata','Metalic Moon','Zumba Fitness','1/1','08/10','/media/pi/ZUKE/MUSIC/MMs/MM 56/08 - Metalic Moon - Bhangra Bachata.mp3');
insert into mp3s ("filepath") values ('/media/pi/ZUKE/MUSIC/MMs/MM 56/08 - Metalic Moon - Bhangra Bachata.mp3');
insert into streams ("index","codec_name","codec_long_name","codec_type","codec_time_base","codec_tag_string","codec_tag","sample_fmt","sample_rate","channels","channel_layout","bits_per_sample","r_frame_rate","avg_frame_rate","time_base","start_pts","start_time","duration_ts","duration","bit_rate","filepath") values ('0','mp3','MP3 (MPEG audio layer 3)','audio','1/44100','[0][0][0][0]','0x0000','fltp','44100','2','stereo','0','0/0','0/0','1/14112000','0','0','2842583040','201.430204','171391','/media/pi/ZUKE/MUSIC/MMs/MM 56/09 - Dip & Roll - Dancehall.mp3');
insert into format ("filename","nb_streams","nb_programs","format_name","format_long_name","start_time","duration","size","bit_rate","probe_score","filepath") values ('/media/pi/ZUKE/MUSIC/MMs/MM 56/09 - Dip & Roll - Dancehall.mp3','1','0','mp3','MP2/3 (MPEG audio layer 2/3)','0','201.430204','4317312','171466','51','/media/pi/ZUKE/MUSIC/MMs/MM 56/09 - Dip & Roll - Dancehall.mp3');
insert into disposition ("default","dub","original","comment","lyrics","karaoke","forced","hearing_impaired","visual_impaired","clean_effects","attached_pic","timed_thumbnails","filepath") values ('0','0','0','0','0','0','0','0','0','0','0','0','/media/pi/ZUKE/MUSIC/MMs/MM 56/09 - Dip & Roll - Dancehall.mp3');
insert into tags ("album","composer","genre","title","artist","disc","track","filepath") values ('Mega Mix 56','Zumba Fitness','Dancehall','Dip & Roll','Zumba Fitness','1/1','09/10','/media/pi/ZUKE/MUSIC/MMs/MM 56/09 - Dip & Roll - Dancehall.mp3');
insert into mp3s ("filepath") values ('/media/pi/ZUKE/MUSIC/MMs/MM 56/09 - Dip & Roll - Dancehall.mp3');
insert into streams ("index","codec_name","codec_long_name","codec_type","codec_time_base","codec_tag_string","codec_tag","sample_fmt","sample_rate","channels","channel_layout","bits_per_sample","r_frame_rate","avg_frame_rate","time_base","start_pts","start_time","duration_ts","duration","bit_rate","filepath") values ('0','mp3','MP3 (MPEG audio layer 3)','audio','1/44100','[0][0][0][0]','0x0000','fltp','44100','2','stereo','0','0/0','0/0','1/14112000','0','0','3227074560','228.675918','168845','/media/pi/ZUKE/MUSIC/MMs/MM 56/10 - Se Sufre Pero Se Goza - Tropipop.mp3');
insert into format ("filename","nb_streams","nb_programs","format_name","format_long_name","start_time","duration","size","bit_rate","probe_score","filepath") values ('/media/pi/ZUKE/MUSIC/MMs/MM 56/10 - Se Sufre Pero Se Goza - Tropipop.mp3','1','0','mp3','MP2/3 (MPEG audio layer 2/3)','0','228.675918','4827264','168877','51','/media/pi/ZUKE/MUSIC/MMs/MM 56/10 - Se Sufre Pero Se Goza - Tropipop.mp3');
insert into disposition ("default","dub","original","comment","lyrics","karaoke","forced","hearing_impaired","visual_impaired","clean_effects","attached_pic","timed_thumbnails","filepath") values ('0','0','0','0','0','0','0','0','0','0','0','0','/media/pi/ZUKE/MUSIC/MMs/MM 56/10 - Se Sufre Pero Se Goza - Tropipop.mp3');
insert into tags ("album","composer","genre","title","artist","disc","track","filepath") values ('Mega Mix 56','Zumba Fitness','Tropipop','Se Sufre Pero Se Goza','Zumba Fitness','1/1','10/10','/media/pi/ZUKE/MUSIC/MMs/MM 56/10 - Se Sufre Pero Se Goza - Tropipop.mp3');
insert into mp3s ("filepath") values ('/media/pi/ZUKE/MUSIC/MMs/MM 56/10 - Se Sufre Pero Se Goza - Tropipop.mp3');
insert into streams ("index","codec_name","codec_long_name","codec_type","codec_time_base","codec_tag_string","codec_tag","sample_fmt","sample_rate","channels","channel_layout","bits_per_sample","r_frame_rate","avg_frame_rate","time_base","start_pts","start_time","duration_ts","duration","bit_rate","filepath") values ('0','mp3','MP3 (MPEG audio layer 3)','audio','1/44100','[0][0][0][0]','0x0000','fltp','44100','2','stereo','0','0/0','0/0','1/14112000','0','0','2387312640','169.168980','162097','/media/pi/ZUKE/MUSIC/MMs/MM 57/01 - All Night - Punta.mp3');
insert into format ("filename","nb_streams","nb_programs","format_name","format_long_name","start_time","duration","size","bit_rate","probe_score","filepath") values ('/media/pi/ZUKE/MUSIC/MMs/MM 57/01 - All Night - Punta.mp3','1','0','mp3','MP2/3 (MPEG audio layer 2/3)','0','169.168980','3428480','162132','51','/media/pi/ZUKE/MUSIC/MMs/MM 57/01 - All Night - Punta.mp3');
insert into disposition ("default","dub","original","comment","lyrics","karaoke","forced","hearing_impaired","visual_impaired","clean_effects","attached_pic","timed_thumbnails","filepath") values ('0','0','0','0','0','0','0','0','0','0','0','0','/media/pi/ZUKE/MUSIC/MMs/MM 57/01 - All Night - Punta.mp3');
insert into tags ("album","composer","genre","title","artist","disc","track","filepath") values ('Mega Mix 57','Zumba Fitness','Punta','All Night','Zumba Fitness','1/1','01/10','/media/pi/ZUKE/MUSIC/MMs/MM 57/01 - All Night - Punta.mp3');
insert into mp3s ("filepath") values ('/media/pi/ZUKE/MUSIC/MMs/MM 57/01 - All Night - Punta.mp3');
insert into streams ("index","codec_name","codec_long_name","codec_type","codec_time_base","codec_tag_string","codec_tag","sample_fmt","sample_rate","channels","channel_layout","bits_per_sample","r_frame_rate","avg_frame_rate","time_base","start_pts","start_time","duration_ts","duration","bit_rate","filepath") values ('0','mp3','MP3 (MPEG audio layer 3)','audio','1/44100','[0][0][0][0]','0x0000','fltp','44100','2','stereo','0','0/0','0/0','1/14112000','0','0','3021373440','214.099592','158756','/media/pi/ZUKE/MUSIC/MMs/MM 57/02 - Super - Electronic.mp3');
insert into format ("filename","nb_streams","nb_programs","format_name","format_long_name","start_time","duration","size","bit_rate","probe_score","filepath") values ('/media/pi/ZUKE/MUSIC/MMs/MM 57/02 - Super - Electronic.mp3','1','0','mp3','MP2/3 (MPEG audio layer 2/3)','0','214.099592','4249728','158794','51','/media/pi/ZUKE/MUSIC/MMs/MM 57/02 - Super - Electronic.mp3');
insert into disposition ("default","dub","original","comment","lyrics","karaoke","forced","hearing_impaired","visual_impaired","clean_effects","attached_pic","timed_thumbnails","filepath") values ('0','0','0','0','0','0','0','0','0','0','0','0','/media/pi/ZUKE/MUSIC/MMs/MM 57/02 - Super - Electronic.mp3');
insert into tags ("album","composer","genre","title","artist","disc","track","filepath") values ('Mega Mix 57','Zumba Fitness','Electronic','Super','Zumba Fitness','1/1','02/10','/media/pi/ZUKE/MUSIC/MMs/MM 57/02 - Super - Electronic.mp3');
insert into mp3s ("filepath") values ('/media/pi/ZUKE/MUSIC/MMs/MM 57/02 - Super - Electronic.mp3');
insert into streams ("index","codec_name","codec_long_name","codec_type","codec_time_base","codec_tag_string","codec_tag","sample_fmt","sample_rate","channels","channel_layout","bits_per_sample","r_frame_rate","avg_frame_rate","time_base","start_pts","start_time","duration_ts","duration","bit_rate","filepath") values ('0','mp3','MP3 (MPEG audio layer 3)','audio','1/44100','[0][0][0][0]','0x0000','fltp','44100','2','stereo','0','0/0','0/0','1/14112000','0','0','3127910400','221.648980','162683','/media/pi/ZUKE/MUSIC/MMs/MM 57/03 - No Es Mentira - Merengue Urbano.mp3');
insert into format ("filename","nb_streams","nb_programs","format_name","format_long_name","start_time","duration","size","bit_rate","probe_score","filepath") values ('/media/pi/ZUKE/MUSIC/MMs/MM 57/03 - No Es Mentira - Merengue Urbano.mp3','1','0','mp3','MP2/3 (MPEG audio layer 2/3)','0','221.648980','4507776','162699','51','/media/pi/ZUKE/MUSIC/MMs/MM 57/03 - No Es Mentira - Merengue Urbano.mp3');
insert into disposition ("default","dub","original","comment","lyrics","karaoke","forced","hearing_impaired","visual_impaired","clean_effects","attached_pic","timed_thumbnails","filepath") values ('0','0','0','0','0','0','0','0','0','0','0','0','/media/pi/ZUKE/MUSIC/MMs/MM 57/03 - No Es Mentira - Merengue Urbano.mp3');
insert into tags ("album","composer","genre","title","artist","disc","track","filepath") values ('Mega Mix 57','Zumba Fitness','Merengue Urbano','No Es Mentira','Zumba Fitness','1/1','03/10','/media/pi/ZUKE/MUSIC/MMs/MM 57/03 - No Es Mentira - Merengue Urbano.mp3');
insert into mp3s ("filepath") values ('/media/pi/ZUKE/MUSIC/MMs/MM 57/03 - No Es Mentira - Merengue Urbano.mp3');
insert into streams ("index","codec_name","codec_long_name","codec_type","codec_time_base","codec_tag_string","codec_tag","sample_fmt","sample_rate","channels","channel_layout","bits_per_sample","r_frame_rate","avg_frame_rate","time_base","start_pts","start_time","duration_ts","duration","bit_rate","filepath") values ('0','mp3','MP3 (MPEG audio layer 3)','audio','1/44100','[0][0][0][0]','0x0000','fltp','44100','2','stereo','0','0/0','0/0','1/14112000','0','0','3085516800','218.644898','161618','/media/pi/ZUKE/MUSIC/MMs/MM 57/04 - Guarachar - Salsaton.mp3');
insert into format ("filename","nb_streams","nb_programs","format_name","format_long_name","start_time","duration","size","bit_rate","probe_score","filepath") values ('/media/pi/ZUKE/MUSIC/MMs/MM 57/04 - Guarachar - Salsaton.mp3','1','0','mp3','MP2/3 (MPEG audio layer 2/3)','0','218.644898','4417664','161637','51','/media/pi/ZUKE/MUSIC/MMs/MM 57/04 - Guarachar - Salsaton.mp3');
insert into disposition ("default","dub","original","comment","lyrics","karaoke","forced","hearing_impaired","visual_impaired","clean_effects","attached_pic","timed_thumbnails","filepath") values ('0','0','0','0','0','0','0','0','0','0','0','0','/media/pi/ZUKE/MUSIC/MMs/MM 57/04 - Guarachar - Salsaton.mp3');
insert into tags ("album","composer","genre","title","artist","disc","track","filepath") values ('Mega Mix 57','Zumba Fitness','Salsaton','Guarachar','Zumba Fitness','1/1','04/10','/media/pi/ZUKE/MUSIC/MMs/MM 57/04 - Guarachar - Salsaton.mp3');
insert into mp3s ("filepath") values ('/media/pi/ZUKE/MUSIC/MMs/MM 57/04 - Guarachar - Salsaton.mp3');
insert into streams ("index","codec_name","codec_long_name","codec_type","codec_time_base","codec_tag_string","codec_tag","sample_fmt","sample_rate","channels","channel_layout","bits_per_sample","r_frame_rate","avg_frame_rate","time_base","start_pts","start_time","duration_ts","duration","bit_rate","filepath") values ('0','mp3','MP3 (MPEG audio layer 3)','audio','1/44100','[0][0][0][0]','0x0000','fltp','44100','2','stereo','0','0/0','0/0','1/14112000','0','0','2816040960','199.549388','154462','/media/pi/ZUKE/MUSIC/MMs/MM 57/05 - Kinsa - Cumbia.mp3');
insert into format ("filename","nb_streams","nb_programs","format_name","format_long_name","start_time","duration","size","bit_rate","probe_score","filepath") values ('/media/pi/ZUKE/MUSIC/MMs/MM 57/05 - Kinsa - Cumbia.mp3','1','0','mp3','MP2/3 (MPEG audio layer 2/3)','0','199.549388','3854464','154526','51','/media/pi/ZUKE/MUSIC/MMs/MM 57/05 - Kinsa - Cumbia.mp3');
insert into disposition ("default","dub","original","comment","lyrics","karaoke","forced","hearing_impaired","visual_impaired","clean_effects","attached_pic","timed_thumbnails","filepath") values ('0','0','0','0','0','0','0','0','0','0','0','0','/media/pi/ZUKE/MUSIC/MMs/MM 57/05 - Kinsa - Cumbia.mp3');
insert into tags ("album","composer","genre","title","artist","disc","track","filepath") values ('Mega Mix 57','Zumba Fitness','Cumbia','Kinsa','Zumba Fitness','1/1','05/10','/media/pi/ZUKE/MUSIC/MMs/MM 57/05 - Kinsa - Cumbia.mp3');
insert into mp3s ("filepath") values ('/media/pi/ZUKE/MUSIC/MMs/MM 57/05 - Kinsa - Cumbia.mp3');
insert into streams ("index","codec_name","codec_long_name","codec_type","codec_time_base","codec_tag_string","codec_tag","sample_fmt","sample_rate","channels","channel_layout","bits_per_sample","r_frame_rate","avg_frame_rate","time_base","start_pts","start_time","duration_ts","duration","bit_rate","filepath") values ('0','mp3','MP3 (MPEG audio layer 3)','audio','1/44100','[0][0][0][0]','0x0000','fltp','44100','2','stereo','0','0/0','0/0','1/14112000','0','0','3399966720','240.927347','160094','/media/pi/ZUKE/MUSIC/MMs/MM 57/06 - Bobo - Reggaeton.mp3');
insert into format ("filename","nb_streams","nb_programs","format_name","format_long_name","start_time","duration","size","bit_rate","probe_score","filepath") values ('/media/pi/ZUKE/MUSIC/MMs/MM 57/06 - Bobo - Reggaeton.mp3','1','0','mp3','MP2/3 (MPEG audio layer 2/3)','0','240.927347','4823168','160153','51','/media/pi/ZUKE/MUSIC/MMs/MM 57/06 - Bobo - Reggaeton.mp3');
insert into disposition ("default","dub","original","comment","lyrics","karaoke","forced","hearing_impaired","visual_impaired","clean_effects","attached_pic","timed_thumbnails","filepath") values ('0','0','0','0','0','0','0','0','0','0','0','0','/media/pi/ZUKE/MUSIC/MMs/MM 57/06 - Bobo - Reggaeton.mp3');
insert into tags ("album","composer","genre","title","artist","disc","track","filepath") values ('Mega Mix 57','Zumba Fitness','Reggaeton','Bobo','Zumba Fitness','1/1','06/10','/media/pi/ZUKE/MUSIC/MMs/MM 57/06 - Bobo - Reggaeton.mp3');
insert into mp3s ("filepath") values ('/media/pi/ZUKE/MUSIC/MMs/MM 57/06 - Bobo - Reggaeton.mp3');
insert into streams ("index","codec_name","codec_long_name","codec_type","codec_time_base","codec_tag_string","codec_tag","sample_fmt","sample_rate","channels","channel_layout","bits_per_sample","r_frame_rate","avg_frame_rate","time_base","start_pts","start_time","duration_ts","duration","bit_rate","filepath") values ('0','mp3','MP3 (MPEG audio layer 3)','audio','1/44100','[0][0][0][0]','0x0000','fltp','44100','2','stereo','0','0/0','0/0','1/14112000','0','0','2609233920','184.894694','146881','/media/pi/ZUKE/MUSIC/MMs/MM 57/07 - Ela Balanca a Lomba - Axe.mp3');
insert into format ("filename","nb_streams","nb_programs","format_name","format_long_name","start_time","duration","size","bit_rate","probe_score","filepath") values ('/media/pi/ZUKE/MUSIC/MMs/MM 57/07 - Ela Balanca a Lomba - Axe.mp3','1','0','mp3','MP2/3 (MPEG audio layer 2/3)','0','184.894694','3395712','146925','51','/media/pi/ZUKE/MUSIC/MMs/MM 57/07 - Ela Balanca a Lomba - Axe.mp3');
insert into disposition ("default","dub","original","comment","lyrics","karaoke","forced","hearing_impaired","visual_impaired","clean_effects","attached_pic","timed_thumbnails","filepath") values ('0','0','0','0','0','0','0','0','0','0','0','0','/media/pi/ZUKE/MUSIC/MMs/MM 57/07 - Ela Balanca a Lomba - Axe.mp3');
insert into tags ("album","composer","genre","title","artist","disc","track","filepath") values ('Mega Mix 57','Zumba Fitness','Axe','Ela Balanca a Lomba','Zumba Fitness','1/1','07/10','/media/pi/ZUKE/MUSIC/MMs/MM 57/07 - Ela Balanca a Lomba - Axe.mp3');
insert into mp3s ("filepath") values ('/media/pi/ZUKE/MUSIC/MMs/MM 57/07 - Ela Balanca a Lomba - Axe.mp3');
insert into streams ("index","codec_name","codec_long_name","codec_type","codec_time_base","codec_tag_string","codec_tag","sample_fmt","sample_rate","channels","channel_layout","bits_per_sample","r_frame_rate","avg_frame_rate","time_base","start_pts","start_time","duration_ts","duration","bit_rate","filepath") values ('0','mp3','MP3 (MPEG audio layer 3)','audio','1/44100','[0][0][0][0]','0x0000','fltp','44100','2','stereo','0','0/0','0/0','1/14112000','0','0','3449364480','244.427755','152643','/media/pi/ZUKE/MUSIC/MMs/MM 57/08 - Closer - Pop.mp3');
insert into format ("filename","nb_streams","nb_programs","format_name","format_long_name","start_time","duration","size","bit_rate","probe_score","filepath") values ('/media/pi/ZUKE/MUSIC/MMs/MM 57/08 - Closer - Pop.mp3','1','0','mp3','MP2/3 (MPEG audio layer 2/3)','0','244.427755','4665472','152698','51','/media/pi/ZUKE/MUSIC/MMs/MM 57/08 - Closer - Pop.mp3');
insert into disposition ("default","dub","original","comment","lyrics","karaoke","forced","hearing_impaired","visual_impaired","clean_effects","attached_pic","timed_thumbnails","filepath") values ('0','0','0','0','0','0','0','0','0','0','0','0','/media/pi/ZUKE/MUSIC/MMs/MM 57/08 - Closer - Pop.mp3');
insert into tags ("album","composer","genre","title","artist","disc","track","filepath") values ('Mega Mix 57','Zumba Fitness','Pop','Closer','Zumba Fitness','1/1','08/10','/media/pi/ZUKE/MUSIC/MMs/MM 57/08 - Closer - Pop.mp3');
insert into mp3s ("filepath") values ('/media/pi/ZUKE/MUSIC/MMs/MM 57/08 - Closer - Pop.mp3');
insert into streams ("index","codec_name","codec_long_name","codec_type","codec_time_base","codec_tag_string","codec_tag","sample_fmt","sample_rate","channels","channel_layout","bits_per_sample","r_frame_rate","avg_frame_rate","time_base","start_pts","start_time","duration_ts","duration","bit_rate","filepath") values ('0','mp3','MP3 (MPEG audio layer 3)','audio','1/44100','[0][0][0][0]','0x0000','fltp','44100','2','stereo','0','0/0','0/0','1/14112000','0','0','3218227200','228.048980','148200','/media/pi/ZUKE/MUSIC/MMs/MM 57/09 - Jump - Soca.mp3');
insert into format ("filename","nb_streams","nb_programs","format_name","format_long_name","start_time","duration","size","bit_rate","probe_score","filepath") values ('/media/pi/ZUKE/MUSIC/MMs/MM 57/09 - Jump - Soca.mp3','1','0','mp3','MP2/3 (MPEG audio layer 2/3)','0','228.048980','4225152','148219','51','/media/pi/ZUKE/MUSIC/MMs/MM 57/09 - Jump - Soca.mp3');
insert into disposition ("default","dub","original","comment","lyrics","karaoke","forced","hearing_impaired","visual_impaired","clean_effects","attached_pic","timed_thumbnails","filepath") values ('0','0','0','0','0','0','0','0','0','0','0','0','/media/pi/ZUKE/MUSIC/MMs/MM 57/09 - Jump - Soca.mp3');
insert into tags ("album","composer","genre","title","artist","disc","track","filepath") values ('Mega Mix 57','Zumba Fitness','Soca','Jump','Zumba Fitness','1/1','09/10','/media/pi/ZUKE/MUSIC/MMs/MM 57/09 - Jump - Soca.mp3');
insert into mp3s ("filepath") values ('/media/pi/ZUKE/MUSIC/MMs/MM 57/09 - Jump - Soca.mp3');
insert into streams ("index","codec_name","codec_long_name","codec_type","codec_time_base","codec_tag_string","codec_tag","sample_fmt","sample_rate","channels","channel_layout","bits_per_sample","r_frame_rate","avg_frame_rate","time_base","start_pts","start_time","duration_ts","duration","bit_rate","filepath") values ('0','mp3','MP3 (MPEG audio layer 3)','audio','1/44100','[0][0][0][0]','0x0000','fltp','44100','2','stereo','0','0/0','0/0','1/14112000','0','0','4059463680','287.660408','150534','/media/pi/ZUKE/MUSIC/MMs/MM 57/10 - Querida - Cooldown.mp3');
insert into format ("filename","nb_streams","nb_programs","format_name","format_long_name","start_time","duration","size","bit_rate","probe_score","filepath") values ('/media/pi/ZUKE/MUSIC/MMs/MM 57/10 - Querida - Cooldown.mp3','1','0','mp3','MP2/3 (MPEG audio layer 2/3)','0','287.660408','5415040','150595','51','/media/pi/ZUKE/MUSIC/MMs/MM 57/10 - Querida - Cooldown.mp3');
insert into disposition ("default","dub","original","comment","lyrics","karaoke","forced","hearing_impaired","visual_impaired","clean_effects","attached_pic","timed_thumbnails","filepath") values ('0','0','0','0','0','0','0','0','0','0','0','0','/media/pi/ZUKE/MUSIC/MMs/MM 57/10 - Querida - Cooldown.mp3');
insert into tags ("album","composer","genre","title","artist","disc","track","filepath") values ('Mega Mix 57','Zumba Fitness','Cooldown','Querida','Zumba Fitness','1/1','10/10','/media/pi/ZUKE/MUSIC/MMs/MM 57/10 - Querida - Cooldown.mp3');
insert into mp3s ("filepath") values ('/media/pi/ZUKE/MUSIC/MMs/MM 57/10 - Querida - Cooldown.mp3');
insert into streams ("index","codec_name","codec_long_name","codec_type","codec_time_base","codec_tag_string","codec_tag","sample_fmt","sample_rate","channels","channel_layout","bits_per_sample","r_frame_rate","avg_frame_rate","time_base","start_pts","start_time","duration_ts","duration","bit_rate","filepath") values ('0','mp3','MP3 (MPEG audio layer 3)','audio','1/44100','[0][0][0][0]','0x0000','fltp','44100','2','stereo','0','0/0','0/0','1/14112000','0','0','2493849600','176.718367','153549','/media/pi/ZUKE/MUSIC/MMs/MM 58/01 - Tu Mi Medicina - Merengue.mp3');
insert into format ("filename","nb_streams","nb_programs","format_name","format_long_name","start_time","duration","size","bit_rate","probe_score","filepath") values ('/media/pi/ZUKE/MUSIC/MMs/MM 58/01 - Tu Mi Medicina - Merengue.mp3','1','0','mp3','MP2/3 (MPEG audio layer 2/3)','0','176.718367','3393664','153630','51','/media/pi/ZUKE/MUSIC/MMs/MM 58/01 - Tu Mi Medicina - Merengue.mp3');
insert into disposition ("default","dub","original","comment","lyrics","karaoke","forced","hearing_impaired","visual_impaired","clean_effects","attached_pic","timed_thumbnails","filepath") values ('0','0','0','0','0','0','0','0','0','0','0','0','/media/pi/ZUKE/MUSIC/MMs/MM 58/01 - Tu Mi Medicina - Merengue.mp3');
insert into tags ("album","composer","genre","title","artist","disc","track","filepath") values ('Mega Mix 58','Zumba Fitness','Merengue','Tu Mi Medicina','Zumba Fitness','1/1','01/10','/media/pi/ZUKE/MUSIC/MMs/MM 58/01 - Tu Mi Medicina - Merengue.mp3');
insert into mp3s ("filepath") values ('/media/pi/ZUKE/MUSIC/MMs/MM 58/01 - Tu Mi Medicina - Merengue.mp3');
insert into streams ("index","codec_name","codec_long_name","codec_type","codec_time_base","codec_tag_string","codec_tag","sample_fmt","sample_rate","channels","channel_layout","bits_per_sample","r_frame_rate","avg_frame_rate","time_base","start_pts","start_time","duration_ts","duration","bit_rate","filepath") values ('0','mp3','MP3 (MPEG audio layer 3)','audio','1/44100','[0][0][0][0]','0x0000','fltp','44100','2','stereo','0','0/0','0/0','1/14112000','0','0','2901565440','205.609796','171362','/media/pi/ZUKE/MUSIC/MMs/MM 58/02 - Despacito - Salsa.mp3');
insert into format ("filename","nb_streams","nb_programs","format_name","format_long_name","start_time","duration","size","bit_rate","probe_score","filepath") values ('/media/pi/ZUKE/MUSIC/MMs/MM 58/02 - Despacito - Salsa.mp3','1','0','mp3','MP2/3 (MPEG audio layer 2/3)','0','205.609796','4405376','171407','51','/media/pi/ZUKE/MUSIC/MMs/MM 58/02 - Despacito - Salsa.mp3');
insert into disposition ("default","dub","original","comment","lyrics","karaoke","forced","hearing_impaired","visual_impaired","clean_effects","attached_pic","timed_thumbnails","filepath") values ('0','0','0','0','0','0','0','0','0','0','0','0','/media/pi/ZUKE/MUSIC/MMs/MM 58/02 - Despacito - Salsa.mp3');
insert into tags ("album","composer","genre","title","artist","disc","track","filepath") values ('Mega Mix 58','Zumba Fitness','Salsa','Despacito','Zumba Fitness','1/1','02/10','/media/pi/ZUKE/MUSIC/MMs/MM 58/02 - Despacito - Salsa.mp3');
insert into mp3s ("filepath") values ('/media/pi/ZUKE/MUSIC/MMs/MM 58/02 - Despacito - Salsa.mp3');
insert into streams ("index","codec_name","codec_long_name","codec_type","codec_time_base","codec_tag_string","codec_tag","sample_fmt","sample_rate","channels","channel_layout","bits_per_sample","r_frame_rate","avg_frame_rate","time_base","start_pts","start_time","duration_ts","duration","bit_rate","filepath") values ('0','mp3','MP3 (MPEG audio layer 3)','audio','1/44100','[0][0][0][0]','0x0000','fltp','44100','2','stereo','0','0/0','0/0','1/14112000','0','0','3333980160','236.251429','165497','/media/pi/ZUKE/MUSIC/MMs/MM 58/03 - Vacaciones - Reggaeton.mp3');
insert into format ("filename","nb_streams","nb_programs","format_name","format_long_name","start_time","duration","size","bit_rate","probe_score","filepath") values ('/media/pi/ZUKE/MUSIC/MMs/MM 58/03 - Vacaciones - Reggaeton.mp3','1','0','mp3','MP2/3 (MPEG audio layer 2/3)','0','236.251429','4888704','165542','51','/media/pi/ZUKE/MUSIC/MMs/MM 58/03 - Vacaciones - Reggaeton.mp3');
insert into disposition ("default","dub","original","comment","lyrics","karaoke","forced","hearing_impaired","visual_impaired","clean_effects","attached_pic","timed_thumbnails","filepath") values ('0','0','0','0','0','0','0','0','0','0','0','0','/media/pi/ZUKE/MUSIC/MMs/MM 58/03 - Vacaciones - Reggaeton.mp3');
insert into tags ("album","composer","genre","title","artist","disc","track","filepath") values ('Mega Mix 58','Zumba Fitness','Reggaeton','Vacaciones','Zumba Fitness','1/1','03/10','/media/pi/ZUKE/MUSIC/MMs/MM 58/03 - Vacaciones - Reggaeton.mp3');
insert into mp3s ("filepath") values ('/media/pi/ZUKE/MUSIC/MMs/MM 58/03 - Vacaciones - Reggaeton.mp3');
insert into streams ("index","codec_name","codec_long_name","codec_type","codec_time_base","codec_tag_string","codec_tag","sample_fmt","sample_rate","channels","channel_layout","bits_per_sample","r_frame_rate","avg_frame_rate","time_base","start_pts","start_time","duration_ts","duration","bit_rate","filepath") values ('0','mp3','MP3 (MPEG audio layer 3)','audio','1/44100','[0][0][0][0]','0x0000','fltp','44100','2','stereo','0','0/0','0/0','1/14112000','0','0','3305594880','234.240000','150871','/media/pi/ZUKE/MUSIC/MMs/MM 58/04 - La Champetua - Champeta.mp3');
insert into format ("filename","nb_streams","nb_programs","format_name","format_long_name","start_time","duration","size","bit_rate","probe_score","filepath") values ('/media/pi/ZUKE/MUSIC/MMs/MM 58/04 - La Champetua - Champeta.mp3','1','0','mp3','MP2/3 (MPEG audio layer 2/3)','0','234.240000','4419712','150946','51','/media/pi/ZUKE/MUSIC/MMs/MM 58/04 - La Champetua - Champeta.mp3');
insert into disposition ("default","dub","original","comment","lyrics","karaoke","forced","hearing_impaired","visual_impaired","clean_effects","attached_pic","timed_thumbnails","filepath") values ('0','0','0','0','0','0','0','0','0','0','0','0','/media/pi/ZUKE/MUSIC/MMs/MM 58/04 - La Champetua - Champeta.mp3');
insert into tags ("album","composer","genre","title","artist","disc","track","filepath") values ('Mega Mix 58','Zumba Fitness','Champeta','La Champetua','Zumba Fitness','1/1','04/10','/media/pi/ZUKE/MUSIC/MMs/MM 58/04 - La Champetua - Champeta.mp3');
insert into mp3s ("filepath") values ('/media/pi/ZUKE/MUSIC/MMs/MM 58/04 - La Champetua - Champeta.mp3');
insert into streams ("index","codec_name","codec_long_name","codec_type","codec_time_base","codec_tag_string","codec_tag","sample_fmt","sample_rate","channels","channel_layout","bits_per_sample","r_frame_rate","avg_frame_rate","time_base","start_pts","start_time","duration_ts","duration","bit_rate","filepath") values ('0','mp3','MP3 (MPEG audio layer 3)','audio','1/44100','[0][0][0][0]','0x0000','fltp','44100','2','stereo','0','0/0','0/0','1/14112000','0','0','3426140160','242.782041','160126','/media/pi/ZUKE/MUSIC/MMs/MM 58/05 - Viva Colombia - Reggaeton - Cumbia - Salsa.mp3');
insert into format ("filename","nb_streams","nb_programs","format_name","format_long_name","start_time","duration","size","bit_rate","probe_score","filepath") values ('/media/pi/ZUKE/MUSIC/MMs/MM 58/05 - Viva Colombia - Reggaeton - Cumbia - Salsa.mp3','1','0','mp3','MP2/3 (MPEG audio layer 2/3)','0','242.782041','4860032','160144','51','/media/pi/ZUKE/MUSIC/MMs/MM 58/05 - Viva Colombia - Reggaeton - Cumbia - Salsa.mp3');
insert into disposition ("default","dub","original","comment","lyrics","karaoke","forced","hearing_impaired","visual_impaired","clean_effects","attached_pic","timed_thumbnails","filepath") values ('0','0','0','0','0','0','0','0','0','0','0','0','/media/pi/ZUKE/MUSIC/MMs/MM 58/05 - Viva Colombia - Reggaeton - Cumbia - Salsa.mp3');
insert into tags ("album","composer","genre","title","artist","disc","track","filepath") values ('Mega Mix 58','Zumba Fitness','Reggaeton,Cumbia,Salsa','Viva Colombia','Zumba Fitness','1/1','05/10','/media/pi/ZUKE/MUSIC/MMs/MM 58/05 - Viva Colombia - Reggaeton - Cumbia - Salsa.mp3');
insert into mp3s ("filepath") values ('/media/pi/ZUKE/MUSIC/MMs/MM 58/05 - Viva Colombia - Reggaeton - Cumbia - Salsa.mp3');
insert into streams ("index","codec_name","codec_long_name","codec_type","codec_time_base","codec_tag_string","codec_tag","sample_fmt","sample_rate","channels","channel_layout","bits_per_sample","r_frame_rate","avg_frame_rate","time_base","start_pts","start_time","duration_ts","duration","bit_rate","filepath") values ('0','mp3','MP3 (MPEG audio layer 3)','audio','1/44100','[0][0][0][0]','0x0000','fltp','44100','2','stereo','0','0/0','0/0','1/14112000','0','0','2594856960','183.875918','162152','/media/pi/ZUKE/MUSIC/MMs/MM 58/06 - Ho Yea - Dancehall.mp3');
insert into format ("filename","nb_streams","nb_programs","format_name","format_long_name","start_time","duration","size","bit_rate","probe_score","filepath") values ('/media/pi/ZUKE/MUSIC/MMs/MM 58/06 - Ho Yea - Dancehall.mp3','1','0','mp3','MP2/3 (MPEG audio layer 2/3)','0','183.875918','3727488','162174','51','/media/pi/ZUKE/MUSIC/MMs/MM 58/06 - Ho Yea - Dancehall.mp3');
insert into disposition ("default","dub","original","comment","lyrics","karaoke","forced","hearing_impaired","visual_impaired","clean_effects","attached_pic","timed_thumbnails","filepath") values ('0','0','0','0','0','0','0','0','0','0','0','0','/media/pi/ZUKE/MUSIC/MMs/MM 58/06 - Ho Yea - Dancehall.mp3');
insert into tags ("album","composer","genre","title","artist","disc","track","filepath") values ('Mega Mix 58','Zumba Fitness','Dancehall','Ho Yea','Zumba Fitness','1/1','06/10','/media/pi/ZUKE/MUSIC/MMs/MM 58/06 - Ho Yea - Dancehall.mp3');
insert into mp3s ("filepath") values ('/media/pi/ZUKE/MUSIC/MMs/MM 58/06 - Ho Yea - Dancehall.mp3');
insert into streams ("index","codec_name","codec_long_name","codec_type","codec_time_base","codec_tag_string","codec_tag","sample_fmt","sample_rate","channels","channel_layout","bits_per_sample","r_frame_rate","avg_frame_rate","time_base","start_pts","start_time","duration_ts","duration","bit_rate","filepath") values ('0','mp3','MP3 (MPEG audio layer 3)','audio','1/44100','[0][0][0][0]','0x0000','fltp','44100','2','stereo','0','0/0','0/0','1/14112000','0','0','2901565440','205.609796','159184','/media/pi/ZUKE/MUSIC/MMs/MM 58/07 - Sacude - Latin Urban.mp3');
insert into format ("filename","nb_streams","nb_programs","format_name","format_long_name","start_time","duration","size","bit_rate","probe_score","filepath") values ('/media/pi/ZUKE/MUSIC/MMs/MM 58/07 - Sacude - Latin Urban.mp3','1','0','mp3','MP2/3 (MPEG audio layer 2/3)','0','205.609796','4092032','159215','51','/media/pi/ZUKE/MUSIC/MMs/MM 58/07 - Sacude - Latin Urban.mp3');
insert into disposition ("default","dub","original","comment","lyrics","karaoke","forced","hearing_impaired","visual_impaired","clean_effects","attached_pic","timed_thumbnails","filepath") values ('0','0','0','0','0','0','0','0','0','0','0','0','/media/pi/ZUKE/MUSIC/MMs/MM 58/07 - Sacude - Latin Urban.mp3');
insert into tags ("album","composer","genre","title","artist","disc","track","filepath") values ('Mega Mix 58','Zumba Fitness','Latin Urban','Sacude','Zumba Fitness','1/1','07/10','/media/pi/ZUKE/MUSIC/MMs/MM 58/07 - Sacude - Latin Urban.mp3');
insert into mp3s ("filepath") values ('/media/pi/ZUKE/MUSIC/MMs/MM 58/07 - Sacude - Latin Urban.mp3');
insert into streams ("index","codec_name","codec_long_name","codec_type","codec_time_base","codec_tag_string","codec_tag","sample_fmt","sample_rate","channels","channel_layout","bits_per_sample","r_frame_rate","avg_frame_rate","time_base","start_pts","start_time","duration_ts","duration","bit_rate","filepath") values ('0','mp3','MP3 (MPEG audio layer 3)','audio','1/44100','[0][0][0][0]','0x0000','fltp','44100','2','stereo','0','0/0','0/0','1/14112000','0','0','3977625600','281.861224','171141','/media/pi/ZUKE/MUSIC/MMs/MM 58/08 - Sidi Mansour - Belly Dance.mp3');
insert into format ("filename","nb_streams","nb_programs","format_name","format_long_name","start_time","duration","size","bit_rate","probe_score","filepath") values ('/media/pi/ZUKE/MUSIC/MMs/MM 58/08 - Sidi Mansour - Belly Dance.mp3','1','0','mp3','MP2/3 (MPEG audio layer 2/3)','0','281.861224','6031488','171190','51','/media/pi/ZUKE/MUSIC/MMs/MM 58/08 - Sidi Mansour - Belly Dance.mp3');
insert into disposition ("default","dub","original","comment","lyrics","karaoke","forced","hearing_impaired","visual_impaired","clean_effects","attached_pic","timed_thumbnails","filepath") values ('0','0','0','0','0','0','0','0','0','0','0','0','/media/pi/ZUKE/MUSIC/MMs/MM 58/08 - Sidi Mansour - Belly Dance.mp3');
insert into tags ("album","composer","genre","title","artist","disc","track","filepath") values ('Mega Mix 58','Zumba Fitness','Belly Dance','Sidi Mansour','Zumba Fitness','1/1','08/10','/media/pi/ZUKE/MUSIC/MMs/MM 58/08 - Sidi Mansour - Belly Dance.mp3');
insert into mp3s ("filepath") values ('/media/pi/ZUKE/MUSIC/MMs/MM 58/08 - Sidi Mansour - Belly Dance.mp3');
insert into streams ("index","codec_name","codec_long_name","codec_type","codec_time_base","codec_tag_string","codec_tag","sample_fmt","sample_rate","channels","channel_layout","bits_per_sample","r_frame_rate","avg_frame_rate","time_base","start_pts","start_time","duration_ts","duration","bit_rate","filepath") values ('0','mp3','MP3 (MPEG audio layer 3)','audio','1/44100','[0][0][0][0]','0x0000','fltp','44100','2','stereo','0','0/0','0/0','1/14112000','0','0','2141798400','151.771429','125872','/media/pi/ZUKE/MUSIC/MMs/MM 58/09 - Happy Boom - Brazilian Funk.mp3');
insert into format ("filename","nb_streams","nb_programs","format_name","format_long_name","start_time","duration","size","bit_rate","probe_score","filepath") values ('/media/pi/ZUKE/MUSIC/MMs/MM 58/09 - Happy Boom - Brazilian Funk.mp3','1','0','mp3','MP2/3 (MPEG audio layer 2/3)','0','151.771429','2390144','125986','51','/media/pi/ZUKE/MUSIC/MMs/MM 58/09 - Happy Boom - Brazilian Funk.mp3');
insert into disposition ("default","dub","original","comment","lyrics","karaoke","forced","hearing_impaired","visual_impaired","clean_effects","attached_pic","timed_thumbnails","filepath") values ('0','0','0','0','0','0','0','0','0','0','0','0','/media/pi/ZUKE/MUSIC/MMs/MM 58/09 - Happy Boom - Brazilian Funk.mp3');
insert into tags ("album","composer","genre","title","artist","disc","track","filepath") values ('Mega Mix 58','Zumba Fitness','Brazilian Funk','Happy Boom','Zumba Fitness','1/1','09/10','/media/pi/ZUKE/MUSIC/MMs/MM 58/09 - Happy Boom - Brazilian Funk.mp3');
insert into mp3s ("filepath") values ('/media/pi/ZUKE/MUSIC/MMs/MM 58/09 - Happy Boom - Brazilian Funk.mp3');
insert into streams ("index","codec_name","codec_long_name","codec_type","codec_time_base","codec_tag_string","codec_tag","sample_fmt","sample_rate","channels","channel_layout","bits_per_sample","r_frame_rate","avg_frame_rate","time_base","start_pts","start_time","duration_ts","duration","bit_rate","filepath") values ('0','mp3','MP3 (MPEG audio layer 3)','audio','1/44100','[0][0][0][0]','0x0000','fltp','44100','2','stereo','0','0/0','0/0','1/14112000','0','0','3180257280','225.358367','154003','/media/pi/ZUKE/MUSIC/MMs/MM 58/10 - Ya No Me Duele Mas - Vallenato.mp3');
insert into format ("filename","nb_streams","nb_programs","format_name","format_long_name","start_time","duration","size","bit_rate","probe_score","filepath") values ('/media/pi/ZUKE/MUSIC/MMs/MM 58/10 - Ya No Me Duele Mas - Vallenato.mp3','1','0','mp3','MP2/3 (MPEG audio layer 2/3)','0','225.358367','4339840','154060','51','/media/pi/ZUKE/MUSIC/MMs/MM 58/10 - Ya No Me Duele Mas - Vallenato.mp3');
insert into disposition ("default","dub","original","comment","lyrics","karaoke","forced","hearing_impaired","visual_impaired","clean_effects","attached_pic","timed_thumbnails","filepath") values ('0','0','0','0','0','0','0','0','0','0','0','0','/media/pi/ZUKE/MUSIC/MMs/MM 58/10 - Ya No Me Duele Mas - Vallenato.mp3');
insert into tags ("album","composer","genre","title","artist","disc","track","filepath") values ('Mega Mix 58','Zumba Fitness','Vallenato','Ya No Me Duele Mas','Zumba Fitness','1/1','10/10','/media/pi/ZUKE/MUSIC/MMs/MM 58/10 - Ya No Me Duele Mas - Vallenato.mp3');
insert into mp3s ("filepath") values ('/media/pi/ZUKE/MUSIC/MMs/MM 58/10 - Ya No Me Duele Mas - Vallenato.mp3');
insert into streams ("index","codec_name","codec_long_name","codec_type","codec_time_base","codec_tag_string","codec_tag","sample_fmt","sample_rate","channels","channel_layout","bits_per_sample","r_frame_rate","avg_frame_rate","time_base","start_pts","start_time","duration_ts","duration","bit_rate","filepath") values ('0','mp3','MP3 (MPEG audio layer 3)','audio','1/44100','[0][0][0][0]','0x0000','fltp','44100','2','stereo','0','0/0','0/0','1/14112000','0','0','3018055680','213.864490','135792','/media/pi/ZUKE/MUSIC/MMs/MM 59/01 - Tamo Happy - Merengue.mp3');
insert into format ("filename","nb_streams","nb_programs","format_name","format_long_name","start_time","duration","size","bit_rate","probe_score","filepath") values ('/media/pi/ZUKE/MUSIC/MMs/MM 59/01 - Tamo Happy - Merengue.mp3','1','0','mp3','MP2/3 (MPEG audio layer 2/3)','0','213.864490','3631232','135833','51','/media/pi/ZUKE/MUSIC/MMs/MM 59/01 - Tamo Happy - Merengue.mp3');
insert into disposition ("default","dub","original","comment","lyrics","karaoke","forced","hearing_impaired","visual_impaired","clean_effects","attached_pic","timed_thumbnails","filepath") values ('0','0','0','0','0','0','0','0','0','0','0','0','/media/pi/ZUKE/MUSIC/MMs/MM 59/01 - Tamo Happy - Merengue.mp3');
insert into tags ("album","composer","genre","title","artist","disc","track","filepath") values ('Mega Mix 59','Zumba Fitness','Merengue','Tamo Happy','Zumba Fitness','1/1','01/10','/media/pi/ZUKE/MUSIC/MMs/MM 59/01 - Tamo Happy - Merengue.mp3');
insert into mp3s ("filepath") values ('/media/pi/ZUKE/MUSIC/MMs/MM 59/01 - Tamo Happy - Merengue.mp3');
insert into streams ("index","codec_name","codec_long_name","codec_type","codec_time_base","codec_tag_string","codec_tag","sample_fmt","sample_rate","channels","channel_layout","bits_per_sample","r_frame_rate","avg_frame_rate","time_base","start_pts","start_time","duration_ts","duration","bit_rate","filepath") values ('0','mp3','MP3 (MPEG audio layer 3)','audio','1/44100','[0][0][0][0]','0x0000','fltp','44100','2','stereo','0','0/0','0/0','1/14112000','0','0','3183943680','225.619592','157097','/media/pi/ZUKE/MUSIC/MMs/MM 59/02 - Candela Pura - Salsa.mp3');
insert into format ("filename","nb_streams","nb_programs","format_name","format_long_name","start_time","duration","size","bit_rate","probe_score","filepath") values ('/media/pi/ZUKE/MUSIC/MMs/MM 59/02 - Candela Pura - Salsa.mp3','1','0','mp3','MP2/3 (MPEG audio layer 2/3)','0','225.619592','4432000','157149','51','/media/pi/ZUKE/MUSIC/MMs/MM 59/02 - Candela Pura - Salsa.mp3');
insert into disposition ("default","dub","original","comment","lyrics","karaoke","forced","hearing_impaired","visual_impaired","clean_effects","attached_pic","timed_thumbnails","filepath") values ('0','0','0','0','0','0','0','0','0','0','0','0','/media/pi/ZUKE/MUSIC/MMs/MM 59/02 - Candela Pura - Salsa.mp3');
insert into tags ("album","composer","genre","title","artist","disc","track","filepath") values ('Mega Mix 59','Zumba Fitness','Salsa','Candela Pura','Zumba Fitness','1/1','02/10','/media/pi/ZUKE/MUSIC/MMs/MM 59/02 - Candela Pura - Salsa.mp3');
insert into mp3s ("filepath") values ('/media/pi/ZUKE/MUSIC/MMs/MM 59/02 - Candela Pura - Salsa.mp3');
insert into streams ("index","codec_name","codec_long_name","codec_type","codec_time_base","codec_tag_string","codec_tag","sample_fmt","sample_rate","channels","channel_layout","bits_per_sample","r_frame_rate","avg_frame_rate","time_base","start_pts","start_time","duration_ts","duration","bit_rate","filepath") values ('0','mp3','MP3 (MPEG audio layer 3)','audio','1/44100','[0][0][0][0]','0x0000','fltp','44100','2','stereo','0','0/0','0/0','1/14112000','0','0','2753372160','195.108571','139713','/media/pi/ZUKE/MUSIC/MMs/MM 59/03 - Ta Gozando - Cumbia.mp3');
insert into format ("filename","nb_streams","nb_programs","format_name","format_long_name","start_time","duration","size","bit_rate","probe_score","filepath") values ('/media/pi/ZUKE/MUSIC/MMs/MM 59/03 - Ta Gozando - Cumbia.mp3','1','0','mp3','MP2/3 (MPEG audio layer 2/3)','0','195.108571','3408000','139737','51','/media/pi/ZUKE/MUSIC/MMs/MM 59/03 - Ta Gozando - Cumbia.mp3');
insert into disposition ("default","dub","original","comment","lyrics","karaoke","forced","hearing_impaired","visual_impaired","clean_effects","attached_pic","timed_thumbnails","filepath") values ('0','0','0','0','0','0','0','0','0','0','0','0','/media/pi/ZUKE/MUSIC/MMs/MM 59/03 - Ta Gozando - Cumbia.mp3');
insert into tags ("album","composer","genre","title","artist","disc","track","filepath") values ('Mega Mix 59','Zumba Fitness','Cumbia','Ta Gozando','Zumba Fitness','1/1','03/10','/media/pi/ZUKE/MUSIC/MMs/MM 59/03 - Ta Gozando - Cumbia.mp3');
insert into mp3s ("filepath") values ('/media/pi/ZUKE/MUSIC/MMs/MM 59/03 - Ta Gozando - Cumbia.mp3');
insert into streams ("index","codec_name","codec_long_name","codec_type","codec_time_base","codec_tag_string","codec_tag","sample_fmt","sample_rate","channels","channel_layout","bits_per_sample","r_frame_rate","avg_frame_rate","time_base","start_pts","start_time","duration_ts","duration","bit_rate","filepath") values ('0','mp3','MP3 (MPEG audio layer 3)','audio','1/44100','[0][0][0][0]','0x0000','fltp','44100','2','stereo','0','0/0','0/0','1/14112000','0','0','3896524800','276.114286','142600','/media/pi/ZUKE/MUSIC/MMs/MM 59/04 - Piyala - Moomahton - Bachata.mp3');
insert into format ("filename","nb_streams","nb_programs","format_name","format_long_name","start_time","duration","size","bit_rate","probe_score","filepath") values ('/media/pi/ZUKE/MUSIC/MMs/MM 59/04 - Piyala - Moomahton - Bachata.mp3','1','0','mp3','MP2/3 (MPEG audio layer 2/3)','0','276.114286','4923520','142651','51','/media/pi/ZUKE/MUSIC/MMs/MM 59/04 - Piyala - Moomahton - Bachata.mp3');
insert into disposition ("default","dub","original","comment","lyrics","karaoke","forced","hearing_impaired","visual_impaired","clean_effects","attached_pic","timed_thumbnails","filepath") values ('0','0','0','0','0','0','0','0','0','0','0','0','/media/pi/ZUKE/MUSIC/MMs/MM 59/04 - Piyala - Moomahton - Bachata.mp3');
insert into tags ("album","composer","genre","title","artist","disc","track","filepath") values ('Mega Mix 59','Zumba Fitness','Moomahton,Bachata','Piyala','Zumba Fitness','1/1','04/10','/media/pi/ZUKE/MUSIC/MMs/MM 59/04 - Piyala - Moomahton - Bachata.mp3');
insert into mp3s ("filepath") values ('/media/pi/ZUKE/MUSIC/MMs/MM 59/04 - Piyala - Moomahton - Bachata.mp3');
insert into streams ("index","codec_name","codec_long_name","codec_type","codec_time_base","codec_tag_string","codec_tag","sample_fmt","sample_rate","channels","channel_layout","bits_per_sample","r_frame_rate","avg_frame_rate","time_base","start_pts","start_time","duration_ts","duration","bit_rate","filepath") values ('0','mp3','MP3 (MPEG audio layer 3)','audio','1/44100','[0][0][0][0]','0x0000','fltp','44100','2','stereo','0','0/0','0/0','1/14112000','0','0','2695495680','191.007347','141337','/media/pi/ZUKE/MUSIC/MMs/MM 59/05 - Drop It Like That (Zeskullz and Dual Personality Remix) - Tropic Electric.mp3');
insert into format ("filename","nb_streams","nb_programs","format_name","format_long_name","start_time","duration","size","bit_rate","probe_score","filepath") values ('/media/pi/ZUKE/MUSIC/MMs/MM 59/05 - Drop It Like That (Zeskullz and Dual Personality Remix) - Tropic Electric.mp3','1','0','mp3','MP2/3 (MPEG audio layer 2/3)','0','191.007347','3375232','141365','51','/media/pi/ZUKE/MUSIC/MMs/MM 59/05 - Drop It Like That (Zeskullz and Dual Personality Remix) - Tropic Electric.mp3');
insert into disposition ("default","dub","original","comment","lyrics","karaoke","forced","hearing_impaired","visual_impaired","clean_effects","attached_pic","timed_thumbnails","filepath") values ('0','0','0','0','0','0','0','0','0','0','0','0','/media/pi/ZUKE/MUSIC/MMs/MM 59/05 - Drop It Like That (Zeskullz and Dual Personality Remix) - Tropic Electric.mp3');
insert into tags ("album","composer","genre","title","artist","disc","track","filepath") values ('Mega Mix 59','Zumba Fitness','Tropic Electric','Drop It Like That (Zeskullz and Dual Personality Remix)','Zumba Fitness','1/1','05/10','/media/pi/ZUKE/MUSIC/MMs/MM 59/05 - Drop It Like That (Zeskullz and Dual Personality Remix) - Tropic Electric.mp3');
insert into mp3s ("filepath") values ('/media/pi/ZUKE/MUSIC/MMs/MM 59/05 - Drop It Like That (Zeskullz and Dual Personality Remix) - Tropic Electric.mp3');
insert into streams ("index","codec_name","codec_long_name","codec_type","codec_time_base","codec_tag_string","codec_tag","sample_fmt","sample_rate","channels","channel_layout","bits_per_sample","r_frame_rate","avg_frame_rate","time_base","start_pts","start_time","duration_ts","duration","bit_rate","filepath") values ('0','mp3','MP3 (MPEG audio layer 3)','audio','1/44100','[0][0][0][0]','0x0000','fltp','44100','2','stereo','0','0/0','0/0','1/14112000','0','0','2984509440','211.487347','158981','/media/pi/ZUKE/MUSIC/MMs/MM 59/06 - Sadaf Iskandarani (Drum Solo) - Belly Dance.mp3');
insert into format ("filename","nb_streams","nb_programs","format_name","format_long_name","start_time","duration","size","bit_rate","probe_score","filepath") values ('/media/pi/ZUKE/MUSIC/MMs/MM 59/06 - Sadaf Iskandarani (Drum Solo) - Belly Dance.mp3','1','0','mp3','MP2/3 (MPEG audio layer 2/3)','0','211.487347','4204672','159051','51','/media/pi/ZUKE/MUSIC/MMs/MM 59/06 - Sadaf Iskandarani (Drum Solo) - Belly Dance.mp3');
insert into disposition ("default","dub","original","comment","lyrics","karaoke","forced","hearing_impaired","visual_impaired","clean_effects","attached_pic","timed_thumbnails","filepath") values ('0','0','0','0','0','0','0','0','0','0','0','0','/media/pi/ZUKE/MUSIC/MMs/MM 59/06 - Sadaf Iskandarani (Drum Solo) - Belly Dance.mp3');
insert into tags ("album","composer","genre","title","artist","disc","track","filepath") values ('Mega Mix 59','Zumba Fitness','Belly Dance','Sadaf Iskandarani (Drum Solo)','Zumba Fitness','1/1','06/10','/media/pi/ZUKE/MUSIC/MMs/MM 59/06 - Sadaf Iskandarani (Drum Solo) - Belly Dance.mp3');
insert into mp3s ("filepath") values ('/media/pi/ZUKE/MUSIC/MMs/MM 59/06 - Sadaf Iskandarani (Drum Solo) - Belly Dance.mp3');
insert into streams ("index","codec_name","codec_long_name","codec_type","codec_time_base","codec_tag_string","codec_tag","sample_fmt","sample_rate","channels","channel_layout","bits_per_sample","r_frame_rate","avg_frame_rate","time_base","start_pts","start_time","duration_ts","duration","bit_rate","filepath") values ('0','mp3','MP3 (MPEG audio layer 3)','audio','1/44100','[0][0][0][0]','0x0000','fltp','44100','2','stereo','0','0/0','0/0','1/14112000','0','0','2843688960','201.508571','135322','/media/pi/ZUKE/MUSIC/MMs/MM 59/07 - Rumba De La Buena - Salsaton.mp3');
insert into format ("filename","nb_streams","nb_programs","format_name","format_long_name","start_time","duration","size","bit_rate","probe_score","filepath") values ('/media/pi/ZUKE/MUSIC/MMs/MM 59/07 - Rumba De La Buena - Salsaton.mp3','1','0','mp3','MP2/3 (MPEG audio layer 2/3)','0','201.508571','3410048','135380','51','/media/pi/ZUKE/MUSIC/MMs/MM 59/07 - Rumba De La Buena - Salsaton.mp3');
insert into disposition ("default","dub","original","comment","lyrics","karaoke","forced","hearing_impaired","visual_impaired","clean_effects","attached_pic","timed_thumbnails","filepath") values ('0','0','0','0','0','0','0','0','0','0','0','0','/media/pi/ZUKE/MUSIC/MMs/MM 59/07 - Rumba De La Buena - Salsaton.mp3');
insert into tags ("album","composer","genre","title","artist","disc","track","filepath") values ('Mega Mix 59','Zumba Fitness','Salsaton','Rumba De La Buena','Zumba Fitness','1/1','07/10','/media/pi/ZUKE/MUSIC/MMs/MM 59/07 - Rumba De La Buena - Salsaton.mp3');
insert into mp3s ("filepath") values ('/media/pi/ZUKE/MUSIC/MMs/MM 59/07 - Rumba De La Buena - Salsaton.mp3');
insert into streams ("index","codec_name","codec_long_name","codec_type","codec_time_base","codec_tag_string","codec_tag","sample_fmt","sample_rate","channels","channel_layout","bits_per_sample","r_frame_rate","avg_frame_rate","time_base","start_pts","start_time","duration_ts","duration","bit_rate","filepath") values ('0','mp3','MP3 (MPEG audio layer 3)','audio','1/44100','[0][0][0][0]','0x0000','fltp','44100','2','stereo','0','0/0','0/0','1/14112000','0','0','3280158720','232.437551','142461','/media/pi/ZUKE/MUSIC/MMs/MM 59/08 - La Cintura - Merengue Urbano.mp3');
insert into format ("filename","nb_streams","nb_programs","format_name","format_long_name","start_time","duration","size","bit_rate","probe_score","filepath") values ('/media/pi/ZUKE/MUSIC/MMs/MM 59/08 - La Cintura - Merengue Urbano.mp3','1','0','mp3','MP2/3 (MPEG audio layer 2/3)','0','232.437551','4141184','142530','51','/media/pi/ZUKE/MUSIC/MMs/MM 59/08 - La Cintura - Merengue Urbano.mp3');
insert into disposition ("default","dub","original","comment","lyrics","karaoke","forced","hearing_impaired","visual_impaired","clean_effects","attached_pic","timed_thumbnails","filepath") values ('0','0','0','0','0','0','0','0','0','0','0','0','/media/pi/ZUKE/MUSIC/MMs/MM 59/08 - La Cintura - Merengue Urbano.mp3');
insert into tags ("album","composer","genre","title","artist","disc","track","filepath") values ('Mega Mix 59','Zumba Fitness','Merengue Urbano','La Cintura','Zumba Fitness','1/1','08/10','/media/pi/ZUKE/MUSIC/MMs/MM 59/08 - La Cintura - Merengue Urbano.mp3');
insert into mp3s ("filepath") values ('/media/pi/ZUKE/MUSIC/MMs/MM 59/08 - La Cintura - Merengue Urbano.mp3');
insert into streams ("index","codec_name","codec_long_name","codec_type","codec_time_base","codec_tag_string","codec_tag","sample_fmt","sample_rate","channels","channel_layout","bits_per_sample","r_frame_rate","avg_frame_rate","time_base","start_pts","start_time","duration_ts","duration","bit_rate","filepath") values ('0','mp3','MP3 (MPEG audio layer 3)','audio','1/44100','[0][0][0][0]','0x0000','fltp','44100','2','stereo','0','0/0','0/0','1/14112000','0','0','3037593600','215.248980','143422','/media/pi/ZUKE/MUSIC/MMs/MM 59/09 - Lento y awawo - Reggaeton.mp3');
insert into format ("filename","nb_streams","nb_programs","format_name","format_long_name","start_time","duration","size","bit_rate","probe_score","filepath") values ('/media/pi/ZUKE/MUSIC/MMs/MM 59/09 - Lento y awawo - Reggaeton.mp3','1','0','mp3','MP2/3 (MPEG audio layer 2/3)','0','215.248980','3860608','143484','51','/media/pi/ZUKE/MUSIC/MMs/MM 59/09 - Lento y awawo - Reggaeton.mp3');
insert into disposition ("default","dub","original","comment","lyrics","karaoke","forced","hearing_impaired","visual_impaired","clean_effects","attached_pic","timed_thumbnails","filepath") values ('0','0','0','0','0','0','0','0','0','0','0','0','/media/pi/ZUKE/MUSIC/MMs/MM 59/09 - Lento y awawo - Reggaeton.mp3');
insert into tags ("album","composer","genre","title","artist","disc","track","filepath") values ('Mega Mix 59','Zumba Fitness','Reggaeton','Lento y awawo','Zumba Fitness','1/1','09/10','/media/pi/ZUKE/MUSIC/MMs/MM 59/09 - Lento y awawo - Reggaeton.mp3');
insert into mp3s ("filepath") values ('/media/pi/ZUKE/MUSIC/MMs/MM 59/09 - Lento y awawo - Reggaeton.mp3');
insert into streams ("index","codec_name","codec_long_name","codec_type","codec_time_base","codec_tag_string","codec_tag","sample_fmt","sample_rate","channels","channel_layout","bits_per_sample","r_frame_rate","avg_frame_rate","time_base","start_pts","start_time","duration_ts","duration","bit_rate","filepath") values ('0','mp3','MP3 (MPEG audio layer 3)','audio','1/44100','[0][0][0][0]','0x0000','fltp','44100','2','stereo','0','0/0','0/0','1/14112000','0','0','3311493120','234.657959','140579','/media/pi/ZUKE/MUSIC/MMs/MM 59/10 - Naked Truth - Cooldown.mp3');
insert into format ("filename","nb_streams","nb_programs","format_name","format_long_name","start_time","duration","size","bit_rate","probe_score","filepath") values ('/media/pi/ZUKE/MUSIC/MMs/MM 59/10 - Naked Truth - Cooldown.mp3','1','0','mp3','MP2/3 (MPEG audio layer 2/3)','0','234.657959','4124800','140623','51','/media/pi/ZUKE/MUSIC/MMs/MM 59/10 - Naked Truth - Cooldown.mp3');
insert into disposition ("default","dub","original","comment","lyrics","karaoke","forced","hearing_impaired","visual_impaired","clean_effects","attached_pic","timed_thumbnails","filepath") values ('0','0','0','0','0','0','0','0','0','0','0','0','/media/pi/ZUKE/MUSIC/MMs/MM 59/10 - Naked Truth - Cooldown.mp3');
insert into tags ("album","composer","genre","title","artist","disc","track","filepath") values ('Mega Mix 59','Zumba Fitness','Cooldown','Naked Truth','Zumba Fitness','1/1','10/10','/media/pi/ZUKE/MUSIC/MMs/MM 59/10 - Naked Truth - Cooldown.mp3');
insert into mp3s ("filepath") values ('/media/pi/ZUKE/MUSIC/MMs/MM 59/10 - Naked Truth - Cooldown.mp3');
insert into streams ("index","codec_name","codec_long_name","codec_type","codec_time_base","codec_tag_string","codec_tag","sample_fmt","sample_rate","channels","channel_layout","bits_per_sample","r_frame_rate","avg_frame_rate","time_base","start_pts","start_time","duration_ts","duration","bit_rate","filepath") values ('0','mp3','MP3 (MPEG audio layer 3)','audio','1/44100','[0][0][0][0]','0x0000','fltp','44100','2','stereo','0','0/0','0/0','1/14112000','0','0','3605299200','255.477551','141571','/media/pi/ZUKE/MUSIC/MMs/MM 60/01 - Plakata - Electronic.mp3');
insert into format ("filename","nb_streams","nb_programs","format_name","format_long_name","start_time","duration","size","bit_rate","probe_score","filepath") values ('/media/pi/ZUKE/MUSIC/MMs/MM 60/01 - Plakata - Electronic.mp3','1','0','mp3','MP2/3 (MPEG audio layer 2/3)','0','255.477551','4522112','141604','51','/media/pi/ZUKE/MUSIC/MMs/MM 60/01 - Plakata - Electronic.mp3');
insert into disposition ("default","dub","original","comment","lyrics","karaoke","forced","hearing_impaired","visual_impaired","clean_effects","attached_pic","timed_thumbnails","filepath") values ('0','0','0','0','0','0','0','0','0','0','0','0','/media/pi/ZUKE/MUSIC/MMs/MM 60/01 - Plakata - Electronic.mp3');
insert into tags ("album","composer","genre","title","artist","disc","track","filepath") values ('Mega Mix 60','Zumba Fitness','Electronic','Plakata','Zumba Fitness','1/1','01/10','/media/pi/ZUKE/MUSIC/MMs/MM 60/01 - Plakata - Electronic.mp3');
insert into mp3s ("filepath") values ('/media/pi/ZUKE/MUSIC/MMs/MM 60/01 - Plakata - Electronic.mp3');
insert into streams ("index","codec_name","codec_long_name","codec_type","codec_time_base","codec_tag_string","codec_tag","sample_fmt","sample_rate","channels","channel_layout","bits_per_sample","r_frame_rate","avg_frame_rate","time_base","start_pts","start_time","duration_ts","duration","bit_rate","filepath") values ('0','mp3','MP3 (MPEG audio layer 3)','audio','1/44100','[0][0][0][0]','0x0000','fltp','44100','2','stereo','0','0/0','0/0','1/14112000','0','0','2897141760','205.296327','145959','/media/pi/ZUKE/MUSIC/MMs/MM 60/02 - Guallando - Merengue.mp3');
insert into format ("filename","nb_streams","nb_programs","format_name","format_long_name","start_time","duration","size","bit_rate","probe_score","filepath") values ('/media/pi/ZUKE/MUSIC/MMs/MM 60/02 - Guallando - Merengue.mp3','1','0','mp3','MP2/3 (MPEG audio layer 2/3)','0','205.296327','3745920','145971','51','/media/pi/ZUKE/MUSIC/MMs/MM 60/02 - Guallando - Merengue.mp3');
insert into disposition ("default","dub","original","comment","lyrics","karaoke","forced","hearing_impaired","visual_impaired","clean_effects","attached_pic","timed_thumbnails","filepath") values ('0','0','0','0','0','0','0','0','0','0','0','0','/media/pi/ZUKE/MUSIC/MMs/MM 60/02 - Guallando - Merengue.mp3');
insert into tags ("album","composer","genre","title","artist","disc","track","filepath") values ('Mega Mix 60','Zumba Fitness','Merengue','Guallando','Zumba Fitness','1/1','02/10','/media/pi/ZUKE/MUSIC/MMs/MM 60/02 - Guallando - Merengue.mp3');
insert into mp3s ("filepath") values ('/media/pi/ZUKE/MUSIC/MMs/MM 60/02 - Guallando - Merengue.mp3');
insert into streams ("index","codec_name","codec_long_name","codec_type","codec_time_base","codec_tag_string","codec_tag","sample_fmt","sample_rate","channels","channel_layout","bits_per_sample","r_frame_rate","avg_frame_rate","time_base","start_pts","start_time","duration_ts","duration","bit_rate","filepath") values ('0','mp3','MP3 (MPEG audio layer 3)','audio','1/44100','[0][0][0][0]','0x0000','fltp','44100','2','stereo','0','0/0','0/0','1/14112000','0','0','3258777600','230.922449','162983','/media/pi/ZUKE/MUSIC/MMs/MM 60/03 - Zumbea - Salsa.mp3');
insert into format ("filename","nb_streams","nb_programs","format_name","format_long_name","start_time","duration","size","bit_rate","probe_score","filepath") values ('/media/pi/ZUKE/MUSIC/MMs/MM 60/03 - Zumbea - Salsa.mp3','1','0','mp3','MP2/3 (MPEG audio layer 2/3)','0','230.922449','4706432','163048','51','/media/pi/ZUKE/MUSIC/MMs/MM 60/03 - Zumbea - Salsa.mp3');
insert into disposition ("default","dub","original","comment","lyrics","karaoke","forced","hearing_impaired","visual_impaired","clean_effects","attached_pic","timed_thumbnails","filepath") values ('0','0','0','0','0','0','0','0','0','0','0','0','/media/pi/ZUKE/MUSIC/MMs/MM 60/03 - Zumbea - Salsa.mp3');
insert into tags ("album","composer","genre","title","artist","disc","track","filepath") values ('Mega Mix 60','Zumba Fitness','Salsa','Zumbea','Zumba Fitness','1/1','03/10','/media/pi/ZUKE/MUSIC/MMs/MM 60/03 - Zumbea - Salsa.mp3');
insert into mp3s ("filepath") values ('/media/pi/ZUKE/MUSIC/MMs/MM 60/03 - Zumbea - Salsa.mp3');
insert into streams ("index","codec_name","codec_long_name","codec_type","codec_time_base","codec_tag_string","codec_tag","sample_fmt","sample_rate","channels","channel_layout","bits_per_sample","r_frame_rate","avg_frame_rate","time_base","start_pts","start_time","duration_ts","duration","bit_rate","filepath") values ('0','mp3','MP3 (MPEG audio layer 3)','audio','1/44100','[0][0][0][0]','0x0000','fltp','44100','2','stereo','0','0/0','0/0','1/14112000','0','0','2983034880','211.382857','146539','/media/pi/ZUKE/MUSIC/MMs/MM 60/04 - Si No Vuelves - Reggaeton.mp3');
insert into format ("filename","nb_streams","nb_programs","format_name","format_long_name","start_time","duration","size","bit_rate","probe_score","filepath") values ('/media/pi/ZUKE/MUSIC/MMs/MM 60/04 - Si No Vuelves - Reggaeton.mp3','1','0','mp3','MP2/3 (MPEG audio layer 2/3)','0','211.382857','3872896','146573','51','/media/pi/ZUKE/MUSIC/MMs/MM 60/04 - Si No Vuelves - Reggaeton.mp3');
insert into disposition ("default","dub","original","comment","lyrics","karaoke","forced","hearing_impaired","visual_impaired","clean_effects","attached_pic","timed_thumbnails","filepath") values ('0','0','0','0','0','0','0','0','0','0','0','0','/media/pi/ZUKE/MUSIC/MMs/MM 60/04 - Si No Vuelves - Reggaeton.mp3');
insert into tags ("album","composer","genre","title","artist","disc","track","filepath") values ('Mega Mix 60','Zumba Fitness','Reggaeton','Si No Vuelves','Zumba Fitness','1/1','04/10','/media/pi/ZUKE/MUSIC/MMs/MM 60/04 - Si No Vuelves - Reggaeton.mp3');
insert into mp3s ("filepath") values ('/media/pi/ZUKE/MUSIC/MMs/MM 60/04 - Si No Vuelves - Reggaeton.mp3');
insert into streams ("index","codec_name","codec_long_name","codec_type","codec_time_base","codec_tag_string","codec_tag","sample_fmt","sample_rate","channels","channel_layout","bits_per_sample","r_frame_rate","avg_frame_rate","time_base","start_pts","start_time","duration_ts","duration","bit_rate","filepath") values ('0','mp3','MP3 (MPEG audio layer 3)','audio','1/44100','[0][0][0][0]','0x0000','fltp','44100','2','stereo','0','0/0','0/0','1/14112000','0','0','3856343040','273.266939','135711','/media/pi/ZUKE/MUSIC/MMs/MM 60/05 - Trocito de Madera - Cumbia.mp3');
insert into format ("filename","nb_streams","nb_programs","format_name","format_long_name","start_time","duration","size","bit_rate","probe_score","filepath") values ('/media/pi/ZUKE/MUSIC/MMs/MM 60/05 - Trocito de Madera - Cumbia.mp3','1','0','mp3','MP2/3 (MPEG audio layer 2/3)','0','273.266939','4636800','135744','51','/media/pi/ZUKE/MUSIC/MMs/MM 60/05 - Trocito de Madera - Cumbia.mp3');
insert into disposition ("default","dub","original","comment","lyrics","karaoke","forced","hearing_impaired","visual_impaired","clean_effects","attached_pic","timed_thumbnails","filepath") values ('0','0','0','0','0','0','0','0','0','0','0','0','/media/pi/ZUKE/MUSIC/MMs/MM 60/05 - Trocito de Madera - Cumbia.mp3');
insert into tags ("album","composer","genre","title","artist","disc","track","filepath") values ('Mega Mix 60','Zumba Fitness','Cumbia','Trocito de Madera','Zumba Fitness','1/1','05/10','/media/pi/ZUKE/MUSIC/MMs/MM 60/05 - Trocito de Madera - Cumbia.mp3');
insert into mp3s ("filepath") values ('/media/pi/ZUKE/MUSIC/MMs/MM 60/05 - Trocito de Madera - Cumbia.mp3');
insert into streams ("index","codec_name","codec_long_name","codec_type","codec_time_base","codec_tag_string","codec_tag","sample_fmt","sample_rate","channels","channel_layout","bits_per_sample","r_frame_rate","avg_frame_rate","time_base","start_pts","start_time","duration_ts","duration","bit_rate","filepath") values ('0','mp3','MP3 (MPEG audio layer 3)','audio','1/44100','[0][0][0][0]','0x0000','fltp','44100','2','stereo','0','0/0','0/0','1/14112000','0','0','3582812160','253.884082','139066','/media/pi/ZUKE/MUSIC/MMs/MM 60/06 - Bailando Soca - Soca.mp3');
insert into format ("filename","nb_streams","nb_programs","format_name","format_long_name","start_time","duration","size","bit_rate","probe_score","filepath") values ('/media/pi/ZUKE/MUSIC/MMs/MM 60/06 - Bailando Soca - Soca.mp3','1','0','mp3','MP2/3 (MPEG audio layer 2/3)','0','253.884082','4415616','139138','51','/media/pi/ZUKE/MUSIC/MMs/MM 60/06 - Bailando Soca - Soca.mp3');
insert into disposition ("default","dub","original","comment","lyrics","karaoke","forced","hearing_impaired","visual_impaired","clean_effects","attached_pic","timed_thumbnails","filepath") values ('0','0','0','0','0','0','0','0','0','0','0','0','/media/pi/ZUKE/MUSIC/MMs/MM 60/06 - Bailando Soca - Soca.mp3');
insert into tags ("album","composer","genre","title","artist","disc","track","filepath") values ('Mega Mix 60','Zumba Fitness','Soca','Bailando Soca','Zumba Fitness','1/1','06/10','/media/pi/ZUKE/MUSIC/MMs/MM 60/06 - Bailando Soca - Soca.mp3');
insert into mp3s ("filepath") values ('/media/pi/ZUKE/MUSIC/MMs/MM 60/06 - Bailando Soca - Soca.mp3');
insert into streams ("index","codec_name","codec_long_name","codec_type","codec_time_base","codec_tag_string","codec_tag","sample_fmt","sample_rate","channels","channel_layout","bits_per_sample","r_frame_rate","avg_frame_rate","time_base","start_pts","start_time","duration_ts","duration","bit_rate","filepath") values ('0','mp3','MP3 (MPEG audio layer 3)','audio','1/44100','[0][0][0][0]','0x0000','fltp','44100','2','stereo','0','0/0','0/0','1/14112000','0','0','3409551360','241.606531','139421','/media/pi/ZUKE/MUSIC/MMs/MM 60/07 - Heroe Favorito - Bachata.mp3');
insert into format ("filename","nb_streams","nb_programs","format_name","format_long_name","start_time","duration","size","bit_rate","probe_score","filepath") values ('/media/pi/ZUKE/MUSIC/MMs/MM 60/07 - Heroe Favorito - Bachata.mp3','1','0','mp3','MP2/3 (MPEG audio layer 2/3)','0','241.606531','4212864','139495','51','/media/pi/ZUKE/MUSIC/MMs/MM 60/07 - Heroe Favorito - Bachata.mp3');
insert into disposition ("default","dub","original","comment","lyrics","karaoke","forced","hearing_impaired","visual_impaired","clean_effects","attached_pic","timed_thumbnails","filepath") values ('0','0','0','0','0','0','0','0','0','0','0','0','/media/pi/ZUKE/MUSIC/MMs/MM 60/07 - Heroe Favorito - Bachata.mp3');
insert into tags ("album","composer","genre","title","artist","disc","track","filepath") values ('Mega Mix 60','Zumba Fitness','Bachata','Heroe Favorito','Zumba Fitness','1/1','07/10','/media/pi/ZUKE/MUSIC/MMs/MM 60/07 - Heroe Favorito - Bachata.mp3');
insert into mp3s ("filepath") values ('/media/pi/ZUKE/MUSIC/MMs/MM 60/07 - Heroe Favorito - Bachata.mp3');
insert into streams ("index","codec_name","codec_long_name","codec_type","codec_time_base","codec_tag_string","codec_tag","sample_fmt","sample_rate","channels","channel_layout","bits_per_sample","r_frame_rate","avg_frame_rate","time_base","start_pts","start_time","duration_ts","duration","bit_rate","filepath") values ('0','mp3','MP3 (MPEG audio layer 3)','audio','1/44100','[0][0][0][0]','0x0000','fltp','44100','2','stereo','0','0/0','0/0','1/14112000','0','0','3232972800','229.093878','140398','/media/pi/ZUKE/MUSIC/MMs/MM 60/08 - Como La Maana - Champeta.mp3');
insert into format ("filename","nb_streams","nb_programs","format_name","format_long_name","start_time","duration","size","bit_rate","probe_score","filepath") values ('/media/pi/ZUKE/MUSIC/MMs/MM 60/08 - Como La Maana - Champeta.mp3','1','0','mp3','MP2/3 (MPEG audio layer 2/3)','0','229.093878','4022400','140462','51','/media/pi/ZUKE/MUSIC/MMs/MM 60/08 - Como La Maana - Champeta.mp3');
insert into disposition ("default","dub","original","comment","lyrics","karaoke","forced","hearing_impaired","visual_impaired","clean_effects","attached_pic","timed_thumbnails","filepath") values ('0','0','0','0','0','0','0','0','0','0','0','0','/media/pi/ZUKE/MUSIC/MMs/MM 60/08 - Como La Maana - Champeta.mp3');
insert into tags ("album","composer","genre","title","artist","disc","track","filepath") values ('Mega Mix 60','Zumba Fitness','Champeta','Como La Maana','Zumba Fitness','1/1','08/10','/media/pi/ZUKE/MUSIC/MMs/MM 60/08 - Como La Maana - Champeta.mp3');
insert into mp3s ("filepath") values ('/media/pi/ZUKE/MUSIC/MMs/MM 60/08 - Como La Maana - Champeta.mp3');
insert into streams ("index","codec_name","codec_long_name","codec_type","codec_time_base","codec_tag_string","codec_tag","sample_fmt","sample_rate","channels","channel_layout","bits_per_sample","r_frame_rate","avg_frame_rate","time_base","start_pts","start_time","duration_ts","duration","bit_rate","filepath") values ('0','mp3','MP3 (MPEG audio layer 3)','audio','1/44100','[0][0][0][0]','0x0000','fltp','44100','2','stereo','0','0/0','0/0','1/14112000','0','0','3068928000','217.469388','137824','/media/pi/ZUKE/MUSIC/MMs/MM 60/09 - Booma - Kuduro.mp3');
insert into format ("filename","nb_streams","nb_programs","format_name","format_long_name","start_time","duration","size","bit_rate","probe_score","filepath") values ('/media/pi/ZUKE/MUSIC/MMs/MM 60/09 - Booma - Kuduro.mp3','1','0','mp3','MP2/3 (MPEG audio layer 2/3)','0','217.469388','3747968','137875','51','/media/pi/ZUKE/MUSIC/MMs/MM 60/09 - Booma - Kuduro.mp3');
insert into disposition ("default","dub","original","comment","lyrics","karaoke","forced","hearing_impaired","visual_impaired","clean_effects","attached_pic","timed_thumbnails","filepath") values ('0','0','0','0','0','0','0','0','0','0','0','0','/media/pi/ZUKE/MUSIC/MMs/MM 60/09 - Booma - Kuduro.mp3');
insert into tags ("album","composer","genre","title","artist","disc","track","filepath") values ('Mega Mix 60','Zumba Fitness','Kuduro','Booma','Zumba Fitness','1/1','09/10','/media/pi/ZUKE/MUSIC/MMs/MM 60/09 - Booma - Kuduro.mp3');
insert into mp3s ("filepath") values ('/media/pi/ZUKE/MUSIC/MMs/MM 60/09 - Booma - Kuduro.mp3');
insert into streams ("index","codec_name","codec_long_name","codec_type","codec_time_base","codec_tag_string","codec_tag","sample_fmt","sample_rate","channels","channel_layout","bits_per_sample","r_frame_rate","avg_frame_rate","time_base","start_pts","start_time","duration_ts","duration","bit_rate","filepath") values ('0','mp3','MP3 (MPEG audio layer 3)','audio','1/44100','[0][0][0][0]','0x0000','fltp','44100','2','stereo','0','0/0','0/0','1/14112000','0','0','2646835200','187.559184','132482','/media/pi/ZUKE/MUSIC/MMs/MM 60/10 - No Se Pudo - Cooldown.mp3');
insert into format ("filename","nb_streams","nb_programs","format_name","format_long_name","start_time","duration","size","bit_rate","probe_score","filepath") values ('/media/pi/ZUKE/MUSIC/MMs/MM 60/10 - No Se Pudo - Cooldown.mp3','1','0','mp3','MP2/3 (MPEG audio layer 2/3)','0','187.559184','3106944','132521','51','/media/pi/ZUKE/MUSIC/MMs/MM 60/10 - No Se Pudo - Cooldown.mp3');
insert into disposition ("default","dub","original","comment","lyrics","karaoke","forced","hearing_impaired","visual_impaired","clean_effects","attached_pic","timed_thumbnails","filepath") values ('0','0','0','0','0','0','0','0','0','0','0','0','/media/pi/ZUKE/MUSIC/MMs/MM 60/10 - No Se Pudo - Cooldown.mp3');
insert into tags ("album","composer","genre","title","artist","disc","track","filepath") values ('Mega Mix 60','Zumba Fitness','Cooldown','No Se Pudo','Zumba Fitness','1/1','10/10','/media/pi/ZUKE/MUSIC/MMs/MM 60/10 - No Se Pudo - Cooldown.mp3');
insert into mp3s ("filepath") values ('/media/pi/ZUKE/MUSIC/MMs/MM 60/10 - No Se Pudo - Cooldown.mp3');
insert into streams ("index","codec_name","codec_long_name","codec_type","codec_time_base","codec_tag_string","codec_tag","sample_fmt","sample_rate","channels","channel_layout","bits_per_sample","r_frame_rate","avg_frame_rate","time_base","start_pts","start_time","duration_ts","duration","bit_rate","filepath") values ('0','mp3','MP3 (MPEG audio layer 3)','audio','1/44100','[0][0][0][0]','0x0000','fltp','44100','2','stereo','0','0/0','0/0','1/14112000','0','0','3527516160','249.965714','138322','/media/pi/ZUKE/MUSIC/MMs/MM 61/01 - La Chica Coqueta - Merengue.mp3');
insert into format ("filename","nb_streams","nb_programs","format_name","format_long_name","start_time","duration","size","bit_rate","probe_score","filepath") values ('/media/pi/ZUKE/MUSIC/MMs/MM 61/01 - La Chica Coqueta - Merengue.mp3','1','0','mp3','MP2/3 (MPEG audio layer 2/3)','0','249.965714','4323456','138369','51','/media/pi/ZUKE/MUSIC/MMs/MM 61/01 - La Chica Coqueta - Merengue.mp3');
insert into disposition ("default","dub","original","comment","lyrics","karaoke","forced","hearing_impaired","visual_impaired","clean_effects","attached_pic","timed_thumbnails","filepath") values ('0','0','0','0','0','0','0','0','0','0','0','0','/media/pi/ZUKE/MUSIC/MMs/MM 61/01 - La Chica Coqueta - Merengue.mp3');
insert into tags ("album","composer","genre","title","artist","disc","track","filepath") values ('Mega Mix 61','Zumba Fitness','Merengue','La Chica Coqueta','Zumba Fitness','1/1','01/10','/media/pi/ZUKE/MUSIC/MMs/MM 61/01 - La Chica Coqueta - Merengue.mp3');
insert into mp3s ("filepath") values ('/media/pi/ZUKE/MUSIC/MMs/MM 61/01 - La Chica Coqueta - Merengue.mp3');
insert into streams ("index","codec_name","codec_long_name","codec_type","codec_time_base","codec_tag_string","codec_tag","sample_fmt","sample_rate","channels","channel_layout","bits_per_sample","r_frame_rate","avg_frame_rate","time_base","start_pts","start_time","duration_ts","duration","bit_rate","filepath") values ('0','mp3','MP3 (MPEG audio layer 3)','audio','1/44100','[0][0][0][0]','0x0000','fltp','44100','2','stereo','0','0/0','0/0','1/14112000','0','0','4662190080','330.370612','149111','/media/pi/ZUKE/MUSIC/MMs/MM 61/02 - Peligro - Salsa.mp3');
insert into format ("filename","nb_streams","nb_programs","format_name","format_long_name","start_time","duration","size","bit_rate","probe_score","filepath") values ('/media/pi/ZUKE/MUSIC/MMs/MM 61/02 - Peligro - Salsa.mp3','1','0','mp3','MP2/3 (MPEG audio layer 2/3)','0','330.370612','6158464','149128','51','/media/pi/ZUKE/MUSIC/MMs/MM 61/02 - Peligro - Salsa.mp3');
insert into disposition ("default","dub","original","comment","lyrics","karaoke","forced","hearing_impaired","visual_impaired","clean_effects","attached_pic","timed_thumbnails","filepath") values ('0','0','0','0','0','0','0','0','0','0','0','0','/media/pi/ZUKE/MUSIC/MMs/MM 61/02 - Peligro - Salsa.mp3');
insert into tags ("album","composer","genre","title","artist","disc","track","filepath") values ('Mega Mix 61','Zumba Fitness','Salsa','Peligro','Zumba Fitness','1/1','02/10','/media/pi/ZUKE/MUSIC/MMs/MM 61/02 - Peligro - Salsa.mp3');
insert into mp3s ("filepath") values ('/media/pi/ZUKE/MUSIC/MMs/MM 61/02 - Peligro - Salsa.mp3');
insert into streams ("index","codec_name","codec_long_name","codec_type","codec_time_base","codec_tag_string","codec_tag","sample_fmt","sample_rate","channels","channel_layout","bits_per_sample","r_frame_rate","avg_frame_rate","time_base","start_pts","start_time","duration_ts","duration","bit_rate","filepath") values ('0','mp3','MP3 (MPEG audio layer 3)','audio','1/44100','[0][0][0][0]','0x0000','fltp','44100','2','stereo','0','0/0','0/0','1/14112000','0','0','2517442560','178.390204','149192','/media/pi/ZUKE/MUSIC/MMs/MM 61/03 - Me Enamore - Cumbia.mp3');
insert into format ("filename","nb_streams","nb_programs","format_name","format_long_name","start_time","duration","size","bit_rate","probe_score","filepath") values ('/media/pi/ZUKE/MUSIC/MMs/MM 61/03 - Me Enamore - Cumbia.mp3','1','0','mp3','MP2/3 (MPEG audio layer 2/3)','0','178.390204','3328128','149251','51','/media/pi/ZUKE/MUSIC/MMs/MM 61/03 - Me Enamore - Cumbia.mp3');
insert into disposition ("default","dub","original","comment","lyrics","karaoke","forced","hearing_impaired","visual_impaired","clean_effects","attached_pic","timed_thumbnails","filepath") values ('0','0','0','0','0','0','0','0','0','0','0','0','/media/pi/ZUKE/MUSIC/MMs/MM 61/03 - Me Enamore - Cumbia.mp3');
insert into tags ("album","composer","genre","title","artist","disc","track","filepath") values ('Mega Mix 61','Zumba Fitness','Cumbia','Me Enamore','Zumba Fitness','1/1','03/10','/media/pi/ZUKE/MUSIC/MMs/MM 61/03 - Me Enamore - Cumbia.mp3');
insert into mp3s ("filepath") values ('/media/pi/ZUKE/MUSIC/MMs/MM 61/03 - Me Enamore - Cumbia.mp3');
insert into streams ("index","codec_name","codec_long_name","codec_type","codec_time_base","codec_tag_string","codec_tag","sample_fmt","sample_rate","channels","channel_layout","bits_per_sample","r_frame_rate","avg_frame_rate","time_base","start_pts","start_time","duration_ts","duration","bit_rate","filepath") values ('0','mp3','MP3 (MPEG audio layer 3)','audio','1/44100','[0][0][0][0]','0x0000','fltp','44100','2','stereo','0','0/0','0/0','1/14112000','0','0','2758533120','195.474286','133056','/media/pi/ZUKE/MUSIC/MMs/MM 61/04 - Voodoo Song - Reggaeton.mp3');
insert into format ("filename","nb_streams","nb_programs","format_name","format_long_name","start_time","duration","size","bit_rate","probe_score","filepath") values ('/media/pi/ZUKE/MUSIC/MMs/MM 61/04 - Voodoo Song - Reggaeton.mp3','1','0','mp3','MP2/3 (MPEG audio layer 2/3)','0','195.474286','3252352','133106','51','/media/pi/ZUKE/MUSIC/MMs/MM 61/04 - Voodoo Song - Reggaeton.mp3');
insert into disposition ("default","dub","original","comment","lyrics","karaoke","forced","hearing_impaired","visual_impaired","clean_effects","attached_pic","timed_thumbnails","filepath") values ('0','0','0','0','0','0','0','0','0','0','0','0','/media/pi/ZUKE/MUSIC/MMs/MM 61/04 - Voodoo Song - Reggaeton.mp3');
insert into tags ("album","composer","genre","title","artist","disc","track","filepath") values ('Mega Mix 61','Zumba Fitness','Reggaeton','Voodoo Song','Zumba Fitness','1/1','04/10','/media/pi/ZUKE/MUSIC/MMs/MM 61/04 - Voodoo Song - Reggaeton.mp3');
insert into mp3s ("filepath") values ('/media/pi/ZUKE/MUSIC/MMs/MM 61/04 - Voodoo Song - Reggaeton.mp3');
insert into streams ("index","codec_name","codec_long_name","codec_type","codec_time_base","codec_tag_string","codec_tag","sample_fmt","sample_rate","channels","channel_layout","bits_per_sample","r_frame_rate","avg_frame_rate","time_base","start_pts","start_time","duration_ts","duration","bit_rate","filepath") values ('0','mp3','MP3 (MPEG audio layer 3)','audio','1/44100','[0][0][0][0]','0x0000','fltp','44100','2','stereo','0','0/0','0/0','1/14112000','0','0','2045952000','144.979592','129193','/media/pi/ZUKE/MUSIC/MMs/MM 61/05 - Ataque Do Bum Bum - Funk Carioca.mp3');
insert into format ("filename","nb_streams","nb_programs","format_name","format_long_name","start_time","duration","size","bit_rate","probe_score","filepath") values ('/media/pi/ZUKE/MUSIC/MMs/MM 61/05 - Ataque Do Bum Bum - Funk Carioca.mp3','1','0','mp3','MP2/3 (MPEG audio layer 2/3)','0','144.979592','2343040','129289','51','/media/pi/ZUKE/MUSIC/MMs/MM 61/05 - Ataque Do Bum Bum - Funk Carioca.mp3');
insert into disposition ("default","dub","original","comment","lyrics","karaoke","forced","hearing_impaired","visual_impaired","clean_effects","attached_pic","timed_thumbnails","filepath") values ('0','0','0','0','0','0','0','0','0','0','0','0','/media/pi/ZUKE/MUSIC/MMs/MM 61/05 - Ataque Do Bum Bum - Funk Carioca.mp3');
insert into tags ("album","composer","genre","title","artist","disc","track","filepath") values ('Mega Mix 61','Zumba Fitness','Funk Carioca','Ataque Do Bum Bum','Zumba Fitness','1/1','05/10','/media/pi/ZUKE/MUSIC/MMs/MM 61/05 - Ataque Do Bum Bum - Funk Carioca.mp3');
insert into mp3s ("filepath") values ('/media/pi/ZUKE/MUSIC/MMs/MM 61/05 - Ataque Do Bum Bum - Funk Carioca.mp3');
insert into streams ("index","codec_name","codec_long_name","codec_type","codec_time_base","codec_tag_string","codec_tag","sample_fmt","sample_rate","channels","channel_layout","bits_per_sample","r_frame_rate","avg_frame_rate","time_base","start_pts","start_time","duration_ts","duration","bit_rate","filepath") values ('0','mp3','MP3 (MPEG audio layer 3)','audio','1/44100','[0][0][0][0]','0x0000','fltp','44100','2','stereo','0','0/0','0/0','1/14112000','0','0','2865438720','203.049796','147668','/media/pi/ZUKE/MUSIC/MMs/MM 61/06 - Higher - Dance Hall.mp3');
insert into format ("filename","nb_streams","nb_programs","format_name","format_long_name","start_time","duration","size","bit_rate","probe_score","filepath") values ('/media/pi/ZUKE/MUSIC/MMs/MM 61/06 - Higher - Dance Hall.mp3','1','0','mp3','MP2/3 (MPEG audio layer 2/3)','0','203.049796','3750016','147747','51','/media/pi/ZUKE/MUSIC/MMs/MM 61/06 - Higher - Dance Hall.mp3');
insert into disposition ("default","dub","original","comment","lyrics","karaoke","forced","hearing_impaired","visual_impaired","clean_effects","attached_pic","timed_thumbnails","filepath") values ('0','0','0','0','0','0','0','0','0','0','0','0','/media/pi/ZUKE/MUSIC/MMs/MM 61/06 - Higher - Dance Hall.mp3');
insert into tags ("album","composer","genre","title","artist","disc","track","filepath") values ('Mega Mix 61','Zumba Fitness','Dancehall','Higher','Zumba Fitness','1/1','06/10','/media/pi/ZUKE/MUSIC/MMs/MM 61/06 - Higher - Dance Hall.mp3');
insert into mp3s ("filepath") values ('/media/pi/ZUKE/MUSIC/MMs/MM 61/06 - Higher - Dance Hall.mp3');
insert into streams ("index","codec_name","codec_long_name","codec_type","codec_time_base","codec_tag_string","codec_tag","sample_fmt","sample_rate","channels","channel_layout","bits_per_sample","r_frame_rate","avg_frame_rate","time_base","start_pts","start_time","duration_ts","duration","bit_rate","filepath") values ('0','mp3','MP3 (MPEG audio layer 3)','audio','1/44100','[0][0][0][0]','0x0000','fltp','44100','2','stereo','0','0/0','0/0','1/14112000','0','0','2614763520','185.286531','138434','/media/pi/ZUKE/MUSIC/MMs/MM 61/07 - Muevete - Swing electro.mp3');
insert into format ("filename","nb_streams","nb_programs","format_name","format_long_name","start_time","duration","size","bit_rate","probe_score","filepath") values ('/media/pi/ZUKE/MUSIC/MMs/MM 61/07 - Muevete - Swing electro.mp3','1','0','mp3','MP2/3 (MPEG audio layer 2/3)','0','185.286531','3207296','138479','51','/media/pi/ZUKE/MUSIC/MMs/MM 61/07 - Muevete - Swing electro.mp3');
insert into disposition ("default","dub","original","comment","lyrics","karaoke","forced","hearing_impaired","visual_impaired","clean_effects","attached_pic","timed_thumbnails","filepath") values ('0','0','0','0','0','0','0','0','0','0','0','0','/media/pi/ZUKE/MUSIC/MMs/MM 61/07 - Muevete - Swing electro.mp3');
insert into tags ("album","composer","genre","title","artist","disc","track","filepath") values ('Mega Mix 61','Zumba Fitness','Swing electro','Muevete','Zumba Fitness','1/1','07/10','/media/pi/ZUKE/MUSIC/MMs/MM 61/07 - Muevete - Swing electro.mp3');
insert into mp3s ("filepath") values ('/media/pi/ZUKE/MUSIC/MMs/MM 61/07 - Muevete - Swing electro.mp3');
insert into streams ("index","codec_name","codec_long_name","codec_type","codec_time_base","codec_tag_string","codec_tag","sample_fmt","sample_rate","channels","channel_layout","bits_per_sample","r_frame_rate","avg_frame_rate","time_base","start_pts","start_time","duration_ts","duration","bit_rate","filepath") values ('0','mp3','MP3 (MPEG audio layer 3)','audio','1/44100','[0][0][0][0]','0x0000','fltp','44100','2','stereo','0','0/0','0/0','1/14112000','0','0','2456616960','174.080000','133099','/media/pi/ZUKE/MUSIC/MMs/MM 61/08 - La Cantua - Moombahton.mp3');
insert into format ("filename","nb_streams","nb_programs","format_name","format_long_name","start_time","duration","size","bit_rate","probe_score","filepath") values ('/media/pi/ZUKE/MUSIC/MMs/MM 61/08 - La Cantua - Moombahton.mp3','1','0','mp3','MP2/3 (MPEG audio layer 2/3)','0','174.080000','2898048','133182','51','/media/pi/ZUKE/MUSIC/MMs/MM 61/08 - La Cantua - Moombahton.mp3');
insert into disposition ("default","dub","original","comment","lyrics","karaoke","forced","hearing_impaired","visual_impaired","clean_effects","attached_pic","timed_thumbnails","filepath") values ('0','0','0','0','0','0','0','0','0','0','0','0','/media/pi/ZUKE/MUSIC/MMs/MM 61/08 - La Cantua - Moombahton.mp3');
insert into tags ("album","composer","genre","title","artist","disc","track","filepath") values ('Mega Mix 61','Zumba Fitness','Moombahton','La Cantua','Zumba Fitness','1/1','08/10','/media/pi/ZUKE/MUSIC/MMs/MM 61/08 - La Cantua - Moombahton.mp3');
insert into mp3s ("filepath") values ('/media/pi/ZUKE/MUSIC/MMs/MM 61/08 - La Cantua - Moombahton.mp3');
insert into streams ("index","codec_name","codec_long_name","codec_type","codec_time_base","codec_tag_string","codec_tag","sample_fmt","sample_rate","channels","channel_layout","bits_per_sample","r_frame_rate","avg_frame_rate","time_base","start_pts","start_time","duration_ts","duration","bit_rate","filepath") values ('0','mp3','MP3 (MPEG audio layer 3)','audio','1/44100','[0][0][0][0]','0x0000','fltp','44100','2','stereo','0','0/0','0/0','1/14112000','0','0','2611814400','185.077551','137968','/media/pi/ZUKE/MUSIC/MMs/MM 61/09 - Rale pa - Soca.mp3');
insert into format ("filename","nb_streams","nb_programs","format_name","format_long_name","start_time","duration","size","bit_rate","probe_score","filepath") values ('/media/pi/ZUKE/MUSIC/MMs/MM 61/09 - Rale pa - Soca.mp3','1','0','mp3','MP2/3 (MPEG audio layer 2/3)','0','185.077551','3192960','138016','51','/media/pi/ZUKE/MUSIC/MMs/MM 61/09 - Rale pa - Soca.mp3');
insert into disposition ("default","dub","original","comment","lyrics","karaoke","forced","hearing_impaired","visual_impaired","clean_effects","attached_pic","timed_thumbnails","filepath") values ('0','0','0','0','0','0','0','0','0','0','0','0','/media/pi/ZUKE/MUSIC/MMs/MM 61/09 - Rale pa - Soca.mp3');
insert into tags ("album","composer","genre","title","artist","disc","track","filepath") values ('Mega Mix 61','Zumba Fitness','Soca','Rale pa','Zumba Fitness','1/1','09/10','/media/pi/ZUKE/MUSIC/MMs/MM 61/09 - Rale pa - Soca.mp3');
insert into mp3s ("filepath") values ('/media/pi/ZUKE/MUSIC/MMs/MM 61/09 - Rale pa - Soca.mp3');
insert into streams ("index","codec_name","codec_long_name","codec_type","codec_time_base","codec_tag_string","codec_tag","sample_fmt","sample_rate","channels","channel_layout","bits_per_sample","r_frame_rate","avg_frame_rate","time_base","start_pts","start_time","duration_ts","duration","bit_rate","filepath") values ('0','mp3','MP3 (MPEG audio layer 3)','audio','1/44100','[0][0][0][0]','0x0000','fltp','44100','2','stereo','0','0/0','0/0','1/14112000','0','0','2900459520','205.531429','129938','/media/pi/ZUKE/MUSIC/MMs/MM 61/10 - Chugether - EuroTon.mp3');
insert into format ("filename","nb_streams","nb_programs","format_name","format_long_name","start_time","duration","size","bit_rate","probe_score","filepath") values ('/media/pi/ZUKE/MUSIC/MMs/MM 61/10 - Chugether - EuroTon.mp3','1','0','mp3','MP2/3 (MPEG audio layer 2/3)','0','205.531429','3340416','130020','51','/media/pi/ZUKE/MUSIC/MMs/MM 61/10 - Chugether - EuroTon.mp3');
insert into disposition ("default","dub","original","comment","lyrics","karaoke","forced","hearing_impaired","visual_impaired","clean_effects","attached_pic","timed_thumbnails","filepath") values ('0','0','0','0','0','0','0','0','0','0','0','0','/media/pi/ZUKE/MUSIC/MMs/MM 61/10 - Chugether - EuroTon.mp3');
insert into tags ("album","composer","genre","title","artist","disc","track","filepath") values ('Mega Mix 61','Zumba Fitness','EuroTon','Chugether','Zumba Fitness','1/1','10/10','/media/pi/ZUKE/MUSIC/MMs/MM 61/10 - Chugether - EuroTon.mp3');
insert into mp3s ("filepath") values ('/media/pi/ZUKE/MUSIC/MMs/MM 61/10 - Chugether - EuroTon.mp3');
insert into streams ("index","codec_name","codec_long_name","codec_type","codec_time_base","codec_tag_string","codec_tag","sample_fmt","sample_rate","channels","channel_layout","bits_per_sample","r_frame_rate","avg_frame_rate","time_base","start_pts","start_time","duration_ts","duration","bit_rate","filepath") values ('0','mp3','MP3 (MPEG audio layer 3)','audio','1/44100','[0][0][0][0]','0x0000','fltp','44100','2','stereo','0','0/0','0/0','1/14112000','0','0','3392225280','240.378776','139950','/media/pi/ZUKE/MUSIC/MMs/MM 62/01 - Give it all U Got - Electronic.mp3');
insert into format ("filename","nb_streams","nb_programs","format_name","format_long_name","start_time","duration","size","bit_rate","probe_score","filepath") values ('/media/pi/ZUKE/MUSIC/MMs/MM 62/01 - Give it all U Got - Electronic.mp3','1','0','mp3','MP2/3 (MPEG audio layer 2/3)','0','240.378776','4206720','140003','51','/media/pi/ZUKE/MUSIC/MMs/MM 62/01 - Give it all U Got - Electronic.mp3');
insert into disposition ("default","dub","original","comment","lyrics","karaoke","forced","hearing_impaired","visual_impaired","clean_effects","attached_pic","timed_thumbnails","filepath") values ('0','0','0','0','0','0','0','0','0','0','0','0','/media/pi/ZUKE/MUSIC/MMs/MM 62/01 - Give it all U Got - Electronic.mp3');
insert into tags ("album","composer","genre","title","artist","disc","track","filepath") values ('Mega Mix 62','Zumba Fitness','Electronic','Give it all U Got','Zumba Fitness','1/1','01/10','/media/pi/ZUKE/MUSIC/MMs/MM 62/01 - Give it all U Got - Electronic.mp3');
insert into mp3s ("filepath") values ('/media/pi/ZUKE/MUSIC/MMs/MM 62/01 - Give it all U Got - Electronic.mp3');
insert into streams ("index","codec_name","codec_long_name","codec_type","codec_time_base","codec_tag_string","codec_tag","sample_fmt","sample_rate","channels","channel_layout","bits_per_sample","r_frame_rate","avg_frame_rate","time_base","start_pts","start_time","duration_ts","duration","bit_rate","filepath") values ('0','mp3','MP3 (MPEG audio layer 3)','audio','1/44100','[0][0][0][0]','0x0000','fltp','44100','2','stereo','0','0/0','0/0','1/14112000','0','0','2939535360','208.300408','139850','/media/pi/ZUKE/MUSIC/MMs/MM 62/02 - La Gustanana - Merengue.mp3');
insert into format ("filename","nb_streams","nb_programs","format_name","format_long_name","start_time","duration","size","bit_rate","probe_score","filepath") values ('/media/pi/ZUKE/MUSIC/MMs/MM 62/02 - La Gustanana - Merengue.mp3','1','0','mp3','MP2/3 (MPEG audio layer 2/3)','0','208.300408','3643520','139933','51','/media/pi/ZUKE/MUSIC/MMs/MM 62/02 - La Gustanana - Merengue.mp3');
insert into disposition ("default","dub","original","comment","lyrics","karaoke","forced","hearing_impaired","visual_impaired","clean_effects","attached_pic","timed_thumbnails","filepath") values ('0','0','0','0','0','0','0','0','0','0','0','0','/media/pi/ZUKE/MUSIC/MMs/MM 62/02 - La Gustanana - Merengue.mp3');
insert into tags ("album","composer","genre","title","artist","disc","track","filepath") values ('Mega Mix 62','Zumba Fitness','Merengue','La Gustanana','Zumba Fitness','1/1','02/10','/media/pi/ZUKE/MUSIC/MMs/MM 62/02 - La Gustanana - Merengue.mp3');
insert into mp3s ("filepath") values ('/media/pi/ZUKE/MUSIC/MMs/MM 62/02 - La Gustanana - Merengue.mp3');
insert into streams ("index","codec_name","codec_long_name","codec_type","codec_time_base","codec_tag_string","codec_tag","sample_fmt","sample_rate","channels","channel_layout","bits_per_sample","r_frame_rate","avg_frame_rate","time_base","start_pts","start_time","duration_ts","duration","bit_rate","filepath") values ('0','mp3','MP3 (MPEG audio layer 3)','audio','1/44100','[0][0][0][0]','0x0000','fltp','44100','2','stereo','0','0/0','0/0','1/14112000','0','0','2607390720','184.764082','148787','/media/pi/ZUKE/MUSIC/MMs/MM 62/03 - Toma Pa'' Que Lleve - Salsa Urbana.mp3');
insert into format ("filename","nb_streams","nb_programs","format_name","format_long_name","start_time","duration","size","bit_rate","probe_score","filepath") values ('/media/pi/ZUKE/MUSIC/MMs/MM 62/03 - Toma Pa'' Que Lleve - Salsa Urbana.mp3','1','0','mp3','MP2/3 (MPEG audio layer 2/3)','0','184.764082','3436672','148802','51','/media/pi/ZUKE/MUSIC/MMs/MM 62/03 - Toma Pa'' Que Lleve - Salsa Urbana.mp3');
insert into disposition ("default","dub","original","comment","lyrics","karaoke","forced","hearing_impaired","visual_impaired","clean_effects","attached_pic","timed_thumbnails","filepath") values ('0','0','0','0','0','0','0','0','0','0','0','0','/media/pi/ZUKE/MUSIC/MMs/MM 62/03 - Toma Pa'' Que Lleve - Salsa Urbana.mp3');
insert into tags ("album","composer","genre","title","artist","disc","track","filepath") values ('Mega Mix 62','Zumba Fitness','Salsa Urbana','Toma Pa'' Que Lleve','Zumba Fitness','1/1','03/10','/media/pi/ZUKE/MUSIC/MMs/MM 62/03 - Toma Pa'' Que Lleve - Salsa Urbana.mp3');
insert into mp3s ("filepath") values ('/media/pi/ZUKE/MUSIC/MMs/MM 62/03 - Toma Pa'' Que Lleve - Salsa Urbana.mp3');
insert into streams ("index","codec_name","codec_long_name","codec_type","codec_time_base","codec_tag_string","codec_tag","sample_fmt","sample_rate","channels","channel_layout","bits_per_sample","r_frame_rate","avg_frame_rate","time_base","start_pts","start_time","duration_ts","duration","bit_rate","filepath") values ('0','mp3','MP3 (MPEG audio layer 3)','audio','1/44100','[0][0][0][0]','0x0000','fltp','44100','2','stereo','0','0/0','0/0','1/14112000','0','0','2918891520','206.837551','138682','/media/pi/ZUKE/MUSIC/MMs/MM 62/04 - Hoy Quiero Verte - Dancehall.mp3');
insert into format ("filename","nb_streams","nb_programs","format_name","format_long_name","start_time","duration","size","bit_rate","probe_score","filepath") values ('/media/pi/ZUKE/MUSIC/MMs/MM 62/04 - Hoy Quiero Verte - Dancehall.mp3','1','0','mp3','MP2/3 (MPEG audio layer 2/3)','0','206.837551','3586176','138705','51','/media/pi/ZUKE/MUSIC/MMs/MM 62/04 - Hoy Quiero Verte - Dancehall.mp3');
insert into disposition ("default","dub","original","comment","lyrics","karaoke","forced","hearing_impaired","visual_impaired","clean_effects","attached_pic","timed_thumbnails","filepath") values ('0','0','0','0','0','0','0','0','0','0','0','0','/media/pi/ZUKE/MUSIC/MMs/MM 62/04 - Hoy Quiero Verte - Dancehall.mp3');
insert into tags ("album","composer","genre","title","artist","disc","track","filepath") values ('Mega Mix 62','Zumba Fitness','Dancehall','Hoy Quiero Verte','Zumba Fitness','1/1','04/10','/media/pi/ZUKE/MUSIC/MMs/MM 62/04 - Hoy Quiero Verte - Dancehall.mp3');
insert into mp3s ("filepath") values ('/media/pi/ZUKE/MUSIC/MMs/MM 62/04 - Hoy Quiero Verte - Dancehall.mp3');
insert into streams ("index","codec_name","codec_long_name","codec_type","codec_time_base","codec_tag_string","codec_tag","sample_fmt","sample_rate","channels","channel_layout","bits_per_sample","r_frame_rate","avg_frame_rate","time_base","start_pts","start_time","duration_ts","duration","bit_rate","filepath") values ('0','mp3','MP3 (MPEG audio layer 3)','audio','1/44100','[0][0][0][0]','0x0000','fltp','44100','2','stereo','0','0/0','0/0','1/14112000','0','0','2542878720','180.192653','142554','/media/pi/ZUKE/MUSIC/MMs/MM 62/05 - Mi Bombon - Cumba.mp3');
insert into format ("filename","nb_streams","nb_programs","format_name","format_long_name","start_time","duration","size","bit_rate","probe_score","filepath") values ('/media/pi/ZUKE/MUSIC/MMs/MM 62/05 - Mi Bombon - Cumba.mp3','1','0','mp3','MP2/3 (MPEG audio layer 2/3)','0','180.192653','3211392','142575','51','/media/pi/ZUKE/MUSIC/MMs/MM 62/05 - Mi Bombon - Cumba.mp3');
insert into disposition ("default","dub","original","comment","lyrics","karaoke","forced","hearing_impaired","visual_impaired","clean_effects","attached_pic","timed_thumbnails","filepath") values ('0','0','0','0','0','0','0','0','0','0','0','0','/media/pi/ZUKE/MUSIC/MMs/MM 62/05 - Mi Bombon - Cumba.mp3');
insert into tags ("album","composer","genre","title","artist","disc","track","filepath") values ('Mega Mix 62','Zumba Fitness','Cumba','Mi Bombon','Zumba Fitness','1/1','05/10','/media/pi/ZUKE/MUSIC/MMs/MM 62/05 - Mi Bombon - Cumba.mp3');
insert into mp3s ("filepath") values ('/media/pi/ZUKE/MUSIC/MMs/MM 62/05 - Mi Bombon - Cumba.mp3');
insert into streams ("index","codec_name","codec_long_name","codec_type","codec_time_base","codec_tag_string","codec_tag","sample_fmt","sample_rate","channels","channel_layout","bits_per_sample","r_frame_rate","avg_frame_rate","time_base","start_pts","start_time","duration_ts","duration","bit_rate","filepath") values ('0','mp3','MP3 (MPEG audio layer 3)','audio','1/44100','[0][0][0][0]','0x0000','fltp','44100','2','stereo','0','0/0','0/0','1/14112000','0','0','3419136000','242.285714','137353','/media/pi/ZUKE/MUSIC/MMs/MM 62/06 - Tamo En VIvo - Champeta.mp3');
insert into format ("filename","nb_streams","nb_programs","format_name","format_long_name","start_time","duration","size","bit_rate","probe_score","filepath") values ('/media/pi/ZUKE/MUSIC/MMs/MM 62/06 - Tamo En VIvo - Champeta.mp3','1','0','mp3','MP2/3 (MPEG audio layer 2/3)','0','242.285714','4161664','137413','51','/media/pi/ZUKE/MUSIC/MMs/MM 62/06 - Tamo En VIvo - Champeta.mp3');
insert into disposition ("default","dub","original","comment","lyrics","karaoke","forced","hearing_impaired","visual_impaired","clean_effects","attached_pic","timed_thumbnails","filepath") values ('0','0','0','0','0','0','0','0','0','0','0','0','/media/pi/ZUKE/MUSIC/MMs/MM 62/06 - Tamo En VIvo - Champeta.mp3');
insert into tags ("album","composer","genre","title","artist","disc","track","filepath") values ('Mega Mix 62','Zumba Fitness','Champeta','Tamo En VIvo','Zumba Fitness','1/1','06/10','/media/pi/ZUKE/MUSIC/MMs/MM 62/06 - Tamo En VIvo - Champeta.mp3');
insert into mp3s ("filepath") values ('/media/pi/ZUKE/MUSIC/MMs/MM 62/06 - Tamo En VIvo - Champeta.mp3');
insert into streams ("index","codec_name","codec_long_name","codec_type","codec_time_base","codec_tag_string","codec_tag","sample_fmt","sample_rate","channels","channel_layout","bits_per_sample","r_frame_rate","avg_frame_rate","time_base","start_pts","start_time","duration_ts","duration","bit_rate","filepath") values ('0','mp3','MP3 (MPEG audio layer 3)','audio','1/44100','[0][0][0][0]','0x0000','fltp','44100','2','stereo','0','0/0','0/0','1/14112000','0','0','2774016000','196.571429','142400','/media/pi/ZUKE/MUSIC/MMs/MM 62/07 - Burn it Up - Dancehall Hip-Hop.mp3');
insert into format ("filename","nb_streams","nb_programs","format_name","format_long_name","start_time","duration","size","bit_rate","probe_score","filepath") values ('/media/pi/ZUKE/MUSIC/MMs/MM 62/07 - Burn it Up - Dancehall Hip-Hop.mp3','1','0','mp3','MP2/3 (MPEG audio layer 2/3)','0','196.571429','3500160','142448','51','/media/pi/ZUKE/MUSIC/MMs/MM 62/07 - Burn it Up - Dancehall Hip-Hop.mp3');
insert into disposition ("default","dub","original","comment","lyrics","karaoke","forced","hearing_impaired","visual_impaired","clean_effects","attached_pic","timed_thumbnails","filepath") values ('0','0','0','0','0','0','0','0','0','0','0','0','/media/pi/ZUKE/MUSIC/MMs/MM 62/07 - Burn it Up - Dancehall Hip-Hop.mp3');
insert into tags ("album","composer","genre","title","artist","disc","track","filepath") values ('Mega Mix 62','Zumba Fitness','Dancehall Hip-Hop','Burn it Up','Zumba Fitness','1/1','07/10','/media/pi/ZUKE/MUSIC/MMs/MM 62/07 - Burn it Up - Dancehall Hip-Hop.mp3');
insert into mp3s ("filepath") values ('/media/pi/ZUKE/MUSIC/MMs/MM 62/07 - Burn it Up - Dancehall Hip-Hop.mp3');
insert into streams ("index","codec_name","codec_long_name","codec_type","codec_time_base","codec_tag_string","codec_tag","sample_fmt","sample_rate","channels","channel_layout","bits_per_sample","r_frame_rate","avg_frame_rate","time_base","start_pts","start_time","duration_ts","duration","bit_rate","filepath") values ('0','mp3','MP3 (MPEG audio layer 3)','audio','1/44100','[0][0][0][0]','0x0000','fltp','44100','2','stereo','0','0/0','0/0','1/14112000','0','0','3064135680','217.129796','140834','/media/pi/ZUKE/MUSIC/MMs/MM 62/08 - Prendido En Tus Caderas - Funk Carioca.mp3');
insert into format ("filename","nb_streams","nb_programs","format_name","format_long_name","start_time","duration","size","bit_rate","probe_score","filepath") values ('/media/pi/ZUKE/MUSIC/MMs/MM 62/08 - Prendido En Tus Caderas - Funk Carioca.mp3','1','0','mp3','MP2/3 (MPEG audio layer 2/3)','0','217.129796','3823744','140883','51','/media/pi/ZUKE/MUSIC/MMs/MM 62/08 - Prendido En Tus Caderas - Funk Carioca.mp3');
insert into disposition ("default","dub","original","comment","lyrics","karaoke","forced","hearing_impaired","visual_impaired","clean_effects","attached_pic","timed_thumbnails","filepath") values ('0','0','0','0','0','0','0','0','0','0','0','0','/media/pi/ZUKE/MUSIC/MMs/MM 62/08 - Prendido En Tus Caderas - Funk Carioca.mp3');
insert into tags ("album","composer","genre","title","artist","disc","track","filepath") values ('Mega Mix 62','Zumba Fitness','Funk Carioca','Prendido En Tus Caderas','Zumba Fitness','1/1','08/10','/media/pi/ZUKE/MUSIC/MMs/MM 62/08 - Prendido En Tus Caderas - Funk Carioca.mp3');
insert into mp3s ("filepath") values ('/media/pi/ZUKE/MUSIC/MMs/MM 62/08 - Prendido En Tus Caderas - Funk Carioca.mp3');
insert into streams ("index","codec_name","codec_long_name","codec_type","codec_time_base","codec_tag_string","codec_tag","sample_fmt","sample_rate","channels","channel_layout","bits_per_sample","r_frame_rate","avg_frame_rate","time_base","start_pts","start_time","duration_ts","duration","bit_rate","filepath") values ('0','mp3','MP3 (MPEG audio layer 3)','audio','1/44100','[0][0][0][0]','0x0000','fltp','44100','2','stereo','0','0/0','0/0','1/14112000','0','0','2686648320','190.380408','135602','/media/pi/ZUKE/MUSIC/MMs/MM 62/09 - Esto No Puede Parar - Latin Dance.mp3');
insert into format ("filename","nb_streams","nb_programs","format_name","format_long_name","start_time","duration","size","bit_rate","probe_score","filepath") values ('/media/pi/ZUKE/MUSIC/MMs/MM 62/09 - Esto No Puede Parar - Latin Dance.mp3','1','0','mp3','MP2/3 (MPEG audio layer 2/3)','0','190.380408','3227776','135634','51','/media/pi/ZUKE/MUSIC/MMs/MM 62/09 - Esto No Puede Parar - Latin Dance.mp3');
insert into disposition ("default","dub","original","comment","lyrics","karaoke","forced","hearing_impaired","visual_impaired","clean_effects","attached_pic","timed_thumbnails","filepath") values ('0','0','0','0','0','0','0','0','0','0','0','0','/media/pi/ZUKE/MUSIC/MMs/MM 62/09 - Esto No Puede Parar - Latin Dance.mp3');
insert into tags ("album","composer","genre","title","artist","disc","track","filepath") values ('Mega Mix 62','Zumba Fitness','Latin','Esto No Puede Parar','Zumba Fitness','1/1','09/10','/media/pi/ZUKE/MUSIC/MMs/MM 62/09 - Esto No Puede Parar - Latin Dance.mp3');
insert into mp3s ("filepath") values ('/media/pi/ZUKE/MUSIC/MMs/MM 62/09 - Esto No Puede Parar - Latin Dance.mp3');
insert into streams ("index","codec_name","codec_long_name","codec_type","codec_time_base","codec_tag_string","codec_tag","sample_fmt","sample_rate","channels","channel_layout","bits_per_sample","r_frame_rate","avg_frame_rate","time_base","start_pts","start_time","duration_ts","duration","bit_rate","filepath") values ('0','mp3','MP3 (MPEG audio layer 3)','audio','1/44100','[0][0][0][0]','0x0000','fltp','44100','2','stereo','0','0/0','0/0','1/14112000','0','0','3213434880','227.709388','136065','/media/pi/ZUKE/MUSIC/MMs/MM 62/10 - Yo No Tuve La Culpa - Reggaeton.mp3');
insert into format ("filename","nb_streams","nb_programs","format_name","format_long_name","start_time","duration","size","bit_rate","probe_score","filepath") values ('/media/pi/ZUKE/MUSIC/MMs/MM 62/10 - Yo No Tuve La Culpa - Reggaeton.mp3','1','0','mp3','MP2/3 (MPEG audio layer 2/3)','0','227.709388','3874944','136136','51','/media/pi/ZUKE/MUSIC/MMs/MM 62/10 - Yo No Tuve La Culpa - Reggaeton.mp3');
insert into disposition ("default","dub","original","comment","lyrics","karaoke","forced","hearing_impaired","visual_impaired","clean_effects","attached_pic","timed_thumbnails","filepath") values ('0','0','0','0','0','0','0','0','0','0','0','0','/media/pi/ZUKE/MUSIC/MMs/MM 62/10 - Yo No Tuve La Culpa - Reggaeton.mp3');
insert into tags ("album","composer","genre","title","artist","disc","track","filepath") values ('Mega Mix 62','Zumba Fitness','Reggaeton','Yo No Tuve La Culpa','Zumba Fitness','1/1','10/10','/media/pi/ZUKE/MUSIC/MMs/MM 62/10 - Yo No Tuve La Culpa - Reggaeton.mp3');
insert into mp3s ("filepath") values ('/media/pi/ZUKE/MUSIC/MMs/MM 62/10 - Yo No Tuve La Culpa - Reggaeton.mp3');
insert into streams ("index","codec_name","codec_long_name","codec_type","codec_time_base","codec_tag_string","codec_tag","sample_fmt","sample_rate","channels","channel_layout","bits_per_sample","r_frame_rate","avg_frame_rate","time_base","start_pts","start_time","duration_ts","duration","bit_rate","filepath") values ('0','mp3','MP3 (MPEG audio layer 3)','audio','1/44100','[0][0][0][0]','0x0000','fltp','44100','2','stereo','0','0/0','0/0','1/14112000','0','0','2356346880','166.974694','179640','/media/pi/ZUKE/MUSIC/MMs/MM 63/01 - Little More - Dancehall.mp3');
insert into format ("filename","nb_streams","nb_programs","format_name","format_long_name","start_time","duration","size","bit_rate","probe_score","filepath") values ('/media/pi/ZUKE/MUSIC/MMs/MM 63/01 - Little More - Dancehall.mp3','1','0','mp3','MP2/3 (MPEG audio layer 2/3)','0','166.974694','3750016','179668','51','/media/pi/ZUKE/MUSIC/MMs/MM 63/01 - Little More - Dancehall.mp3');
insert into disposition ("default","dub","original","comment","lyrics","karaoke","forced","hearing_impaired","visual_impaired","clean_effects","attached_pic","timed_thumbnails","filepath") values ('0','0','0','0','0','0','0','0','0','0','0','0','/media/pi/ZUKE/MUSIC/MMs/MM 63/01 - Little More - Dancehall.mp3');
insert into tags ("album","composer","genre","title","artist","disc","track","filepath") values ('Mega Mix 63','Zumba Fitness','Dancehall','Little More','Putzgrilla feat IamStylezMusic','1/1','1/10','/media/pi/ZUKE/MUSIC/MMs/MM 63/01 - Little More - Dancehall.mp3');
insert into mp3s ("filepath") values ('/media/pi/ZUKE/MUSIC/MMs/MM 63/01 - Little More - Dancehall.mp3');
insert into streams ("index","codec_name","codec_long_name","codec_type","codec_time_base","codec_tag_string","codec_tag","sample_fmt","sample_rate","channels","channel_layout","bits_per_sample","r_frame_rate","avg_frame_rate","time_base","start_pts","start_time","duration_ts","duration","bit_rate","filepath") values ('0','mp3','MP3 (MPEG audio layer 3)','audio','1/44100','[0][0][0][0]','0x0000','fltp','44100','2','stereo','0','0/0','0/0','1/14112000','0','0','2993725440','212.140408','179566','/media/pi/ZUKE/MUSIC/MMs/MM 63/02 - Ay Mami Dale - Merengue Urbano.mp3');
insert into format ("filename","nb_streams","nb_programs","format_name","format_long_name","start_time","duration","size","bit_rate","probe_score","filepath") values ('/media/pi/ZUKE/MUSIC/MMs/MM 63/02 - Ay Mami Dale - Merengue Urbano.mp3','1','0','mp3','MP2/3 (MPEG audio layer 2/3)','0','212.140408','4763776','179646','51','/media/pi/ZUKE/MUSIC/MMs/MM 63/02 - Ay Mami Dale - Merengue Urbano.mp3');
insert into disposition ("default","dub","original","comment","lyrics","karaoke","forced","hearing_impaired","visual_impaired","clean_effects","attached_pic","timed_thumbnails","filepath") values ('0','0','0','0','0','0','0','0','0','0','0','0','/media/pi/ZUKE/MUSIC/MMs/MM 63/02 - Ay Mami Dale - Merengue Urbano.mp3');
insert into tags ("album","composer","genre","title","artist","disc","track","filepath") values ('Mega Mix 63','Zumba Fitness','Merengue Urbano','Ay Mami Dale','Martin Mitchel & Los Emigrantes','1/1','2/10','/media/pi/ZUKE/MUSIC/MMs/MM 63/02 - Ay Mami Dale - Merengue Urbano.mp3');
insert into mp3s ("filepath") values ('/media/pi/ZUKE/MUSIC/MMs/MM 63/02 - Ay Mami Dale - Merengue Urbano.mp3');
insert into streams ("index","codec_name","codec_long_name","codec_type","codec_time_base","codec_tag_string","codec_tag","sample_fmt","sample_rate","channels","channel_layout","bits_per_sample","r_frame_rate","avg_frame_rate","time_base","start_pts","start_time","duration_ts","duration","bit_rate","filepath") values ('0','mp3','MP3 (MPEG audio layer 3)','audio','1/44100','[0][0][0][0]','0x0000','fltp','44100','2','stereo','0','0/0','0/0','1/14112000','0','0','3404021760','241.214694','195464','/media/pi/ZUKE/MUSIC/MMs/MM 63/03 - Lejos De Ti - Salsa.mp3');
insert into format ("filename","nb_streams","nb_programs","format_name","format_long_name","start_time","duration","size","bit_rate","probe_score","filepath") values ('/media/pi/ZUKE/MUSIC/MMs/MM 63/03 - Lejos De Ti - Salsa.mp3','1','0','mp3','MP2/3 (MPEG audio layer 2/3)','0','241.214694','5894272','195486','51','/media/pi/ZUKE/MUSIC/MMs/MM 63/03 - Lejos De Ti - Salsa.mp3');
insert into disposition ("default","dub","original","comment","lyrics","karaoke","forced","hearing_impaired","visual_impaired","clean_effects","attached_pic","timed_thumbnails","filepath") values ('0','0','0','0','0','0','0','0','0','0','0','0','/media/pi/ZUKE/MUSIC/MMs/MM 63/03 - Lejos De Ti - Salsa.mp3');
insert into tags ("album","composer","genre","title","artist","disc","track","filepath") values ('Mega Mix 63','Zumba Fitness','Salsa','Lejos De Ti','Zumba Fitness','1/1','3/10','/media/pi/ZUKE/MUSIC/MMs/MM 63/03 - Lejos De Ti - Salsa.mp3');
insert into mp3s ("filepath") values ('/media/pi/ZUKE/MUSIC/MMs/MM 63/03 - Lejos De Ti - Salsa.mp3');
insert into streams ("index","codec_name","codec_long_name","codec_type","codec_time_base","codec_tag_string","codec_tag","sample_fmt","sample_rate","channels","channel_layout","bits_per_sample","r_frame_rate","avg_frame_rate","time_base","start_pts","start_time","duration_ts","duration","bit_rate","filepath") values ('0','mp3','MP3 (MPEG audio layer 3)','audio','1/44100','[0][0][0][0]','0x0000','fltp','44100','2','stereo','0','0/0','0/0','1/14112000','0','0','3148185600','223.085714','175463','/media/pi/ZUKE/MUSIC/MMs/MM 63/04 - Choka Choka - Reggaeton.mp3');
insert into format ("filename","nb_streams","nb_programs","format_name","format_long_name","start_time","duration","size","bit_rate","probe_score","filepath") values ('/media/pi/ZUKE/MUSIC/MMs/MM 63/04 - Choka Choka - Reggaeton.mp3','1','0','mp3','MP2/3 (MPEG audio layer 2/3)','0','223.085714','4894848','175532','51','/media/pi/ZUKE/MUSIC/MMs/MM 63/04 - Choka Choka - Reggaeton.mp3');
insert into disposition ("default","dub","original","comment","lyrics","karaoke","forced","hearing_impaired","visual_impaired","clean_effects","attached_pic","timed_thumbnails","filepath") values ('0','0','0','0','0','0','0','0','0','0','0','0','/media/pi/ZUKE/MUSIC/MMs/MM 63/04 - Choka Choka - Reggaeton.mp3');
insert into tags ("album","composer","genre","title","artist","disc","track","filepath") values ('Mega Mix 63','Zumba Fitness','Reggaeton','Choka Choka','Zumba Fitness','1/1','4/10','/media/pi/ZUKE/MUSIC/MMs/MM 63/04 - Choka Choka - Reggaeton.mp3');
insert into mp3s ("filepath") values ('/media/pi/ZUKE/MUSIC/MMs/MM 63/04 - Choka Choka - Reggaeton.mp3');
insert into streams ("index","codec_name","codec_long_name","codec_type","codec_time_base","codec_tag_string","codec_tag","sample_fmt","sample_rate","channels","channel_layout","bits_per_sample","r_frame_rate","avg_frame_rate","time_base","start_pts","start_time","duration_ts","duration","bit_rate","filepath") values ('0','mp3','MP3 (MPEG audio layer 3)','audio','1/44100','[0][0][0][0]','0x0000','fltp','44100','2','stereo','0','0/0','0/0','1/14112000','0','0','3392593920','240.404898','182510','/media/pi/ZUKE/MUSIC/MMs/MM 63/05 - Boom Boom - Moombahton.mp3');
insert into format ("filename","nb_streams","nb_programs","format_name","format_long_name","start_time","duration","size","bit_rate","probe_score","filepath") values ('/media/pi/ZUKE/MUSIC/MMs/MM 63/05 - Boom Boom - Moombahton.mp3','1','0','mp3','MP2/3 (MPEG audio layer 2/3)','0','240.404898','5486720','182582','51','/media/pi/ZUKE/MUSIC/MMs/MM 63/05 - Boom Boom - Moombahton.mp3');
insert into disposition ("default","dub","original","comment","lyrics","karaoke","forced","hearing_impaired","visual_impaired","clean_effects","attached_pic","timed_thumbnails","filepath") values ('0','0','0','0','0','0','0','0','0','0','0','0','/media/pi/ZUKE/MUSIC/MMs/MM 63/05 - Boom Boom - Moombahton.mp3');
insert into tags ("album","composer","genre","title","artist","disc","track","filepath") values ('Mega Mix 63','Zumba Fitness','Moombahton','Boom Boom','RedOne, Daddy Yankee, French Montana & Dinah Jane','1/1','5/10','/media/pi/ZUKE/MUSIC/MMs/MM 63/05 - Boom Boom - Moombahton.mp3');
insert into mp3s ("filepath") values ('/media/pi/ZUKE/MUSIC/MMs/MM 63/05 - Boom Boom - Moombahton.mp3');
insert into streams ("index","codec_name","codec_long_name","codec_type","codec_time_base","codec_tag_string","codec_tag","sample_fmt","sample_rate","channels","channel_layout","bits_per_sample","r_frame_rate","avg_frame_rate","time_base","start_pts","start_time","duration_ts","duration","bit_rate","filepath") values ('0','mp3','MP3 (MPEG audio layer 3)','audio','1/44100','[0][0][0][0]','0x0000','fltp','44100','2','stereo','0','0/0','0/0','1/14112000','0','0','2071388160','146.782041','188646','/media/pi/ZUKE/MUSIC/MMs/MM 63/06 - Muevelo Lento - Cumbia.mp3');
insert into format ("filename","nb_streams","nb_programs","format_name","format_long_name","start_time","duration","size","bit_rate","probe_score","filepath") values ('/media/pi/ZUKE/MUSIC/MMs/MM 63/06 - Muevelo Lento - Cumbia.mp3','1','0','mp3','MP2/3 (MPEG audio layer 2/3)','0','146.782041','3463296','188758','51','/media/pi/ZUKE/MUSIC/MMs/MM 63/06 - Muevelo Lento - Cumbia.mp3');
insert into disposition ("default","dub","original","comment","lyrics","karaoke","forced","hearing_impaired","visual_impaired","clean_effects","attached_pic","timed_thumbnails","filepath") values ('0','0','0','0','0','0','0','0','0','0','0','0','/media/pi/ZUKE/MUSIC/MMs/MM 63/06 - Muevelo Lento - Cumbia.mp3');
insert into tags ("album","composer","genre","title","artist","disc","track","filepath") values ('Mega Mix 63','Zumba Fitness','Cumbia','Muevelo Lento','Zumba Fitness','1/1','6/10','/media/pi/ZUKE/MUSIC/MMs/MM 63/06 - Muevelo Lento - Cumbia.mp3');
insert into mp3s ("filepath") values ('/media/pi/ZUKE/MUSIC/MMs/MM 63/06 - Muevelo Lento - Cumbia.mp3');
insert into streams ("index","codec_name","codec_long_name","codec_type","codec_time_base","codec_tag_string","codec_tag","sample_fmt","sample_rate","channels","channel_layout","bits_per_sample","r_frame_rate","avg_frame_rate","time_base","start_pts","start_time","duration_ts","duration","bit_rate","filepath") values ('0','mp3','MP3 (MPEG audio layer 3)','audio','1/44100','[0][0][0][0]','0x0000','fltp','44100','2','stereo','0','0/0','0/0','1/14112000','0','0','3201638400','226.873469','185922','/media/pi/ZUKE/MUSIC/MMs/MM 63/07 - El Vaso De Anibal - Electro Latino.mp3');
insert into format ("filename","nb_streams","nb_programs","format_name","format_long_name","start_time","duration","size","bit_rate","probe_score","filepath") values ('/media/pi/ZUKE/MUSIC/MMs/MM 63/07 - El Vaso De Anibal - Electro Latino.mp3','1','0','mp3','MP2/3 (MPEG audio layer 2/3)','0','226.873469','5273728','185961','51','/media/pi/ZUKE/MUSIC/MMs/MM 63/07 - El Vaso De Anibal - Electro Latino.mp3');
insert into disposition ("default","dub","original","comment","lyrics","karaoke","forced","hearing_impaired","visual_impaired","clean_effects","attached_pic","timed_thumbnails","filepath") values ('0','0','0','0','0','0','0','0','0','0','0','0','/media/pi/ZUKE/MUSIC/MMs/MM 63/07 - El Vaso De Anibal - Electro Latino.mp3');
insert into tags ("album","composer","genre","title","artist","disc","track","filepath") values ('Mega Mix 63','Zumba Fitness','Electro Latino','El Vaso De Anibal','Elvis Crespo','1/1','7/10','/media/pi/ZUKE/MUSIC/MMs/MM 63/07 - El Vaso De Anibal - Electro Latino.mp3');
insert into mp3s ("filepath") values ('/media/pi/ZUKE/MUSIC/MMs/MM 63/07 - El Vaso De Anibal - Electro Latino.mp3');
insert into streams ("index","codec_name","codec_long_name","codec_type","codec_time_base","codec_tag_string","codec_tag","sample_fmt","sample_rate","channels","channel_layout","bits_per_sample","r_frame_rate","avg_frame_rate","time_base","start_pts","start_time","duration_ts","duration","bit_rate","filepath") values ('0','mp3','MP3 (MPEG audio layer 3)','audio','1/44100','[0][0][0][0]','0x0000','fltp','44100','2','stereo','0','0/0','0/0','1/14112000','0','0','2805719040','198.817959','184375','/media/pi/ZUKE/MUSIC/MMs/MM 63/08 - Dame Medicina - Flamenco Urbano.mp3');
insert into format ("filename","nb_streams","nb_programs","format_name","format_long_name","start_time","duration","size","bit_rate","probe_score","filepath") values ('/media/pi/ZUKE/MUSIC/MMs/MM 63/08 - Dame Medicina - Flamenco Urbano.mp3','1','0','mp3','MP2/3 (MPEG audio layer 2/3)','0','198.817959','4583552','184432','51','/media/pi/ZUKE/MUSIC/MMs/MM 63/08 - Dame Medicina - Flamenco Urbano.mp3');
insert into disposition ("default","dub","original","comment","lyrics","karaoke","forced","hearing_impaired","visual_impaired","clean_effects","attached_pic","timed_thumbnails","filepath") values ('0','0','0','0','0','0','0','0','0','0','0','0','/media/pi/ZUKE/MUSIC/MMs/MM 63/08 - Dame Medicina - Flamenco Urbano.mp3');
insert into tags ("album","composer","genre","title","artist","disc","track","filepath") values ('Mega Mix 63','Zumba Fitness','Flamenco Urbano','Dame Medicina','Oscar Casanas','1/1','8/10','/media/pi/ZUKE/MUSIC/MMs/MM 63/08 - Dame Medicina - Flamenco Urbano.mp3');
insert into mp3s ("filepath") values ('/media/pi/ZUKE/MUSIC/MMs/MM 63/08 - Dame Medicina - Flamenco Urbano.mp3');
insert into streams ("index","codec_name","codec_long_name","codec_type","codec_time_base","codec_tag_string","codec_tag","sample_fmt","sample_rate","channels","channel_layout","bits_per_sample","r_frame_rate","avg_frame_rate","time_base","start_pts","start_time","duration_ts","duration","bit_rate","filepath") values ('0','mp3','MP3 (MPEG audio layer 3)','audio','1/44100','[0][0][0][0]','0x0000','fltp','44100','2','stereo','0','0/0','0/0','1/14112000','0','0','3334348800','236.277551','167553','/media/pi/ZUKE/MUSIC/MMs/MM 63/09 - Contigo Yo Quiero Bailar - Trap.mp3');
insert into format ("filename","nb_streams","nb_programs","format_name","format_long_name","start_time","duration","size","bit_rate","probe_score","filepath") values ('/media/pi/ZUKE/MUSIC/MMs/MM 63/09 - Contigo Yo Quiero Bailar - Trap.mp3','1','0','mp3','MP2/3 (MPEG audio layer 2/3)','0','236.277551','4950144','167604','51','/media/pi/ZUKE/MUSIC/MMs/MM 63/09 - Contigo Yo Quiero Bailar - Trap.mp3');
insert into disposition ("default","dub","original","comment","lyrics","karaoke","forced","hearing_impaired","visual_impaired","clean_effects","attached_pic","timed_thumbnails","filepath") values ('0','0','0','0','0','0','0','0','0','0','0','0','/media/pi/ZUKE/MUSIC/MMs/MM 63/09 - Contigo Yo Quiero Bailar - Trap.mp3');
insert into tags ("album","composer","genre","title","artist","disc","track","filepath") values ('Mega Mix 63','Zumba Fitness','Trap','Contigo Yo Quiero Bailar','B.I.P','1/1','9/10','/media/pi/ZUKE/MUSIC/MMs/MM 63/09 - Contigo Yo Quiero Bailar - Trap.mp3');
insert into mp3s ("filepath") values ('/media/pi/ZUKE/MUSIC/MMs/MM 63/09 - Contigo Yo Quiero Bailar - Trap.mp3');
insert into streams ("index","codec_name","codec_long_name","codec_type","codec_time_base","codec_tag_string","codec_tag","sample_fmt","sample_rate","channels","channel_layout","bits_per_sample","r_frame_rate","avg_frame_rate","time_base","start_pts","start_time","duration_ts","duration","bit_rate","filepath") values ('0','mp3','MP3 (MPEG audio layer 3)','audio','1/44100','[0][0][0][0]','0x0000','fltp','44100','2','stereo','0','0/0','0/0','1/14112000','0','0','2781020160','197.067755','182256','/media/pi/ZUKE/MUSIC/MMs/MM 63/10 - Azotongo - Azonto.mp3');
insert into format ("filename","nb_streams","nb_programs","format_name","format_long_name","start_time","duration","size","bit_rate","probe_score","filepath") values ('/media/pi/ZUKE/MUSIC/MMs/MM 63/10 - Azotongo - Azonto.mp3','1','0','mp3','MP2/3 (MPEG audio layer 2/3)','0','197.067755','4491392','182328','51','/media/pi/ZUKE/MUSIC/MMs/MM 63/10 - Azotongo - Azonto.mp3');
insert into disposition ("default","dub","original","comment","lyrics","karaoke","forced","hearing_impaired","visual_impaired","clean_effects","attached_pic","timed_thumbnails","filepath") values ('0','0','0','0','0','0','0','0','0','0','0','0','/media/pi/ZUKE/MUSIC/MMs/MM 63/10 - Azotongo - Azonto.mp3');
insert into tags ("album","composer","genre","title","artist","disc","track","filepath") values ('Mega Mix 63','Zumba Fitness','Azonto','Azotongo','Oswald','1/1','10/10','/media/pi/ZUKE/MUSIC/MMs/MM 63/10 - Azotongo - Azonto.mp3');
insert into mp3s ("filepath") values ('/media/pi/ZUKE/MUSIC/MMs/MM 63/10 - Azotongo - Azonto.mp3');
insert into streams ("index","codec_name","codec_long_name","codec_type","codec_time_base","codec_tag_string","codec_tag","sample_fmt","sample_rate","channels","channel_layout","bits_per_sample","r_frame_rate","avg_frame_rate","time_base","start_pts","start_time","duration_ts","duration","bit_rate","filepath") values ('0','mp3','MP3 (MPEG audio layer 3)','audio','1/44100','[0][0][0][0]','0x0000','fltp','44100','2','stereo','0','0/0','0/0','1/14112000','0','0','3112427520','220.551837','180784','/media/pi/ZUKE/MUSIC/MMs/MM 64/01 - Hands On Your Hips - Merengue.mp3');
insert into format ("filename","nb_streams","nb_programs","format_name","format_long_name","start_time","duration","size","bit_rate","probe_score","filepath") values ('/media/pi/ZUKE/MUSIC/MMs/MM 64/01 - Hands On Your Hips - Merengue.mp3','1','0','mp3','MP2/3 (MPEG audio layer 2/3)','0','220.551837','4984960','180817','51','/media/pi/ZUKE/MUSIC/MMs/MM 64/01 - Hands On Your Hips - Merengue.mp3');
insert into disposition ("default","dub","original","comment","lyrics","karaoke","forced","hearing_impaired","visual_impaired","clean_effects","attached_pic","timed_thumbnails","filepath") values ('0','0','0','0','0','0','0','0','0','0','0','0','/media/pi/ZUKE/MUSIC/MMs/MM 64/01 - Hands On Your Hips - Merengue.mp3');
insert into tags ("album","composer","genre","title","artist","disc","track","filepath") values ('Mega Mix 64','Zumba Fitness','Merengue','Hands On Your Hips','Kid G feat Lianna Vega','1/1','1/10','/media/pi/ZUKE/MUSIC/MMs/MM 64/01 - Hands On Your Hips - Merengue.mp3');
insert into mp3s ("filepath") values ('/media/pi/ZUKE/MUSIC/MMs/MM 64/01 - Hands On Your Hips - Merengue.mp3');
insert into streams ("index","codec_name","codec_long_name","codec_type","codec_time_base","codec_tag_string","codec_tag","sample_fmt","sample_rate","channels","channel_layout","bits_per_sample","r_frame_rate","avg_frame_rate","time_base","start_pts","start_time","duration_ts","duration","bit_rate","filepath") values ('0','mp3','MP3 (MPEG audio layer 3)','audio','1/44100','[0][0][0][0]','0x0000','fltp','44100','2','stereo','0','0/0','0/0','1/14112000','0','0','2777333760','196.806531','191363','/media/pi/ZUKE/MUSIC/MMs/MM 64/02 - Eto Ta Jabroso - Salsa Choke.mp3');
insert into format ("filename","nb_streams","nb_programs","format_name","format_long_name","start_time","duration","size","bit_rate","probe_score","filepath") values ('/media/pi/ZUKE/MUSIC/MMs/MM 64/02 - Eto Ta Jabroso - Salsa Choke.mp3','1','0','mp3','MP2/3 (MPEG audio layer 2/3)','0','196.806531','4708480','191395','51','/media/pi/ZUKE/MUSIC/MMs/MM 64/02 - Eto Ta Jabroso - Salsa Choke.mp3');
insert into disposition ("default","dub","original","comment","lyrics","karaoke","forced","hearing_impaired","visual_impaired","clean_effects","attached_pic","timed_thumbnails","filepath") values ('0','0','0','0','0','0','0','0','0','0','0','0','/media/pi/ZUKE/MUSIC/MMs/MM 64/02 - Eto Ta Jabroso - Salsa Choke.mp3');
insert into tags ("album","composer","genre","title","artist","disc","track","filepath") values ('Mega Mix 64','Zumba Fitness','Salsa Choke','Eto Ta Jabroso','Raza Pana - Ronald y Victor feat Leka el Poeta','1/1','2/10','/media/pi/ZUKE/MUSIC/MMs/MM 64/02 - Eto Ta Jabroso - Salsa Choke.mp3');
insert into mp3s ("filepath") values ('/media/pi/ZUKE/MUSIC/MMs/MM 64/02 - Eto Ta Jabroso - Salsa Choke.mp3');
insert into streams ("index","codec_name","codec_long_name","codec_type","codec_time_base","codec_tag_string","codec_tag","sample_fmt","sample_rate","channels","channel_layout","bits_per_sample","r_frame_rate","avg_frame_rate","time_base","start_pts","start_time","duration_ts","duration","bit_rate","filepath") values ('0','mp3','MP3 (MPEG audio layer 3)','audio','1/44100','[0][0][0][0]','0x0000','fltp','44100','2','stereo','0','0/0','0/0','1/14112000','0','0','3131596800','221.910204','185430','/media/pi/ZUKE/MUSIC/MMs/MM 64/03 - Miami Lo Tiene - Socaton.mp3');
insert into format ("filename","nb_streams","nb_programs","format_name","format_long_name","start_time","duration","size","bit_rate","probe_score","filepath") values ('/media/pi/ZUKE/MUSIC/MMs/MM 64/03 - Miami Lo Tiene - Socaton.mp3','1','0','mp3','MP2/3 (MPEG audio layer 2/3)','0','221.910204','5144704','185469','51','/media/pi/ZUKE/MUSIC/MMs/MM 64/03 - Miami Lo Tiene - Socaton.mp3');
insert into disposition ("default","dub","original","comment","lyrics","karaoke","forced","hearing_impaired","visual_impaired","clean_effects","attached_pic","timed_thumbnails","filepath") values ('0','0','0','0','0','0','0','0','0','0','0','0','/media/pi/ZUKE/MUSIC/MMs/MM 64/03 - Miami Lo Tiene - Socaton.mp3');
insert into tags ("album","composer","genre","title","artist","disc","track","filepath") values ('Mega Mix 64','Zumba Fitness','Socaton','Miami Lo Tiene','Machel Montano','1/1','3/10','/media/pi/ZUKE/MUSIC/MMs/MM 64/03 - Miami Lo Tiene - Socaton.mp3');
insert into mp3s ("filepath") values ('/media/pi/ZUKE/MUSIC/MMs/MM 64/03 - Miami Lo Tiene - Socaton.mp3');
insert into streams ("index","codec_name","codec_long_name","codec_type","codec_time_base","codec_tag_string","codec_tag","sample_fmt","sample_rate","channels","channel_layout","bits_per_sample","r_frame_rate","avg_frame_rate","time_base","start_pts","start_time","duration_ts","duration","bit_rate","filepath") values ('0','mp3','MP3 (MPEG audio layer 3)','audio','1/44100','[0][0][0][0]','0x0000','fltp','44100','2','stereo','0','0/0','0/0','1/14112000','0','0','2697707520','191.164082','178843','/media/pi/ZUKE/MUSIC/MMs/MM 64/04 - Gozate La Vida - Cumbia - Vallenato.mp3');
insert into format ("filename","nb_streams","nb_programs","format_name","format_long_name","start_time","duration","size","bit_rate","probe_score","filepath") values ('/media/pi/ZUKE/MUSIC/MMs/MM 64/04 - Gozate La Vida - Cumbia - Vallenato.mp3','1','0','mp3','MP2/3 (MPEG audio layer 2/3)','0','191.164082','4274304','178874','51','/media/pi/ZUKE/MUSIC/MMs/MM 64/04 - Gozate La Vida - Cumbia - Vallenato.mp3');
insert into disposition ("default","dub","original","comment","lyrics","karaoke","forced","hearing_impaired","visual_impaired","clean_effects","attached_pic","timed_thumbnails","filepath") values ('0','0','0','0','0','0','0','0','0','0','0','0','/media/pi/ZUKE/MUSIC/MMs/MM 64/04 - Gozate La Vida - Cumbia - Vallenato.mp3');
insert into tags ("album","composer","genre","title","artist","disc","track","filepath") values ('Mega Mix 64','Zumba Fitness','Cumbia,Vallenato','Gozate La Vida','Zumba Fitness','1/1','4/10','/media/pi/ZUKE/MUSIC/MMs/MM 64/04 - Gozate La Vida - Cumbia - Vallenato.mp3');
insert into mp3s ("filepath") values ('/media/pi/ZUKE/MUSIC/MMs/MM 64/04 - Gozate La Vida - Cumbia - Vallenato.mp3');
insert into streams ("index","codec_name","codec_long_name","codec_type","codec_time_base","codec_tag_string","codec_tag","sample_fmt","sample_rate","channels","channel_layout","bits_per_sample","r_frame_rate","avg_frame_rate","time_base","start_pts","start_time","duration_ts","duration","bit_rate","filepath") values ('0','mp3','MP3 (MPEG audio layer 3)','audio','1/44100','[0][0][0][0]','0x0000','fltp','44100','2','stereo','0','0/0','0/0','1/14112000','0','0','2251284480','159.529796','173903','/media/pi/ZUKE/MUSIC/MMs/MM 64/05 - Dale - Funk Carioca - Reggaeton.mp3');
insert into format ("filename","nb_streams","nb_programs","format_name","format_long_name","start_time","duration","size","bit_rate","probe_score","filepath") values ('/media/pi/ZUKE/MUSIC/MMs/MM 64/05 - Dale - Funk Carioca - Reggaeton.mp3','1','0','mp3','MP2/3 (MPEG audio layer 2/3)','0','159.529796','3469440','173983','51','/media/pi/ZUKE/MUSIC/MMs/MM 64/05 - Dale - Funk Carioca - Reggaeton.mp3');
insert into disposition ("default","dub","original","comment","lyrics","karaoke","forced","hearing_impaired","visual_impaired","clean_effects","attached_pic","timed_thumbnails","filepath") values ('0','0','0','0','0','0','0','0','0','0','0','0','/media/pi/ZUKE/MUSIC/MMs/MM 64/05 - Dale - Funk Carioca - Reggaeton.mp3');
insert into tags ("album","composer","genre","title","artist","disc","track","filepath") values ('Mega Mix 64','Zumba Fitness','Funk Carioca,Reggaeton','Dale','Muh Arruda feat Cientista DJ','1/1','5/10','/media/pi/ZUKE/MUSIC/MMs/MM 64/05 - Dale - Funk Carioca - Reggaeton.mp3');
insert into mp3s ("filepath") values ('/media/pi/ZUKE/MUSIC/MMs/MM 64/05 - Dale - Funk Carioca - Reggaeton.mp3');
insert into streams ("index","codec_name","codec_long_name","codec_type","codec_time_base","codec_tag_string","codec_tag","sample_fmt","sample_rate","channels","channel_layout","bits_per_sample","r_frame_rate","avg_frame_rate","time_base","start_pts","start_time","duration_ts","duration","bit_rate","filepath") values ('0','mp3','MP3 (MPEG audio layer 3)','audio','1/44100','[0][0][0][0]','0x0000','fltp','44100','2','stereo','0','0/0','0/0','1/14112000','0','0','3300065280','233.848163','171770','/media/pi/ZUKE/MUSIC/MMs/MM 64/06 - Sully - Soca.mp3');
insert into format ("filename","nb_streams","nb_programs","format_name","format_long_name","start_time","duration","size","bit_rate","probe_score","filepath") values ('/media/pi/ZUKE/MUSIC/MMs/MM 64/06 - Sully - Soca.mp3','1','0','mp3','MP2/3 (MPEG audio layer 2/3)','0','233.848163','5021824','171797','51','/media/pi/ZUKE/MUSIC/MMs/MM 64/06 - Sully - Soca.mp3');
insert into disposition ("default","dub","original","comment","lyrics","karaoke","forced","hearing_impaired","visual_impaired","clean_effects","attached_pic","timed_thumbnails","filepath") values ('0','0','0','0','0','0','0','0','0','0','0','0','/media/pi/ZUKE/MUSIC/MMs/MM 64/06 - Sully - Soca.mp3');
insert into tags ("album","composer","genre","title","artist","disc","track","filepath") values ('Mega Mix 64','Zumba Fitness','Soca','Sully','Ricky T','1/1','6/10','/media/pi/ZUKE/MUSIC/MMs/MM 64/06 - Sully - Soca.mp3');
insert into mp3s ("filepath") values ('/media/pi/ZUKE/MUSIC/MMs/MM 64/06 - Sully - Soca.mp3');
insert into streams ("index","codec_name","codec_long_name","codec_type","codec_time_base","codec_tag_string","codec_tag","sample_fmt","sample_rate","channels","channel_layout","bits_per_sample","r_frame_rate","avg_frame_rate","time_base","start_pts","start_time","duration_ts","duration","bit_rate","filepath") values ('0','mp3','MP3 (MPEG audio layer 3)','audio','1/44100','[0][0][0][0]','0x0000','fltp','44100','2','stereo','0','0/0','0/0','1/14112000','0','0','2910412800','206.236735','181744','/media/pi/ZUKE/MUSIC/MMs/MM 64/07 - Esa Boquita - Flamenco Ton.mp3');
insert into format ("filename","nb_streams","nb_programs","format_name","format_long_name","start_time","duration","size","bit_rate","probe_score","filepath") values ('/media/pi/ZUKE/MUSIC/MMs/MM 64/07 - Esa Boquita - Flamenco Ton.mp3','1','0','mp3','MP2/3 (MPEG audio layer 2/3)','0','206.236735','4685952','181769','51','/media/pi/ZUKE/MUSIC/MMs/MM 64/07 - Esa Boquita - Flamenco Ton.mp3');
insert into disposition ("default","dub","original","comment","lyrics","karaoke","forced","hearing_impaired","visual_impaired","clean_effects","attached_pic","timed_thumbnails","filepath") values ('0','0','0','0','0','0','0','0','0','0','0','0','/media/pi/ZUKE/MUSIC/MMs/MM 64/07 - Esa Boquita - Flamenco Ton.mp3');
insert into tags ("album","composer","genre","title","artist","disc","track","filepath") values ('Mega Mix 64','Zumba Fitness','Flamencoton','Esa Boquita','Zumba Fitness','1/1','7/10','/media/pi/ZUKE/MUSIC/MMs/MM 64/07 - Esa Boquita - Flamenco Ton.mp3');
insert into mp3s ("filepath") values ('/media/pi/ZUKE/MUSIC/MMs/MM 64/07 - Esa Boquita - Flamenco Ton.mp3');
insert into streams ("index","codec_name","codec_long_name","codec_type","codec_time_base","codec_tag_string","codec_tag","sample_fmt","sample_rate","channels","channel_layout","bits_per_sample","r_frame_rate","avg_frame_rate","time_base","start_pts","start_time","duration_ts","duration","bit_rate","filepath") values ('0','mp3','MP3 (MPEG audio layer 3)','audio','1/44100','[0][0][0][0]','0x0000','fltp','44100','2','stereo','0','0/0','0/0','1/14112000','0','0','3311493120','234.657959','167434','/media/pi/ZUKE/MUSIC/MMs/MM 64/08 - Que la Fiesta No Pare - Cumbia Trap.mp3');
insert into format ("filename","nb_streams","nb_programs","format_name","format_long_name","start_time","duration","size","bit_rate","probe_score","filepath") values ('/media/pi/ZUKE/MUSIC/MMs/MM 64/08 - Que la Fiesta No Pare - Cumbia Trap.mp3','1','0','mp3','MP2/3 (MPEG audio layer 2/3)','0','234.657959','4913280','167504','51','/media/pi/ZUKE/MUSIC/MMs/MM 64/08 - Que la Fiesta No Pare - Cumbia Trap.mp3');
insert into disposition ("default","dub","original","comment","lyrics","karaoke","forced","hearing_impaired","visual_impaired","clean_effects","attached_pic","timed_thumbnails","filepath") values ('0','0','0','0','0','0','0','0','0','0','0','0','/media/pi/ZUKE/MUSIC/MMs/MM 64/08 - Que la Fiesta No Pare - Cumbia Trap.mp3');
insert into tags ("album","composer","genre","title","artist","disc","track","filepath") values ('Mega Mix 64','Zumba Fitness','Cumbia Trap','Que la Fiesta No Pare','B.I.P','1/1','8/10','/media/pi/ZUKE/MUSIC/MMs/MM 64/08 - Que la Fiesta No Pare - Cumbia Trap.mp3');
insert into mp3s ("filepath") values ('/media/pi/ZUKE/MUSIC/MMs/MM 64/08 - Que la Fiesta No Pare - Cumbia Trap.mp3');
insert into streams ("index","codec_name","codec_long_name","codec_type","codec_time_base","codec_tag_string","codec_tag","sample_fmt","sample_rate","channels","channel_layout","bits_per_sample","r_frame_rate","avg_frame_rate","time_base","start_pts","start_time","duration_ts","duration","bit_rate","filepath") values ('0','mp3','MP3 (MPEG audio layer 3)','audio','1/44100','[0][0][0][0]','0x0000','fltp','44100','2','stereo','0','0/0','0/0','1/14112000','0','0','2263449600','160.391837','177939','/media/pi/ZUKE/MUSIC/MMs/MM 64/09 - Sindhoori - Punjabi.mp3');
insert into format ("filename","nb_streams","nb_programs","format_name","format_long_name","start_time","duration","size","bit_rate","probe_score","filepath") values ('/media/pi/ZUKE/MUSIC/MMs/MM 64/09 - Sindhoori - Punjabi.mp3','1','0','mp3','MP2/3 (MPEG audio layer 2/3)','0','160.391837','3569792','178053','51','/media/pi/ZUKE/MUSIC/MMs/MM 64/09 - Sindhoori - Punjabi.mp3');
insert into disposition ("default","dub","original","comment","lyrics","karaoke","forced","hearing_impaired","visual_impaired","clean_effects","attached_pic","timed_thumbnails","filepath") values ('0','0','0','0','0','0','0','0','0','0','0','0','/media/pi/ZUKE/MUSIC/MMs/MM 64/09 - Sindhoori - Punjabi.mp3');
insert into tags ("album","composer","genre","title","artist","disc","track","filepath") values ('Mega Mix 64','Zumba Fitness','Punjabi','Sindhoori','Ammy Virk','1/1','9/10','/media/pi/ZUKE/MUSIC/MMs/MM 64/09 - Sindhoori - Punjabi.mp3');
insert into mp3s ("filepath") values ('/media/pi/ZUKE/MUSIC/MMs/MM 64/09 - Sindhoori - Punjabi.mp3');
insert into streams ("index","codec_name","codec_long_name","codec_type","codec_time_base","codec_tag_string","codec_tag","sample_fmt","sample_rate","channels","channel_layout","bits_per_sample","r_frame_rate","avg_frame_rate","time_base","start_pts","start_time","duration_ts","duration","bit_rate","filepath") values ('0','mp3','MP3 (MPEG audio layer 3)','audio','1/44100','[0][0][0][0]','0x0000','fltp','44100','2','stereo','0','0/0','0/0','1/14112000','0','0','2968289280','210.337959','177650','/media/pi/ZUKE/MUSIC/MMs/MM 64/10 - Pa los locos - Latin Dance.mp3');
insert into format ("filename","nb_streams","nb_programs","format_name","format_long_name","start_time","duration","size","bit_rate","probe_score","filepath") values ('/media/pi/ZUKE/MUSIC/MMs/MM 64/10 - Pa los locos - Latin Dance.mp3','1','0','mp3','MP2/3 (MPEG audio layer 2/3)','0','210.337959','4671616','177680','51','/media/pi/ZUKE/MUSIC/MMs/MM 64/10 - Pa los locos - Latin Dance.mp3');
insert into disposition ("default","dub","original","comment","lyrics","karaoke","forced","hearing_impaired","visual_impaired","clean_effects","attached_pic","timed_thumbnails","filepath") values ('0','0','0','0','0','0','0','0','0','0','0','0','/media/pi/ZUKE/MUSIC/MMs/MM 64/10 - Pa los locos - Latin Dance.mp3');
insert into tags ("album","composer","genre","title","artist","disc","track","filepath") values ('Mega Mix 64','Zumba Fitness','Latin','Pa los locos','Javier Soto','1/1','10/10','/media/pi/ZUKE/MUSIC/MMs/MM 64/10 - Pa los locos - Latin Dance.mp3');
insert into mp3s ("filepath") values ('/media/pi/ZUKE/MUSIC/MMs/MM 64/10 - Pa los locos - Latin Dance.mp3');
insert into streams ("index","codec_name","codec_long_name","codec_type","codec_time_base","codec_tag_string","codec_tag","sample_fmt","sample_rate","channels","channel_layout","bits_per_sample","r_frame_rate","avg_frame_rate","time_base","start_pts","start_time","duration_ts","duration","bit_rate","filepath") values ('0','mp3','MP3 (MPEG audio layer 3)','audio','1/44100','[0][0][0][0]','0x0000','fltp','44100','2','stereo','0','0/0','0/0','1/14112000','0','0','2261975040','160.287347','205404','/media/pi/ZUKE/MUSIC/MMs/MM 65/01 - Boa Da Favela - Funk Carioca Warm-up.mp3');
insert into format ("filename","nb_streams","nb_programs","format_name","format_long_name","start_time","duration","size","bit_rate","probe_score","filepath") values ('/media/pi/ZUKE/MUSIC/MMs/MM 65/01 - Boa Da Favela - Funk Carioca Warm-up.mp3','1','0','mp3','MP2/3 (MPEG audio layer 2/3)','0','160.287347','4116608','205461','51','/media/pi/ZUKE/MUSIC/MMs/MM 65/01 - Boa Da Favela - Funk Carioca Warm-up.mp3');
insert into disposition ("default","dub","original","comment","lyrics","karaoke","forced","hearing_impaired","visual_impaired","clean_effects","attached_pic","timed_thumbnails","filepath") values ('0','0','0','0','0','0','0','0','0','0','0','0','/media/pi/ZUKE/MUSIC/MMs/MM 65/01 - Boa Da Favela - Funk Carioca Warm-up.mp3');
insert into tags ("album","composer","genre","title","artist","disc","track","filepath") values ('Mega Mix 65','Zumba Fitness','Funk Carioca,Warm-up','Boa Da Favela','Amscat & Mauro Catalini feat Lenin & William','1/1','1/10','/media/pi/ZUKE/MUSIC/MMs/MM 65/01 - Boa Da Favela - Funk Carioca Warm-up.mp3');
insert into mp3s ("filepath") values ('/media/pi/ZUKE/MUSIC/MMs/MM 65/01 - Boa Da Favela - Funk Carioca Warm-up.mp3');
insert into streams ("index","codec_name","codec_long_name","codec_type","codec_time_base","codec_tag_string","codec_tag","sample_fmt","sample_rate","channels","channel_layout","bits_per_sample","r_frame_rate","avg_frame_rate","time_base","start_pts","start_time","duration_ts","duration","bit_rate","filepath") values ('0','mp3','MP3 (MPEG audio layer 3)','audio','1/44100','[0][0][0][0]','0x0000','fltp','44100','2','stereo','0','0/0','0/0','1/14112000','0','0','3452313600','244.636735','182090','/media/pi/ZUKE/MUSIC/MMs/MM 65/02 - Ella Me Dice - Merengue.mp3');
insert into format ("filename","nb_streams","nb_programs","format_name","format_long_name","start_time","duration","size","bit_rate","probe_score","filepath") values ('/media/pi/ZUKE/MUSIC/MMs/MM 65/02 - Ella Me Dice - Merengue.mp3','1','0','mp3','MP2/3 (MPEG audio layer 2/3)','0','244.636735','5568640','182103','51','/media/pi/ZUKE/MUSIC/MMs/MM 65/02 - Ella Me Dice - Merengue.mp3');
insert into disposition ("default","dub","original","comment","lyrics","karaoke","forced","hearing_impaired","visual_impaired","clean_effects","attached_pic","timed_thumbnails","filepath") values ('0','0','0','0','0','0','0','0','0','0','0','0','/media/pi/ZUKE/MUSIC/MMs/MM 65/02 - Ella Me Dice - Merengue.mp3');
insert into tags ("album","composer","genre","title","artist","disc","track","filepath") values ('Mega Mix 65','Zumba Fitness','Merengue','Ella Me Dice','William The Wild Shaker','1/1','2/10','/media/pi/ZUKE/MUSIC/MMs/MM 65/02 - Ella Me Dice - Merengue.mp3');
insert into mp3s ("filepath") values ('/media/pi/ZUKE/MUSIC/MMs/MM 65/02 - Ella Me Dice - Merengue.mp3');
insert into streams ("index","codec_name","codec_long_name","codec_type","codec_time_base","codec_tag_string","codec_tag","sample_fmt","sample_rate","channels","channel_layout","bits_per_sample","r_frame_rate","avg_frame_rate","time_base","start_pts","start_time","duration_ts","duration","bit_rate","filepath") values ('0','mp3','MP3 (MPEG audio layer 3)','audio','1/44100','[0][0][0][0]','0x0000','fltp','44100','2','stereo','0','0/0','0/0','1/14112000','0','0','2825625600','200.228571','191811','/media/pi/ZUKE/MUSIC/MMs/MM 65/03 - Una Bandolera - Salsa.mp3');
insert into format ("filename","nb_streams","nb_programs","format_name","format_long_name","start_time","duration","size","bit_rate","probe_score","filepath") values ('/media/pi/ZUKE/MUSIC/MMs/MM 65/03 - Una Bandolera - Salsa.mp3','1','0','mp3','MP2/3 (MPEG audio layer 2/3)','0','200.228571','4802688','191888','51','/media/pi/ZUKE/MUSIC/MMs/MM 65/03 - Una Bandolera - Salsa.mp3');
insert into disposition ("default","dub","original","comment","lyrics","karaoke","forced","hearing_impaired","visual_impaired","clean_effects","attached_pic","timed_thumbnails","filepath") values ('0','0','0','0','0','0','0','0','0','0','0','0','/media/pi/ZUKE/MUSIC/MMs/MM 65/03 - Una Bandolera - Salsa.mp3');
insert into tags ("album","composer","genre","title","artist","disc","track","filepath") values ('Mega Mix 65','Zumba Fitness','Salsa','Una Bandolera','Zumba Fitness','1/1','3/10','/media/pi/ZUKE/MUSIC/MMs/MM 65/03 - Una Bandolera - Salsa.mp3');
insert into mp3s ("filepath") values ('/media/pi/ZUKE/MUSIC/MMs/MM 65/03 - Una Bandolera - Salsa.mp3');
insert into streams ("index","codec_name","codec_long_name","codec_type","codec_time_base","codec_tag_string","codec_tag","sample_fmt","sample_rate","channels","channel_layout","bits_per_sample","r_frame_rate","avg_frame_rate","time_base","start_pts","start_time","duration_ts","duration","bit_rate","filepath") values ('0','mp3','MP3 (MPEG audio layer 3)','audio','1/44100','[0][0][0][0]','0x0000','fltp','44100','2','stereo','0','0/0','0/0','1/14112000','0','0','3211223040','227.552653','176021','/media/pi/ZUKE/MUSIC/MMs/MM 65/04 - Yo Voy Contigo Colombia - Cumbion.mp3');
insert into format ("filename","nb_streams","nb_programs","format_name","format_long_name","start_time","duration","size","bit_rate","probe_score","filepath") values ('/media/pi/ZUKE/MUSIC/MMs/MM 65/04 - Yo Voy Contigo Colombia - Cumbion.mp3','1','0','mp3','MP2/3 (MPEG audio layer 2/3)','0','227.552653','5007488','176046','51','/media/pi/ZUKE/MUSIC/MMs/MM 65/04 - Yo Voy Contigo Colombia - Cumbion.mp3');
insert into disposition ("default","dub","original","comment","lyrics","karaoke","forced","hearing_impaired","visual_impaired","clean_effects","attached_pic","timed_thumbnails","filepath") values ('0','0','0','0','0','0','0','0','0','0','0','0','/media/pi/ZUKE/MUSIC/MMs/MM 65/04 - Yo Voy Contigo Colombia - Cumbion.mp3');
insert into tags ("album","composer","genre","title","artist","disc","track","filepath") values ('Mega Mix 65','Zumba Fitness','Cumbion','Yo Voy Contigo Colombia','Moises Angulo','1/1','4/10','/media/pi/ZUKE/MUSIC/MMs/MM 65/04 - Yo Voy Contigo Colombia - Cumbion.mp3');
insert into mp3s ("filepath") values ('/media/pi/ZUKE/MUSIC/MMs/MM 65/04 - Yo Voy Contigo Colombia - Cumbion.mp3');
insert into streams ("index","codec_name","codec_long_name","codec_type","codec_time_base","codec_tag_string","codec_tag","sample_fmt","sample_rate","channels","channel_layout","bits_per_sample","r_frame_rate","avg_frame_rate","time_base","start_pts","start_time","duration_ts","duration","bit_rate","filepath") values ('0','mp3','MP3 (MPEG audio layer 3)','audio','1/44100','[0][0][0][0]','0x0000','fltp','44100','2','stereo','0','0/0','0/0','1/14112000','0','0','3055656960','216.528980','168483','/media/pi/ZUKE/MUSIC/MMs/MM 65/05 - Como En Las Vegas - Reggaeton.mp3');
insert into format ("filename","nb_streams","nb_programs","format_name","format_long_name","start_time","duration","size","bit_rate","probe_score","filepath") values ('/media/pi/ZUKE/MUSIC/MMs/MM 65/05 - Como En Las Vegas - Reggaeton.mp3','1','0','mp3','MP2/3 (MPEG audio layer 2/3)','0','216.528980','4561024','168514','51','/media/pi/ZUKE/MUSIC/MMs/MM 65/05 - Como En Las Vegas - Reggaeton.mp3');
insert into disposition ("default","dub","original","comment","lyrics","karaoke","forced","hearing_impaired","visual_impaired","clean_effects","attached_pic","timed_thumbnails","filepath") values ('0','0','0','0','0','0','0','0','0','0','0','0','/media/pi/ZUKE/MUSIC/MMs/MM 65/05 - Como En Las Vegas - Reggaeton.mp3');
insert into tags ("album","composer","genre","title","artist","disc","track","filepath") values ('Mega Mix 65','Zumba Fitness','Reggaeton','Como En Las Vegas','Olga Tanon','1/1','5/10','/media/pi/ZUKE/MUSIC/MMs/MM 65/05 - Como En Las Vegas - Reggaeton.mp3');
insert into mp3s ("filepath") values ('/media/pi/ZUKE/MUSIC/MMs/MM 65/05 - Como En Las Vegas - Reggaeton.mp3');
insert into streams ("index","codec_name","codec_long_name","codec_type","codec_time_base","codec_tag_string","codec_tag","sample_fmt","sample_rate","channels","channel_layout","bits_per_sample","r_frame_rate","avg_frame_rate","time_base","start_pts","start_time","duration_ts","duration","bit_rate","filepath") values ('0','mp3','MP3 (MPEG audio layer 3)','audio','1/44100','[0][0][0][0]','0x0000','fltp','44100','2','stereo','0','0/0','0/0','1/14112000','0','0','2754478080','195.186939','172431','/media/pi/ZUKE/MUSIC/MMs/MM 65/06 - Burn - J Pop.mp3');
insert into format ("filename","nb_streams","nb_programs","format_name","format_long_name","start_time","duration","size","bit_rate","probe_score","filepath") values ('/media/pi/ZUKE/MUSIC/MMs/MM 65/06 - Burn - J Pop.mp3','1','0','mp3','MP2/3 (MPEG audio layer 2/3)','0','195.186939','4208768','172502','51','/media/pi/ZUKE/MUSIC/MMs/MM 65/06 - Burn - J Pop.mp3');
insert into disposition ("default","dub","original","comment","lyrics","karaoke","forced","hearing_impaired","visual_impaired","clean_effects","attached_pic","timed_thumbnails","filepath") values ('0','0','0','0','0','0','0','0','0','0','0','0','/media/pi/ZUKE/MUSIC/MMs/MM 65/06 - Burn - J Pop.mp3');
insert into tags ("album","composer","genre","title","artist","disc","track","filepath") values ('Mega Mix 65','Zumba Fitness','J-Pop','Burn','Aisha','1/1','6/10','/media/pi/ZUKE/MUSIC/MMs/MM 65/06 - Burn - J Pop.mp3');
insert into mp3s ("filepath") values ('/media/pi/ZUKE/MUSIC/MMs/MM 65/06 - Burn - J Pop.mp3');
insert into streams ("index","codec_name","codec_long_name","codec_type","codec_time_base","codec_tag_string","codec_tag","sample_fmt","sample_rate","channels","channel_layout","bits_per_sample","r_frame_rate","avg_frame_rate","time_base","start_pts","start_time","duration_ts","duration","bit_rate","filepath") values ('0','mp3','MP3 (MPEG audio layer 3)','audio','1/44100','[0][0][0][0]','0x0000','fltp','44100','2','stereo','0','0/0','0/0','1/14112000','0','0','3136020480','222.223673','179521','/media/pi/ZUKE/MUSIC/MMs/MM 65/07 - Ya Te Olvide - Cumbia.mp3');
insert into format ("filename","nb_streams","nb_programs","format_name","format_long_name","start_time","duration","size","bit_rate","probe_score","filepath") values ('/media/pi/ZUKE/MUSIC/MMs/MM 65/07 - Ya Te Olvide - Cumbia.mp3','1','0','mp3','MP2/3 (MPEG audio layer 2/3)','0','222.223673','4987008','179531','51','/media/pi/ZUKE/MUSIC/MMs/MM 65/07 - Ya Te Olvide - Cumbia.mp3');
insert into disposition ("default","dub","original","comment","lyrics","karaoke","forced","hearing_impaired","visual_impaired","clean_effects","attached_pic","timed_thumbnails","filepath") values ('0','0','0','0','0','0','0','0','0','0','0','0','/media/pi/ZUKE/MUSIC/MMs/MM 65/07 - Ya Te Olvide - Cumbia.mp3');
insert into tags ("album","composer","genre","title","artist","disc","track","filepath") values ('Mega Mix 65','Zumba Fitness','Cumbia','Ya Te Olvide','Jeison El Broder','1/1','7/10','/media/pi/ZUKE/MUSIC/MMs/MM 65/07 - Ya Te Olvide - Cumbia.mp3');
insert into mp3s ("filepath") values ('/media/pi/ZUKE/MUSIC/MMs/MM 65/07 - Ya Te Olvide - Cumbia.mp3');
insert into streams ("index","codec_name","codec_long_name","codec_type","codec_time_base","codec_tag_string","codec_tag","sample_fmt","sample_rate","channels","channel_layout","bits_per_sample","r_frame_rate","avg_frame_rate","time_base","start_pts","start_time","duration_ts","duration","bit_rate","filepath") values ('0','mp3','MP3 (MPEG audio layer 3)','audio','1/44100','[0][0][0][0]','0x0000','fltp','44100','2','stereo','0','0/0','0/0','1/14112000','0','0','2307686400','163.526531','166157','/media/pi/ZUKE/MUSIC/MMs/MM 65/08 - Llevo La Vainita - Bomba Plena.mp3');
insert into format ("filename","nb_streams","nb_programs","format_name","format_long_name","start_time","duration","size","bit_rate","probe_score","filepath") values ('/media/pi/ZUKE/MUSIC/MMs/MM 65/08 - Llevo La Vainita - Bomba Plena.mp3','1','0','mp3','MP2/3 (MPEG audio layer 2/3)','0','163.526531','3397760','166224','51','/media/pi/ZUKE/MUSIC/MMs/MM 65/08 - Llevo La Vainita - Bomba Plena.mp3');
insert into disposition ("default","dub","original","comment","lyrics","karaoke","forced","hearing_impaired","visual_impaired","clean_effects","attached_pic","timed_thumbnails","filepath") values ('0','0','0','0','0','0','0','0','0','0','0','0','/media/pi/ZUKE/MUSIC/MMs/MM 65/08 - Llevo La Vainita - Bomba Plena.mp3');
insert into tags ("album","composer","genre","title","artist","disc","track","filepath") values ('Mega Mix 65','Zumba Fitness','Bomba Plena','Llevo La Vainita','Don Miguelo','1/1','8/10','/media/pi/ZUKE/MUSIC/MMs/MM 65/08 - Llevo La Vainita - Bomba Plena.mp3');
insert into mp3s ("filepath") values ('/media/pi/ZUKE/MUSIC/MMs/MM 65/08 - Llevo La Vainita - Bomba Plena.mp3');
insert into streams ("index","codec_name","codec_long_name","codec_type","codec_time_base","codec_tag_string","codec_tag","sample_fmt","sample_rate","channels","channel_layout","bits_per_sample","r_frame_rate","avg_frame_rate","time_base","start_pts","start_time","duration_ts","duration","bit_rate","filepath") values ('0','mp3','MP3 (MPEG audio layer 3)','audio','1/44100','[0][0][0][0]','0x0000','fltp','44100','2','stereo','0','0/0','0/0','1/14112000','0','0','2895667200','205.191837','181410','/media/pi/ZUKE/MUSIC/MMs/MM 65/09 - La Isla del Amor - Flamenco.mp3');
insert into format ("filename","nb_streams","nb_programs","format_name","format_long_name","start_time","duration","size","bit_rate","probe_score","filepath") values ('/media/pi/ZUKE/MUSIC/MMs/MM 65/09 - La Isla del Amor - Flamenco.mp3','1','0','mp3','MP2/3 (MPEG audio layer 2/3)','0','205.191837','4655232','181497','51','/media/pi/ZUKE/MUSIC/MMs/MM 65/09 - La Isla del Amor - Flamenco.mp3');
insert into disposition ("default","dub","original","comment","lyrics","karaoke","forced","hearing_impaired","visual_impaired","clean_effects","attached_pic","timed_thumbnails","filepath") values ('0','0','0','0','0','0','0','0','0','0','0','0','/media/pi/ZUKE/MUSIC/MMs/MM 65/09 - La Isla del Amor - Flamenco.mp3');
insert into tags ("album","composer","genre","title","artist","disc","track","filepath") values ('Mega Mix 65','Zumba Fitness','Flamenco','La Isla del Amor','Zumba Fitness','1/1','9/10','/media/pi/ZUKE/MUSIC/MMs/MM 65/09 - La Isla del Amor - Flamenco.mp3');
insert into mp3s ("filepath") values ('/media/pi/ZUKE/MUSIC/MMs/MM 65/09 - La Isla del Amor - Flamenco.mp3');
insert into streams ("index","codec_name","codec_long_name","codec_type","codec_time_base","codec_tag_string","codec_tag","sample_fmt","sample_rate","channels","channel_layout","bits_per_sample","r_frame_rate","avg_frame_rate","time_base","start_pts","start_time","duration_ts","duration","bit_rate","filepath") values ('0','mp3','MP3 (MPEG audio layer 3)','audio','1/44100','[0][0][0][0]','0x0000','fltp','44100','2','stereo','0','0/0','0/0','1/14112000','0','0','2724249600','193.044898','183952','/media/pi/ZUKE/MUSIC/MMs/MM 65/10 - Bailalo - Soca Tropical.mp3');
insert into format ("filename","nb_streams","nb_programs","format_name","format_long_name","start_time","duration","size","bit_rate","probe_score","filepath") values ('/media/pi/ZUKE/MUSIC/MMs/MM 65/10 - Bailalo - Soca Tropical.mp3','1','0','mp3','MP2/3 (MPEG audio layer 2/3)','0','193.044898','4440192','184006','51','/media/pi/ZUKE/MUSIC/MMs/MM 65/10 - Bailalo - Soca Tropical.mp3');
insert into disposition ("default","dub","original","comment","lyrics","karaoke","forced","hearing_impaired","visual_impaired","clean_effects","attached_pic","timed_thumbnails","filepath") values ('0','0','0','0','0','0','0','0','0','0','0','0','/media/pi/ZUKE/MUSIC/MMs/MM 65/10 - Bailalo - Soca Tropical.mp3');
insert into tags ("album","composer","genre","title","artist","disc","track","filepath") values ('Mega Mix 65','Zumba Fitness','Soca Tropical','Bailalo','Cuero Trancao','1/1','10/10','/media/pi/ZUKE/MUSIC/MMs/MM 65/10 - Bailalo - Soca Tropical.mp3');
insert into mp3s ("filepath") values ('/media/pi/ZUKE/MUSIC/MMs/MM 65/10 - Bailalo - Soca Tropical.mp3');
insert into streams ("index","codec_name","codec_long_name","codec_type","codec_time_base","codec_tag_string","codec_tag","sample_fmt","sample_rate","channels","channel_layout","bits_per_sample","r_frame_rate","avg_frame_rate","time_base","start_pts","start_time","duration_ts","duration","bit_rate","filepath") values ('0','mp3','MP3 (MPEG audio layer 3)','audio','1/44100','[0][0][0][0]','0x0000','fltp','44100','2','stereo','0','0/0','0/0','1/14112000','0','0','3277209600','232.228571','171321','/media/pi/ZUKE/MUSIC/MMs/MM 66/01 - A Mi Me Gusta - Merengue - Olodum.mp3');
insert into format ("filename","nb_streams","nb_programs","format_name","format_long_name","start_time","duration","size","bit_rate","probe_score","filepath") values ('/media/pi/ZUKE/MUSIC/MMs/MM 66/01 - A Mi Me Gusta - Merengue - Olodum.mp3','1','0','mp3','MP2/3 (MPEG audio layer 2/3)','0','232.228571','4974720','171373','51','/media/pi/ZUKE/MUSIC/MMs/MM 66/01 - A Mi Me Gusta - Merengue - Olodum.mp3');
insert into disposition ("default","dub","original","comment","lyrics","karaoke","forced","hearing_impaired","visual_impaired","clean_effects","attached_pic","timed_thumbnails","filepath") values ('0','0','0','0','0','0','0','0','0','0','0','0','/media/pi/ZUKE/MUSIC/MMs/MM 66/01 - A Mi Me Gusta - Merengue - Olodum.mp3');
insert into tags ("album","composer","genre","title","artist","disc","track","filepath") values ('Mega Mix 66','Zumba Fitness','Merengue,Olodum','A Mi Me Gusta','Robert Taylor','1/1','1/10','/media/pi/ZUKE/MUSIC/MMs/MM 66/01 - A Mi Me Gusta - Merengue - Olodum.mp3');
insert into mp3s ("filepath") values ('/media/pi/ZUKE/MUSIC/MMs/MM 66/01 - A Mi Me Gusta - Merengue - Olodum.mp3');
insert into streams ("index","codec_name","codec_long_name","codec_type","codec_time_base","codec_tag_string","codec_tag","sample_fmt","sample_rate","channels","channel_layout","bits_per_sample","r_frame_rate","avg_frame_rate","time_base","start_pts","start_time","duration_ts","duration","bit_rate","filepath") values ('0','mp3','MP3 (MPEG audio layer 3)','audio','1/44100','[0][0][0][0]','0x0000','fltp','44100','2','stereo','0','0/0','0/0','1/14112000','0','0','3189473280','226.011429','180423','/media/pi/ZUKE/MUSIC/MMs/MM 66/02 - I Wanna Dance Salsa - Salsa.mp3');
insert into format ("filename","nb_streams","nb_programs","format_name","format_long_name","start_time","duration","size","bit_rate","probe_score","filepath") values ('/media/pi/ZUKE/MUSIC/MMs/MM 66/02 - I Wanna Dance Salsa - Salsa.mp3','1','0','mp3','MP2/3 (MPEG audio layer 2/3)','0','226.011429','5097600','180436','51','/media/pi/ZUKE/MUSIC/MMs/MM 66/02 - I Wanna Dance Salsa - Salsa.mp3');
insert into disposition ("default","dub","original","comment","lyrics","karaoke","forced","hearing_impaired","visual_impaired","clean_effects","attached_pic","timed_thumbnails","filepath") values ('0','0','0','0','0','0','0','0','0','0','0','0','/media/pi/ZUKE/MUSIC/MMs/MM 66/02 - I Wanna Dance Salsa - Salsa.mp3');
insert into tags ("album","composer","genre","title","artist","disc","track","filepath") values ('Mega Mix 66','Zumba Fitness','Salsa','I Wanna Dance Salsa','Geiner Guerra','1/1','2/10','/media/pi/ZUKE/MUSIC/MMs/MM 66/02 - I Wanna Dance Salsa - Salsa.mp3');
insert into mp3s ("filepath") values ('/media/pi/ZUKE/MUSIC/MMs/MM 66/02 - I Wanna Dance Salsa - Salsa.mp3');
insert into streams ("index","codec_name","codec_long_name","codec_type","codec_time_base","codec_tag_string","codec_tag","sample_fmt","sample_rate","channels","channel_layout","bits_per_sample","r_frame_rate","avg_frame_rate","time_base","start_pts","start_time","duration_ts","duration","bit_rate","filepath") values ('0','mp3','MP3 (MPEG audio layer 3)','audio','1/44100','[0][0][0][0]','0x0000','fltp','44100','2','stereo','0','0/0','0/0','1/14112000','0','0','2546565120','180.453878','166364','/media/pi/ZUKE/MUSIC/MMs/MM 66/03 - Pineapple - Reggaeton.mp3');
insert into format ("filename","nb_streams","nb_programs","format_name","format_long_name","start_time","duration","size","bit_rate","probe_score","filepath") values ('/media/pi/ZUKE/MUSIC/MMs/MM 66/03 - Pineapple - Reggaeton.mp3','1','0','mp3','MP2/3 (MPEG audio layer 2/3)','0','180.453878','3754112','166429','51','/media/pi/ZUKE/MUSIC/MMs/MM 66/03 - Pineapple - Reggaeton.mp3');
insert into disposition ("default","dub","original","comment","lyrics","karaoke","forced","hearing_impaired","visual_impaired","clean_effects","attached_pic","timed_thumbnails","filepath") values ('0','0','0','0','0','0','0','0','0','0','0','0','/media/pi/ZUKE/MUSIC/MMs/MM 66/03 - Pineapple - Reggaeton.mp3');
insert into tags ("album","composer","genre","title","artist","disc","track","filepath") values ('Mega Mix 66','Zumba Fitness','Reggaeton','Pineapple','Zumba Fitness','1/1','3/10','/media/pi/ZUKE/MUSIC/MMs/MM 66/03 - Pineapple - Reggaeton.mp3');
insert into mp3s ("filepath") values ('/media/pi/ZUKE/MUSIC/MMs/MM 66/03 - Pineapple - Reggaeton.mp3');
insert into streams ("index","codec_name","codec_long_name","codec_type","codec_time_base","codec_tag_string","codec_tag","sample_fmt","sample_rate","channels","channel_layout","bits_per_sample","r_frame_rate","avg_frame_rate","time_base","start_pts","start_time","duration_ts","duration","bit_rate","filepath") values ('0','mp3','MP3 (MPEG audio layer 3)','audio','1/44100','[0][0][0][0]','0x0000','fltp','44100','2','stereo','0','0/0','0/0','1/14112000','0','0','3155558400','223.608163','185193','/media/pi/ZUKE/MUSIC/MMs/MM 66/04 - No Te Creo Nada - Vallenato Urbano.mp3');
insert into format ("filename","nb_streams","nb_programs","format_name","format_long_name","start_time","duration","size","bit_rate","probe_score","filepath") values ('/media/pi/ZUKE/MUSIC/MMs/MM 66/04 - No Te Creo Nada - Vallenato Urbano.mp3','1','0','mp3','MP2/3 (MPEG audio layer 2/3)','0','223.608163','5177472','185233','51','/media/pi/ZUKE/MUSIC/MMs/MM 66/04 - No Te Creo Nada - Vallenato Urbano.mp3');
insert into disposition ("default","dub","original","comment","lyrics","karaoke","forced","hearing_impaired","visual_impaired","clean_effects","attached_pic","timed_thumbnails","filepath") values ('0','0','0','0','0','0','0','0','0','0','0','0','/media/pi/ZUKE/MUSIC/MMs/MM 66/04 - No Te Creo Nada - Vallenato Urbano.mp3');
insert into tags ("album","composer","genre","title","artist","disc","track","filepath") values ('Mega Mix 66','Zumba Fitness','Vallenato Urbano','No Te Creo Nada','Pipe Pelaez','1/1','4/10','/media/pi/ZUKE/MUSIC/MMs/MM 66/04 - No Te Creo Nada - Vallenato Urbano.mp3');
insert into mp3s ("filepath") values ('/media/pi/ZUKE/MUSIC/MMs/MM 66/04 - No Te Creo Nada - Vallenato Urbano.mp3');
insert into streams ("index","codec_name","codec_long_name","codec_type","codec_time_base","codec_tag_string","codec_tag","sample_fmt","sample_rate","channels","channel_layout","bits_per_sample","r_frame_rate","avg_frame_rate","time_base","start_pts","start_time","duration_ts","duration","bit_rate","filepath") values ('0','mp3','MP3 (MPEG audio layer 3)','audio','1/44100','[0][0][0][0]','0x0000','fltp','44100','2','stereo','0','0/0','0/0','1/14112000','0','0','2472837120','175.229388','180372','/media/pi/ZUKE/MUSIC/MMs/MM 66/05 - Sacudelo - Funk Carioca.mp3');
insert into format ("filename","nb_streams","nb_programs","format_name","format_long_name","start_time","duration","size","bit_rate","probe_score","filepath") values ('/media/pi/ZUKE/MUSIC/MMs/MM 66/05 - Sacudelo - Funk Carioca.mp3','1','0','mp3','MP2/3 (MPEG audio layer 2/3)','0','175.229388','3952768','180461','51','/media/pi/ZUKE/MUSIC/MMs/MM 66/05 - Sacudelo - Funk Carioca.mp3');
insert into disposition ("default","dub","original","comment","lyrics","karaoke","forced","hearing_impaired","visual_impaired","clean_effects","attached_pic","timed_thumbnails","filepath") values ('0','0','0','0','0','0','0','0','0','0','0','0','/media/pi/ZUKE/MUSIC/MMs/MM 66/05 - Sacudelo - Funk Carioca.mp3');
insert into tags ("album","composer","genre","title","artist","disc","track","filepath") values ('Mega Mix 66','Zumba Fitness','Funk Carioca','Sacudelo','Veneno','1/1','5/10','/media/pi/ZUKE/MUSIC/MMs/MM 66/05 - Sacudelo - Funk Carioca.mp3');
insert into mp3s ("filepath") values ('/media/pi/ZUKE/MUSIC/MMs/MM 66/05 - Sacudelo - Funk Carioca.mp3');
insert into streams ("index","codec_name","codec_long_name","codec_type","codec_time_base","codec_tag_string","codec_tag","sample_fmt","sample_rate","channels","channel_layout","bits_per_sample","r_frame_rate","avg_frame_rate","time_base","start_pts","start_time","duration_ts","duration","bit_rate","filepath") values ('0','mp3','MP3 (MPEG audio layer 3)','audio','1/44100','[0][0][0][0]','0x0000','fltp','44100','2','stereo','0','0/0','0/0','1/14112000','0','0','2886451200','204.538776','189535','/media/pi/ZUKE/MUSIC/MMs/MM 66/06 - Music Feelin - Bhangra Cumbia Hip Hop.mp3');
insert into format ("filename","nb_streams","nb_programs","format_name","format_long_name","start_time","duration","size","bit_rate","probe_score","filepath") values ('/media/pi/ZUKE/MUSIC/MMs/MM 66/06 - Music Feelin - Bhangra Cumbia Hip Hop.mp3','1','0','mp3','MP2/3 (MPEG audio layer 2/3)','0','204.538776','4847744','189606','51','/media/pi/ZUKE/MUSIC/MMs/MM 66/06 - Music Feelin - Bhangra Cumbia Hip Hop.mp3');
insert into disposition ("default","dub","original","comment","lyrics","karaoke","forced","hearing_impaired","visual_impaired","clean_effects","attached_pic","timed_thumbnails","filepath") values ('0','0','0','0','0','0','0','0','0','0','0','0','/media/pi/ZUKE/MUSIC/MMs/MM 66/06 - Music Feelin - Bhangra Cumbia Hip Hop.mp3');
insert into tags ("album","composer","genre","title","artist","disc","track","filepath") values ('Mega Mix 66','Zumba Fitness','Bhangra,Cumbia,Hip-Hop','Music Feelin','Zumba Fitness','1/1','6/10','/media/pi/ZUKE/MUSIC/MMs/MM 66/06 - Music Feelin - Bhangra Cumbia Hip Hop.mp3');
insert into mp3s ("filepath") values ('/media/pi/ZUKE/MUSIC/MMs/MM 66/06 - Music Feelin - Bhangra Cumbia Hip Hop.mp3');
insert into streams ("index","codec_name","codec_long_name","codec_type","codec_time_base","codec_tag_string","codec_tag","sample_fmt","sample_rate","channels","channel_layout","bits_per_sample","r_frame_rate","avg_frame_rate","time_base","start_pts","start_time","duration_ts","duration","bit_rate","filepath") values ('0','mp3','MP3 (MPEG audio layer 3)','audio','1/44100','[0][0][0][0]','0x0000','fltp','44100','2','stereo','0','0/0','0/0','1/14112000','0','0','2975662080','210.860408','182448','/media/pi/ZUKE/MUSIC/MMs/MM 66/07 - Cumbiacon-Migo - Cumbia.mp3');
insert into format ("filename","nb_streams","nb_programs","format_name","format_long_name","start_time","duration","size","bit_rate","probe_score","filepath") values ('/media/pi/ZUKE/MUSIC/MMs/MM 66/07 - Cumbiacon-Migo - Cumbia.mp3','1','0','mp3','MP2/3 (MPEG audio layer 2/3)','0','210.860408','4810880','182523','51','/media/pi/ZUKE/MUSIC/MMs/MM 66/07 - Cumbiacon-Migo - Cumbia.mp3');
insert into disposition ("default","dub","original","comment","lyrics","karaoke","forced","hearing_impaired","visual_impaired","clean_effects","attached_pic","timed_thumbnails","filepath") values ('0','0','0','0','0','0','0','0','0','0','0','0','/media/pi/ZUKE/MUSIC/MMs/MM 66/07 - Cumbiacon-Migo - Cumbia.mp3');
insert into tags ("album","composer","genre","title","artist","disc","track","filepath") values ('Mega Mix 66','Zumba Fitness','Cumbia','Cumbiacon-Migo','Periko','1/1','7/10','/media/pi/ZUKE/MUSIC/MMs/MM 66/07 - Cumbiacon-Migo - Cumbia.mp3');
insert into mp3s ("filepath") values ('/media/pi/ZUKE/MUSIC/MMs/MM 66/07 - Cumbiacon-Migo - Cumbia.mp3');
insert into streams ("index","codec_name","codec_long_name","codec_type","codec_time_base","codec_tag_string","codec_tag","sample_fmt","sample_rate","channels","channel_layout","bits_per_sample","r_frame_rate","avg_frame_rate","time_base","start_pts","start_time","duration_ts","duration","bit_rate","filepath") values ('0','mp3','MP3 (MPEG audio layer 3)','audio','1/44100','[0][0][0][0]','0x0000','fltp','44100','2','stereo','0','0/0','0/0','1/14112000','0','0','3070033920','217.547755','195563','/media/pi/ZUKE/MUSIC/MMs/MM 66/08 - Stop The War - Reggae Dub.mp3');
insert into format ("filename","nb_streams","nb_programs","format_name","format_long_name","start_time","duration","size","bit_rate","probe_score","filepath") values ('/media/pi/ZUKE/MUSIC/MMs/MM 66/08 - Stop The War - Reggae Dub.mp3','1','0','mp3','MP2/3 (MPEG audio layer 2/3)','0','217.547755','5318784','195590','51','/media/pi/ZUKE/MUSIC/MMs/MM 66/08 - Stop The War - Reggae Dub.mp3');
insert into disposition ("default","dub","original","comment","lyrics","karaoke","forced","hearing_impaired","visual_impaired","clean_effects","attached_pic","timed_thumbnails","filepath") values ('0','0','0','0','0','0','0','0','0','0','0','0','/media/pi/ZUKE/MUSIC/MMs/MM 66/08 - Stop The War - Reggae Dub.mp3');
insert into tags ("album","composer","genre","title","artist","disc","track","filepath") values ('Mega Mix 66','Zumba Fitness','Reggae Dub','Stop The War','Mutant Riddim','1/1','8/10','/media/pi/ZUKE/MUSIC/MMs/MM 66/08 - Stop The War - Reggae Dub.mp3');
insert into mp3s ("filepath") values ('/media/pi/ZUKE/MUSIC/MMs/MM 66/08 - Stop The War - Reggae Dub.mp3');
insert into streams ("index","codec_name","codec_long_name","codec_type","codec_time_base","codec_tag_string","codec_tag","sample_fmt","sample_rate","channels","channel_layout","bits_per_sample","r_frame_rate","avg_frame_rate","time_base","start_pts","start_time","duration_ts","duration","bit_rate","filepath") values ('0','mp3','MP3 (MPEG audio layer 3)','audio','1/44100','[0][0][0][0]','0x0000','fltp','44100','2','stereo','0','0/0','0/0','1/14112000','0','0','2577899520','182.674286','175304','/media/pi/ZUKE/MUSIC/MMs/MM 66/09 - Suena La Maraca - Moombahton.mp3');
insert into format ("filename","nb_streams","nb_programs","format_name","format_long_name","start_time","duration","size","bit_rate","probe_score","filepath") values ('/media/pi/ZUKE/MUSIC/MMs/MM 66/09 - Suena La Maraca - Moombahton.mp3','1','0','mp3','MP2/3 (MPEG audio layer 2/3)','0','182.674286','4003968','175348','51','/media/pi/ZUKE/MUSIC/MMs/MM 66/09 - Suena La Maraca - Moombahton.mp3');
insert into disposition ("default","dub","original","comment","lyrics","karaoke","forced","hearing_impaired","visual_impaired","clean_effects","attached_pic","timed_thumbnails","filepath") values ('0','0','0','0','0','0','0','0','0','0','0','0','/media/pi/ZUKE/MUSIC/MMs/MM 66/09 - Suena La Maraca - Moombahton.mp3');
insert into tags ("album","composer","genre","title","artist","disc","track","filepath") values ('Mega Mix 66','Zumba Fitness','Moombahton','Suena La Maraca','Soto 75','1/1','9/10','/media/pi/ZUKE/MUSIC/MMs/MM 66/09 - Suena La Maraca - Moombahton.mp3');
insert into mp3s ("filepath") values ('/media/pi/ZUKE/MUSIC/MMs/MM 66/09 - Suena La Maraca - Moombahton.mp3');
insert into streams ("index","codec_name","codec_long_name","codec_type","codec_time_base","codec_tag_string","codec_tag","sample_fmt","sample_rate","channels","channel_layout","bits_per_sample","r_frame_rate","avg_frame_rate","time_base","start_pts","start_time","duration_ts","duration","bit_rate","filepath") values ('0','mp3','MP3 (MPEG audio layer 3)','audio','1/44100','[0][0][0][0]','0x0000','fltp','44100','2','stereo','0','0/0','0/0','1/14112000','0','0','3533414400','250.383673','165909','/media/pi/ZUKE/MUSIC/MMs/MM 66/10 - Se Formo El Espeluque - Electro Champeta.mp3');
insert into format ("filename","nb_streams","nb_programs","format_name","format_long_name","start_time","duration","size","bit_rate","probe_score","filepath") values ('/media/pi/ZUKE/MUSIC/MMs/MM 66/10 - Se Formo El Espeluque - Electro Champeta.mp3','1','0','mp3','MP2/3 (MPEG audio layer 2/3)','0','250.383673','5193856','165948','51','/media/pi/ZUKE/MUSIC/MMs/MM 66/10 - Se Formo El Espeluque - Electro Champeta.mp3');
insert into disposition ("default","dub","original","comment","lyrics","karaoke","forced","hearing_impaired","visual_impaired","clean_effects","attached_pic","timed_thumbnails","filepath") values ('0','0','0','0','0','0','0','0','0','0','0','0','/media/pi/ZUKE/MUSIC/MMs/MM 66/10 - Se Formo El Espeluque - Electro Champeta.mp3');
insert into tags ("album","composer","genre","title","artist","disc","track","filepath") values ('Mega Mix 66','Zumba Fitness','Electro Champeta','Se Formo El Espeluque','Codigo Secreto feat B.I.P','1/1','10/10','/media/pi/ZUKE/MUSIC/MMs/MM 66/10 - Se Formo El Espeluque - Electro Champeta.mp3');
insert into mp3s ("filepath") values ('/media/pi/ZUKE/MUSIC/MMs/MM 66/10 - Se Formo El Espeluque - Electro Champeta.mp3');
insert into streams ("index","codec_name","codec_long_name","codec_type","codec_time_base","codec_tag_string","codec_tag","sample_fmt","sample_rate","channels","channel_layout","bits_per_sample","r_frame_rate","avg_frame_rate","time_base","start_pts","start_time","duration_ts","duration","bit_rate","filepath") values ('0','mp3','MP3 (MPEG audio layer 3)','audio','1/44100','[0][0][0][0]','0x0000','fltp','44100','2','stereo','0','0/0','0/0','1/14112000','0','0','3290112000','233.142857','192590','/media/pi/ZUKE/MUSIC/MMs/MM 67/01 - Un Party En Miami - Merengue Urbano.mp3');
insert into format ("filename","nb_streams","nb_programs","format_name","format_long_name","start_time","duration","size","bit_rate","probe_score","filepath") values ('/media/pi/ZUKE/MUSIC/MMs/MM 67/01 - Un Party En Miami - Merengue Urbano.mp3','1','0','mp3','MP2/3 (MPEG audio layer 2/3)','0','233.142857','5613696','192626','51','/media/pi/ZUKE/MUSIC/MMs/MM 67/01 - Un Party En Miami - Merengue Urbano.mp3');
insert into disposition ("default","dub","original","comment","lyrics","karaoke","forced","hearing_impaired","visual_impaired","clean_effects","attached_pic","timed_thumbnails","filepath") values ('0','0','0','0','0','0','0','0','0','0','0','0','/media/pi/ZUKE/MUSIC/MMs/MM 67/01 - Un Party En Miami - Merengue Urbano.mp3');
insert into tags ("album","composer","genre","title","artist","disc","track","filepath") values ('Mega Mix 67','Zumba Fitness','Merengue Urbano','Un Party En Miami','Amarfis Y La Banda Atakke feat El Cata','1/1','1/10','/media/pi/ZUKE/MUSIC/MMs/MM 67/01 - Un Party En Miami - Merengue Urbano.mp3');
insert into mp3s ("filepath") values ('/media/pi/ZUKE/MUSIC/MMs/MM 67/01 - Un Party En Miami - Merengue Urbano.mp3');
insert into streams ("index","codec_name","codec_long_name","codec_type","codec_time_base","codec_tag_string","codec_tag","sample_fmt","sample_rate","channels","channel_layout","bits_per_sample","r_frame_rate","avg_frame_rate","time_base","start_pts","start_time","duration_ts","duration","bit_rate","filepath") values ('0','mp3','MP3 (MPEG audio layer 3)','audio','1/44100','[0][0][0][0]','0x0000','fltp','44100','2','stereo','0','0/0','0/0','1/14112000','0','0','2315427840','164.075102','178902','/media/pi/ZUKE/MUSIC/MMs/MM 67/02 - Rub A Bum - Reggaeton.mp3');
insert into format ("filename","nb_streams","nb_programs","format_name","format_long_name","start_time","duration","size","bit_rate","probe_score","filepath") values ('/media/pi/ZUKE/MUSIC/MMs/MM 67/02 - Rub A Bum - Reggaeton.mp3','1','0','mp3','MP2/3 (MPEG audio layer 2/3)','0','164.075102','3670144','178949','51','/media/pi/ZUKE/MUSIC/MMs/MM 67/02 - Rub A Bum - Reggaeton.mp3');
insert into disposition ("default","dub","original","comment","lyrics","karaoke","forced","hearing_impaired","visual_impaired","clean_effects","attached_pic","timed_thumbnails","filepath") values ('0','0','0','0','0','0','0','0','0','0','0','0','/media/pi/ZUKE/MUSIC/MMs/MM 67/02 - Rub A Bum - Reggaeton.mp3');
insert into tags ("album","composer","genre","title","artist","disc","track","filepath") values ('Mega Mix 67','Zumba Fitness','Reggaeton','Rub A Bum','Play-N-Skillz','1/1','2/10','/media/pi/ZUKE/MUSIC/MMs/MM 67/02 - Rub A Bum - Reggaeton.mp3');
insert into mp3s ("filepath") values ('/media/pi/ZUKE/MUSIC/MMs/MM 67/02 - Rub A Bum - Reggaeton.mp3');
insert into streams ("index","codec_name","codec_long_name","codec_type","codec_time_base","codec_tag_string","codec_tag","sample_fmt","sample_rate","channels","channel_layout","bits_per_sample","r_frame_rate","avg_frame_rate","time_base","start_pts","start_time","duration_ts","duration","bit_rate","filepath") values ('0','mp3','MP3 (MPEG audio layer 3)','audio','1/44100','[0][0][0][0]','0x0000','fltp','44100','2','stereo','0','0/0','0/0','1/14112000','0','0','3056762880','216.607347','177425','/media/pi/ZUKE/MUSIC/MMs/MM 67/03 - Prendela - Cumbia.mp3');
insert into format ("filename","nb_streams","nb_programs","format_name","format_long_name","start_time","duration","size","bit_rate","probe_score","filepath") values ('/media/pi/ZUKE/MUSIC/MMs/MM 67/03 - Prendela - Cumbia.mp3','1','0','mp3','MP2/3 (MPEG audio layer 2/3)','0','216.607347','4804736','177454','51','/media/pi/ZUKE/MUSIC/MMs/MM 67/03 - Prendela - Cumbia.mp3');
insert into disposition ("default","dub","original","comment","lyrics","karaoke","forced","hearing_impaired","visual_impaired","clean_effects","attached_pic","timed_thumbnails","filepath") values ('0','0','0','0','0','0','0','0','0','0','0','0','/media/pi/ZUKE/MUSIC/MMs/MM 67/03 - Prendela - Cumbia.mp3');
insert into tags ("album","composer","genre","title","artist","disc","track","filepath") values ('Mega Mix 67','Zumba Fitness','Cumbia','Prendela','Zumba Fitness','1/1','3/10','/media/pi/ZUKE/MUSIC/MMs/MM 67/03 - Prendela - Cumbia.mp3');
insert into mp3s ("filepath") values ('/media/pi/ZUKE/MUSIC/MMs/MM 67/03 - Prendela - Cumbia.mp3');
insert into streams ("index","codec_name","codec_long_name","codec_type","codec_time_base","codec_tag_string","codec_tag","sample_fmt","sample_rate","channels","channel_layout","bits_per_sample","r_frame_rate","avg_frame_rate","time_base","start_pts","start_time","duration_ts","duration","bit_rate","filepath") values ('0','mp3','MP3 (MPEG audio layer 3)','audio','1/44100','[0][0][0][0]','0x0000','fltp','44100','2','stereo','0','0/0','0/0','1/14112000','0','0','5487575040','388.858776','192065','/media/pi/ZUKE/MUSIC/MMs/MM 67/04 - Plastico - Salsa.mp3');
insert into format ("filename","nb_streams","nb_programs","format_name","format_long_name","start_time","duration","size","bit_rate","probe_score","filepath") values ('/media/pi/ZUKE/MUSIC/MMs/MM 67/04 - Plastico - Salsa.mp3','1','0','mp3','MP2/3 (MPEG audio layer 2/3)','0','388.858776','9336960','192089','51','/media/pi/ZUKE/MUSIC/MMs/MM 67/04 - Plastico - Salsa.mp3');
insert into disposition ("default","dub","original","comment","lyrics","karaoke","forced","hearing_impaired","visual_impaired","clean_effects","attached_pic","timed_thumbnails","filepath") values ('0','0','0','0','0','0','0','0','0','0','0','0','/media/pi/ZUKE/MUSIC/MMs/MM 67/04 - Plastico - Salsa.mp3');
insert into tags ("album","composer","genre","title","artist","disc","track","filepath") values ('Mega Mix 67','Zumba Fitness','Salsa','Plastico','Zumba Fitness','1/1','4/10','/media/pi/ZUKE/MUSIC/MMs/MM 67/04 - Plastico - Salsa.mp3');
insert into mp3s ("filepath") values ('/media/pi/ZUKE/MUSIC/MMs/MM 67/04 - Plastico - Salsa.mp3');
insert into streams ("index","codec_name","codec_long_name","codec_type","codec_time_base","codec_tag_string","codec_tag","sample_fmt","sample_rate","channels","channel_layout","bits_per_sample","r_frame_rate","avg_frame_rate","time_base","start_pts","start_time","duration_ts","duration","bit_rate","filepath") values ('0','mp3','MP3 (MPEG audio layer 3)','audio','1/44100','[0][0][0][0]','0x0000','fltp','44100','2','stereo','0','0/0','0/0','1/14112000','0','0','3294904320','233.482449','178930','/media/pi/ZUKE/MUSIC/MMs/MM 67/05 - Damelo - Dembow.mp3');
insert into format ("filename","nb_streams","nb_programs","format_name","format_long_name","start_time","duration","size","bit_rate","probe_score","filepath") values ('/media/pi/ZUKE/MUSIC/MMs/MM 67/05 - Damelo - Dembow.mp3','1','0','mp3','MP2/3 (MPEG audio layer 2/3)','0','233.482449','5222528','178943','51','/media/pi/ZUKE/MUSIC/MMs/MM 67/05 - Damelo - Dembow.mp3');
insert into disposition ("default","dub","original","comment","lyrics","karaoke","forced","hearing_impaired","visual_impaired","clean_effects","attached_pic","timed_thumbnails","filepath") values ('0','0','0','0','0','0','0','0','0','0','0','0','/media/pi/ZUKE/MUSIC/MMs/MM 67/05 - Damelo - Dembow.mp3');
insert into tags ("album","composer","genre","title","artist","disc","track","filepath") values ('Mega Mix 67','Zumba Fitness','Dembow','Damelo','B.I.P','1/1','5/10','/media/pi/ZUKE/MUSIC/MMs/MM 67/05 - Damelo - Dembow.mp3');
insert into mp3s ("filepath") values ('/media/pi/ZUKE/MUSIC/MMs/MM 67/05 - Damelo - Dembow.mp3');
insert into streams ("index","codec_name","codec_long_name","codec_type","codec_time_base","codec_tag_string","codec_tag","sample_fmt","sample_rate","channels","channel_layout","bits_per_sample","r_frame_rate","avg_frame_rate","time_base","start_pts","start_time","duration_ts","duration","bit_rate","filepath") values ('0','mp3','MP3 (MPEG audio layer 3)','audio','1/44100','[0][0][0][0]','0x0000','fltp','44100','2','stereo','0','0/0','0/0','1/14112000','0','0','2396160000','169.795918','167589','/media/pi/ZUKE/MUSIC/MMs/MM 67/06 - Shake BomBom - Samba.mp3');
insert into format ("filename","nb_streams","nb_programs","format_name","format_long_name","start_time","duration","size","bit_rate","probe_score","filepath") values ('/media/pi/ZUKE/MUSIC/MMs/MM 67/06 - Shake BomBom - Samba.mp3','1','0','mp3','MP2/3 (MPEG audio layer 2/3)','0','169.795918','3557504','167613','51','/media/pi/ZUKE/MUSIC/MMs/MM 67/06 - Shake BomBom - Samba.mp3');
insert into disposition ("default","dub","original","comment","lyrics","karaoke","forced","hearing_impaired","visual_impaired","clean_effects","attached_pic","timed_thumbnails","filepath") values ('0','0','0','0','0','0','0','0','0','0','0','0','/media/pi/ZUKE/MUSIC/MMs/MM 67/06 - Shake BomBom - Samba.mp3');
insert into tags ("album","composer","genre","title","artist","disc","track","filepath") values ('Mega Mix 67','Zumba Fitness','Samba','Shake BomBom','Ceceu Muniz','1/1','6/10','/media/pi/ZUKE/MUSIC/MMs/MM 67/06 - Shake BomBom - Samba.mp3');
insert into mp3s ("filepath") values ('/media/pi/ZUKE/MUSIC/MMs/MM 67/06 - Shake BomBom - Samba.mp3');
insert into streams ("index","codec_name","codec_long_name","codec_type","codec_time_base","codec_tag_string","codec_tag","sample_fmt","sample_rate","channels","channel_layout","bits_per_sample","r_frame_rate","avg_frame_rate","time_base","start_pts","start_time","duration_ts","duration","bit_rate","filepath") values ('0','mp3','MP3 (MPEG audio layer 3)','audio','1/44100','[0][0][0][0]','0x0000','fltp','44100','2','stereo','0','0/0','0/0','1/14112000','0','0','2612920320','185.155918','175382','/media/pi/ZUKE/MUSIC/MMs/MM 67/07 - African Sunrise - West African Percussion.mp3');
insert into format ("filename","nb_streams","nb_programs","format_name","format_long_name","start_time","duration","size","bit_rate","probe_score","filepath") values ('/media/pi/ZUKE/MUSIC/MMs/MM 67/07 - African Sunrise - West African Percussion.mp3','1','0','mp3','MP2/3 (MPEG audio layer 2/3)','0','185.155918','4061312','175476','51','/media/pi/ZUKE/MUSIC/MMs/MM 67/07 - African Sunrise - West African Percussion.mp3');
insert into disposition ("default","dub","original","comment","lyrics","karaoke","forced","hearing_impaired","visual_impaired","clean_effects","attached_pic","timed_thumbnails","filepath") values ('0','0','0','0','0','0','0','0','0','0','0','0','/media/pi/ZUKE/MUSIC/MMs/MM 67/07 - African Sunrise - West African Percussion.mp3');
insert into tags ("album","composer","genre","title","artist","disc","track","filepath") values ('Mega Mix 67','Zumba Fitness','West African Percussion','African Sunrise','Zumba Fitness','1/1','7/10','/media/pi/ZUKE/MUSIC/MMs/MM 67/07 - African Sunrise - West African Percussion.mp3');
insert into mp3s ("filepath") values ('/media/pi/ZUKE/MUSIC/MMs/MM 67/07 - African Sunrise - West African Percussion.mp3');
insert into streams ("index","codec_name","codec_long_name","codec_type","codec_time_base","codec_tag_string","codec_tag","sample_fmt","sample_rate","channels","channel_layout","bits_per_sample","r_frame_rate","avg_frame_rate","time_base","start_pts","start_time","duration_ts","duration","bit_rate","filepath") values ('0','mp3','MP3 (MPEG audio layer 3)','audio','1/44100','[0][0][0][0]','0x0000','fltp','44100','2','stereo','0','0/0','0/0','1/14112000','0','0','3101368320','219.768163','179579','/media/pi/ZUKE/MUSIC/MMs/MM 67/08 - Muevelo - Moombahton.mp3');
insert into format ("filename","nb_streams","nb_programs","format_name","format_long_name","start_time","duration","size","bit_rate","probe_score","filepath") values ('/media/pi/ZUKE/MUSIC/MMs/MM 67/08 - Muevelo - Moombahton.mp3','1','0','mp3','MP2/3 (MPEG audio layer 2/3)','0','219.768163','4933760','179598','51','/media/pi/ZUKE/MUSIC/MMs/MM 67/08 - Muevelo - Moombahton.mp3');
insert into disposition ("default","dub","original","comment","lyrics","karaoke","forced","hearing_impaired","visual_impaired","clean_effects","attached_pic","timed_thumbnails","filepath") values ('0','0','0','0','0','0','0','0','0','0','0','0','/media/pi/ZUKE/MUSIC/MMs/MM 67/08 - Muevelo - Moombahton.mp3');
insert into tags ("album","composer","genre","title","artist","disc","track","filepath") values ('Mega Mix 67','Zumba Fitness','Moombahton','Muevelo','Robert Taylor','1/1','8/10','/media/pi/ZUKE/MUSIC/MMs/MM 67/08 - Muevelo - Moombahton.mp3');
insert into mp3s ("filepath") values ('/media/pi/ZUKE/MUSIC/MMs/MM 67/08 - Muevelo - Moombahton.mp3');
insert into streams ("index","codec_name","codec_long_name","codec_type","codec_time_base","codec_tag_string","codec_tag","sample_fmt","sample_rate","channels","channel_layout","bits_per_sample","r_frame_rate","avg_frame_rate","time_base","start_pts","start_time","duration_ts","duration","bit_rate","filepath") values ('0','mp3','MP3 (MPEG audio layer 3)','audio','1/44100','[0][0][0][0]','0x0000','fltp','44100','2','stereo','0','0/0','0/0','1/14112000','0','0','2428600320','172.094694','177422','/media/pi/ZUKE/MUSIC/MMs/MM 67/09 - Yo Resistire - Salsaton.mp3');
insert into format ("filename","nb_streams","nb_programs","format_name","format_long_name","start_time","duration","size","bit_rate","probe_score","filepath") values ('/media/pi/ZUKE/MUSIC/MMs/MM 67/09 - Yo Resistire - Salsaton.mp3','1','0','mp3','MP2/3 (MPEG audio layer 2/3)','0','172.094694','3817600','177465','51','/media/pi/ZUKE/MUSIC/MMs/MM 67/09 - Yo Resistire - Salsaton.mp3');
insert into disposition ("default","dub","original","comment","lyrics","karaoke","forced","hearing_impaired","visual_impaired","clean_effects","attached_pic","timed_thumbnails","filepath") values ('0','0','0','0','0','0','0','0','0','0','0','0','/media/pi/ZUKE/MUSIC/MMs/MM 67/09 - Yo Resistire - Salsaton.mp3');
insert into tags ("album","composer","genre","title","artist","disc","track","filepath") values ('Mega Mix 67','Zumba Fitness','Salsaton','Yo Resistire','El Chevo','1/1','9/10','/media/pi/ZUKE/MUSIC/MMs/MM 67/09 - Yo Resistire - Salsaton.mp3');
insert into mp3s ("filepath") values ('/media/pi/ZUKE/MUSIC/MMs/MM 67/09 - Yo Resistire - Salsaton.mp3');
insert into streams ("index","codec_name","codec_long_name","codec_type","codec_time_base","codec_tag_string","codec_tag","sample_fmt","sample_rate","channels","channel_layout","bits_per_sample","r_frame_rate","avg_frame_rate","time_base","start_pts","start_time","duration_ts","duration","bit_rate","filepath") values ('0','mp3','MP3 (MPEG audio layer 3)','audio','1/44100','[0][0][0][0]','0x0000','fltp','44100','2','stereo','0','0/0','0/0','1/14112000','0','0','2725355520','193.123265','175595','/media/pi/ZUKE/MUSIC/MMs/MM 67/10 - Yeux dans les yeux - Pre Cooldown.mp3');
insert into format ("filename","nb_streams","nb_programs","format_name","format_long_name","start_time","duration","size","bit_rate","probe_score","filepath") values ('/media/pi/ZUKE/MUSIC/MMs/MM 67/10 - Yeux dans les yeux - Pre Cooldown.mp3','1','0','mp3','MP2/3 (MPEG audio layer 2/3)','0','193.123265','4239488','175617','51','/media/pi/ZUKE/MUSIC/MMs/MM 67/10 - Yeux dans les yeux - Pre Cooldown.mp3');
insert into disposition ("default","dub","original","comment","lyrics","karaoke","forced","hearing_impaired","visual_impaired","clean_effects","attached_pic","timed_thumbnails","filepath") values ('0','0','0','0','0','0','0','0','0','0','0','0','/media/pi/ZUKE/MUSIC/MMs/MM 67/10 - Yeux dans les yeux - Pre Cooldown.mp3');
insert into tags ("album","composer","genre","title","artist","disc","track","filepath") values ('Mega Mix 67','Zumba Fitness','Cooldown','Yeux dans les yeux','J. Perry feat Niska','1/1','10/10','/media/pi/ZUKE/MUSIC/MMs/MM 67/10 - Yeux dans les yeux - Pre Cooldown.mp3');
insert into mp3s ("filepath") values ('/media/pi/ZUKE/MUSIC/MMs/MM 67/10 - Yeux dans les yeux - Pre Cooldown.mp3');
insert into streams ("index","codec_name","codec_long_name","codec_type","codec_time_base","codec_tag_string","codec_tag","sample_fmt","sample_rate","channels","channel_layout","bits_per_sample","r_frame_rate","avg_frame_rate","time_base","start_pts","start_time","duration_ts","duration","bit_rate","filepath") values ('0','mp3','MP3 (MPEG audio layer 3)','audio','1/44100','[0][0][0][0]','0x0000','fltp','44100','2','stereo','0','0/0','0/0','1/14112000','0','0','3634053120','257.515102','188709','/media/pi/ZUKE/MUSIC/MMs/MM 68/01 - Parumeq Zumba - Dance.mp3');
insert into format ("filename","nb_streams","nb_programs","format_name","format_long_name","start_time","duration","size","bit_rate","probe_score","filepath") values ('/media/pi/ZUKE/MUSIC/MMs/MM 68/01 - Parumeq Zumba - Dance.mp3','1','0','mp3','MP2/3 (MPEG audio layer 2/3)','0','257.515102','6076544','188774','51','/media/pi/ZUKE/MUSIC/MMs/MM 68/01 - Parumeq Zumba - Dance.mp3');
insert into disposition ("default","dub","original","comment","lyrics","karaoke","forced","hearing_impaired","visual_impaired","clean_effects","attached_pic","timed_thumbnails","filepath") values ('0','0','0','0','0','0','0','0','0','0','0','0','/media/pi/ZUKE/MUSIC/MMs/MM 68/01 - Parumeq Zumba - Dance.mp3');
insert into tags ("album","composer","genre","title","artist","disc","track","filepath") values ('Mega Mix 68','Zumba Fitness','Dance','Parumeq Zumba','Pedro Camacho feat Hrag','1/1','1/10','/media/pi/ZUKE/MUSIC/MMs/MM 68/01 - Parumeq Zumba - Dance.mp3');
insert into mp3s ("filepath") values ('/media/pi/ZUKE/MUSIC/MMs/MM 68/01 - Parumeq Zumba - Dance.mp3');
insert into streams ("index","codec_name","codec_long_name","codec_type","codec_time_base","codec_tag_string","codec_tag","sample_fmt","sample_rate","channels","channel_layout","bits_per_sample","r_frame_rate","avg_frame_rate","time_base","start_pts","start_time","duration_ts","duration","bit_rate","filepath") values ('0','mp3','MP3 (MPEG audio layer 3)','audio','1/44100','[0][0][0][0]','0x0000','fltp','44100','2','stereo','0','0/0','0/0','1/14112000','0','0','3441623040','243.879184','178356','/media/pi/ZUKE/MUSIC/MMs/MM 68/02 - Merengueando - Merengue Swing.mp3');
insert into format ("filename","nb_streams","nb_programs","format_name","format_long_name","start_time","duration","size","bit_rate","probe_score","filepath") values ('/media/pi/ZUKE/MUSIC/MMs/MM 68/02 - Merengueando - Merengue Swing.mp3','1','0','mp3','MP2/3 (MPEG audio layer 2/3)','0','243.879184','5437568','178369','51','/media/pi/ZUKE/MUSIC/MMs/MM 68/02 - Merengueando - Merengue Swing.mp3');
insert into disposition ("default","dub","original","comment","lyrics","karaoke","forced","hearing_impaired","visual_impaired","clean_effects","attached_pic","timed_thumbnails","filepath") values ('0','0','0','0','0','0','0','0','0','0','0','0','/media/pi/ZUKE/MUSIC/MMs/MM 68/02 - Merengueando - Merengue Swing.mp3');
insert into tags ("album","composer","genre","title","artist","disc","track","filepath") values ('Mega Mix 68','Zumba Fitness','Merengue Swing','Merengueando','Grupo B.I.P','1/1','2/10','/media/pi/ZUKE/MUSIC/MMs/MM 68/02 - Merengueando - Merengue Swing.mp3');
insert into mp3s ("filepath") values ('/media/pi/ZUKE/MUSIC/MMs/MM 68/02 - Merengueando - Merengue Swing.mp3');
insert into streams ("index","codec_name","codec_long_name","codec_type","codec_time_base","codec_tag_string","codec_tag","sample_fmt","sample_rate","channels","channel_layout","bits_per_sample","r_frame_rate","avg_frame_rate","time_base","start_pts","start_time","duration_ts","duration","bit_rate","filepath") values ('0','mp3','MP3 (MPEG audio layer 3)','audio','1/44100','[0][0][0][0]','0x0000','fltp','44100','2','stereo','0','0/0','0/0','1/14112000','0','0','2687385600','190.432653','185128','/media/pi/ZUKE/MUSIC/MMs/MM 68/03 - Si Como No - Salsa.mp3');
insert into format ("filename","nb_streams","nb_programs","format_name","format_long_name","start_time","duration","size","bit_rate","probe_score","filepath") values ('/media/pi/ZUKE/MUSIC/MMs/MM 68/03 - Si Como No - Salsa.mp3','1','0','mp3','MP2/3 (MPEG audio layer 2/3)','0','190.432653','4407424','185154','51','/media/pi/ZUKE/MUSIC/MMs/MM 68/03 - Si Como No - Salsa.mp3');
insert into disposition ("default","dub","original","comment","lyrics","karaoke","forced","hearing_impaired","visual_impaired","clean_effects","attached_pic","timed_thumbnails","filepath") values ('0','0','0','0','0','0','0','0','0','0','0','0','/media/pi/ZUKE/MUSIC/MMs/MM 68/03 - Si Como No - Salsa.mp3');
insert into tags ("album","composer","genre","title","artist","disc","track","filepath") values ('Mega Mix 68','Zumba Fitness','Salsa','Si Como No','Wolfgang Barros','1/1','3/10','/media/pi/ZUKE/MUSIC/MMs/MM 68/03 - Si Como No - Salsa.mp3');
insert into mp3s ("filepath") values ('/media/pi/ZUKE/MUSIC/MMs/MM 68/03 - Si Como No - Salsa.mp3');
insert into streams ("index","codec_name","codec_long_name","codec_type","codec_time_base","codec_tag_string","codec_tag","sample_fmt","sample_rate","channels","channel_layout","bits_per_sample","r_frame_rate","avg_frame_rate","time_base","start_pts","start_time","duration_ts","duration","bit_rate","filepath") values ('0','mp3','MP3 (MPEG audio layer 3)','audio','1/44100','[0][0][0][0]','0x0000','fltp','44100','2','stereo','0','0/0','0/0','1/14112000','0','0','2140323840','151.666939','170870','/media/pi/ZUKE/MUSIC/MMs/MM 68/04 - I Want To Break Free - Cumbia.mp3');
insert into format ("filename","nb_streams","nb_programs","format_name","format_long_name","start_time","duration","size","bit_rate","probe_score","filepath") values ('/media/pi/ZUKE/MUSIC/MMs/MM 68/04 - I Want To Break Free - Cumbia.mp3','1','0','mp3','MP2/3 (MPEG audio layer 2/3)','0','151.666939','3240064','170904','51','/media/pi/ZUKE/MUSIC/MMs/MM 68/04 - I Want To Break Free - Cumbia.mp3');
insert into disposition ("default","dub","original","comment","lyrics","karaoke","forced","hearing_impaired","visual_impaired","clean_effects","attached_pic","timed_thumbnails","filepath") values ('0','0','0','0','0','0','0','0','0','0','0','0','/media/pi/ZUKE/MUSIC/MMs/MM 68/04 - I Want To Break Free - Cumbia.mp3');
insert into tags ("album","composer","genre","title","artist","disc","track","filepath") values ('Mega Mix 68','Zumba Fitness','Cumbia','I Want To Break Free','Zumba Fitness','1/1','4/10','/media/pi/ZUKE/MUSIC/MMs/MM 68/04 - I Want To Break Free - Cumbia.mp3');
insert into mp3s ("filepath") values ('/media/pi/ZUKE/MUSIC/MMs/MM 68/04 - I Want To Break Free - Cumbia.mp3');
insert into streams ("index","codec_name","codec_long_name","codec_type","codec_time_base","codec_tag_string","codec_tag","sample_fmt","sample_rate","channels","channel_layout","bits_per_sample","r_frame_rate","avg_frame_rate","time_base","start_pts","start_time","duration_ts","duration","bit_rate","filepath") values ('0','mp3','MP3 (MPEG audio layer 3)','audio','1/44100','[0][0][0][0]','0x0000','fltp','44100','2','stereo','0','0/0','0/0','1/14112000','0','0','2613288960','185.182041','185506','/media/pi/ZUKE/MUSIC/MMs/MM 68/05 - Un Poco Mas - Reggaeton.mp3');
insert into format ("filename","nb_streams","nb_programs","format_name","format_long_name","start_time","duration","size","bit_rate","probe_score","filepath") values ('/media/pi/ZUKE/MUSIC/MMs/MM 68/05 - Un Poco Mas - Reggaeton.mp3','1','0','mp3','MP2/3 (MPEG audio layer 2/3)','0','185.182041','4294784','185537','51','/media/pi/ZUKE/MUSIC/MMs/MM 68/05 - Un Poco Mas - Reggaeton.mp3');
insert into disposition ("default","dub","original","comment","lyrics","karaoke","forced","hearing_impaired","visual_impaired","clean_effects","attached_pic","timed_thumbnails","filepath") values ('0','0','0','0','0','0','0','0','0','0','0','0','/media/pi/ZUKE/MUSIC/MMs/MM 68/05 - Un Poco Mas - Reggaeton.mp3');
insert into tags ("album","composer","genre","title","artist","disc","track","filepath") values ('Mega Mix 68','Zumba Fitness','Reggaeton','Un Poco Mas','Zumba Fitness','1/1','5/10','/media/pi/ZUKE/MUSIC/MMs/MM 68/05 - Un Poco Mas - Reggaeton.mp3');
insert into mp3s ("filepath") values ('/media/pi/ZUKE/MUSIC/MMs/MM 68/05 - Un Poco Mas - Reggaeton.mp3');
insert into streams ("index","codec_name","codec_long_name","codec_type","codec_time_base","codec_tag_string","codec_tag","sample_fmt","sample_rate","channels","channel_layout","bits_per_sample","r_frame_rate","avg_frame_rate","time_base","start_pts","start_time","duration_ts","duration","bit_rate","filepath") values ('0','mp3','MP3 (MPEG audio layer 3)','audio','1/44100','[0][0][0][0]','0x0000','fltp','44100','2','stereo','0','0/0','0/0','1/14112000','0','0','3042017280','215.562449','187994','/media/pi/ZUKE/MUSIC/MMs/MM 68/06 - Machuca - Soca.mp3');
insert into format ("filename","nb_streams","nb_programs","format_name","format_long_name","start_time","duration","size","bit_rate","probe_score","filepath") values ('/media/pi/ZUKE/MUSIC/MMs/MM 68/06 - Machuca - Soca.mp3','1','0','mp3','MP2/3 (MPEG audio layer 2/3)','0','215.562449','5066880','188043','51','/media/pi/ZUKE/MUSIC/MMs/MM 68/06 - Machuca - Soca.mp3');
insert into disposition ("default","dub","original","comment","lyrics","karaoke","forced","hearing_impaired","visual_impaired","clean_effects","attached_pic","timed_thumbnails","filepath") values ('0','0','0','0','0','0','0','0','0','0','0','0','/media/pi/ZUKE/MUSIC/MMs/MM 68/06 - Machuca - Soca.mp3');
insert into tags ("album","composer","genre","title","artist","disc","track","filepath") values ('Mega Mix 68','Zumba Fitness','Soca','Machuca','Jeison "El Brother"','1/1','6/10','/media/pi/ZUKE/MUSIC/MMs/MM 68/06 - Machuca - Soca.mp3');
insert into mp3s ("filepath") values ('/media/pi/ZUKE/MUSIC/MMs/MM 68/06 - Machuca - Soca.mp3');
insert into streams ("index","codec_name","codec_long_name","codec_type","codec_time_base","codec_tag_string","codec_tag","sample_fmt","sample_rate","channels","channel_layout","bits_per_sample","r_frame_rate","avg_frame_rate","time_base","start_pts","start_time","duration_ts","duration","bit_rate","filepath") values ('0','mp3','MP3 (MPEG audio layer 3)','audio','1/44100','[0][0][0][0]','0x0000','fltp','44100','2','stereo','0','0/0','0/0','1/14112000','0','0','3665387520','259.735510','187097','/media/pi/ZUKE/MUSIC/MMs/MM 68/07 - Se Fue La Luz - Chande Alternativo.mp3');
insert into format ("filename","nb_streams","nb_programs","format_name","format_long_name","start_time","duration","size","bit_rate","probe_score","filepath") values ('/media/pi/ZUKE/MUSIC/MMs/MM 68/07 - Se Fue La Luz - Chande Alternativo.mp3','1','0','mp3','MP2/3 (MPEG audio layer 2/3)','0','259.735510','6076544','187160','51','/media/pi/ZUKE/MUSIC/MMs/MM 68/07 - Se Fue La Luz - Chande Alternativo.mp3');
insert into disposition ("default","dub","original","comment","lyrics","karaoke","forced","hearing_impaired","visual_impaired","clean_effects","attached_pic","timed_thumbnails","filepath") values ('0','0','0','0','0','0','0','0','0','0','0','0','/media/pi/ZUKE/MUSIC/MMs/MM 68/07 - Se Fue La Luz - Chande Alternativo.mp3');
insert into tags ("album","composer","genre","title","artist","disc","track","filepath") values ('Mega Mix 68','Zumba Fitness','Chande Alternativo','Se Fue La Luz','Locos por Juana feat ChoqQuib Town','1/1','7/10','/media/pi/ZUKE/MUSIC/MMs/MM 68/07 - Se Fue La Luz - Chande Alternativo.mp3');
insert into mp3s ("filepath") values ('/media/pi/ZUKE/MUSIC/MMs/MM 68/07 - Se Fue La Luz - Chande Alternativo.mp3');
insert into streams ("index","codec_name","codec_long_name","codec_type","codec_time_base","codec_tag_string","codec_tag","sample_fmt","sample_rate","channels","channel_layout","bits_per_sample","r_frame_rate","avg_frame_rate","time_base","start_pts","start_time","duration_ts","duration","bit_rate","filepath") values ('0','mp3','MP3 (MPEG audio layer 3)','audio','1/44100','[0][0][0][0]','0x0000','fltp','44100','2','stereo','0','0/0','0/0','1/14112000','0','0','3374530560','239.124898','169851','/media/pi/ZUKE/MUSIC/MMs/MM 68/08 - Como Locos - Urban Pop.mp3');
insert into format ("filename","nb_streams","nb_programs","format_name","format_long_name","start_time","duration","size","bit_rate","probe_score","filepath") values ('/media/pi/ZUKE/MUSIC/MMs/MM 68/08 - Como Locos - Urban Pop.mp3','1','0','mp3','MP2/3 (MPEG audio layer 2/3)','0','239.124898','5079168','169925','51','/media/pi/ZUKE/MUSIC/MMs/MM 68/08 - Como Locos - Urban Pop.mp3');
insert into disposition ("default","dub","original","comment","lyrics","karaoke","forced","hearing_impaired","visual_impaired","clean_effects","attached_pic","timed_thumbnails","filepath") values ('0','0','0','0','0','0','0','0','0','0','0','0','/media/pi/ZUKE/MUSIC/MMs/MM 68/08 - Como Locos - Urban Pop.mp3');
insert into tags ("album","composer","genre","title","artist","disc","track","filepath") values ('Mega Mix 68','Zumba Fitness','Urban Pop','Como Locos','Victor Drija','1/1','8/10','/media/pi/ZUKE/MUSIC/MMs/MM 68/08 - Como Locos - Urban Pop.mp3');
insert into mp3s ("filepath") values ('/media/pi/ZUKE/MUSIC/MMs/MM 68/08 - Como Locos - Urban Pop.mp3');
insert into streams ("index","codec_name","codec_long_name","codec_type","codec_time_base","codec_tag_string","codec_tag","sample_fmt","sample_rate","channels","channel_layout","bits_per_sample","r_frame_rate","avg_frame_rate","time_base","start_pts","start_time","duration_ts","duration","bit_rate","filepath") values ('0','mp3','MP3 (MPEG audio layer 3)','audio','1/44100','[0][0][0][0]','0x0000','fltp','44100','2','stereo','0','0/0','0/0','1/14112000','0','0','2614026240','185.234286','182359','/media/pi/ZUKE/MUSIC/MMs/MM 68/09 - Tacata - Percussion Drums.mp3');
insert into format ("filename","nb_streams","nb_programs","format_name","format_long_name","start_time","duration","size","bit_rate","probe_score","filepath") values ('/media/pi/ZUKE/MUSIC/MMs/MM 68/09 - Tacata - Percussion Drums.mp3','1','0','mp3','MP2/3 (MPEG audio layer 2/3)','0','185.234286','4223104','182389','51','/media/pi/ZUKE/MUSIC/MMs/MM 68/09 - Tacata - Percussion Drums.mp3');
insert into disposition ("default","dub","original","comment","lyrics","karaoke","forced","hearing_impaired","visual_impaired","clean_effects","attached_pic","timed_thumbnails","filepath") values ('0','0','0','0','0','0','0','0','0','0','0','0','/media/pi/ZUKE/MUSIC/MMs/MM 68/09 - Tacata - Percussion Drums.mp3');
insert into tags ("album","composer","genre","title","artist","disc","track","filepath") values ('Mega Mix 68','Zumba Fitness','Percussion Drums','Tacata','Cuero Trancao feat Max Pizzolante','1/1','9/10','/media/pi/ZUKE/MUSIC/MMs/MM 68/09 - Tacata - Percussion Drums.mp3');
insert into mp3s ("filepath") values ('/media/pi/ZUKE/MUSIC/MMs/MM 68/09 - Tacata - Percussion Drums.mp3');
insert into streams ("index","codec_name","codec_long_name","codec_type","codec_time_base","codec_tag_string","codec_tag","sample_fmt","sample_rate","channels","channel_layout","bits_per_sample","r_frame_rate","avg_frame_rate","time_base","start_pts","start_time","duration_ts","duration","bit_rate","filepath") values ('0','mp3','MP3 (MPEG audio layer 3)','audio','1/44100','[0][0][0][0]','0x0000','fltp','44100','2','stereo','0','0/0','0/0','1/14112000','0','0','3361996800','238.236735','174377','/media/pi/ZUKE/MUSIC/MMs/MM 68/10 - Carnaval De Amor (ft. Bazurto All Stars) - Vallenato.mp3');
insert into format ("filename","nb_streams","nb_programs","format_name","format_long_name","start_time","duration","size","bit_rate","probe_score","filepath") values ('/media/pi/ZUKE/MUSIC/MMs/MM 68/10 - Carnaval De Amor (ft. Bazurto All Stars) - Vallenato.mp3','1','0','mp3','MP2/3 (MPEG audio layer 2/3)','0','238.236735','5193856','174409','51','/media/pi/ZUKE/MUSIC/MMs/MM 68/10 - Carnaval De Amor (ft. Bazurto All Stars) - Vallenato.mp3');
insert into disposition ("default","dub","original","comment","lyrics","karaoke","forced","hearing_impaired","visual_impaired","clean_effects","attached_pic","timed_thumbnails","filepath") values ('0','0','0','0','0','0','0','0','0','0','0','0','/media/pi/ZUKE/MUSIC/MMs/MM 68/10 - Carnaval De Amor (ft. Bazurto All Stars) - Vallenato.mp3');
insert into tags ("album","composer","genre","title","artist","disc","track","filepath") values ('Mega Mix 68','Zumba Fitness','Vallenato','Carnaval De Amor (feat Bazurto All Stars)','Peter Manjarres & Sergio Luis','1/1','10/10','/media/pi/ZUKE/MUSIC/MMs/MM 68/10 - Carnaval De Amor (ft. Bazurto All Stars) - Vallenato.mp3');
insert into mp3s ("filepath") values ('/media/pi/ZUKE/MUSIC/MMs/MM 68/10 - Carnaval De Amor (ft. Bazurto All Stars) - Vallenato.mp3');
insert into streams ("index","codec_name","codec_long_name","codec_type","codec_time_base","codec_tag_string","codec_tag","sample_fmt","sample_rate","channels","channel_layout","bits_per_sample","r_frame_rate","avg_frame_rate","time_base","start_pts","start_time","duration_ts","duration","bit_rate","filepath") values ('0','mp3','MP3 (MPEG audio layer 3)','audio','1/44100','[0][0][0][0]','0x0000','fltp','44100','2','stereo','0','0/0','0/0','1/14112000','0','0','9718020298','688.635225','58373','/media/pi/ZUKE/MUSIC/MMs/MM 69/01 - Llego La Hora - Merengue.mp3');
insert into format ("filename","nb_streams","nb_programs","format_name","format_long_name","start_time","duration","size","bit_rate","probe_score","filepath") values ('/media/pi/ZUKE/MUSIC/MMs/MM 69/01 - Llego La Hora - Merengue.mp3','1','0','mp3','MP2/3 (MPEG audio layer 2/3)','0','688.635225','5025920','58387','51','/media/pi/ZUKE/MUSIC/MMs/MM 69/01 - Llego La Hora - Merengue.mp3');
insert into disposition ("default","dub","original","comment","lyrics","karaoke","forced","hearing_impaired","visual_impaired","clean_effects","attached_pic","timed_thumbnails","filepath") values ('0','0','0','0','0','0','0','0','0','0','0','0','/media/pi/ZUKE/MUSIC/MMs/MM 69/01 - Llego La Hora - Merengue.mp3');
insert into tags ("album","composer","genre","title","artist","disc","track","filepath") values ('Mega Mix 69','Zumba Fitness','Merengue','Llego La Hora','Jeison "El Brother"','1/1','1/10','/media/pi/ZUKE/MUSIC/MMs/MM 69/01 - Llego La Hora - Merengue.mp3');
insert into mp3s ("filepath") values ('/media/pi/ZUKE/MUSIC/MMs/MM 69/01 - Llego La Hora - Merengue.mp3');
insert into streams ("index","codec_name","codec_long_name","codec_type","codec_time_base","codec_tag_string","codec_tag","sample_fmt","sample_rate","channels","channel_layout","bits_per_sample","r_frame_rate","avg_frame_rate","time_base","start_pts","start_time","duration_ts","duration","bit_rate","filepath") values ('0','mp3','MP3 (MPEG audio layer 3)','audio','1/44100','[0][0][0][0]','0x0000','fltp','44100','2','stereo','0','0/0','0/0','1/14112000','0','0','6969989926','493.905182','79373','/media/pi/ZUKE/MUSIC/MMs/MM 69/02 - Bembe - Salsa (Dubstep).mp3');
insert into format ("filename","nb_streams","nb_programs","format_name","format_long_name","start_time","duration","size","bit_rate","probe_score","filepath") values ('/media/pi/ZUKE/MUSIC/MMs/MM 69/02 - Bembe - Salsa (Dubstep).mp3','1','0','mp3','MP2/3 (MPEG audio layer 2/3)','0','493.905182','4900992','79383','51','/media/pi/ZUKE/MUSIC/MMs/MM 69/02 - Bembe - Salsa (Dubstep).mp3');
insert into disposition ("default","dub","original","comment","lyrics","karaoke","forced","hearing_impaired","visual_impaired","clean_effects","attached_pic","timed_thumbnails","filepath") values ('0','0','0','0','0','0','0','0','0','0','0','0','/media/pi/ZUKE/MUSIC/MMs/MM 69/02 - Bembe - Salsa (Dubstep).mp3');
insert into tags ("album","composer","genre","title","artist","disc","track","filepath") values ('Mega Mix 69','Zumba Fitness','Salsa (Dubstep)','Bembe','B.I.P','1/1','2/10','/media/pi/ZUKE/MUSIC/MMs/MM 69/02 - Bembe - Salsa (Dubstep).mp3');
insert into mp3s ("filepath") values ('/media/pi/ZUKE/MUSIC/MMs/MM 69/02 - Bembe - Salsa (Dubstep).mp3');
insert into streams ("index","codec_name","codec_long_name","codec_type","codec_time_base","codec_tag_string","codec_tag","sample_fmt","sample_rate","channels","channel_layout","bits_per_sample","r_frame_rate","avg_frame_rate","time_base","start_pts","start_time","duration_ts","duration","bit_rate","filepath") values ('0','mp3','MP3 (MPEG audio layer 3)','audio','1/44100','[0][0][0][0]','0x0000','fltp','44100','2','stereo','0','0/0','0/0','1/14112000','0','0','3151173461','223.297439','150888','/media/pi/ZUKE/MUSIC/MMs/MM 69/03 - Echele Agua - Cumbia.mp3');
insert into format ("filename","nb_streams","nb_programs","format_name","format_long_name","start_time","duration","size","bit_rate","probe_score","filepath") values ('/media/pi/ZUKE/MUSIC/MMs/MM 69/03 - Echele Agua - Cumbia.mp3','1','0','mp3','MP2/3 (MPEG audio layer 2/3)','0','223.297439','4212864','150932','51','/media/pi/ZUKE/MUSIC/MMs/MM 69/03 - Echele Agua - Cumbia.mp3');
insert into disposition ("default","dub","original","comment","lyrics","karaoke","forced","hearing_impaired","visual_impaired","clean_effects","attached_pic","timed_thumbnails","filepath") values ('0','0','0','0','0','0','0','0','0','0','0','0','/media/pi/ZUKE/MUSIC/MMs/MM 69/03 - Echele Agua - Cumbia.mp3');
insert into tags ("album","composer","genre","title","artist","disc","track","filepath") values ('Mega Mix 69','Zumba Fitness','Cumbia','Echele Agua','Leo Torres','1/1','3/10','/media/pi/ZUKE/MUSIC/MMs/MM 69/03 - Echele Agua - Cumbia.mp3');
insert into mp3s ("filepath") values ('/media/pi/ZUKE/MUSIC/MMs/MM 69/03 - Echele Agua - Cumbia.mp3');
insert into streams ("index","codec_name","codec_long_name","codec_type","codec_time_base","codec_tag_string","codec_tag","sample_fmt","sample_rate","channels","channel_layout","bits_per_sample","r_frame_rate","avg_frame_rate","time_base","start_pts","start_time","duration_ts","duration","bit_rate","filepath") values ('0','mp3','MP3 (MPEG audio layer 3)','audio','1/44100','[0][0][0][0]','0x0000','fltp','44100','2','stereo','0','0/0','0/0','1/14112000','0','0','5359973033','379.816683','110890','/media/pi/ZUKE/MUSIC/MMs/MM 69/04 - Otra Copa - Reggaeton.mp3');
insert into format ("filename","nb_streams","nb_programs","format_name","format_long_name","start_time","duration","size","bit_rate","probe_score","filepath") values ('/media/pi/ZUKE/MUSIC/MMs/MM 69/04 - Otra Copa - Reggaeton.mp3','1','0','mp3','MP2/3 (MPEG audio layer 2/3)','0','379.816683','5265536','110906','51','/media/pi/ZUKE/MUSIC/MMs/MM 69/04 - Otra Copa - Reggaeton.mp3');
insert into disposition ("default","dub","original","comment","lyrics","karaoke","forced","hearing_impaired","visual_impaired","clean_effects","attached_pic","timed_thumbnails","filepath") values ('0','0','0','0','0','0','0','0','0','0','0','0','/media/pi/ZUKE/MUSIC/MMs/MM 69/04 - Otra Copa - Reggaeton.mp3');
insert into tags ("album","composer","genre","title","artist","disc","track","filepath") values ('Mega Mix 69','Zumba Fitness','Reggaeton','Otra Copa','Play-N-Skillz feat De La Ghetto','1/1','4/10','/media/pi/ZUKE/MUSIC/MMs/MM 69/04 - Otra Copa - Reggaeton.mp3');
insert into mp3s ("filepath") values ('/media/pi/ZUKE/MUSIC/MMs/MM 69/04 - Otra Copa - Reggaeton.mp3');
insert into streams ("index","codec_name","codec_long_name","codec_type","codec_time_base","codec_tag_string","codec_tag","sample_fmt","sample_rate","channels","channel_layout","bits_per_sample","r_frame_rate","avg_frame_rate","time_base","start_pts","start_time","duration_ts","duration","bit_rate","filepath") values ('0','mp3','MP3 (MPEG audio layer 3)','audio','1/44100','[0][0][0][0]','0x0000','fltp','44100','2','stereo','0','0/0','0/0','1/14112000','0','0','2789012072','197.634075','146757','/media/pi/ZUKE/MUSIC/MMs/MM 69/05 - Kumbara - Dembow.mp3');
insert into format ("filename","nb_streams","nb_programs","format_name","format_long_name","start_time","duration","size","bit_rate","probe_score","filepath") values ('/media/pi/ZUKE/MUSIC/MMs/MM 69/05 - Kumbara - Dembow.mp3','1','0','mp3','MP2/3 (MPEG audio layer 2/3)','0','197.634075','3627136','146822','51','/media/pi/ZUKE/MUSIC/MMs/MM 69/05 - Kumbara - Dembow.mp3');
insert into disposition ("default","dub","original","comment","lyrics","karaoke","forced","hearing_impaired","visual_impaired","clean_effects","attached_pic","timed_thumbnails","filepath") values ('0','0','0','0','0','0','0','0','0','0','0','0','/media/pi/ZUKE/MUSIC/MMs/MM 69/05 - Kumbara - Dembow.mp3');
insert into tags ("album","composer","genre","title","artist","disc","track","filepath") values ('Mega Mix 69','Zumba Fitness','Dembow','Kumbara','Jenn Morel','1/1','5/10','/media/pi/ZUKE/MUSIC/MMs/MM 69/05 - Kumbara - Dembow.mp3');
insert into mp3s ("filepath") values ('/media/pi/ZUKE/MUSIC/MMs/MM 69/05 - Kumbara - Dembow.mp3');
insert into streams ("index","codec_name","codec_long_name","codec_type","codec_time_base","codec_tag_string","codec_tag","sample_fmt","sample_rate","channels","channel_layout","bits_per_sample","r_frame_rate","avg_frame_rate","time_base","start_pts","start_time","duration_ts","duration","bit_rate","filepath") values ('0','mp3','MP3 (MPEG audio layer 3)','audio','1/44100','[0][0][0][0]','0x0000','fltp','44100','2','stereo','0','0/0','0/0','1/14112000','0','0','2753607030','195.125215','145526','/media/pi/ZUKE/MUSIC/MMs/MM 69/06 - Influencer - EDM.mp3');
insert into format ("filename","nb_streams","nb_programs","format_name","format_long_name","start_time","duration","size","bit_rate","probe_score","filepath") values ('/media/pi/ZUKE/MUSIC/MMs/MM 69/06 - Influencer - EDM.mp3','1','0','mp3','MP2/3 (MPEG audio layer 2/3)','0','195.125215','3551360','145603','51','/media/pi/ZUKE/MUSIC/MMs/MM 69/06 - Influencer - EDM.mp3');
insert into disposition ("default","dub","original","comment","lyrics","karaoke","forced","hearing_impaired","visual_impaired","clean_effects","attached_pic","timed_thumbnails","filepath") values ('0','0','0','0','0','0','0','0','0','0','0','0','/media/pi/ZUKE/MUSIC/MMs/MM 69/06 - Influencer - EDM.mp3');
insert into tags ("album","composer","genre","title","artist","disc","track","filepath") values ('Mega Mix 69','Zumba Fitness','EDM','Influencer','Jose AM  feat Lexter','1/1','6/10','/media/pi/ZUKE/MUSIC/MMs/MM 69/06 - Influencer - EDM.mp3');
insert into mp3s ("filepath") values ('/media/pi/ZUKE/MUSIC/MMs/MM 69/06 - Influencer - EDM.mp3');
insert into streams ("index","codec_name","codec_long_name","codec_type","codec_time_base","codec_tag_string","codec_tag","sample_fmt","sample_rate","channels","channel_layout","bits_per_sample","r_frame_rate","avg_frame_rate","time_base","start_pts","start_time","duration_ts","duration","bit_rate","filepath") values ('0','mp3','MP3 (MPEG audio layer 3)','audio','1/44100','[0][0][0][0]','0x0000','fltp','44100','2','stereo','0','0/0','0/0','1/14112000','0','0','2981677546','211.286674','146295','/media/pi/ZUKE/MUSIC/MMs/MM 69/07 - Money House - Dancehall.mp3');
insert into format ("filename","nb_streams","nb_programs","format_name","format_long_name","start_time","duration","size","bit_rate","probe_score","filepath") values ('/media/pi/ZUKE/MUSIC/MMs/MM 69/07 - Money House - Dancehall.mp3','1','0','mp3','MP2/3 (MPEG audio layer 2/3)','0','211.286674','3864704','146330','51','/media/pi/ZUKE/MUSIC/MMs/MM 69/07 - Money House - Dancehall.mp3');
insert into disposition ("default","dub","original","comment","lyrics","karaoke","forced","hearing_impaired","visual_impaired","clean_effects","attached_pic","timed_thumbnails","filepath") values ('0','0','0','0','0','0','0','0','0','0','0','0','/media/pi/ZUKE/MUSIC/MMs/MM 69/07 - Money House - Dancehall.mp3');
insert into tags ("album","composer","genre","title","artist","disc","track","filepath") values ('Mega Mix 69','Zumba Fitness','Dancehall','Money House','DJ Buddha, Cutty Ranks & Shermanology feat Steve Andreas','1/1','7/10','/media/pi/ZUKE/MUSIC/MMs/MM 69/07 - Money House - Dancehall.mp3');
insert into mp3s ("filepath") values ('/media/pi/ZUKE/MUSIC/MMs/MM 69/07 - Money House - Dancehall.mp3');
insert into streams ("index","codec_name","codec_long_name","codec_type","codec_time_base","codec_tag_string","codec_tag","sample_fmt","sample_rate","channels","channel_layout","bits_per_sample","r_frame_rate","avg_frame_rate","time_base","start_pts","start_time","duration_ts","duration","bit_rate","filepath") values ('0','mp3','MP3 (MPEG audio layer 3)','audio','1/44100','[0][0][0][0]','0x0000','fltp','44100','2','stereo','0','0/0','0/0','1/14112000','0','0','4214269201','298.630187','150733','/media/pi/ZUKE/MUSIC/MMs/MM 69/08 - Samba Do Cuale (Remix) - Samba.mp3');
insert into format ("filename","nb_streams","nb_programs","format_name","format_long_name","start_time","duration","size","bit_rate","probe_score","filepath") values ('/media/pi/ZUKE/MUSIC/MMs/MM 69/08 - Samba Do Cuale (Remix) - Samba.mp3','1','0','mp3','MP2/3 (MPEG audio layer 2/3)','0','298.630187','5628032','150769','51','/media/pi/ZUKE/MUSIC/MMs/MM 69/08 - Samba Do Cuale (Remix) - Samba.mp3');
insert into disposition ("default","dub","original","comment","lyrics","karaoke","forced","hearing_impaired","visual_impaired","clean_effects","attached_pic","timed_thumbnails","filepath") values ('0','0','0','0','0','0','0','0','0','0','0','0','/media/pi/ZUKE/MUSIC/MMs/MM 69/08 - Samba Do Cuale (Remix) - Samba.mp3');
insert into tags ("album","composer","genre","title","artist","disc","track","filepath") values ('Mega Mix 69','Zumba Fitness','Samba','Samba Do Cuale (Remix)','Coiza Boa','1/1','8/10','/media/pi/ZUKE/MUSIC/MMs/MM 69/08 - Samba Do Cuale (Remix) - Samba.mp3');
insert into mp3s ("filepath") values ('/media/pi/ZUKE/MUSIC/MMs/MM 69/08 - Samba Do Cuale (Remix) - Samba.mp3');
insert into streams ("index","codec_name","codec_long_name","codec_type","codec_time_base","codec_tag_string","codec_tag","sample_fmt","sample_rate","channels","channel_layout","bits_per_sample","r_frame_rate","avg_frame_rate","time_base","start_pts","start_time","duration_ts","duration","bit_rate","filepath") values ('0','mp3','MP3 (MPEG audio layer 3)','audio','1/44100','[0][0][0][0]','0x0000','fltp','44100','2','stereo','0','0/0','0/0','1/14112000','0','0','4038821435','286.197664','120892','/media/pi/ZUKE/MUSIC/MMs/MM 69/09 - Fuego - Champeta.mp3');
insert into format ("filename","nb_streams","nb_programs","format_name","format_long_name","start_time","duration","size","bit_rate","probe_score","filepath") values ('/media/pi/ZUKE/MUSIC/MMs/MM 69/09 - Fuego - Champeta.mp3','1','0','mp3','MP2/3 (MPEG audio layer 2/3)','0','286.197664','4325504','120909','51','/media/pi/ZUKE/MUSIC/MMs/MM 69/09 - Fuego - Champeta.mp3');
insert into disposition ("default","dub","original","comment","lyrics","karaoke","forced","hearing_impaired","visual_impaired","clean_effects","attached_pic","timed_thumbnails","filepath") values ('0','0','0','0','0','0','0','0','0','0','0','0','/media/pi/ZUKE/MUSIC/MMs/MM 69/09 - Fuego - Champeta.mp3');
insert into tags ("album","composer","genre","title","artist","disc","track","filepath") values ('Mega Mix 69','Zumba Fitness','Champeta','Fuego','ANH','1/1','9/10','/media/pi/ZUKE/MUSIC/MMs/MM 69/09 - Fuego - Champeta.mp3');
insert into mp3s ("filepath") values ('/media/pi/ZUKE/MUSIC/MMs/MM 69/09 - Fuego - Champeta.mp3');
insert into streams ("index","codec_name","codec_long_name","codec_type","codec_time_base","codec_tag_string","codec_tag","sample_fmt","sample_rate","channels","channel_layout","bits_per_sample","r_frame_rate","avg_frame_rate","time_base","start_pts","start_time","duration_ts","duration","bit_rate","filepath") values ('0','mp3','MP3 (MPEG audio layer 3)','audio','1/44100','[0][0][0][0]','0x0000','fltp','44100','2','stereo','0','0/0','0/0','1/14112000','0','0','3003520264','212.834486','163128','/media/pi/ZUKE/MUSIC/MMs/MM 69/10 - Tackle - Trap.mp3');
insert into format ("filename","nb_streams","nb_programs","format_name","format_long_name","start_time","duration","size","bit_rate","probe_score","filepath") values ('/media/pi/ZUKE/MUSIC/MMs/MM 69/10 - Tackle - Trap.mp3','1','0','mp3','MP2/3 (MPEG audio layer 2/3)','0','212.834486','4341888','163202','51','/media/pi/ZUKE/MUSIC/MMs/MM 69/10 - Tackle - Trap.mp3');
insert into disposition ("default","dub","original","comment","lyrics","karaoke","forced","hearing_impaired","visual_impaired","clean_effects","attached_pic","timed_thumbnails","filepath") values ('0','0','0','0','0','0','0','0','0','0','0','0','/media/pi/ZUKE/MUSIC/MMs/MM 69/10 - Tackle - Trap.mp3');
insert into tags ("album","composer","genre","title","artist","disc","track","filepath") values ('Mega Mix 69','Zumba Fitness','Trap','Tackle','Laortis, Starface','1/1','10/10','/media/pi/ZUKE/MUSIC/MMs/MM 69/10 - Tackle - Trap.mp3');
insert into mp3s ("filepath") values ('/media/pi/ZUKE/MUSIC/MMs/MM 69/10 - Tackle - Trap.mp3');
insert into streams ("index","codec_name","codec_long_name","codec_type","codec_time_base","codec_tag_string","codec_tag","sample_fmt","sample_rate","channels","channel_layout","bits_per_sample","r_frame_rate","avg_frame_rate","time_base","start_pts","start_time","duration_ts","duration","bit_rate","filepath") values ('0','mp3','MP3 (MPEG audio layer 3)','audio','1/44100','[0][0][0][0]','0x0000','fltp','44100','2','stereo','0','0/0','0/0','1/14112000','0','0','3553045939','251.774797','131597','/media/pi/ZUKE/MUSIC/MMs/MM 70/01 - Marianela - Dembow.mp3');
insert into format ("filename","nb_streams","nb_programs","format_name","format_long_name","start_time","duration","size","bit_rate","probe_score","filepath") values ('/media/pi/ZUKE/MUSIC/MMs/MM 70/01 - Marianela - Dembow.mp3','1','0','mp3','MP2/3 (MPEG audio layer 2/3)','0','251.774797','4143232','131648','51','/media/pi/ZUKE/MUSIC/MMs/MM 70/01 - Marianela - Dembow.mp3');
insert into disposition ("default","dub","original","comment","lyrics","karaoke","forced","hearing_impaired","visual_impaired","clean_effects","attached_pic","timed_thumbnails","filepath") values ('0','0','0','0','0','0','0','0','0','0','0','0','/media/pi/ZUKE/MUSIC/MMs/MM 70/01 - Marianela - Dembow.mp3');
insert into tags ("album","composer","genre","title","artist","disc","track","filepath") values ('Mega Mix 70','Zumba Fitness','Dembow','Marianela','Lirico En La Casa','1/1','1/10','/media/pi/ZUKE/MUSIC/MMs/MM 70/01 - Marianela - Dembow.mp3');
insert into mp3s ("filepath") values ('/media/pi/ZUKE/MUSIC/MMs/MM 70/01 - Marianela - Dembow.mp3');
insert into streams ("index","codec_name","codec_long_name","codec_type","codec_time_base","codec_tag_string","codec_tag","sample_fmt","sample_rate","channels","channel_layout","bits_per_sample","r_frame_rate","avg_frame_rate","time_base","start_pts","start_time","duration_ts","duration","bit_rate","filepath") values ('0','mp3','MP3 (MPEG audio layer 3)','audio','1/44100','[0][0][0][0]','0x0000','fltp','44100','2','stereo','0','0/0','0/0','1/14112000','0','0','3638275281','257.814291','151517','/media/pi/ZUKE/MUSIC/MMs/MM 70/02 - Que Tiene De Malo - Merengue.mp3');
insert into format ("filename","nb_streams","nb_programs","format_name","format_long_name","start_time","duration","size","bit_rate","probe_score","filepath") values ('/media/pi/ZUKE/MUSIC/MMs/MM 70/02 - Que Tiene De Malo - Merengue.mp3','1','0','mp3','MP2/3 (MPEG audio layer 2/3)','0','257.814291','4884608','151569','51','/media/pi/ZUKE/MUSIC/MMs/MM 70/02 - Que Tiene De Malo - Merengue.mp3');
insert into disposition ("default","dub","original","comment","lyrics","karaoke","forced","hearing_impaired","visual_impaired","clean_effects","attached_pic","timed_thumbnails","filepath") values ('0','0','0','0','0','0','0','0','0','0','0','0','/media/pi/ZUKE/MUSIC/MMs/MM 70/02 - Que Tiene De Malo - Merengue.mp3');
insert into tags ("album","composer","genre","title","artist","disc","track","filepath") values ('Mega Mix 70','Zumba Fitness','Merengue','Que Tiene De Malo','Watatah','1/1','2/10','/media/pi/ZUKE/MUSIC/MMs/MM 70/02 - Que Tiene De Malo - Merengue.mp3');
insert into mp3s ("filepath") values ('/media/pi/ZUKE/MUSIC/MMs/MM 70/02 - Que Tiene De Malo - Merengue.mp3');
insert into streams ("index","codec_name","codec_long_name","codec_type","codec_time_base","codec_tag_string","codec_tag","sample_fmt","sample_rate","channels","channel_layout","bits_per_sample","r_frame_rate","avg_frame_rate","time_base","start_pts","start_time","duration_ts","duration","bit_rate","filepath") values ('0','mp3','MP3 (MPEG audio layer 3)','audio','1/44100','[0][0][0][0]','0x0000','fltp','44100','2','stereo','0','0/0','0/0','1/14112000','0','0','4130930650','292.724678','164222','/media/pi/ZUKE/MUSIC/MMs/MM 70/03 - Rico Cha Cha Cha - Cha Cha Cha.mp3');
insert into format ("filename","nb_streams","nb_programs","format_name","format_long_name","start_time","duration","size","bit_rate","probe_score","filepath") values ('/media/pi/ZUKE/MUSIC/MMs/MM 70/03 - Rico Cha Cha Cha - Cha Cha Cha.mp3','1','0','mp3','MP2/3 (MPEG audio layer 2/3)','0','292.724678','6011008','164277','51','/media/pi/ZUKE/MUSIC/MMs/MM 70/03 - Rico Cha Cha Cha - Cha Cha Cha.mp3');
insert into disposition ("default","dub","original","comment","lyrics","karaoke","forced","hearing_impaired","visual_impaired","clean_effects","attached_pic","timed_thumbnails","filepath") values ('0','0','0','0','0','0','0','0','0','0','0','0','/media/pi/ZUKE/MUSIC/MMs/MM 70/03 - Rico Cha Cha Cha - Cha Cha Cha.mp3');
insert into tags ("album","composer","genre","title","artist","disc","track","filepath") values ('Mega Mix 70','Zumba Fitness','Cha-Cha-Cha','Rico Cha Cha Cha','Jeison "El Brother"','1/1','3/10','/media/pi/ZUKE/MUSIC/MMs/MM 70/03 - Rico Cha Cha Cha - Cha Cha Cha.mp3');
insert into mp3s ("filepath") values ('/media/pi/ZUKE/MUSIC/MMs/MM 70/03 - Rico Cha Cha Cha - Cha Cha Cha.mp3');
insert into streams ("index","codec_name","codec_long_name","codec_type","codec_time_base","codec_tag_string","codec_tag","sample_fmt","sample_rate","channels","channel_layout","bits_per_sample","r_frame_rate","avg_frame_rate","time_base","start_pts","start_time","duration_ts","duration","bit_rate","filepath") values ('0','mp3','MP3 (MPEG audio layer 3)','audio','1/44100','[0][0][0][0]','0x0000','fltp','44100','2','stereo','0','0/0','0/0','1/14112000','0','0','3220025689','228.176424','143677','/media/pi/ZUKE/MUSIC/MMs/MM 70/04 - Callao - Reggaeton.mp3');
insert into format ("filename","nb_streams","nb_programs","format_name","format_long_name","start_time","duration","size","bit_rate","probe_score","filepath") values ('/media/pi/ZUKE/MUSIC/MMs/MM 70/04 - Callao - Reggaeton.mp3','1','0','mp3','MP2/3 (MPEG audio layer 2/3)','0','228.176424','4098176','143684','51','/media/pi/ZUKE/MUSIC/MMs/MM 70/04 - Callao - Reggaeton.mp3');
insert into disposition ("default","dub","original","comment","lyrics","karaoke","forced","hearing_impaired","visual_impaired","clean_effects","attached_pic","timed_thumbnails","filepath") values ('0','0','0','0','0','0','0','0','0','0','0','0','/media/pi/ZUKE/MUSIC/MMs/MM 70/04 - Callao - Reggaeton.mp3');
insert into tags ("album","composer","genre","title","artist","disc","track","filepath") values ('Mega Mix 70','Zumba Fitness','Reggaeton','Callao','Anna Carina','1/1','4/10','/media/pi/ZUKE/MUSIC/MMs/MM 70/04 - Callao - Reggaeton.mp3');
insert into mp3s ("filepath") values ('/media/pi/ZUKE/MUSIC/MMs/MM 70/04 - Callao - Reggaeton.mp3');
insert into streams ("index","codec_name","codec_long_name","codec_type","codec_time_base","codec_tag_string","codec_tag","sample_fmt","sample_rate","channels","channel_layout","bits_per_sample","r_frame_rate","avg_frame_rate","time_base","start_pts","start_time","duration_ts","duration","bit_rate","filepath") values ('0','mp3','MP3 (MPEG audio layer 3)','audio','1/44100','[0][0][0][0]','0x0000','fltp','44100','2','stereo','0','0/0','0/0','1/14112000','0','0','3586571434','254.150470','132518','/media/pi/ZUKE/MUSIC/MMs/MM 70/05 - Caperucita - Cumbia.mp3');
insert into format ("filename","nb_streams","nb_programs","format_name","format_long_name","start_time","duration","size","bit_rate","probe_score","filepath") values ('/media/pi/ZUKE/MUSIC/MMs/MM 70/05 - Caperucita - Cumbia.mp3','1','0','mp3','MP2/3 (MPEG audio layer 2/3)','0','254.150470','4210816','132545','51','/media/pi/ZUKE/MUSIC/MMs/MM 70/05 - Caperucita - Cumbia.mp3');
insert into disposition ("default","dub","original","comment","lyrics","karaoke","forced","hearing_impaired","visual_impaired","clean_effects","attached_pic","timed_thumbnails","filepath") values ('0','0','0','0','0','0','0','0','0','0','0','0','/media/pi/ZUKE/MUSIC/MMs/MM 70/05 - Caperucita - Cumbia.mp3');
insert into tags ("album","composer","genre","title","artist","disc","track","filepath") values ('Mega Mix 70','Zumba Fitness','Cumbia','Caperucita','Periko','1/1','5/10','/media/pi/ZUKE/MUSIC/MMs/MM 70/05 - Caperucita - Cumbia.mp3');
insert into mp3s ("filepath") values ('/media/pi/ZUKE/MUSIC/MMs/MM 70/05 - Caperucita - Cumbia.mp3');
insert into streams ("index","codec_name","codec_long_name","codec_type","codec_time_base","codec_tag_string","codec_tag","sample_fmt","sample_rate","channels","channel_layout","bits_per_sample","r_frame_rate","avg_frame_rate","time_base","start_pts","start_time","duration_ts","duration","bit_rate","filepath") values ('0','mp3','MP3 (MPEG audio layer 3)','audio','1/44100','[0][0][0][0]','0x0000','fltp','44100','2','stereo','0','0/0','0/0','1/14112000','0','0','4120786712','292.005861','96910','/media/pi/ZUKE/MUSIC/MMs/MM 70/06 - Feel Alive - EDM.mp3');
insert into format ("filename","nb_streams","nb_programs","format_name","format_long_name","start_time","duration","size","bit_rate","probe_score","filepath") values ('/media/pi/ZUKE/MUSIC/MMs/MM 70/06 - Feel Alive - EDM.mp3','1','0','mp3','MP2/3 (MPEG audio layer 2/3)','0','292.005861','3539072','96958','51','/media/pi/ZUKE/MUSIC/MMs/MM 70/06 - Feel Alive - EDM.mp3');
insert into disposition ("default","dub","original","comment","lyrics","karaoke","forced","hearing_impaired","visual_impaired","clean_effects","attached_pic","timed_thumbnails","filepath") values ('0','0','0','0','0','0','0','0','0','0','0','0','/media/pi/ZUKE/MUSIC/MMs/MM 70/06 - Feel Alive - EDM.mp3');
insert into tags ("album","composer","genre","title","artist","disc","track","filepath") values ('Mega Mix 70','Zumba Fitness','EDM','Feel Alive','Lucas & Steve x Pep & Rash','1/1','6/10','/media/pi/ZUKE/MUSIC/MMs/MM 70/06 - Feel Alive - EDM.mp3');
insert into mp3s ("filepath") values ('/media/pi/ZUKE/MUSIC/MMs/MM 70/06 - Feel Alive - EDM.mp3');
insert into streams ("index","codec_name","codec_long_name","codec_type","codec_time_base","codec_tag_string","codec_tag","sample_fmt","sample_rate","channels","channel_layout","bits_per_sample","r_frame_rate","avg_frame_rate","time_base","start_pts","start_time","duration_ts","duration","bit_rate","filepath") values ('0','mp3','MP3 (MPEG audio layer 3)','audio','1/44100','[0][0][0][0]','0x0000','fltp','44100','2','stereo','0','0/0','0/0','1/14112000','0','0','4015464406','284.542546','143516','/media/pi/ZUKE/MUSIC/MMs/MM 70/07 - Incredible - Dancehall.mp3');
insert into format ("filename","nb_streams","nb_programs","format_name","format_long_name","start_time","duration","size","bit_rate","probe_score","filepath") values ('/media/pi/ZUKE/MUSIC/MMs/MM 70/07 - Incredible - Dancehall.mp3','1','0','mp3','MP2/3 (MPEG audio layer 2/3)','0','284.542546','5105792','143550','51','/media/pi/ZUKE/MUSIC/MMs/MM 70/07 - Incredible - Dancehall.mp3');
insert into disposition ("default","dub","original","comment","lyrics","karaoke","forced","hearing_impaired","visual_impaired","clean_effects","attached_pic","timed_thumbnails","filepath") values ('0','0','0','0','0','0','0','0','0','0','0','0','/media/pi/ZUKE/MUSIC/MMs/MM 70/07 - Incredible - Dancehall.mp3');
insert into tags ("album","composer","genre","title","artist","disc","track","filepath") values ('Mega Mix 70','Zumba Fitness','Dancehall','Incredible','The Kemist & DJ BrainDeaD','1/1','7/10','/media/pi/ZUKE/MUSIC/MMs/MM 70/07 - Incredible - Dancehall.mp3');
insert into mp3s ("filepath") values ('/media/pi/ZUKE/MUSIC/MMs/MM 70/07 - Incredible - Dancehall.mp3');
insert into streams ("index","codec_name","codec_long_name","codec_type","codec_time_base","codec_tag_string","codec_tag","sample_fmt","sample_rate","channels","channel_layout","bits_per_sample","r_frame_rate","avg_frame_rate","time_base","start_pts","start_time","duration_ts","duration","bit_rate","filepath") values ('0','mp3','MP3 (MPEG audio layer 3)','audio','1/44100','[0][0][0][0]','0x0000','fltp','44100','2','stereo','0','0/0','0/0','1/14112000','0','0','5100947388','361.461691','101165','/media/pi/ZUKE/MUSIC/MMs/MM 70/08 - Arroz con Coco - Champeta.mp3');
insert into format ("filename","nb_streams","nb_programs","format_name","format_long_name","start_time","duration","size","bit_rate","probe_score","filepath") values ('/media/pi/ZUKE/MUSIC/MMs/MM 70/08 - Arroz con Coco - Champeta.mp3','1','0','mp3','MP2/3 (MPEG audio layer 2/3)','0','361.461691','4571264','101172','51','/media/pi/ZUKE/MUSIC/MMs/MM 70/08 - Arroz con Coco - Champeta.mp3');
insert into disposition ("default","dub","original","comment","lyrics","karaoke","forced","hearing_impaired","visual_impaired","clean_effects","attached_pic","timed_thumbnails","filepath") values ('0','0','0','0','0','0','0','0','0','0','0','0','/media/pi/ZUKE/MUSIC/MMs/MM 70/08 - Arroz con Coco - Champeta.mp3');
insert into tags ("album","composer","genre","title","artist","disc","track","filepath") values ('Mega Mix 70','Zumba Fitness','Champeta','Arroz con Coco','Geiner','1/1','8/10','/media/pi/ZUKE/MUSIC/MMs/MM 70/08 - Arroz con Coco - Champeta.mp3');
insert into mp3s ("filepath") values ('/media/pi/ZUKE/MUSIC/MMs/MM 70/08 - Arroz con Coco - Champeta.mp3');
insert into streams ("index","codec_name","codec_long_name","codec_type","codec_time_base","codec_tag_string","codec_tag","sample_fmt","sample_rate","channels","channel_layout","bits_per_sample","r_frame_rate","avg_frame_rate","time_base","start_pts","start_time","duration_ts","duration","bit_rate","filepath") values ('0','mp3','MP3 (MPEG audio layer 3)','audio','1/44100','[0][0][0][0]','0x0000','fltp','44100','2','stereo','0','0/0','0/0','1/14112000','0','0','2468249856','174.904327','178827','/media/pi/ZUKE/MUSIC/MMs/MM 70/09 - Right Now - Afro Beat.mp3');
insert into format ("filename","nb_streams","nb_programs","format_name","format_long_name","start_time","duration","size","bit_rate","probe_score","filepath") values ('/media/pi/ZUKE/MUSIC/MMs/MM 70/09 - Right Now - Afro Beat.mp3','1','0','mp3','MP2/3 (MPEG audio layer 2/3)','0','174.904327','3911808','178923','51','/media/pi/ZUKE/MUSIC/MMs/MM 70/09 - Right Now - Afro Beat.mp3');
insert into disposition ("default","dub","original","comment","lyrics","karaoke","forced","hearing_impaired","visual_impaired","clean_effects","attached_pic","timed_thumbnails","filepath") values ('0','0','0','0','0','0','0','0','0','0','0','0','/media/pi/ZUKE/MUSIC/MMs/MM 70/09 - Right Now - Afro Beat.mp3');
insert into tags ("album","composer","genre","title","artist","disc","track","filepath") values ('Mega Mix 70','Zumba Fitness','Afro Beat','Right Now','Castello','1/1','9/10','/media/pi/ZUKE/MUSIC/MMs/MM 70/09 - Right Now - Afro Beat.mp3');
insert into mp3s ("filepath") values ('/media/pi/ZUKE/MUSIC/MMs/MM 70/09 - Right Now - Afro Beat.mp3');
insert into streams ("index","codec_name","codec_long_name","codec_type","codec_time_base","codec_tag_string","codec_tag","sample_fmt","sample_rate","channels","channel_layout","bits_per_sample","r_frame_rate","avg_frame_rate","time_base","start_pts","start_time","duration_ts","duration","bit_rate","filepath") values ('0','mp3','MP3 (MPEG audio layer 3)','audio','1/44100','[0][0][0][0]','0x0000','fltp','44100','2','stereo','0','0/0','0/0','1/14112000','0','0','3040047439','215.422863','152449','/media/pi/ZUKE/MUSIC/MMs/MM 70/10 - Pa'' Lante Y Pa'' Atras - Cumbia - Salsa.mp3');
insert into format ("filename","nb_streams","nb_programs","format_name","format_long_name","start_time","duration","size","bit_rate","probe_score","filepath") values ('/media/pi/ZUKE/MUSIC/MMs/MM 70/10 - Pa'' Lante Y Pa'' Atras - Cumbia - Salsa.mp3','1','0','mp3','MP2/3 (MPEG audio layer 2/3)','0','215.422863','4106368','152495','51','/media/pi/ZUKE/MUSIC/MMs/MM 70/10 - Pa'' Lante Y Pa'' Atras - Cumbia - Salsa.mp3');
insert into disposition ("default","dub","original","comment","lyrics","karaoke","forced","hearing_impaired","visual_impaired","clean_effects","attached_pic","timed_thumbnails","filepath") values ('0','0','0','0','0','0','0','0','0','0','0','0','/media/pi/ZUKE/MUSIC/MMs/MM 70/10 - Pa'' Lante Y Pa'' Atras - Cumbia - Salsa.mp3');
insert into tags ("album","composer","genre","title","artist","disc","track","filepath") values ('Mega Mix 70','Zumba Fitness','Cumbia,Salsa','Pa'' Lante Y Pa'' Atras','Ray "El Ingeniero"','1/1','10/10','/media/pi/ZUKE/MUSIC/MMs/MM 70/10 - Pa'' Lante Y Pa'' Atras - Cumbia - Salsa.mp3');
insert into mp3s ("filepath") values ('/media/pi/ZUKE/MUSIC/MMs/MM 70/10 - Pa'' Lante Y Pa'' Atras - Cumbia - Salsa.mp3');
insert into streams ("index","codec_name","codec_long_name","codec_type","codec_time_base","codec_tag_string","codec_tag","sample_fmt","sample_rate","channels","channel_layout","bits_per_sample","r_frame_rate","avg_frame_rate","time_base","start_pts","start_time","duration_ts","duration","bit_rate","filepath") values ('0','mp3','MP3 (MPEG audio layer 3)','audio','1/44100','[0][0][0][0]','0x0000','fltp','44100','2','stereo','0','0/0','0/0','1/14112000','0','0','4607554265','326.499027','136141','/media/pi/ZUKE/MUSIC/MMs/MM 71/01 - LaLa Party - Merengue.mp3');
insert into format ("filename","nb_streams","nb_programs","format_name","format_long_name","start_time","duration","size","bit_rate","probe_score","filepath") values ('/media/pi/ZUKE/MUSIC/MMs/MM 71/01 - LaLa Party - Merengue.mp3','1','0','mp3','MP2/3 (MPEG audio layer 2/3)','0','326.499027','5558400','136193','51','/media/pi/ZUKE/MUSIC/MMs/MM 71/01 - LaLa Party - Merengue.mp3');
insert into disposition ("default","dub","original","comment","lyrics","karaoke","forced","hearing_impaired","visual_impaired","clean_effects","attached_pic","timed_thumbnails","filepath") values ('0','0','0','0','0','0','0','0','0','0','0','0','/media/pi/ZUKE/MUSIC/MMs/MM 71/01 - LaLa Party - Merengue.mp3');
insert into tags ("album","composer","genre","title","artist","disc","track","filepath") values ('Mega Mix 71','Zumba Fitness','Merengue','LaLa Party','Robert Taylor & DJ Gringo','1/1','1/10','/media/pi/ZUKE/MUSIC/MMs/MM 71/01 - LaLa Party - Merengue.mp3');
insert into mp3s ("filepath") values ('/media/pi/ZUKE/MUSIC/MMs/MM 71/01 - LaLa Party - Merengue.mp3');
insert into streams ("index","codec_name","codec_long_name","codec_type","codec_time_base","codec_tag_string","codec_tag","sample_fmt","sample_rate","channels","channel_layout","bits_per_sample","r_frame_rate","avg_frame_rate","time_base","start_pts","start_time","duration_ts","duration","bit_rate","filepath") values ('0','mp3','MP3 (MPEG audio layer 3)','audio','1/44100','[0][0][0][0]','0x0000','fltp','44100','2','stereo','0','0/0','0/0','1/14112000','0','0','6372935794','451.596924','149163','/media/pi/ZUKE/MUSIC/MMs/MM 71/02 - Tu Vida en la Mia - Salsa.mp3');
insert into format ("filename","nb_streams","nb_programs","format_name","format_long_name","start_time","duration","size","bit_rate","probe_score","filepath") values ('/media/pi/ZUKE/MUSIC/MMs/MM 71/02 - Tu Vida en la Mia - Salsa.mp3','1','0','mp3','MP2/3 (MPEG audio layer 2/3)','0','451.596924','8421504','149186','51','/media/pi/ZUKE/MUSIC/MMs/MM 71/02 - Tu Vida en la Mia - Salsa.mp3');
insert into disposition ("default","dub","original","comment","lyrics","karaoke","forced","hearing_impaired","visual_impaired","clean_effects","attached_pic","timed_thumbnails","filepath") values ('0','0','0','0','0','0','0','0','0','0','0','0','/media/pi/ZUKE/MUSIC/MMs/MM 71/02 - Tu Vida en la Mia - Salsa.mp3');
insert into tags ("album","composer","genre","title","artist","disc","track","filepath") values ('Mega Mix 71','Zumba Fitness','Salsa','Tu Vida en la Mia','Marc Anthony','1/1','2/10','/media/pi/ZUKE/MUSIC/MMs/MM 71/02 - Tu Vida en la Mia - Salsa.mp3');
insert into mp3s ("filepath") values ('/media/pi/ZUKE/MUSIC/MMs/MM 71/02 - Tu Vida en la Mia - Salsa.mp3');
insert into streams ("index","codec_name","codec_long_name","codec_type","codec_time_base","codec_tag_string","codec_tag","sample_fmt","sample_rate","channels","channel_layout","bits_per_sample","r_frame_rate","avg_frame_rate","time_base","start_pts","start_time","duration_ts","duration","bit_rate","filepath") values ('0','mp3','MP3 (MPEG audio layer 3)','audio','1/44100','[0][0][0][0]','0x0000','fltp','44100','2','stereo','0','0/0','0/0','1/14112000','0','0','4472610040','316.936652','119989','/media/pi/ZUKE/MUSIC/MMs/MM 71/03 - Reventando Bocinas - Reggaeton.mp3');
insert into format ("filename","nb_streams","nb_programs","format_name","format_long_name","start_time","duration","size","bit_rate","probe_score","filepath") values ('/media/pi/ZUKE/MUSIC/MMs/MM 71/03 - Reventando Bocinas - Reggaeton.mp3','1','0','mp3','MP2/3 (MPEG audio layer 2/3)','0','316.936652','4755584','120038','51','/media/pi/ZUKE/MUSIC/MMs/MM 71/03 - Reventando Bocinas - Reggaeton.mp3');
insert into disposition ("default","dub","original","comment","lyrics","karaoke","forced","hearing_impaired","visual_impaired","clean_effects","attached_pic","timed_thumbnails","filepath") values ('0','0','0','0','0','0','0','0','0','0','0','0','/media/pi/ZUKE/MUSIC/MMs/MM 71/03 - Reventando Bocinas - Reggaeton.mp3');
insert into tags ("album","composer","genre","title","artist","disc","track","filepath") values ('Mega Mix 71','Zumba Fitness','Reggaeton','Reventando Bocinas','Ray Casillas','1/1','3/10','/media/pi/ZUKE/MUSIC/MMs/MM 71/03 - Reventando Bocinas - Reggaeton.mp3');
insert into mp3s ("filepath") values ('/media/pi/ZUKE/MUSIC/MMs/MM 71/03 - Reventando Bocinas - Reggaeton.mp3');
insert into streams ("index","codec_name","codec_long_name","codec_type","codec_time_base","codec_tag_string","codec_tag","sample_fmt","sample_rate","channels","channel_layout","bits_per_sample","r_frame_rate","avg_frame_rate","time_base","start_pts","start_time","duration_ts","duration","bit_rate","filepath") values ('0','mp3','MP3 (MPEG audio layer 3)','audio','1/44100','[0][0][0][0]','0x0000','fltp','44100','2','stereo','0','0/0','0/0','1/14112000','0','0','3448509439','244.367165','154971','/media/pi/ZUKE/MUSIC/MMs/MM 71/04 - Fina - Cumbia Urbana.mp3');
insert into format ("filename","nb_streams","nb_programs","format_name","format_long_name","start_time","duration","size","bit_rate","probe_score","filepath") values ('/media/pi/ZUKE/MUSIC/MMs/MM 71/04 - Fina - Cumbia Urbana.mp3','1','0','mp3','MP2/3 (MPEG audio layer 2/3)','0','244.367165','4735104','155016','51','/media/pi/ZUKE/MUSIC/MMs/MM 71/04 - Fina - Cumbia Urbana.mp3');
insert into disposition ("default","dub","original","comment","lyrics","karaoke","forced","hearing_impaired","visual_impaired","clean_effects","attached_pic","timed_thumbnails","filepath") values ('0','0','0','0','0','0','0','0','0','0','0','0','/media/pi/ZUKE/MUSIC/MMs/MM 71/04 - Fina - Cumbia Urbana.mp3');
insert into tags ("album","composer","genre","title","artist","disc","track","filepath") values ('Mega Mix 71','Zumba Fitness','Cumbia Urbana','Fina','Max Pizzolante','1/1','4/10','/media/pi/ZUKE/MUSIC/MMs/MM 71/04 - Fina - Cumbia Urbana.mp3');
insert into mp3s ("filepath") values ('/media/pi/ZUKE/MUSIC/MMs/MM 71/04 - Fina - Cumbia Urbana.mp3');
insert into streams ("index","codec_name","codec_long_name","codec_type","codec_time_base","codec_tag_string","codec_tag","sample_fmt","sample_rate","channels","channel_layout","bits_per_sample","r_frame_rate","avg_frame_rate","time_base","start_pts","start_time","duration_ts","duration","bit_rate","filepath") values ('0','mp3','MP3 (MPEG audio layer 3)','audio','1/44100','[0][0][0][0]','0x0000','fltp','44100','2','stereo','0','0/0','0/0','1/14112000','0','0','3538831858','250.767564','144147','/media/pi/ZUKE/MUSIC/MMs/MM 71/05 - Calimenio 2.0 - Ragga.mp3');
insert into format ("filename","nb_streams","nb_programs","format_name","format_long_name","start_time","duration","size","bit_rate","probe_score","filepath") values ('/media/pi/ZUKE/MUSIC/MMs/MM 71/05 - Calimenio 2.0 - Ragga.mp3','1','0','mp3','MP2/3 (MPEG audio layer 2/3)','0','250.767564','4520064','144199','51','/media/pi/ZUKE/MUSIC/MMs/MM 71/05 - Calimenio 2.0 - Ragga.mp3');
insert into disposition ("default","dub","original","comment","lyrics","karaoke","forced","hearing_impaired","visual_impaired","clean_effects","attached_pic","timed_thumbnails","filepath") values ('0','0','0','0','0','0','0','0','0','0','0','0','/media/pi/ZUKE/MUSIC/MMs/MM 71/05 - Calimenio 2.0 - Ragga.mp3');
insert into tags ("album","composer","genre","title","artist","disc","track","filepath") values ('Mega Mix 71','Zumba Fitness','Ragga','Calimenio 2.0','Grupo B.I.P','1/1','5/10','/media/pi/ZUKE/MUSIC/MMs/MM 71/05 - Calimenio 2.0 - Ragga.mp3');
insert into mp3s ("filepath") values ('/media/pi/ZUKE/MUSIC/MMs/MM 71/05 - Calimenio 2.0 - Ragga.mp3');
insert into streams ("index","codec_name","codec_long_name","codec_type","codec_time_base","codec_tag_string","codec_tag","sample_fmt","sample_rate","channels","channel_layout","bits_per_sample","r_frame_rate","avg_frame_rate","time_base","start_pts","start_time","duration_ts","duration","bit_rate","filepath") values ('0','mp3','MP3 (MPEG audio layer 3)','audio','1/44100','[0][0][0][0]','0x0000','fltp','44100','2','stereo','0','0/0','0/0','1/14112000','0','0','4531778238','321.129410','126891','/media/pi/ZUKE/MUSIC/MMs/MM 71/06 - Di Action - Soca.mp3');
insert into format ("filename","nb_streams","nb_programs","format_name","format_long_name","start_time","duration","size","bit_rate","probe_score","filepath") values ('/media/pi/ZUKE/MUSIC/MMs/MM 71/06 - Di Action - Soca.mp3','1','0','mp3','MP2/3 (MPEG audio layer 2/3)','0','321.129410','5095552','126940','51','/media/pi/ZUKE/MUSIC/MMs/MM 71/06 - Di Action - Soca.mp3');
insert into disposition ("default","dub","original","comment","lyrics","karaoke","forced","hearing_impaired","visual_impaired","clean_effects","attached_pic","timed_thumbnails","filepath") values ('0','0','0','0','0','0','0','0','0','0','0','0','/media/pi/ZUKE/MUSIC/MMs/MM 71/06 - Di Action - Soca.mp3');
insert into tags ("album","composer","genre","title","artist","disc","track","filepath") values ('Mega Mix 71','Zumba Fitness','Soca','Di Action','REC (Red Eye Crew)','1/1','6/10','/media/pi/ZUKE/MUSIC/MMs/MM 71/06 - Di Action - Soca.mp3');
insert into mp3s ("filepath") values ('/media/pi/ZUKE/MUSIC/MMs/MM 71/06 - Di Action - Soca.mp3');
insert into streams ("index","codec_name","codec_long_name","codec_type","codec_time_base","codec_tag_string","codec_tag","sample_fmt","sample_rate","channels","channel_layout","bits_per_sample","r_frame_rate","avg_frame_rate","time_base","start_pts","start_time","duration_ts","duration","bit_rate","filepath") values ('0','mp3','MP3 (MPEG audio layer 3)','audio','1/44100','[0][0][0][0]','0x0000','fltp','44100','2','stereo','0','0/0','0/0','1/14112000','0','0','2621592332','185.770432','129835','/media/pi/ZUKE/MUSIC/MMs/MM 71/07 - Zumbawine - Latin-Urban.mp3');
insert into format ("filename","nb_streams","nb_programs","format_name","format_long_name","start_time","duration","size","bit_rate","probe_score","filepath") values ('/media/pi/ZUKE/MUSIC/MMs/MM 71/07 - Zumbawine - Latin-Urban.mp3','1','0','mp3','MP2/3 (MPEG audio layer 2/3)','0','185.770432','3016832','129916','51','/media/pi/ZUKE/MUSIC/MMs/MM 71/07 - Zumbawine - Latin-Urban.mp3');
insert into disposition ("default","dub","original","comment","lyrics","karaoke","forced","hearing_impaired","visual_impaired","clean_effects","attached_pic","timed_thumbnails","filepath") values ('0','0','0','0','0','0','0','0','0','0','0','0','/media/pi/ZUKE/MUSIC/MMs/MM 71/07 - Zumbawine - Latin-Urban.mp3');
insert into tags ("album","composer","genre","title","artist","disc","track","filepath") values ('Mega Mix 71','Zumba Fitness','Latin-Urban','Zumbawine','Feid','1/1','7/10','/media/pi/ZUKE/MUSIC/MMs/MM 71/07 - Zumbawine - Latin-Urban.mp3');
insert into mp3s ("filepath") values ('/media/pi/ZUKE/MUSIC/MMs/MM 71/07 - Zumbawine - Latin-Urban.mp3');
insert into streams ("index","codec_name","codec_long_name","codec_type","codec_time_base","codec_tag_string","codec_tag","sample_fmt","sample_rate","channels","channel_layout","bits_per_sample","r_frame_rate","avg_frame_rate","time_base","start_pts","start_time","duration_ts","duration","bit_rate","filepath") values ('0','mp3','MP3 (MPEG audio layer 3)','audio','1/44100','[0][0][0][0]','0x0000','fltp','44100','2','stereo','0','0/0','0/0','1/14112000','0','0','4225187927','299.403906','128302','/media/pi/ZUKE/MUSIC/MMs/MM 71/08 - El Meneito - Salsaton.mp3');
insert into format ("filename","nb_streams","nb_programs","format_name","format_long_name","start_time","duration","size","bit_rate","probe_score","filepath") values ('/media/pi/ZUKE/MUSIC/MMs/MM 71/08 - El Meneito - Salsaton.mp3','1','0','mp3','MP2/3 (MPEG audio layer 2/3)','0','299.403906','4802688','128326','51','/media/pi/ZUKE/MUSIC/MMs/MM 71/08 - El Meneito - Salsaton.mp3');
insert into disposition ("default","dub","original","comment","lyrics","karaoke","forced","hearing_impaired","visual_impaired","clean_effects","attached_pic","timed_thumbnails","filepath") values ('0','0','0','0','0','0','0','0','0','0','0','0','/media/pi/ZUKE/MUSIC/MMs/MM 71/08 - El Meneito - Salsaton.mp3');
insert into tags ("album","composer","genre","title","artist","disc","track","filepath") values ('Mega Mix 71','Zumba Fitness','Salsaton','El Meneito','Maximo Music & Angel El Pirata feat Pedro Camacho','1/1','8/10','/media/pi/ZUKE/MUSIC/MMs/MM 71/08 - El Meneito - Salsaton.mp3');
insert into mp3s ("filepath") values ('/media/pi/ZUKE/MUSIC/MMs/MM 71/08 - El Meneito - Salsaton.mp3');
insert into streams ("index","codec_name","codec_long_name","codec_type","codec_time_base","codec_tag_string","codec_tag","sample_fmt","sample_rate","channels","channel_layout","bits_per_sample","r_frame_rate","avg_frame_rate","time_base","start_pts","start_time","duration_ts","duration","bit_rate","filepath") values ('0','mp3','MP3 (MPEG audio layer 3)','audio','1/44100','[0][0][0][0]','0x0000','fltp','44100','2','stereo','0','0/0','0/0','1/14112000','0','0','2960273810','209.769970','157327','/media/pi/ZUKE/MUSIC/MMs/MM 71/09 - Arrebato - Dembow.mp3');
insert into format ("filename","nb_streams","nb_programs","format_name","format_long_name","start_time","duration","size","bit_rate","probe_score","filepath") values ('/media/pi/ZUKE/MUSIC/MMs/MM 71/09 - Arrebato - Dembow.mp3','1','0','mp3','MP2/3 (MPEG audio layer 2/3)','0','209.769970','4126848','157385','51','/media/pi/ZUKE/MUSIC/MMs/MM 71/09 - Arrebato - Dembow.mp3');
insert into disposition ("default","dub","original","comment","lyrics","karaoke","forced","hearing_impaired","visual_impaired","clean_effects","attached_pic","timed_thumbnails","filepath") values ('0','0','0','0','0','0','0','0','0','0','0','0','/media/pi/ZUKE/MUSIC/MMs/MM 71/09 - Arrebato - Dembow.mp3');
insert into tags ("album","composer","genre","title","artist","disc","track","filepath") values ('Mega Mix 71','Zumba Fitness','Dembow','Arrebato','Paula-La Pola','1/1','9/10','/media/pi/ZUKE/MUSIC/MMs/MM 71/09 - Arrebato - Dembow.mp3');
insert into mp3s ("filepath") values ('/media/pi/ZUKE/MUSIC/MMs/MM 71/09 - Arrebato - Dembow.mp3');
insert into streams ("index","codec_name","codec_long_name","codec_type","codec_time_base","codec_tag_string","codec_tag","sample_fmt","sample_rate","channels","channel_layout","bits_per_sample","r_frame_rate","avg_frame_rate","time_base","start_pts","start_time","duration_ts","duration","bit_rate","filepath") values ('0','mp3','MP3 (MPEG audio layer 3)','audio','1/44100','[0][0][0][0]','0x0000','fltp','44100','2','stereo','0','0/0','0/0','1/14112000','0','0','3665992778','259.778400','163989','/media/pi/ZUKE/MUSIC/MMs/MM 71/10 - La Luna y El Mar - Cumbia - Batucada.mp3');
insert into format ("filename","nb_streams","nb_programs","format_name","format_long_name","start_time","duration","size","bit_rate","probe_score","filepath") values ('/media/pi/ZUKE/MUSIC/MMs/MM 71/10 - La Luna y El Mar - Cumbia - Batucada.mp3','1','0','mp3','MP2/3 (MPEG audio layer 2/3)','0','259.778400','5326976','164046','51','/media/pi/ZUKE/MUSIC/MMs/MM 71/10 - La Luna y El Mar - Cumbia - Batucada.mp3');
insert into disposition ("default","dub","original","comment","lyrics","karaoke","forced","hearing_impaired","visual_impaired","clean_effects","attached_pic","timed_thumbnails","filepath") values ('0','0','0','0','0','0','0','0','0','0','0','0','/media/pi/ZUKE/MUSIC/MMs/MM 71/10 - La Luna y El Mar - Cumbia - Batucada.mp3');
insert into tags ("album","composer","genre","title","artist","disc","track","filepath") values ('Mega Mix 71','Zumba Fitness','Cumbia,Batucada','La Luna y El Mar','Mickey Ferrer','1/1','10/10','/media/pi/ZUKE/MUSIC/MMs/MM 71/10 - La Luna y El Mar - Cumbia - Batucada.mp3');
insert into mp3s ("filepath") values ('/media/pi/ZUKE/MUSIC/MMs/MM 71/10 - La Luna y El Mar - Cumbia - Batucada.mp3');
